{"type":"FeatureCollection","features":[{"type":"Feature","properties":{"section_id":"potkopinu","section_name":"Potkopinu","region_id":"mississippi","region_name":"Mississippi","route_id":"main-spine"},"geometry":{"type":"LineString","coordinates":[[-91.15639966719249,31.744802606869136],[-91.15641786706014,31.744783606467955],[-91.15649906667699,31.744768206453514],[-91.15678686713109,31.744773206359277],[-91.1569852672481,31.74475140615703],[-91.15734606749714,31.74465510614509],[-91.15764496753488,31.744561206298783],[-91.15802376732725,31.74439440601239],[-91.15819896755374,31.74425200617504],[-91.15845516797108,31.74408220612996],[-91.15866536745938,31.743955105889302],[-91.15876106768152,31.74382400627278],[-91.15878446789638,31.74366920610381],[-91.1586892671375,31.74328690621681],[-91.15857016759882,31.743097805718165],[-91.15841606790005,31.742550705983682],[-91.15839156724898,31.74231140574765],[-91.15836816703414,31.741849705852275],[-91.15851126776059,31.74155040592499],[-91.15859466735157,31.74130020603432],[-91.15910486731381,31.7407660058518],[-91.1593430672895,31.74061110584032],[-91.15960346733081,31.74052770561539],[-91.1599273674829,31.740443805683437],[-91.1600686679855,31.740383205808207],[-91.16022156753507,31.740373305601686],[-91.16031966805568,31.740325705296154],[-91.16052286787125,31.740157905754224],[-91.16071136765554,31.74005210562729],[-91.1609261683147,31.739909105510556],[-91.16110306815371,31.739659405406233],[-91.16131786791455,31.739587905454357],[-91.16179486794053,31.73932580521211],[-91.16193726798106,31.73927870553446],[-91.16211526825629,31.73919520479329],[-91.16231786799727,31.73913520534872],[-91.16251046859081,31.739002104934585],[-91.1627568683884,31.738850205164457],[-91.16315146864831,31.738636205202873],[-91.16332776841271,31.738519605257817],[-91.16351916885705,31.738374104559686],[-91.16403406880485,31.7379313051023],[-91.16419696840015,31.737815605008162],[-91.16430406914161,31.737673104905554],[-91.1645441690541,31.73754130498869],[-91.16478086884327,31.737327504460325],[-91.16483916860689,31.737101104467083],[-91.16503236927504,31.7370417049273],[-91.16509136882627,31.736982404668332],[-91.16516036932155,31.736543304700284],[-91.1652200686604,31.73641160478744],[-91.16545816892308,31.73630440455834],[-91.16555396885825,31.736209704743775],[-91.16555336878363,31.73610020464387],[-91.16551846923485,31.735971304161605],[-91.16549576880762,31.735744604421086],[-91.16549376915779,31.735605403918342],[-91.16552826895628,31.735471404547425],[-91.1656146689203,31.735362504082936],[-91.16573866876887,31.735169704129394],[-91.16586366934067,31.735030604375872],[-91.16605476884936,31.734936404448874],[-91.16627936922995,31.73480580395368],[-91.16630476909461,31.734626004021337],[-91.1661980690018,31.73438830378387],[-91.1662560687281,31.734115203816557],[-91.16605376902444,31.733851503517258],[-91.1659948691862,31.733604303765084],[-91.1659592689515,31.73336570394486],[-91.16599276892508,31.733153103992812],[-91.16594506928182,31.732949103419138],[-91.16593486891176,31.73262750332838],[-91.16588706865717,31.732380303366465],[-91.16588706865717,31.732137403479733],[-91.16594706893163,31.731842603657945],[-91.16594706893163,31.731533103596966],[-91.16593486891176,31.731379203553075],[-91.16598266916634,31.7311960031075],[-91.16604256882948,31.73102050306864],[-91.16607716923929,31.730844103419553],[-91.16607716923929,31.73064450324007],[-91.16622046939172,31.730318603499686],[-91.16629266878773,31.730105903341872],[-91.16630476909461,31.729927802704523],[-91.16633986896771,31.729787302979876],[-91.16639716890641,31.729610502911704],[-91.1664239692446,31.729298703229528],[-91.1665780689434,31.729045502650052],[-91.16656406869969,31.728923403168015],[-91.16652906853959,31.72885580309091],[-91.16648356887045,31.728727702433023],[-91.16649286912859,31.72859670275098],[-91.16658976860167,31.728441702928848],[-91.16664926851449,31.728231202787295],[-91.16663766856924,31.72806040301173],[-91.16655126860522,31.727901502496373],[-91.16641116915012,31.727723802578232],[-91.16632826902244,31.727449702664945],[-91.16633876853149,31.72708330268325],[-91.16644616841192,31.72688570239209],[-91.16648236872123,31.726726802154747],[-91.16648356887045,31.72648950265954],[-91.16642276909539,31.72629880227196],[-91.16634106911692,31.726134902409026],[-91.16622196867992,31.726001902514604],[-91.16614956895961,31.72584800245322],[-91.16605616842457,31.725467601891438],[-91.16605266858822,31.72529380179692],[-91.16606676854492,31.725106101821524],[-91.16617176902523,31.724812201889453],[-91.16645666881928,31.724264001603217],[-91.16690736886865,31.723632401742663],[-91.16717346872045,31.72326400152451],[-91.1672342684955,31.72308430145299],[-91.1672342684955,31.72292740124469],[-91.16720736844431,31.722801201899824],[-91.16716186877518,31.722685001522816],[-91.16711046897126,31.722607601765564],[-91.16704276833818,31.722473501837694],[-91.1670298685307,31.72232260117236],[-91.16704036893806,31.722205401498837],[-91.16710816838581,31.72209420150462],[-91.16720616919342,31.721967101661292],[-91.16724706858999,31.72183790108699],[-91.16723076865915,31.721727701645943],[-91.16723306834629,31.721445701338425],[-91.16704976890918,31.721129901513184],[-91.16690026858467,31.72088660153658],[-91.1668127681844,31.720705801099232],[-91.16684076867182,31.72054100113719],[-91.16682906901356,31.7202917011993],[-91.1667683689515,31.72009900131878],[-91.16663876810713,31.719908400873987],[-91.16662126892541,31.719697801116595],[-91.1667333687914,31.719429701154862],[-91.16688396865383,31.719198300464704],[-91.16703106867992,31.71901460064412],[-91.16730306866648,31.718719600899394],[-91.16759966901711,31.718408800756855],[-91.16779346886155,31.718276700637876],[-91.1679860685568,31.71818230028422],[-91.16832696932563,31.717969800752968],[-91.16851616889751,31.717696700540117],[-91.16862706861428,31.717468300172456],[-91.16858856861784,31.71708990016634],[-91.16862466921417,31.716933000509762],[-91.16889786934995,31.716455300232024],[-91.16912676906749,31.716193100166972],[-91.16938596895957,31.715992500236712],[-91.16958786891294,31.715885199968977],[-91.16979806929953,31.715803800236433],[-91.1700291689912,31.715592200028325],[-91.17034676925823,31.715008199502282],[-91.17058496923391,31.71479470003259],[-91.1708791692861,31.714661599807],[-91.1713157693788,31.714567299700313],[-91.1716893697223,31.71443719930974],[-91.17182596934104,31.71435179936063],[-91.17193106953434,31.714246499343695],[-91.17203966956399,31.71404289961254],[-91.17217036994624,31.713888899455906],[-91.17225327007392,31.713720099101568],[-91.17228836994703,31.713460899136223],[-91.17227786953967,31.713234399566506],[-91.17231286969977,31.712972199562905],[-91.17228836994703,31.712734899243195],[-91.17233616930329,31.712010798810475],[-91.17251837010079,31.71167309925225],[-91.17266896996323,31.711333498654923],[-91.1728848701603,31.711030499218833],[-91.17316866951812,31.71067499843665],[-91.1734417699409,31.710427698655177],[-91.17356907019982,31.710287598858436],[-91.1738224696701,31.71010489855021],[-91.17393096998674,31.70998669835857],[-91.1742520700901,31.709880398376225],[-91.17436647054156,31.709797998362944],[-91.17454976997864,31.70973539836139],[-91.17467936992468,31.70972449834212],[-91.17479956989958,31.709582398289577],[-91.17491637064946,31.709500998373283],[-91.17516507013417,31.709359998454364],[-91.17522577019625,31.709299398120883],[-91.17533087038954,31.709213998789323],[-91.17544177010632,31.709165298048067],[-91.17557017080144,31.70909579822636],[-91.17563317055063,31.70883159800986],[-91.17583167038066,31.708618998332216],[-91.17587137052632,31.70842729825461],[-91.17587957034824,31.708097597832978],[-91.17606047038521,31.707833397829713],[-91.1760464701415,31.707420198022138],[-91.17604767029073,31.707097398147887],[-91.17626017036443,31.70647559815265],[-91.17638277063779,31.70625009796697],[-91.17645277005967,31.706062397645454],[-91.1764749701253,31.70591639737458],[-91.17654857089315,31.70563829785485],[-91.17712187031758,31.704562497159802],[-91.17745877088846,31.70442069719478]]}},{"type":"Feature","properties":{"section_id":"rocky-springs","section_name":"Rocky Springs","region_id":"mississippi","region_name":"Mississippi","route_id":"main-spine"},"geometry":{"type":"LineString","coordinates":[[-90.82612539412492,32.06061248454043],[-90.82631839446877,32.060546884670785],[-90.82631299379729,32.06060388477602],[-90.82639439373844,32.06064448470113],[-90.82667639377073,32.06065808474701],[-90.82676049404763,32.06086148452025],[-90.82710219431709,32.061233084523565],[-90.82698829422728,32.061382184538935],[-90.82664119418466,32.06139578447512],[-90.82644589415368,32.06146628500767],[-90.82640789451884,32.06156118447792],[-90.82610419388422,32.06157748472756],[-90.82601739416988,32.06162088505122],[-90.82591159418898,32.06175648504567],[-90.82593869366617,32.061859584940606],[-90.82584379384292,32.061940884910946],[-90.8256457943745,32.0620059851301],[-90.82544509367206,32.06233148476948],[-90.82518479424206,32.06229888529726],[-90.825019294024,32.06222298476458],[-90.82494609390476,32.06224738509615],[-90.82488909400335,32.06233148476948],[-90.82492169386502,32.062410084766235],[-90.82485389351895,32.06248608487328],[-90.82476439346888,32.06253758493994],[-90.82465049337905,32.06251858531049],[-90.82445789368383,32.062643385024444],[-90.82444709323917,32.06274638495165],[-90.82422469373101,32.06311798491065],[-90.8242598933171,32.063196685483035],[-90.82419209386936,32.06325898478929],[-90.82412969329646,32.06323188519768],[-90.82400769399604,32.062993185082945],[-90.82393169382804,32.06299598511026],[-90.82380159352041,32.062917285126446],[-90.82370119331267,32.0631233854996],[-90.82363609330235,32.06316138526466],[-90.82360089371626,32.06336748508784],[-90.82291199369118,32.06378518514157],[-90.82286859338485,32.063793285204525],[-90.8227600930682,32.063682085133216],[-90.82269769339362,32.063782485627975],[-90.82247529298715,32.06374988515031],[-90.82243739306533,32.06381768511719],[-90.82218239279719,32.063809585056404],[-90.82207939286502,32.06388008525113],[-90.82174579270449,32.06395878516783],[-90.82158579287092,32.06412958563329],[-90.82151519337442,32.06428418574312],[-90.82128199252331,32.064503885555425],[-90.82110029298573,32.064989385608065],[-90.82054159298129,32.065862686181404],[-90.82040599318746,32.065868085847065],[-90.82030839302847,32.06579218599239],[-90.82024869279132,32.0658219858014],[-90.82020799282074,32.06604978558927],[-90.82001079285294,32.066325685986115],[-90.81977209251565,32.06643128604438],[-90.81929469273936,32.066914585726195],[-90.81934949266666,32.0670338862109],[-90.8193318928736,32.06713368620135],[-90.81916759280479,32.06722168586155],[-90.81896409205356,32.06744868589169],[-90.81869629258928,32.067564386476974],[-90.81831699243529,32.067959186493326],[-90.81825949217226,32.06799748646513],[-90.81812529195366,32.06797448608251],[-90.81803719237709,32.06802808638934],[-90.8179796921141,32.06813928650542],[-90.81788009230527,32.068173786253794],[-90.81780339234967,32.06812008630882],[-90.81774979257163,32.06815458606448],[-90.81758879201482,32.06812388645907],[-90.81722479196677,32.06797828623881],[-90.81709449223311,32.06797828623881],[-90.81678789183675,32.068085586540185],[-90.81669209190159,32.068208186265764],[-90.81665379222945,32.06845348646946],[-90.81641239155641,32.06877538684576],[-90.81632039149491,32.06877538684576],[-90.81624369153931,32.06883288652672],[-90.81611729139233,32.069104986791764],[-90.81586439138532,32.06912028695051],[-90.81568809162093,32.069200786494605],[-90.81554629165501,32.069124087059144],[-90.81544279136124,32.069124087059144],[-90.81506339149425,32.06924678663722],[-90.81487179162393,32.06943068649316],[-90.81485269164436,32.06961078665221],[-90.81477599168876,32.06972198712744],[-90.81463039095088,32.06979088721781],[-90.8146648916477,32.069848387021494],[-90.81454989112164,32.06994418670673],[-90.81455369099531,32.069997887102986],[-90.81430849134692,32.07006688670685],[-90.81432379145284,32.07020098673461],[-90.81427399154845,32.07025078719725],[-90.81408999142542,32.07035808711592],[-90.8136876908069,32.07048458737406],[-90.81352669114843,32.07048458737406],[-90.81336579120294,32.070618686789246],[-90.8128713908099,32.0708370871972],[-90.81289059140079,32.07117048734793],[-90.81274109107625,32.071312287035354],[-90.81270279050581,32.071450287252304],[-90.81254949120594,32.07155378727828],[-90.81211259107593,32.072009787056814],[-90.81206279117153,32.07213238761101],[-90.81185199071034,32.07230868780119],[-90.81165659096635,32.07236228785122],[-90.81131939035816,32.07234318749901],[-90.81118519013954,32.072289487718834],[-90.81105109053225,32.07229338741475],[-90.81084419055601,32.07217458781958],[-90.8107598908531,32.0722856877417],[-90.81087099089419,32.07244668727551],[-90.81090169081902,32.07246958757577],[-90.81119669037182,32.07260378760455],[-90.8112733903274,32.072599887921875],[-90.81134239082269,32.072856687342416],[-90.81099359026922,32.07328968766717],[-90.81053379028599,32.073734288172666],[-90.81044559009814,32.073960388283524],[-90.81033449005704,32.07403698775126],[-90.81017738998523,32.07427838793166],[-90.80984399014899,32.0744853883147],[-90.80948378997458,32.07441258835035],[-90.80929598997791,32.074270788142535],[-90.8090698903091,32.07425538836764],[-90.80891279023727,32.07418258822014],[-90.80883609028169,32.07418258822014],[-90.80871728988198,32.07425928797971],[-90.80866748997758,32.07445468778993],[-90.80870578964971,32.07453138808245],[-90.80900088981382,32.07451598835139],[-90.80940709001898,32.074696088389835],[-90.80975199008749,32.07476508825435],[-90.8098094903505,32.074814887753554],[-90.8098017899919,32.0749528880124],[-90.80925769030577,32.075719288615666],[-90.80900469058578,32.075792188015846],[-90.80872499024059,32.075776788497166],[-90.80836858993983,32.0759070886972],[-90.8082880901106,32.07598758835582],[-90.80798148971424,32.07604118853272],[-90.80783588987467,32.076137088295006],[-90.80777838961164,32.07625578835516],[-90.8078167898951,32.076343988561085],[-90.80819229017544,32.07649338820305],[-90.80844519018243,32.076524088804405],[-90.80860229025424,32.076696488630134],[-90.80860229025424,32.0767999888069],[-90.80828038975199,32.07737098837786],[-90.80814249027102,32.07748978883269],[-90.80811568993285,32.07760088838544],[-90.80777838961164,32.07804548847715],[-90.80750628991208,32.07827918880011],[-90.80736458965917,32.078524488626684],[-90.80691999006886,32.079030389372534],[-90.80674368940613,32.07936758901424],[-90.80640648969624,32.079582189400774],[-90.80623788939215,32.079812089175384],[-90.80596958956626,32.07993088950245],[-90.80606928998637,32.08063218962225],[-90.80603859006153,32.08084298970181],[-90.80607688973367,32.081279789861924],[-90.80605248969394,32.081528689423074],[-90.80869169059135,32.08905699132777],[-90.80852909103334,32.089115491241124],[-90.80834619044822,32.089115491241124],[-90.80805749078051,32.089110290827506],[-90.8076831906494,32.08917129083087],[-90.8074070907519,32.0892313912061],[-90.80709489025804,32.089363491186546],[-90.80660249041316,32.08968769094948],[-90.8052816902644,32.09082839152487],[-90.80451318962366,32.091416791720896],[-90.80418898943427,32.09159689194544],[-90.80369658958936,32.09169299152531],[-90.80308418919556,32.091969192016855],[-90.80249588970251,32.092329392216335],[-90.80206358894677,32.09268959175675],[-90.80085078875304,32.09330199225243],[-90.80071938858316,32.09333059206987],[-90.80033998871617,32.09334689198306],[-90.80013668828927,32.09330559196382],[-90.7998276884928,32.09319539202377],[-90.79962498814051,32.09312359250788],[-90.79950158836655,32.09320949255807],[-90.79950958876248,32.093257192195736],[-90.7995390885381,32.093332192533026],[-90.79957668842263,32.09342539225752],[-90.79961148825842,32.09351169232919],[-90.79967048870797,32.093591292158976],[-90.79971878842584,32.093663992373166],[-90.79980458831527,32.093729892683776],[-90.79991458881844,32.09380029218128],[-90.79998168847858,32.09387979206423],[-90.80006748836799,32.09398439226149],[-90.80005208854908,32.09412039250616],[-90.79998958826319,32.0941967924317],[-90.79962138859116,32.094398292648066],[-90.7994198883881,32.09440529259469],[-90.79932268887772,32.09434269259612],[-90.79886418875671,32.09427329274937],[-90.79848898851368,32.094287192205286],[-90.79814158843375,32.0941759926934],[-90.79799568855687,32.09434969254703],[-90.79784978778169,32.09484289245663],[-90.79752328790516,32.09544039295748],[-90.79760668839444,32.09561409269014],[-90.79754418810855,32.09564189271393],[-90.79717598843654,32.09557239263853],[-90.79691198794755,32.095600192675086],[-90.79636308766457,32.0957182928891],[-90.79613388790972,32.09589199285433],[-90.79586988742076,32.09631579299145],[-90.79557108799432,32.09698269311505],[-90.79520988799499,32.09757319361495],[-90.79497368766913,32.097871993260874],[-90.7945428870999,32.098281893736996],[-90.79431368734505,32.09862919379051],[-90.79411218714198,32.09939339369558],[-90.79398718746852,32.09955319410783],[-90.79372318697956,32.09967129377715],[-90.79364198736272,32.09968559421191],[-90.7930491873101,32.09961059376385],[-90.79300898680282,32.09959919419567],[-90.79298748742312,32.099574193522166],[-90.79297408725402,32.09954919360284],[-90.7929659871451,32.09951289378689],[-90.7929659871451,32.09947199379047],[-90.79293388674674,32.099408393521415],[-90.79289088708904,32.09939249420824],[-90.79285068658176,32.09939929363246],[-90.7928184873687,32.09941059353623],[-90.7927836866346,32.099426493607275],[-90.79271388663871,32.099428794071976],[-90.79266558692082,32.099426493607275],[-90.79261738691595,32.09941969418507],[-90.79258248736716,32.099412894001354],[-90.79254228685988,32.09941749417046],[-90.7924671868038,32.099444694139855],[-90.7923812872014,32.099465193610655],[-90.79229548731199,32.09948559414853],[-90.79222428684257,32.09948019418564],[-90.79181658645086,32.09933479382487],[-90.7913552862811,32.099189293543006],[-90.7910011865658,32.09903029381727],[-90.79056128606273,32.09896669400167],[-90.79040578589041,32.098875793560175],[-90.79018048662054,32.09879849348865],[-90.78994978578085,32.09870759364076],[-90.78970838600611,32.098616794153585],[-90.78956348595416,32.09859399400677],[-90.7894830858379,32.098553093598845],[-90.78925238589655,32.09853499410086],[-90.78903248550151,32.09844409399075],[-90.7889197855609,32.098348593567486],[-90.78885308565106,32.09817069376066],[-90.78850568557112,32.09774689385812],[-90.78830428597936,32.09759409379311],[-90.78763728508429,32.0972397938801],[-90.78742888581984,32.09690629323632],[-90.78741778533787,32.096703493419746],[-90.7870958857339,32.096349093403795],[-90.7868705855657,32.09620369338602],[-90.78665598523084,32.09581279304126],[-90.7859699849675,32.095940593656934],[-90.78582408509062,32.0960656932503],[-90.78518488525694,32.09694799344005],[-90.78505988468517,32.097059093690895],[-90.78484448484971,32.09713549344177],[-90.78456658472835,32.09761489351418],[-90.78416368493355,32.097996993562425],[-90.78408728501525,32.098233193728475],[-90.78396218473047,32.09830959401937],[-90.78389268477189,32.09846249409992],[-90.7837189847319,32.098524993868],[-90.78355228436465,32.09867089396873],[-90.7833021844064,32.09860839430042],[-90.78301738432533,32.098636194173956],[-90.78276728436708,32.09885149432346],[-90.78255888420433,32.09891409427627],[-90.78246158408265,32.099129394531744],[-90.78230178457338,32.099164193828706],[-90.78205858367653,32.09905299416553],[-90.78185018441206,32.099150294353834],[-90.78169738367717,32.09910859439454],[-90.78135698416827,32.099136394115845],[-90.78125278408687,32.099212794412296],[-90.7811762835573,32.099386494581545],[-90.78098178392521,32.09949069428228],[-90.78086368421145,32.09998389459198],[-90.78078728339486,32.100060394629175],[-90.78068998417149,32.100081194549624],[-90.78048158400871,32.10000479421855],[-90.78021758351976,32.0999908941106],[-90.78009948380598,32.099997794700975],[-90.78000918335701,32.10006729445331],[-90.77997448323421,32.100122894825894],[-90.78014118360149,32.10030349459265],[-90.78022458409077,32.10062999477856],[-90.78014118360149,32.10074809457749],[-90.77968958344017,32.10069259427344],[-90.77923108331915,32.10081069475243],[-90.7789809833609,32.100977394723294],[-90.7789739836882,32.101130194455365],[-90.77882118295332,32.10117889444126],[-90.77779998262992,32.10114409515091],[-90.77767488324345,32.10117889444126],[-90.77752898336657,32.1013177946912],[-90.77730668267311,32.10185279496157],[-90.77722328308214,32.10188059460862],[-90.77701488291936,32.101811094714144],[-90.7763062828401,32.102026394989494],[-90.77608398304494,32.10221399490638],[-90.77601448218805,32.10233209493996],[-90.77611868226943,32.102623894920995],[-90.77633408300319,32.10274899525371],[-90.776278482677,32.10292259510001],[-90.77592418263738,32.10307549506782],[-90.7751807827223,32.10353399558768],[-90.77479868251959,32.10396469556231],[-90.77455558223403,32.10415229530245],[-90.77439578272475,32.104319095706586],[-90.77426378248028,32.104555295503204],[-90.77423598231718,32.10511799557107],[-90.7741178826034,32.10534729615942],[-90.77387468260484,32.10559739559705],[-90.77333278199455,32.10597249591097],[-90.77324948211657,32.106146196159976],[-90.77326338174895,32.10658389576375],[-90.7730410819538,32.107341096354354],[-90.77283258207805,32.10763989600285],[-90.7725824821198,32.107876096340895],[-90.7725060822015,32.108077496375955],[-90.77254088203729,32.1084595967853],[-90.77233238216154,32.10872359637142],[-90.77234628179393,32.10914049642082],[-90.77216568179428,32.10939749676292],[-90.77166548187776,32.109703197148],[-90.77159598191918,32.109793497114474],[-90.7714778822054,32.110085296841234],[-90.77153348163328,32.11053689661177],[-90.77135978159332,32.11078699705313],[-90.77140838224682,32.11089809720893],[-90.77135288163363,32.11100929690621],[-90.77115138143056,32.1112246972374],[-90.7708734813092,32.11125249707497],[-90.77078318175853,32.11134969752437],[-90.77097078143089,32.11145389727121],[-90.7709220819627,32.11157899692043],[-90.77072758143233,32.111710996864424],[-90.77072068147264,32.11180129712778],[-90.77083878208472,32.11191239757102],[-90.7709846819616,32.11194019719918],[-90.7709290816354,32.11237789718087],[-90.77084568204442,32.11248209727597],[-90.7704149811882,32.11258629725214],[-90.77033158159722,32.11268359747811],[-90.7704357816786,32.113086497634484],[-90.77022048155614,32.11326019728484],[-90.77030378143411,32.113406097431316],[-90.77022048155614,32.11346859762453],[-90.77006068114855,32.113447797709846],[-90.76994948139449,32.11354509777849],[-90.76981748115,32.11405919772383],[-90.76940758168249,32.11414949794709],[-90.76923898137838,32.11427329815177],[-90.76887828174067,32.114077498056915],[-90.7687614809908,32.1143231978574],[-90.7684944810271,32.11443779824144],[-90.76842048140726,32.11442999788124],[-90.76831878133731,32.114567097559906],[-90.76811068121187,32.11476679829236],[-90.76798588096437,32.114829497659876],[-90.76783328145213,32.11490779838596],[-90.76778238111149,32.11493129825353],[-90.76774538130158,32.114993998269],[-90.76775468066138,32.11518199838472],[-90.76757428098603,32.11542479788028],[-90.7675002813662,32.11545999802431],[-90.76726448079063,32.11553839788131],[-90.7668390808929,32.115632398187806],[-90.76674198109552,32.11566759825177],[-90.76662638049487,32.115832098111376],[-90.76647378098261,32.11594959848177],[-90.76638588083206,32.116012298558594],[-90.76629338040892,32.116004398661715],[-90.7662147805165,32.115957397951234],[-90.76612698097729,32.11603969825344],[-90.76601598064919,32.116149298472244],[-90.76584488033366,32.11620809830768],[-90.76575698018311,32.11619239821813],[-90.76553508013826,32.1162237983945],[-90.76559058075145,32.11630989812473],[-90.76587728076933,32.11642739864093],[-90.7655720808465,32.11666239845867],[-90.76531308038041,32.11675639836853],[-90.76507268043059,32.116873898309976],[-90.76514658033744,32.11701099888315],[-90.76531308038041,32.11735169895673],[-90.76526688092366,32.117555398639425],[-90.76528998020287,32.11760239852706],[-90.76521598058304,32.11797829860945],[-90.7651789807731,32.11814279886978],[-90.76502638036254,32.118432599079824],[-90.76471198079288,32.11855799882249],[-90.76432348009375,32.11857359883671],[-90.7640599799664,32.11874599920605],[-90.7631027801154,32.11929429923806],[-90.76293628007244,32.1194978994828],[-90.76275128012452,32.11967409915608],[-90.76252938007966,32.11980339942617],[-90.76216867954362,32.11986599947113],[-90.76202997966377,32.11993649903039],[-90.76191897933568,32.12003839968172],[-90.7620114797588,32.12039869916166],[-90.76202537939119,32.12068849905606],[-90.76178948000096,32.12093909968568],[-90.76170627983596,32.12098219945228],[-90.76133637965312,32.12091559984315],[-90.76104967963524,32.120919499746236],[-90.76098487966222,32.120978299551865],[-90.76050397915127,32.121056599568135],[-90.76046697934136,32.121150599517286],[-90.7603929797215,32.12116629951478],[-90.76021727913341,32.121146699624134],[-90.76005077909043,32.12124069948055],[-90.75997687918358,32.12141299971138],[-90.75981957878746,32.121467799654354],[-90.75963467945083,32.12157359999258],[-90.7595051792178,32.12170279942816],[-90.7593016793649,32.12194949969605],[-90.75921847919992,32.122137499940656],[-90.7590427786118,32.12218839959994],[-90.75895027908702,32.12218839959994],[-90.75882077885396,32.12218449975108],[-90.75858957855097,32.122337200086676],[-90.75846937857607,32.12241159985869],[-90.7583861793094,32.12254869972138],[-90.7582890786137,32.122705399699015],[-90.75821507899387,32.122979500193615],[-90.75824737881823,32.12334759983356],[-90.75811327921093,32.12355520037944],[-90.75787287836279,32.123566900510504],[-90.75766937850989,32.12362959991917],[-90.75760007887564,32.12371570027103],[-90.75739657902274,32.1238411003625],[-90.75700817893492,32.123864600212436],[-90.75665667894404,32.12395850064983],[-90.75658267842587,32.12402900009077],[-90.75642547864103,32.1240917007036],[-90.75629607812098,32.12416220004164],[-90.75618967806548,32.12423270008594],[-90.7561202787182,32.12434230035644],[-90.75604167792748,32.124499000297284],[-90.7560231780225,32.12480050083784],[-90.7557411779902,32.12491410058099],[-90.75565787811222,32.12487880061767],[-90.75560237839734,32.1248632009205],[-90.75549147778224,32.124898400467536],[-90.75541277817685,32.125109900252376],[-90.75537577836691,32.12527440059141],[-90.75539897825746,32.12540750058482],[-90.75540507781824,32.125469700424304],[-90.75209277736327,32.12734070143883],[-90.75204177730964,32.12731860151234],[-90.75195857714466,32.12724020112416],[-90.75189387778296,32.12720890135398],[-90.75181057700667,32.127212800988126],[-90.75163487731686,32.127224601069926],[-90.75152387698878,32.12720110132456],[-90.75144997708195,32.12718150120855],[-90.75086727678806,32.1274478011823],[-90.74683507634587,32.12940580145362],[-90.74653907606987,32.12944490182992],[-90.7463309759444,32.129476302010985],[-90.74603047600715,32.12944490182992],[-90.74584087578666,32.12944890178573],[-90.74563737593377,32.12946450222039],[-90.74535067591589,32.12951150206058],[-90.74506717569706,32.129595602212774]]}},{"type":"Feature","properties":{"section_id":"yockanookany","section_name":"Yockanookany","region_id":"mississippi","region_name":"Mississippi","route_id":"main-spine"},"geometry":{"type":"LineString","coordinates":[[-90.05607680614504,32.46679989682536],[-90.05613740559578,32.466786496958264],[-90.05620530565486,32.466782197328534],[-90.05626130573134,32.466776397034444],[-90.05628510569649,32.466783597190364],[-90.0563207059312,32.466786496958264],[-90.0563496056322,32.46677359731054],[-90.05637340559734,32.466739197230375],[-90.05641750569127,32.46668479735878],[-90.05643450630802,32.466666197439764],[-90.05645480553851,32.46665759741069],[-90.05650920571547,32.46665179710863],[-90.05654480595018,32.466636096955476],[-90.0565957062908,32.46659169692277],[-90.05660590576255,32.466565896811765],[-90.05660590576255,32.46653579705188],[-90.0565533058094,32.46639409673021],[-90.05653460558013,32.4663739968382],[-90.05649220599703,32.46632099737299],[-90.0564619058225,32.46613609699519],[-90.05646290564741,32.46610809727917],[-90.05650090618056,32.46601839702305],[-90.05650090618056,32.46599619685715],[-90.0565048057672,32.46597319708239],[-90.05655160619688,32.46595429688076],[-90.05661990600623,32.46590989726984],[-90.05665210611761,32.46588019671383],[-90.05666380577587,32.46584979734678],[-90.05667060602258,32.46583989665065],[-90.05668520634087,32.465844896642544],[-90.05671930638907,32.46586049688828],[-90.05676810557024,32.46587369680268],[-90.0567993058567,32.465885997065605],[-90.05681100641327,32.46588349669189],[-90.05685490618289,32.46586629724138],[-90.05688700568294,32.46586629724138],[-90.05607680614504,32.46679989682536],[-90.05606540562577,32.46701089747905],[-90.05599990586514,32.467116696994246],[-90.05595540602091,32.46716539713765],[-90.05583700537152,32.4671805969794],[-90.05575220620533,32.46730569714988],[-90.05560020586937,32.46737789758903],[-90.05537010600258,32.467607197244675],[-90.05530460534366,32.4677591970744],[-90.05497450591778,32.46818739755567],[-90.05334540486182,32.46889369781847],[-90.05118550457584,32.469677197740836],[-90.05081180451931,32.469776298201374],[-90.05066570431815,32.469756997876274],[-90.05031220467743,32.46951089828449],[-90.05009890420479,32.469426098138115],[-90.0492205036722,32.469546998006166],[-90.04887200405437,32.46967299829019],[-90.04841680344539,32.46955369773462],[-90.04802710349536,32.46991479795872],[-90.04790870374428,32.46993749812027],[-90.047727403957,32.46987619812166],[-90.04747630327553,32.46989299815883],[-90.04713200328163,32.47000469820435],[-90.04687250335225,32.47003489836115],[-90.04624680340066,32.47025489810338],[-90.04576310284098,32.47032629812885],[-90.04533820330487,32.470568998677194],[-90.04496030272607,32.47066729859454],[-90.04471760308913,32.47071179817329],[-90.04444050246839,32.47069409868748],[-90.04431620258254,32.47078989823072],[-90.04371160226034,32.47080159834124],[-90.0430473025993,32.470925898468856],[-90.04278950228243,32.47092509890943],[-90.04262380263839,32.47082909867261],[-90.04243940276507,32.471015698423265],[-90.04238320236428,32.471206498682186],[-90.04239790239556,32.47160469838487],[-90.04246500205574,32.471745698572256],[-90.0425260021551,32.47187379886387],[-90.04271680252481,32.47211989881802],[-90.04302920244464,32.472310598972506],[-90.04284100269768,32.47264179883314],[-90.04275990279383,32.4727061988751],[-90.04233740265782,32.472703398577664],[-90.04176660234651,32.472874099092614],[-90.0415623020947,32.473103499188284],[-90.04105590200611,32.473125899192084],[-90.04074810235883,32.473402898798625],[-90.04001780167727,32.473402899556504],[-90.03979400169558,32.473710698969974],[-90.03971000203,32.473747099390906],[-90.03920080189266,32.473733099580514],[-90.03893220113113,32.473654698934865],[-90.03871670158269,32.47369949942043],[-90.03852090119008,32.47393169918798],[-90.0384090016484,32.473912199680946],[-90.03828860134918,32.47395129948495],[-90.03763390108529,32.47423669957515],[-90.03713310109417,32.4746787991952],[-90.03673850083428,32.474743199295695],[-90.0364531006786,32.47462569927773],[-90.03625730118434,32.47467319948085],[-90.03571450046212,32.47526359949546],[-90.03546820037752,32.47537549976797],[-90.03540950086358,32.47549299956515],[-90.03516040073025,32.475708499581394],[-90.0350177006524,32.475901599774154],[-90.03468200023075,32.476103000094376],[-90.03449170022265,32.476284900213045],[-90.03437980068097,32.47630730018306],[-90.03418670062412,32.47624289968584],[-90.03390970061469,32.47634919988872],[-90.03359080048546,32.47638279981769],[-90.03329420013483,32.47657590007971],[-90.03319620022555,32.47675499982921],[-90.0330031998817,32.476844499932746],[-90.03290519997239,32.47683890035304],[-90.0328632998526,32.477177500374566],[-90.03274020011597,32.47743770025575],[-90.03227570014715,32.47754400056336],[-90.03198469989402,32.47777620026622],[-90.0318979001797,32.477941300745044],[-90.03162090017027,32.47804760045799],[-90.03157620000174,32.47812600030911],[-90.03160689992654,32.478335800566576],[-90.03151739987649,32.47843100088405],[-90.03124319991579,32.47850090077681],[-90.03108649959427,32.47869960050622],[-90.03080389948734,32.4786296007366],[-90.0305464998191,32.478674400261994],[-90.03033099937232,32.47901300095711],[-90.02984139957618,32.47928720054361],[-90.02978819954842,32.4793767011606],[-90.02968749930338,32.48014900128419],[-90.02962029903193,32.48026090078819],[-90.02964549947059,32.48050990138952],[-90.02958959910708,32.480602200842455],[-90.02915309962569,32.48066940130167],[-90.029139099382,32.48085690137389],[-90.02899639930418,32.48096040139186],[-90.0288144994423,32.48125420133052],[-90.02859629865978,32.48139130122435],[-90.0283583987214,32.481880901510266],[-90.02814579893469,32.48207960135571],[-90.02793309853665,32.48220550150103],[-90.02769809925833,32.48248530119921],[-90.02764209918185,32.48268680121279],[-90.02756379932671,32.48277070151183],[-90.02707969901675,32.48304210179906],[-90.02675239874128,32.48315960143942],[-90.0267746985199,32.483386301906336],[-90.02656489878193,32.48356820170386],[-90.02647259868311,32.4837220015658],[-90.02610039881313,32.483875901947876],[-90.02591019851802,32.48388710174679],[-90.02578419812133,32.48396550181576],[-90.02539529857022,32.48457540173425],[-90.02531169865492,32.48471950206125],[-90.0252744985207,32.48479120205332],[-90.0252195979821,32.48490460220953],[-90.02523859824868,32.485076301801186],[-90.02538129832651,32.48523020214048],[-90.02567789867712,32.48533090252868],[-90.02578419812133,32.48554360258336],[-90.02578979821881,32.486083602403404],[-90.02598289827564,32.48643330271977],[-90.02576749844019,32.48688100276651],[-90.02569469896957,32.48695380279222],[-90.02519389808015,32.48718880231296],[-90.02507909877673,32.48726720253628],[-90.02501199821826,32.48738190288112],[-90.02475739859874,32.487356702794784],[-90.02485529879505,32.487507802428],[-90.02479369862105,32.48774280277506],[-90.02455869844442,32.4880030031785],[-90.02440759822036,32.488092602725715],[-90.02422569835849,32.48858780328865],[-90.02396549864152,32.48879770266749],[-90.02389839808303,32.48906630317452],[-90.02378089844387,32.4891586029445],[-90.02314009781236,32.49001200307792],[-90.02303099831941,32.49034500329355],[-90.02290509763571,32.49039540330072],[-90.02284629840881,32.49078710335015],[-90.02290789768445,32.49093260382379],[-90.02290509763571,32.491453003613714],[-90.02281829792139,32.49163490377406],[-90.0227763978016,32.491925904016824],[-90.02262249842713,32.492180503547814],[-90.02233429822273,32.49244630412263],[-90.02204609801834,32.49301430387958],[-90.02181099812869,32.493691404420865],[-90.02178869835008,32.49409160418377],[-90.0217214980786,32.494217504191475],[-90.02173829837106,32.49451130403374],[-90.02156759780583,32.49470430402631],[-90.02147249765828,32.494995304190205],[-90.02120949789253,32.49520520453111],[-90.02107799800969,32.495504604869744],[-90.02111429803199,32.495672404216315],[-90.0207561981187,32.4959606047052],[-90.02059109765095,32.496330004495746],[-90.02037849786424,32.496615404839574],[-90.02029449730034,32.49697630481935],[-90.02020779729901,32.49714140492462],[-90.01995589801524,32.49744920497804],[-90.01972929798481,32.497594705283525],[-90.01957819776077,32.49762270505498],[-90.01939629789888,32.49786610480051],[-90.01903539703855,32.49817670490947],[-90.01876959722406,32.49818230543437],[-90.01836949747799,32.498448104943286],[-90.01826309742249,32.498957305005156],[-90.01819319681529,32.49901330520621],[-90.01808409732234,32.49902450539375],[-90.01777909682549,32.49927910528986],[-90.01720269731501,32.49964000518844],[-90.01692009720811,32.49965960518973],[-90.01671299690754,32.49975200546311],[-90.01622899631057,32.49967080529684],[-90.01565819689758,32.499707205824585],[-90.01555179684206,32.49981910525037],[-90.01554069636009,32.49997300537273],[-90.01547349608865,32.50007650537344],[-90.01502019631481,32.50024440604713],[-90.01442699651189,32.50028360578206],[-90.01424799641174,32.500515805902495],[-90.01401009647336,32.50055220608822],[-90.01367999614916,32.50045990588618],[-90.01305599581009,32.500518606092136],[-90.01275659541074,32.50039270581251],[-90.01253839552655,32.50015210552923],[-90.01227809519824,32.50012130558565],[-90.01213549573171,32.50004300596455],[-90.01086789561072,32.50009890548231],[-90.01045659477136,32.499984206198455],[-90.01034469522968,32.500006605572665],[-90.01008169546394,32.50017450561927],[-90.00949969495767,32.500286405978926],[-90.00933459448991,32.50029480581141],[-90.0090799948704,32.500216405576616],[-90.00878619456851,32.50026400591676],[-90.00853159494902,32.50013530583677],[-90.00841129436279,32.500149306085774],[-90.00815939418072,32.500300406204396],[-90.00809509456931,32.50024440604713],[-90.00802789429784,32.500048605615525],[-90.00785729434392,32.49993100605221],[-90.00746549413275,32.49987230622039],[-90.00708219378082,32.49989470562252],[-90.0067575938411,32.49981910600801],[-90.00668209403472,32.49984990605507],[-90.00660929366579,32.500009405778215],[-90.0065113943678,32.500087706186214],[-90.00617559423313,32.500104505887506],[-90.00584829395768,32.50029480581141],[-90.00562159421428,32.50024440604713],[-90.00532499386365,32.50039830619935],[-90.0051095940282,32.50061940604276],[-90.0047877932389,32.500717306448095],[-90.00470669333507,32.50090200623549],[-90.00453879371688,32.50101390644754],[-90.00452759352191,32.5011342062745],[-90.00408829309347,32.50110340666726],[-90.00348109304684,32.50132170612793],[-90.00345879326824,32.501411206041325],[-90.00351469363174,32.501537106410375],[-90.00330489299544,32.50191760660615],[-90.00324889291895,32.50212470656314],[-90.00260819289875,32.50234290657034],[-90.00230599334897,32.50232620653432],[-90.00199259270589,32.502404506440435],[-90.00191719261251,32.502758406376955],[-90.00182379297581,32.50294190646904],[-90.00186429262207,32.50307960667414],[-90.00166999331434,32.50326580696878],[-90.00163759287865,32.50346810668388],[-90.00145949289042,32.503670506704694],[-90.00093329303465,32.503840506793914],[-90.00064189303122,32.50398620737177],[-90.00039899217165,32.504018606795356],[-89.99984049249153,32.50378390730706],[-89.99926569198226,32.503646206665216],[-89.99914429185813,32.503735307282874],[-89.99898239208773,32.50402670702819],[-89.99835899182328,32.504852407240655],[-89.99791379215834,32.50536240741671],[-89.99740379162209,32.506293407914875],[-89.99723859144135,32.50643890754812],[-89.9970518918809,32.50674850759625],[-89.99679689161279,32.507049108138084],[-89.99654189134465,32.50722660784902],[-89.99625039162821,32.50752260759695],[-89.99581329117389,32.50752260759695],[-89.99559019187815,32.50770020788701],[-89.99558559160558,32.50778670830946],[-89.99569489142281,32.507850508207774],[-89.99591349195563,32.50779580818969],[-89.99599089169882,32.50788690769724],[-89.99600909156648,32.50802350792272],[-89.99537159134533,32.50865650784763],[-89.99520309165254,32.50927580826873],[-89.99524869103467,32.509476108162076],[-89.99539439148555,32.50967190852011],[-89.99530329153596,32.509835908841616],[-89.99524409166041,32.510364108778596],[-89.9951302912836,32.51052350879537],[-89.9948979914427,32.51068740832546],[-89.99477959169162,32.510956108609456],[-89.99472949174992,32.51163450884305],[-89.9944471916803,32.51209450921815],[-89.9944471916803,32.5122083090189],[-89.9945382916299,32.51227660928345],[-89.99454279129115,32.512404108728965],[-89.99421039127985,32.51297790929508],[-89.99405109123387,32.513592609090345],[-89.9937504915836,32.513893109481984],[-89.99370949157573,32.51403430929169],[-89.99346359124142,32.514170909266575],[-89.99316309130415,32.51445780967102],[-89.99299459071307,32.51450330947417],[-89.99271679120301,32.51470820942589],[-89.9926667909743,32.51490860932614],[-89.99268499084195,32.5153822098004],[-89.99258479095853,32.51550970938598],[-89.99226149088103,32.515769209828555],[-89.99192449059714,32.51616541024281],[-89.99176059117694,32.516283809697235],[-89.99147369083475,32.516352109895124],[-89.99135989045793,32.516511509898734],[-89.99124149070686,32.51652971016439],[-89.99106389108023,32.51648871013507],[-89.99079979087828,32.51635661016473],[-89.99070869092868,32.51648871013507],[-89.99070869092868,32.51667081038831],[-89.99061309041953,32.516821110103564],[-89.99022149053266,32.516985010271064],[-89.98993459019049,32.51696681009759],[-89.9898298906458,32.51701241013404],[-89.98956119017127,32.51696681009759],[-89.98933349060295,32.516985010271064],[-89.98890998974372,32.517144409909726],[-89.98876889046372,32.517158110575416],[-89.98830889015618,32.51713991043701],[-89.9879855900787,32.51719911029938],[-89.98785358983422,32.51711251061295],[-89.98764868950781,32.517126210526],[-89.98735269013011,32.51727651023718],[-89.98712958993603,32.51730831024516],[-89.9869382892047,32.51751781006167],[-89.98672428984277,32.517549710729604],[-89.98671518990896,32.51766811063294],[-89.98679258965214,32.51782751057504],[-89.986747089983,32.51806881043516],[-89.98641458936038,32.51822821042414],[-89.98597748980437,32.518264610256495],[-89.98502578943955,32.51811891085135],[-89.98479808897291,32.518150810548434],[-89.98423348883368,32.51810521033213],[-89.98372348919574,32.51812801044318],[-89.983623288414,32.51818721041213],[-89.98308138870202,32.518273710591004],[-89.98281728850006,32.51820091091891],[-89.9824119884068,32.518273710591004],[-89.98239378853914,32.51832381089296],[-89.98230268858956,32.51835571051731],[-89.98219798814655,32.51883841052717],[-89.98212058840335,32.518984111038264],[-89.98232548872977,32.519617011059005],[-89.98212058840335,32.519913010912035],[-89.9820158888587,32.51997681129359],[-89.98194298877675,32.52014071100842],[-89.98183828833375,32.52017261150276],[-89.98149218811602,32.519995010857514],[-89.9813418882909,32.51998131138178],[-89.98105958822129,32.52008151081133],[-89.98088658796893,32.520072411417296],[-89.98071808827615,32.52045941094388],[-89.98046758766927,32.52060061104241],[-89.98038108799224,32.520596110985295],[-89.98026268824117,32.52072361150639],[-89.9796524878215,32.52101951151784],[-89.97927458814104,32.521552311628604],[-89.97877368753859,32.52203961185805],[-89.97871898732433,32.52216711184597],[-89.97879188740626,32.522308211551],[-89.97875548767095,32.52244031186264],[-89.97844578718853,32.52273631150541],[-89.97808608737574,32.523187112053456],[-89.97800408735998,32.52339201190089],[-89.97807238716933,32.52366061209591],[-89.97791298741038,32.52408411180361],[-89.977844687601,32.52443481186353],[-89.97785378753484,32.52488101239966],[-89.97795398741826,32.52522711257439],[-89.97798588749231,32.52572801270567],[-89.97788588793321,32.525927912378165],[-89.97789098766907,32.52615331288146],[-89.97761728717168,32.526433712823746],[-89.97743848739583,32.526535212344314],[-89.97724518791301,32.52698941275441],[-89.97698908720866,32.52727461277085],[-89.97636078753264,32.527525912960776],[-89.97625928688868,32.527622513150526],[-89.975901687337,32.52765151318253],[-89.97567938754186,32.52788351310149],[-89.97544738683995,32.52798021288296],[-89.97526368675423,32.52795121295712],[-89.97518638672405,32.528120312787486],[-89.97485288717482,32.52834751341426],[-89.97449048702624,32.528250813270745],[-89.97425368662579,32.52796081294927],[-89.97392498677513,32.52775791320409],[-89.97359638663744,32.52782071279601],[-89.97271678595564,32.52739061329185],[-89.97263948592546,32.52743411306992],[-89.97248488586504,32.527424413044635],[-89.97234948639553,32.52732771266493],[-89.9720933856912,32.52724071298468],[-89.97184208558372,32.527279413181915],[-89.97167778641321,32.52732291301381],[-89.97150378633593,32.52753561297511],[-89.97106878614275,32.527806213187226],[-89.971015685828,32.52789321307721],[-89.97060008565168,32.528038213464036],[-89.9703197852319,32.528260513206796],[-89.9702278857817,32.52827011316591],[-89.97016028575993,32.52846351330736],[-89.96989928564402,32.528647113163686],[-89.96957068550635,32.5287921130911],[-89.969285485675,32.52874861321318],[-89.96912598530473,32.5289371135419],[-89.9689616852359,32.52903861326375],[-89.96873458484386,32.529362413674015],[-89.96819328520648,32.52964271347212],[-89.96804828544151,32.52982631394806],[-89.96782598474806,32.52991331339655],[-89.96772448500242,32.53001001402267],[-89.96740558487319,32.52996651397708],[-89.96720258448359,32.52999061376992],[-89.96697058468001,32.52989881336805],[-89.96689808524667,32.52993751393503],[-89.9666032851199,32.530140414059154],[-89.96645828445662,32.530333813961086],[-89.96641968474718,32.53049321415695],[-89.96655978510059,32.530657614247076],[-89.9666177848269,32.53082671428478],[-89.96651628508125,32.53091851373836],[-89.96643418445417,32.531102213851625],[-89.9662021846506,32.531194013781025],[-89.96602818457332,32.53118921433653],[-89.96584938479748,32.53128101417702],[-89.96536608488641,32.5317353140438],[-89.96518728421226,32.532131614469506],[-89.96479098433984,32.53235391468591],[-89.96438498445899,32.53272601411637],[-89.96423038439858,32.532784014662816],[-89.96411438404762,32.53289521477523],[-89.96353448380249,32.53316101465089],[-89.96344748376383,32.5332576148399],[-89.96341358403997,32.53350891495481],[-89.9632396836757,32.53354761472377],[-89.96322028365881,32.53375061499418],[-89.96267418432288,32.53422421461879],[-89.96249058395016,32.534591514611954],[-89.96231658387289,32.53478001479717],[-89.96195408401132,32.535045815153964],[-89.9618670839727,32.53517631466424],[-89.96157718325748,32.535384115018225],[-89.96144668319951,32.53561121548138],[-89.96139348407007,32.53587221494125],[-89.96124848340682,32.5359012153393],[-89.96106488393241,32.53606071546793],[-89.96082808353194,32.536094514987795],[-89.96052358339671,32.53634101556932],[-89.95981318309362,32.53631681524138],[-89.95976488337573,32.53667931509889],[-89.95989048312381,32.53688221514068],[-89.95975998306585,32.53691121521261],[-89.95942168291975,32.537109415568366],[-89.95923808344536,32.53713351571663],[-89.95915108340671,32.53723501526475],[-89.95877898324973,32.537312415361555],[-89.95871608321355,32.537467015423815],[-89.95841168279131,32.53755401580233],[-89.95829568244035,32.53773281540151],[-89.95802988262588,32.537892316063825],[-89.95789458286936,32.538047015850125],[-89.95767708277276,32.53806631591242],[-89.9574257826653,32.538191915785156],[-89.9560048823461,32.539211715876824],[-89.95577778195407,32.53919721583481],[-89.955652082493,32.53924551572537],[-89.95557958216138,32.53932281639774],[-89.95556508245436,32.53942911626242],[-89.95543948180796,32.53952581648877],[-89.95513978226963,32.53957411620265],[-89.95484018244427,32.53972391641206],[-89.95455018201604,32.54010571652946],[-89.95365618134022,32.540651816547864],[-89.95342898213352,32.54075821631588],[-89.95317768202605,32.54078721665069],[-89.95301818165578,32.54098531682037],[-89.95253008114784,32.541381616567115],[-89.95223048132249,32.54140581704473],[-89.95202268123433,32.541700616763165],[-89.95194528149113,32.541700616763165],[-89.95183898114863,32.54180211645021],[-89.95150558131238,32.54190351681907],[-89.95117208086484,32.54194701714161],[-89.95097388107213,32.54208241680599],[-89.95076608098398,32.54235781672158],[-89.95065498094289,32.54242071666791],[-89.95040368083544,32.54245931718023],[-89.95021038135258,32.54265261710081],[-89.9498816806036,32.54279281679767],[-89.94957708075538,32.543241917349654],[-89.94910728072641,32.54327611703253],[-89.94878768080957,32.5434378175489],[-89.94852708044397,32.54345301737643],[-89.94828748089307,32.54356711747414],[-89.94821708082257,32.54372121757632],[-89.94808578036567,32.543825817481796],[-89.94785948037259,32.54390951761297],[-89.9475075806314,32.54393041726536],[-89.94728307996378,32.5441511177214],[-89.94703968053923,32.54425191720332],[-89.94610757961728,32.54486631747616],[-89.94572338005175,32.54491191774001],[-89.94540758000855,32.54520301738038],[-89.945095679552,32.54531711752585],[-89.9448844793405,32.54532661797673],[-89.94422067914277,32.545832618141645],[-89.94393347966161,32.545868718279394],[-89.94387447921206,32.546057017598265],[-89.94366907942234,32.54619401793227],[-89.94319347897158,32.54635751769799],[-89.94304327885945,32.54637471841789],[-89.9429347794411,32.54634041768782],[-89.9428644790836,32.54641081833765],[-89.94245737876652,32.546572517751805],[-89.94213017910238,32.54688821840091],[-89.94184107878606,32.54703661839631],[-89.94178027901101,32.547137418424754],[-89.94143407908028,32.54730291859559],[-89.94113157859488,32.547272517969844],[-89.94100227868614,32.54735621867396],[-89.94084817898737,32.547563518331174],[-89.94061607857246,32.547595818749016],[-89.9400777784098,32.54792111820162],[-89.93995987812202,32.54816461875157],[-89.93963647833155,32.54816841850864],[-89.93954517805766,32.548210218854535],[-89.93939687788233,32.54835671830456],[-89.93901257860378,32.5485887185029],[-89.93889277837918,32.54879611905316],[-89.93871967841382,32.54893871862706],[-89.9382251783078,32.548986318908085],[-89.93819087793531,32.54937051862945],[-89.9379435780258,32.5498308187521],[-89.93753277754806,32.55027021910002],[-89.9374376774005,32.55048521886942],[-89.93666157791078,32.5508047190336],[-89.93633627728514,32.55080091938814],[-89.93627927738373,32.55083711899312],[-89.93611947787447,32.55112051913621],[-89.93544417744447,32.55154091964486],[-89.9353262771567,32.5518414195602],[-89.93515887700183,32.551999319441045],[-89.93458067726752,32.552336019850934],[-89.93414887687337,32.55250331936135],[-89.93399477717459,32.55268971936734],[-89.93373227687215,32.55286851987056],[-89.93336517673804,32.55301691982285],[-89.93288777696176,32.55337451992658],[-89.93226577627252,32.55356091963758],[-89.93193097686107,32.55355331982269],[-89.93181497651013,32.55373401988053],[-89.93150677621423,32.554025019738596],[-89.93073077643751,32.554093519908875],[-89.93043587569942,32.554162020026816],[-89.92987857616852,32.55415632001459],[-89.9293440758795,32.55437692037049],[-89.92903977606859,32.554650820474095],[-89.92886667610323,32.5549552207508],[-89.92880387578002,32.55519112071484],[-89.92861557542176,32.555369920777736],[-89.92829787544174,32.55539652072447],[-89.92817047546984,32.55545552047002],[-89.9275142750194,32.55546882081027],[-89.92734877569967,32.555630420619686],[-89.92664307538213,32.5560527209163],[-89.92636917545875,32.55639702083775],[-89.92572427491628,32.5564408207854],[-89.9255001748973,32.55656232070459],[-89.92546337451336,32.556765820908],[-89.9253737747503,32.55692812101849],[-89.92486717433738,32.55705722131108],[-89.92459647511136,32.5572096211705],[-89.92450137496381,32.55722132139493],[-89.92439387447207,32.557380021201645],[-89.92401187488065,32.55764892103749],[-89.92385587434674,32.55768212110011],[-89.92372767487421,32.557638221057964],[-89.92357077422837,32.55764982128331],[-89.92293067428278,32.5580613212911],[-89.92271907432098,32.55805962150746],[-89.92269037404597,32.558265821305994],[-89.92257747378106,32.55838592107533],[-89.92146837420542,32.55898392123961],[-89.92110977393051,32.55908612141896],[-89.92076547393663,32.55941062134055],[-89.9204265737159,32.559606121318296],[-89.92021057380583,32.55966442173815],[-89.91949867331623,32.55962762150484],[-89.91938397372579,32.559667121657924],[-89.91932027329068,32.559747721722886],[-89.91932387373835,32.5599800218272],[-89.91926287363898,32.560095621981226],[-89.91876087349864,32.56049102194419],[-89.91883977342836,32.56068022184551],[-89.91895267369327,32.56075462170865],[-89.91894907324563,32.5609034220069],[-89.91872627308884,32.56095292236438],[-89.9182725735647,32.560922321940154],[-89.91794627311417,32.56099362196484],[-89.91774237261266,32.560988522023344],[-89.9171459730107,32.56116192214241],[-89.91705927300936,32.561268922220734],[-89.91674317292888,32.56135052250888],[-89.91609577237496,32.56177362265142],[-89.91580517277045,32.561890922477055],[-89.91568277282141,32.56200302232722],[-89.91540757213748,32.56204382214678],[-89.9151831720812,32.56221212262578],[-89.91476007187059,32.56238032209404],[-89.91471417245114,32.56244152269465],[-89.91419417186914,32.562416022638715],[-89.91364367168661,32.56257402277942],[-89.91350597163168,32.56266072248442],[-89.91341927163035,32.56281872295127],[-89.91315427221478,32.56306342245576],[-89.91253227152554,32.56327242261727],[-89.91241497131237,32.56339992312151],[-89.91225697202694,32.56347632249186],[-89.9117420711808,32.5634254228978],[-89.9109875716821,32.56361402304881],[-89.91063077163103,32.563848523097896],[-89.91032997075814,32.56380262280337],[-89.90994247078224,32.563833223002355],[-89.90985077075804,32.56390972269699],[-89.90950407136401,32.564026922822215],[-89.90942757083442,32.56414932324947],[-89.90911157046693,32.56432772313274],[-89.90903507083567,32.564322623380754],[-89.90846917083422,32.56455712309191],[-89.90775547012076,32.56458262329632],[-89.90761787067711,32.56465912310909],[-89.90741387046262,32.564873223059706],[-89.90723037070121,32.56494462366515],[-89.90703156993557,32.5648936234548],[-89.90678687064882,32.564908923369515],[-89.90664417057097,32.56507712308152],[-89.9051605696416,32.56557162316925],[-89.9049209700907,32.565760223350914],[-89.90456417003963,32.56629552361585],[-89.90446216993239,32.5663720234821],[-89.9041104696172,32.56641282358599],[-89.90263716877084,32.56700922356511],[-89.9022955691127,32.56705512373316],[-89.90161756924527,32.56731002371782],[-89.90128616905886,32.56726412368021],[-89.90065906863376,32.56733042431586],[-89.89957836839748,32.56773822408191],[-89.89907366792141,32.568130824077045],[-89.89883406837052,32.56821242418044],[-89.89838036794806,32.56819712407208],[-89.89790616797083,32.5683347242651],[-89.8974677676543,32.568594724665346],[-89.89739136773602,32.56868142460823],[-89.89717716804977,32.568757824780135],[-89.89694266733643,32.56892102452902],[-89.89652466776,32.569068824847854],[-89.89623406725718,32.569242124560155],[-89.89554586701969,32.569451224640964],[-89.89509726723142,32.569644924443104],[-89.8948066676269,32.56970612463013],[-89.89440896728094,32.56946652453539],[-89.89431216662256,32.569451224640964],[-89.89389416704613,32.569527624914194],[-89.89375646699118,32.56960922450397],[-89.89367996646159,32.56986412480113],[-89.89368506709576,32.569920224647845],[-89.89385336736255,32.56996612484043],[-89.8939348670167,32.57005782522572],[-89.89378706720301,32.5702617248185],[-89.89372586677935,32.570282124745226],[-89.89364436712516,32.57023112454125],[-89.89352706691201,32.57027192516097],[-89.89340466696297,32.57023622471434],[-89.8932313666733,32.570343325254534],[-89.89313456691325,32.57048602534221],[-89.89270116661957,32.57062882513158],[-89.89258396701771,32.57062372498082],[-89.89250236675225,32.57053702464419],[-89.89231376635666,32.570501325060135],[-89.89217096656584,32.57063392528206],[-89.89205376606566,32.570853124737255],[-89.89179886640886,32.57103152491512],[-89.89177846656706,32.571204925305594],[-89.89144706638066,32.57138842489132],[-89.89112086654143,32.57142412487928],[-89.89080476646093,32.57128642495545],[-89.89064166654133,32.57131192551808],[-89.89049886585218,32.57127112537146],[-89.89038166625032,32.57130682540611],[-89.89009616638167,32.57163312524488],[-89.88954556558784,32.57174522503381],[-89.8893671655623,32.571923725635614],[-89.88919886619381,32.57200522538941],[-89.88909696579957,32.57217862541134],[-89.88889806532093,32.572316225552576],[-89.8886839653477,32.57232642566139],[-89.88829146534891,32.57218372547375],[-89.88821496571764,32.572117425397366],[-89.8879600651625,32.572086825753175],[-89.88766946555798,32.57224482551556],[-89.88752166574429,32.57253032539602],[-89.88740946526698,32.57261192528208],[-89.88710366526954,32.57261192528208],[-89.8869659652146,32.57248442575864],[-89.88667026497589,32.572382525482006],[-89.88633896540078,32.57243862602455],[-89.88623186465935,32.57248442575864],[-89.8859259649489,32.57282602593363],[-89.88583426492471,32.57296882578245],[-89.88584956503063,32.573106425468346],[-89.88574756492338,32.57317782557645],[-89.88510526500365,32.57327462570643],[-89.88490636452502,32.573478525556325],[-89.88474836434126,32.573483626301844],[-89.88419776444574,32.57337152565764],[-89.88402956479027,32.57349382627782],[-89.88394286478893,32.57349382627782],[-89.88353506468425,32.5737232262634],[-89.88322916407549,32.573825225698926],[-89.88305076404995,32.57399342610293],[-89.88288766413035,32.57401892589587],[-89.88245936447086,32.57422292624926],[-89.8810829639959,32.574727526548195],[-89.88085866365262,32.574931526046754],[-89.8800276636243,32.57518642635765],[-89.87909986293762,32.575584026247235],[-89.87880416269891,32.57565032678877],[-89.87834026280473,32.57601222647416],[-89.87789156330348,32.57617542664861],[-89.87756026283004,32.576165226977636],[-89.87742256277508,32.57626202691094],[-89.87734106312095,32.57655772649899],[-89.87707086245987,32.576608726890235],[-89.8768108630672,32.57655772649899],[-89.87667826274811,32.576603627079486],[-89.8765355626703,32.57671582663335],[-89.87644376293308,32.57693502712026],[-89.87621946258979,32.57710832677265],[-89.87593906245701,32.57719502681239],[-89.87580656274923,32.5772918271481],[-89.87509796177166,32.57747032730772],[-89.87482266227305,32.577439727219065],[-89.87470026232401,32.57750592722454],[-89.87465436200625,32.57759772739135],[-89.87445556213893,32.577638526930656],[-89.87427206237754,32.57777612702126],[-89.87409876208787,32.57777102727688],[-89.8739610620329,32.57781692723637],[-89.87331876211319,32.57809732706228],[-89.87297716155673,32.57833692756532],[-89.87277326195353,32.57839302741085],[-89.872706961794,32.57849492767065],[-89.87254896161025,32.57859692773443],[-89.87253366150432,32.578902827310166],[-89.87232976190114,32.57900472774752],[-89.87221246168797,32.57913222784117],[-89.87193716129106,32.57962162801088],[-89.87170776121188,32.57957062781932],[-89.8713916611314,32.57962672764994],[-89.87096026138587,32.579784127485134],[-89.87083796114983,32.579929427838415],[-89.87062996073736,32.579988827776454],[-89.87034086131938,32.58021612800685],[-89.86997766077192,32.580667328028404],[-89.86974826069276,32.580850827932885],[-89.8696105606378,32.58088142837135],[-89.86948056094145,32.58110702774881],[-89.86878096108302,32.581034428135894],[-89.86861266081621,32.58111852805019],[-89.86818066009778,32.5815123282705],[-89.8681538606579,32.581844928087214],[-89.86810036059285,32.58194052819401],[-89.86759566011678,32.58187942870281],[-89.86746186054677,32.58197492809979],[-89.86728596053267,32.582380228482656],[-89.8667965601625,32.58265932876325],[-89.8662879600998,32.58309142897071],[-89.86616565986374,32.583114328391034],[-89.86596685999642,32.583370528551015],[-89.86586356002697,32.58340872844361],[-89.86562276032683,32.58339342865705],[-89.86538565988907,32.58324432883379],[-89.86520596000132,32.583213728444946],[-89.86487715953933,32.58336292899052],[-89.86462475989396,32.583607628459475],[-89.86451775976384,32.583840828823675],[-89.86466685943975,32.584177328744495],[-89.86468595941932,32.58431872913692],[-89.86461716014665,32.584483129047214],[-89.86445655934017,32.58459402895267],[-89.8643112595379,32.584555828808284],[-89.86421955951371,32.584582529097176],[-89.8639097593183,32.5849114290754],[-89.86348535924546,32.58491902926157],[-89.86328655937814,32.58498022886463],[-89.86314125957588,32.58522112951574],[-89.86291565937037,32.585439029272806],[-89.86255625959487,32.585595829271206],[-89.86245685921205,32.585985829077856],[-89.86236125960122,32.5860622296455],[-89.86225045959742,32.586069929645596],[-89.86186805935738,32.58637582945846],[-89.86171515890952,32.58644842928721],[-89.86136715875496,32.5867237293746],[-89.86126015862484,32.58686132990278],[-89.8609121584703,32.58694162926359],[-89.86071785916255,32.58727943000103],[-89.86047655910083,32.58724692966795],[-89.86028625909272,32.5873304295917],[-89.86004025904543,32.58752532980822],[-89.85996605820297,32.587543929700345],[-89.85986395838272,32.587502129514185],[-89.85980825834352,32.587646029975275],[-89.85991035816377,32.58782702996626],[-89.85989645853138,32.58795233010224],[-89.8597711588206,32.58808222967474],[-89.85959015817232,32.588142630115094],[-89.85958545818676,32.58823542983516],[-89.85939525878996,32.588244729708045],[-89.85931165887467,32.58834682994159],[-89.8591585581025,32.588425630094946],[-89.8589125580552,32.588467429850375],[-89.85877335871203,32.58854632980648],[-89.85822105830569,32.58933993039274],[-89.85797515797138,32.58941423003773],[-89.85791015857237,32.58940023007774],[-89.85791475794662,32.58928423021711],[-89.857863757893,32.589242430085726],[-89.857701258048,32.58929352998114],[-89.85732075774479,32.58981333053415],[-89.85719075804843,32.59034233084842],[-89.85663385826784,32.59065793046595],[-89.85642505745645,32.59095963067554],[-89.85609095783262,32.59120553098218],[-89.85602125754971,32.59136803065085],[-89.85610945773759,32.591488631035574],[-89.85596565812185,32.59181813083696],[-89.85455015757582,32.59342393155824],[-89.8539653570208,32.59419433126164],[-89.85332955731049,32.59485793172523],[-89.8521554565392,32.59628733170186],[-89.85195125689869,32.596626131782514],[-89.85110655666399,32.597563532491684],[-89.8506842568523,32.59795803240442],[-89.85041515662746,32.59813443215046],[-89.85030835682166,32.598157632719314],[-89.84980255680767,32.597985932020535],[-89.84968185647115,32.59797193264285],[-89.84960295654143,32.598032332472386],[-89.8496075559157,32.598199332578474],[-89.84982105671264,32.59869133269036],[-89.84980255680767,32.5988073324831],[-89.84971895599406,32.59890483222213],[-89.84973755651035,32.59920183297374],[-89.84969115672928,32.59928073256069],[-89.84951475635357,32.599327132341934],[-89.84932915633104,32.5995916328102],[-89.84899965608146,32.599531332414806],[-89.84892535642432,32.59958233260126],[-89.84880935607336,32.599879332620574],[-89.84864225595578,32.60012073281341],[-89.84873515612921,32.600482732744524],[-89.84807615652835,32.6014851334258],[-89.84791835577059,32.602111632980325],[-89.84746815608281,32.602130233628884],[-89.84722215603551,32.601879633476734],[-89.84695305581069,32.60184713314109],[-89.84689265578594,32.601791433171854],[-89.84672095539578,32.60174963357704],[-89.84651675575529,32.60183783316629],[-89.84649355586475,32.60191203314994],[-89.84658635542687,32.60210233303298],[-89.84722685602107,32.60245043373994],[-89.84735215573184,32.602571133480765],[-89.84741245604361,32.60264533361381],[-89.84736605626254,32.602807733833224],[-89.84713865583322,32.602993433724265],[-89.84672095539578,32.603174433744364],[-89.84635895589585,32.60340643367851],[-89.84602015538813,32.603754533858485],[-89.84568145549171,32.60385663382619],[-89.84544935507681,32.604074733460855],[-89.84506415568634,32.60456203367698],[-89.84477645494526,32.60504003386998],[-89.8447021552881,32.60540663383383],[-89.8437508555719,32.60704023462678],[-89.84363945549352,32.60718413473829],[-89.84334705476685,32.60725373469296],[-89.84325425520473,32.60737443477211],[-89.84274375520519,32.60744403457897],[-89.84246995499478,32.607787434958496],[-89.84232605476775,32.60787563465661],[-89.84213115448708,32.608251534432036],[-89.84206615508805,32.60849753484231],[-89.84210795459654,32.60866923506883],[-89.84208005472044,32.60876203471888],[-89.8418016551358,32.60905903532852],[-89.84171805522051,32.60925863512426],[-89.84149065479119,32.60942563473364],[-89.84118905441768,32.60983873518349],[-89.84079925475466,32.609936135138355],[-89.84039085457535,32.60989903545083],[-89.8402469543483,32.60997333545211],[-89.83988955422262,32.60999183533996],[-89.8398106542929,32.610038235626796],[-89.83904035432667,32.61113813535943],[-89.83887325420908,32.61159293591146],[-89.83882685442805,32.61163003565392],[-89.83868765418654,32.611616135264754],[-89.83846945430236,32.61150943589636],[-89.83829315363964,32.61157443559762],[-89.83805645385048,32.61153723594901],[-89.83801465344368,32.611588335993304],[-89.83797755392077,32.61175073588864],[-89.83787085382794,32.611889935456496],[-89.83770835398295,32.61244683598621],[-89.83782445404688,32.61270673568816],[-89.83753665359279,32.61280423618887],[-89.83725355402258,32.61270673568816],[-89.83707725335987,32.612781035629986],[-89.83683585358513,32.612776335891105],[-89.83671055387438,32.61287843616817],[-89.8367198532342,32.613133736292035],[-89.83652955322609,32.61334723620879],[-89.83633005357115,32.6134075363837],[-89.83622325376534,32.61350503612134],[-89.83575455327427,32.61358853578897],[-89.83547615368963,32.61382053598825],[-89.83514195345448,32.613913436234164],[-89.83483105282285,32.61424293603915],[-89.83453405272193,32.61437753649798],[-89.8345243527135,32.6146588366238],[-89.83442275325486,32.61474773627801],[-89.83383215317637,32.614976336821215],[-89.83379405293023,32.615052536368154],[-89.83347015277812,32.61531293622502],[-89.83336225253609,32.615351036241705],[-89.83331145280677,32.61531293622502],[-89.83300025303615,32.61545893638763],[-89.83290495256429,32.61561773666117],[-89.83266365250255,32.61563683692425],[-89.83253665228095,32.615833636815154],[-89.83239695257618,32.61589713671688],[-89.83225725287139,32.61590353649242],[-89.83219275293567,32.616026736999736],[-89.83202575253111,32.61594183677083],[-89.83174265206256,32.61589653669066],[-89.83094705194466,32.61627303687143],[-89.83064135255854,32.61656463658733],[-89.8304138524162,32.61691323721992],[-89.83002105238012,32.61721753736407],[-89.82961405177603,32.617337837370286],[-89.82953975211889,32.617465237527696],[-89.82940885141231,32.61752543732286],[-89.82924955226464,32.61779793694496],[-89.82915755220316,32.618321637509396],[-89.82885675133028,32.61857293769494],[-89.82887095189828,32.61877103783088],[-89.82866215198523,32.61921343786728],[-89.8286550517012,32.61937263778876],[-89.82858785142973,32.61943283781458],[-89.8281631513196,32.61954963773413],[-89.82797565136025,32.61965223798082],[-89.82790485153944,32.61980083762522],[-89.82773145153679,32.61989993746127],[-89.8277739517312,32.62008393810889],[-89.8277031519104,32.62017593753426],[-89.82734925162107,32.62028563790896],[-89.82628765136438,32.61995653789486],[-89.8261354507041,32.62004503809067],[-89.82608235128767,32.620161837968126],[-89.82620275068857,32.62040243822912],[-89.82616375122882,32.62051563766845],[-89.82595505102874,32.62066433802245],[-89.82596915098544,32.62117743837419],[-89.82580995065248,32.62123403800006],[-89.82578515086243,32.62140393804826],[-89.82558345123338,32.621672838045285],[-89.82537815115666,32.62161263801261],[-89.82509155085178,32.621715338036466],[-89.82479785116121,32.62197363861519],[-89.82469525097933,32.62215053808621],[-89.82458555051348,32.622631838491095],[-89.82461385103818,32.62348823898284],[-89.82446515111259,32.62360493828098],[-89.82447225049827,32.62374303901273],[-89.82436255093073,32.624029639095895],[-89.82441915108183,32.624358738510665],[-89.82439445100476,32.624808138788325],[-89.82425645091253,32.624889539003625],[-89.82390605045953,32.624871838870185],[-89.82368665042613,32.62496033874593],[-89.82364775067937,32.62541323893662],[-89.82376455053092,32.62578133899603],[-89.82361945105298,32.62615643956787],[-89.82365835079972,32.62637223940633],[-89.82334345086845,32.626747339014855],[-89.82335045054114,32.62691373934164],[-89.8234389507663,32.627143739471244],[-89.82340005101955,32.62737723959689],[-89.82349555091741,32.62752593914396],[-89.82353095082782,32.62769933917219],[-89.8233540509888,32.62812393960813],[-89.82308865092463,32.62844593965791],[-89.8231133510017,32.62854863940683],[-89.82330445051039,32.62876093975328],[-89.82326205092728,32.62988973987368],[-89.82285155048685,32.63048784029179],[-89.8228267506968,32.63105754053579],[-89.82268525076819,32.63154944032422],[-89.82248355113913,32.631783040162894],[-89.8221791507169,32.63176534063627],[-89.82199165075755,32.63183964064737],[-89.82195625084715,32.631892740685736],[-89.82195975068349,32.63208734044437],[-89.82206945025104,32.63235624087499],[-89.82179695080117,32.632816340418046],[-89.82182175059123,32.632950840325094],[-89.82169085078299,32.633255140417695],[-89.82152455016599,32.63344264043797],[-89.82146435046556,32.63361604110565],[-89.82130515013257,32.63383194097036],[-89.82091585083117,32.634146841161005],[-89.82076725061856,32.63455034108408],[-89.82059025016824,32.63468124125201],[-89.82040985049287,32.634723741117995],[-89.8202010505798,32.63497844107554],[-89.81974455010862,32.635243941472964],[-89.81961354968905,32.63540314162801],[-89.81913235003913,32.635721641701025],[-89.81907924972437,32.63586674164452],[-89.81873594955539,32.63622054129508],[-89.81849885001593,32.636252441368406],[-89.81799284967762,32.63650364128296],[-89.81786894954206,32.63680804200733],[-89.81750094929605,32.63690714192429],[-89.81726744930592,32.63707344165955],[-89.8169489498253,32.63713354202875],[-89.81682504968974,32.63721144142128],[-89.81666934919312,32.63720794197538],[-89.81655614978922,32.63727864195176],[-89.81636144893456,32.63729994195404],[-89.81609604887036,32.63741314195907],[-89.81580594962747,32.6377387419022],[-89.81549804936888,32.63796874219793],[-89.8151547491999,32.638078441944856],[-89.81485754877468,32.638248241934065],[-89.81459564854686,32.63831904245446],[-89.8143444490507,32.6387189424764],[-89.81408964910688,32.638885241869616],[-89.81340664831825,32.63912944245837],[-89.81222114792601,32.63938424258504],[-89.81161604814054,32.63931344215122],[-89.81132234844995,32.63955054225433],[-89.81111004780223,32.639585942762686],[-89.81092594796621,32.63968504262818],[-89.8107633475099,32.63997574229647],[-89.81060294792603,32.64006594286183],[-89.81020534819139,32.64007934260257],[-89.80982444813786,32.64024644281421],[-89.8095237478763,32.64028654285479],[-89.80923644778382,32.640293142857864],[-89.80890894718407,32.64018964265054],[-89.80879534713155,32.640196242660764],[-89.80869514724812,32.640259742676896],[-89.80830754755921,32.640319943025744],[-89.80817394741521,32.640456943053024],[-89.80762594724412,32.64046694251124],[-89.80747894693104,32.640627342926685],[-89.80729854725568,32.64070084282523],[-89.80714154689684,32.64067404277149],[-89.80697444677928,32.64073754320483],[-89.806356346575,32.640817742827686],[-89.80621934630763,32.64088124315907],[-89.8057649469959,32.64093464267735],[-89.80560124700168,32.64087454259253],[-89.80546754624636,32.64088454276051],[-89.80529714661674,32.64095804320414],[-89.80489954598379,32.64135904339303],[-89.80452864597602,32.64141914315232],[-89.80441844604685,32.64151944296522],[-89.80431484604009,32.64142584292162],[-89.8041678466253,32.64138574339178],[-89.80400414573278,32.64139574350256],[-89.80392054581748,32.64147594329173],[-89.80373344650673,32.64148264305672],[-89.8033091461469,32.6413256428536],[-89.80294164626248,32.64135564320284],[-89.80279464594939,32.6412788434991],[-89.80264424551295,32.64107164327604],[-89.80256074531066,32.64103154283103],[-89.80256744584436,32.641305543521746],[-89.80247054547297,32.64154944324945],[-89.8023803456353,32.64151274320297],[-89.8021263460904,32.64158624313047],[-89.80186914584813,32.64202054321568],[-89.80169534519685,32.6421742434018],[-89.80150824588611,32.64224774354212],[-89.80122754571603,32.64209074316908],[-89.8009369452132,32.642074043415754],[-89.80069304542704,32.642130843139235],[-89.80037554487302,32.64210414336296],[-89.80026534494384,32.642114143393414],[-89.80015174489134,32.64218764358317],[-89.79994794500114,32.64246164375824],[-89.79967394536476,32.642488343427814],[-89.79918614489412,32.64242154317987],[-89.79890544472401,32.64251504384592],[-89.79847444472881,32.64247834343919],[-89.79834414499516,32.642625343916144],[-89.79826064479288,32.643029643716886],[-89.7981937445587,32.643056343973406],[-89.79771604474513,32.64318664395481],[-89.79700094445647,32.642999544081135],[-89.79675044384959,32.64297614408843],[-89.79653324379031,32.64345394372194],[-89.79638284425218,32.64350744382108],[-89.79627264432301,32.64345064421528],[-89.79614894451176,32.64348734422306],[-89.79604654375589,32.64353024383381],[-89.7954339439361,32.64376464369394],[-89.79525684377278,32.64390164374016],[-89.7945953441605,32.6440854437563],[-89.7937867436238,32.64452314387907],[-89.79341924373938,32.64463004443282],[-89.79328894310743,32.64475034389981],[-89.79303164315216,32.64487064396138],[-89.7928645430346,32.64480714419301],[-89.7925137428313,32.64478704413063],[-89.79240684331249,32.644827144404864],[-89.7920059431675,32.645191344749634],[-89.79177534293912,32.64533174416243],[-89.79110044315773,32.64552214463894],[-89.79069284247903,32.645883044249416],[-89.7905424429409,32.64611354476238],[-89.79033864305072,32.646180344522115],[-89.7901415427959,32.64616704478337],[-89.78998784284742,32.646320644807176],[-89.78937634256555,32.646584644893586],[-89.7889988426354,32.647079145250466],[-89.78899214210166,32.64729294465812],[-89.78850434252935,32.64769054523856],[-89.78841074256832,32.64791444543461],[-89.78822704248262,32.64803804511582],[-89.78819364222203,32.64824184515589],[-89.78796644211701,32.6485559450515],[-89.78715114194493,32.64903374513055],[-89.7868404416376,32.64911724568855],[-89.78661654194292,32.649424645608775],[-89.78634924194192,32.64956834522042],[-89.78618884145975,32.649631845389955],[-89.78606194184944,32.649631845389955],[-89.78597504152381,32.64969534551445],[-89.78583474174441,32.64988574577696],[-89.78572444120394,32.65024994594258],[-89.78552064131375,32.65061074554279],[-89.78526674148185,32.65072434545601],[-89.78498604131175,32.65096824597062],[-89.78449154120572,32.65123894574138],[-89.78436464159543,32.65146614609631],[-89.7839970410997,32.651893845951605],[-89.78303814073789,32.6527658465234],[-89.78280764112081,32.653073246001874],[-89.78237994063763,32.653410746615926],[-89.7822295410995,32.65360444641874],[-89.78125734028157,32.654326146423436],[-89.78106354043713,32.65465694655565],[-89.78046214081229,32.655158147148256],[-89.7803718403633,32.6552082466323],[-89.78006114005598,32.655134746555376],[-89.7797738399635,32.65517814655767],[-89.7795833405294,32.65532524717036],[-89.77927264022209,32.65539874709071],[-89.77869123979042,32.655355247361236],[-89.77841064023164,32.65551894736319],[-89.77827693947633,32.65565264698437],[-89.7771543400186,32.65615384728911],[-89.77686363980276,32.65660484703409],[-89.77685363975702,32.656838747494156],[-89.77686553973959,32.65687914715566],[-89.77685363975702,32.65692564716836],[-89.77584453884216,32.65713614747633],[-89.77524653934069,32.65721634751931],[-89.77500253894321,32.657593847630395],[-89.77476873891578,32.657757547314645],[-89.77445133897308,32.65776424737248],[-89.77425083859492,32.65784114787627],[-89.77402693890023,32.657831047504054],[-89.77393673906256,32.65798474774301],[-89.77394673910831,32.65813514799653],[-89.77390663921234,32.65816854755189],[-89.77382313901006,32.658201947851005],[-89.77353243879423,32.65817854805483],[-89.77324513870172,32.65827544767508],[-89.77292103822533,32.65852944754841],[-89.77230953884175,32.65885354803361],[-89.77207573791603,32.65893034777007],[-89.77162463811632,32.659200947804656],[-89.77140743805704,32.65924774836811],[-89.7712437380628,32.659358048219175],[-89.77081273806759,32.65936474815705],[-89.77048863759117,32.65947834829166],[-89.76991733781657,32.65951174810137],[-89.76978033754921,32.65959194828184],[-89.76975023769899,32.659758948506024],[-89.7694762380626,32.66012644818357],[-89.76905523721479,32.660136548296364],[-89.76878463770176,32.66042724879329],[-89.76847393739446,32.660534148484146],[-89.76808633770554,32.66082144823788],[-89.76795263695024,32.66084484885472],[-89.7676887370726,32.66102194826337],[-89.7674147374362,32.66100524826407],[-89.76711733668667,32.66091164895302],[-89.76677653742743,32.6608916485575],[-89.76637893679447,32.66113214836604],[-89.76625533669623,32.66128924841141],[-89.76556703674575,32.66133264845086],[-89.76547353649772,32.661392848982956],[-89.76524963680305,32.661723548851235],[-89.76470833626735,32.6618806486134],[-89.76414033600477,32.66228824864858],[-89.76351223575475,32.66248874916493],[-89.76326163633318,32.66250874920313],[-89.76318473605329,32.66247414881667]]}},{"type":"Feature","properties":{"section_id":"blackland-prairie","section_name":"Blackland Prairie","region_id":"mississippi","region_name":"Mississippi","route_id":"main-spine"},"geometry":{"type":"LineString","coordinates":[[-88.75332034753606,34.264999518325546],[-88.75321304736863,34.265015019015316],[-88.75306024753205,34.2650660185586],[-88.75294754759146,34.26515911835106],[-88.75291534748011,34.26521671852036],[-88.75283494736385,34.26529871847673],[-88.75269274674933,34.26537411839504],[-88.75257744708429,34.26549161910187],[-88.75256134747778,34.26554921904339],[-88.75250494675265,34.26562231878095],[-88.75244864663887,34.265708818768154],[-88.75239234742338,34.265735418940324],[-88.75237084714536,34.26577531918276],[-88.75234944747868,34.26585291914237],[-88.7522743474226,34.26596811923348],[-88.75223404720232,34.26604351855164],[-88.75216434691943,34.266123318725285],[-88.75207854703001,34.266178719258974],[-88.75195784669349,34.266274019019654],[-88.75185594719755,34.26639371892356],[-88.7517539470903,34.26645581937596],[-88.75163594708953,34.26650011869517],[-88.7515501472001,34.26659991921258],[-88.7514160466945,34.26683261934089],[-88.75132754646934,34.266950119494766],[-88.75124434720266,34.26711421913919],[-88.75119604658646,34.26716071928828],[-88.75113704703524,34.267200618854496],[-88.75107004708809,34.26730481940181],[-88.75100564686537,34.26736691918141],[-88.75099494703201,34.26740901907766],[-88.75097074641826,34.26755301928639],[-88.7509305468093,34.267612919202634],[-88.75092244670039,34.26767941959632],[-88.7509439469784,34.26777691955937],[-88.75092784647356,34.2678146191584],[-88.75096274692066,34.26803851947727],[-88.75088764686458,34.268098319569006],[-88.7507830470329,34.26812271931865],[-88.75071324703703,34.268153719544024],[-88.75057914653141,34.26820691907565],[-88.75039944664366,34.26824021915469],[-88.7503753466412,34.268273419742],[-88.7503109464185,34.26832441953638],[-88.75017144703803,34.26842641977485],[-88.75007224697951,34.26854171953075],[-88.74997294630968,34.26856381927595],[-88.74988984675602,34.26861921968667],[-88.74982014647311,34.26872341921865],[-88.74940974664399,34.26909361975023],[-88.74934804675702,34.269171219617355],[-88.74927564613839,34.26930861938625],[-88.74921924631158,34.26945711953727],[-88.74911734681565,34.269552420036916],[-88.74880624585971,34.26976741998463],[-88.74871504619712,34.26988051976581],[-88.74857554591833,34.269995719536205],[-88.74846824664922,34.27008441983698],[-88.74838514619722,34.27016642024357],[-88.74828054636555,34.270272819695904],[-88.7481303462534,34.27040581993555],[-88.74801224653964,34.27054102031074],[-88.74794794602992,34.270563219748674],[-88.74791034614539,34.27059421981672],[-88.74779504648035,34.27066732036539],[-88.74769574581055,34.27075822029795],[-88.74760194642352,34.27090672011599],[-88.74753214642762,34.270962120467864],[-88.74729614552776,34.27118161991389],[-88.7472639463147,34.27127691994378],[-88.74711374620259,34.271367819959686],[-88.74686164569619,34.271471920322625],[-88.74675974620025,34.27150742017162],[-88.74669534597753,34.27154952022197],[-88.74657994570117,34.27155402033545],[-88.74648344597841,34.27157832035009],[-88.74643514536223,34.271671420356434],[-88.74635204580855,34.27175792006023],[-88.74616154547614,34.27194852019034],[-88.74610524536233,34.272030520263705],[-88.74608114535988,34.27209482057036],[-88.74612934536478,34.27225222019115],[-88.74613474603626,34.27231642011221],[-88.74606764547781,34.272427320622384],[-88.74603284564202,34.27248272071468],[-88.74604354547536,34.272679920813985],[-88.74607034581355,34.272764220677296],[-88.74615884603871,34.27296372061417],[-88.7461454458696,34.27305232053814],[-88.74585574547869,34.27312992046358],[-88.74569484553321,34.27316982090915],[-88.74563574537066,34.27330152045382],[-88.74554904536933,34.27328982054998],[-88.74540214566755,34.27328102093844],[-88.74522344560472,34.2732678207771],[-88.74507124584275,34.27324012062301],[-88.7447722451937,34.27313482061047],[-88.74460234502739,34.273092420708494],[-88.74452804537025,34.2730909204507],[-88.74445724554944,34.27312312068343],[-88.74439524562516,34.27316112075781],[-88.74420594544196,34.27329422035537],[-88.74402544515529,34.27339362085826],[-88.74371934512055,34.27352812086551],[-88.74354584540488,34.2736364208816],[-88.7433919451321,34.2737650212165],[-88.74300614476871,34.27407942121965],[-88.74294774529208,34.27416862125106],[-88.74291594493104,34.274246120674725],[-88.74290174526134,34.27436172125701],[-88.74290884464703,34.27450942116863],[-88.74297254508214,34.27493932093234],[-88.74300434544318,34.2754379211405],[-88.74298664503883,34.275541721023664],[-88.74296194496179,34.27562072087885],[-88.74295834541243,34.27567332109461],[-88.7429973448722,34.27572452127863],[-88.74304864496312,34.275755221034736],[-88.74309464499386,34.275793221404086],[-88.74312114529475,34.275904420932775],[-88.7432025452359,34.27625532105919],[-88.74323264508612,34.27653172138112],[-88.74324854526665,34.27672032131873],[-88.74343084487884,34.27735932169876],[-88.74353704550836,34.27789452185618],[-88.74354944495423,34.27812992161204],[-88.74346274495291,34.27859202178372],[-88.74329994507059,34.27913452184987],[-88.74323874554521,34.27928102201715],[-88.74313014551558,34.27922992198016],[-88.74305554492281,34.27918432221152],[-88.74295814508812,34.27912802169464],[-88.74267274493248,34.2789430220341],[-88.74233534489828,34.27873392221688],[-88.74212114521204,34.27859992193132],[-88.74182914513399,34.27855172159244],[-88.74165174493338,34.278507922243065],[-88.74161184446339,34.27849802162431],[-88.74074234443863,34.27804232170861],[-88.74046664429142,34.27804502216206],[-88.7401616446929,34.27811202203149],[-88.73985374443434,34.277939622019964],[-88.73960814413734,34.27738662188247],[-88.73910874372145,34.277070021453184],[-88.73892034365016,34.27680252161338],[-88.73840454359043,34.276728821422495],[-88.73809614386855,34.27686252183184],[-88.73800874407961,34.27694442135579],[-88.73794054398324,34.277165521909865],[-88.73692524379462,34.27789972161129],[-88.73690614381505,34.278109922092916],[-88.73678334321738,34.27817812219273],[-88.73676424323781,34.278311821781685],[-88.73618834319065,34.278573822418046],[-88.735909943606,34.278773122255565],[-88.73542954345666,34.27959192233945],[-88.73550864281238,34.27985122230202],[-88.73540224275686,34.2800613221505],[-88.7354595435939,34.280757322534214],[-88.73513204299414,34.28105762231976],[-88.73502284288988,34.281308722448344],[-88.73467074282438,34.281532522998475],[-88.73407574279761,34.281682622651445],[-88.73329514274833,34.28157612258852],[-88.7329976422858,34.28174812322951],[-88.7325391421648,34.28185732266321],[-88.73222804210718,34.282206622877524],[-88.7322143427991,34.28229672280313],[-88.7324982427682,34.282616023151576],[-88.73255284237118,34.28310462356682],[-88.73253644272737,34.28327652310357],[-88.73230984269694,34.28340752320878],[-88.73226784286413,34.283688723094066],[-88.73228634276913,34.28381592303192],[-88.73228324268307,34.28385672319528],[-88.73220004251807,34.283986523681484],[-88.73199604230356,34.28411722355851],[-88.73174214247167,34.28417992326549],[-88.73151294271682,34.28417722375144],[-88.73131914197405,34.28436282349308],[-88.73117174191066,34.28468492385586],[-88.73096704190856,34.28495232364575],[-88.73068594198816,34.285468223624314],[-88.73045934195774,34.28606862368586],[-88.73046484234224,34.286240624039465],[-88.73010454245481,34.28681382389507],[-88.73002274186504,34.28713852447534],[-88.73007724175501,34.28735692403738],[-88.72978254223953,34.287883724103324],[-88.72963784251189,34.288495024645556],[-88.72925024192467,34.28915282431204],[-88.72893914186704,34.28942572435801],[-88.72876174166642,34.28948582466733],[-88.72852424147834,34.28991702458994],[-88.72847784169731,34.2902418245066],[-88.72855704166432,34.2904929246554],[-88.72854334235623,34.290694925221196],[-88.72810944170097,34.29192582515095],[-88.72813944183818,34.292572725281175],[-88.72781464157417,34.29347612569619],[-88.72782014195866,34.2938091252444],[-88.72763454193613,34.294125725700574],[-88.72730694162337,34.294327725695844],[-88.72718414192401,34.29474532548786],[-88.72724694224722,34.29510012556602],[-88.72717054143061,34.29557222621889],[-88.72701224210789,34.29588072632724],[-88.72700134195023,34.29600082638586],[-88.72683484190726,34.296271025843076],[-88.72679114156364,34.29662582615663],[-88.72663014190515,34.297043426398815],[-88.72663834172705,34.29737092605627],[-88.72630254159239,34.29806142650118],[-88.72635994214241,34.298214326305164],[-88.72654824160237,34.29839992621021],[-88.72669564166578,34.2986619265568],[-88.72708864202616,34.29895942695661],[-88.7271814424866,34.29923232705927],[-88.72710774200574,34.29965262671815],[-88.72669564166578,34.300842627253644],[-88.72661924174749,34.30100642697636],[-88.72637084230007,34.30123022701069],[-88.72602694205649,34.301282026813645],[-88.72592044138968,34.30146762736094],[-88.72569664140799,34.3015413273769],[-88.72565344142596,34.30161592747422],[-88.72543464146717,34.30190162724612],[-88.72557934209313,34.30197532762333],[-88.72557114137291,34.302029927572086],[-88.72535274206271,34.30227012774342],[-88.72507434157976,34.302483027785016],[-88.72502524146294,34.30299342749754],[-88.72508254140166,34.303138027928945],[-88.72505804164892,34.30351192746596],[-88.72478504183744,34.303965027846026],[-88.72456944167769,34.30412332800687],[-88.72449304175939,34.304243428153015],[-88.72430194135237,34.30422972751234],[-88.72439474181282,34.30431982756835],[-88.72440024129897,34.30445902799115],[-88.72426374139324,34.304824727885915],[-88.7241982416326,34.30489842792406],[-88.72398814185732,34.30489572833361],[-88.72389804173265,34.304972127897585],[-88.72358144129055,34.305015828117156],[-88.72340404108992,34.30510862839762],[-88.72270254129465,34.30531882834497],[-88.72247054149106,34.30547432843166],[-88.7218401406556,34.306421428344244],[-88.72121234044288,34.307551428910806],[-88.72103494114056,34.3075568286629],[-88.72064734055336,34.308231028433475],[-88.7207128412123,34.308438429077555],[-88.71944374090475,34.31096032937437],[-88.71845844085337,34.31334583026914],[-88.71843934087379,34.31348772988289],[-88.71856294007372,34.31379142964264],[-88.71840894008795,34.31422843017551],[-88.7184673404629,34.31459093044914],[-88.71841814063309,34.314814729893875],[-88.71834394068894,34.315080830315054],[-88.71815394071812,34.315789330454315],[-88.71761113999591,34.31577333014588],[-88.71758574013127,34.31578263058056],[-88.71757154046156,34.31582793076839],[-88.7174892404085,34.316055430753856],[-88.71748214012449,34.316136830579985],[-88.71749224078154,34.31618213057663],[-88.7175319400289,34.316246830400075],[-88.71762234019087,34.31634083061779],[-88.7177443403896,34.31642143034329],[-88.71789274027792,34.31651123092399],[-88.71794354090555,34.31655743070439],[-88.71794964046633,34.31659523084312],[-88.71790284093498,34.31675633030711],[-88.71781544024772,34.31710813045583],[-88.71774534021452,34.317292730753856],[-88.7177168402638,34.31739523098358],[-88.71768034081552,34.31744803059847],[-88.71765284068971,34.31746823072344],[-88.71760714069627,34.31749343079167],[-88.7175461405969,34.317506831007385],[-88.71748824058358,34.31751863085234],[-88.71736114064899,34.3175127309301],[-88.71728494015667,34.31750853079655],[-88.7172310403413,34.31751773087683],[-88.71717414015292,34.31753873079815],[-88.71709894038383,34.31759073051009],[-88.71706234032422,34.31762853092543],[-88.7170542402153,34.31765453075762],[-88.71706134049931,34.317688131019665],[-88.71706944060823,34.31773603067883],[-88.71706433997404,34.3177729310559],[-88.71702174006666,34.31785183110805],[-88.71699934057501,34.317886231100985],[-88.71696474016524,34.31790893071118],[-88.7169342405647,34.31792653097341],[-88.71691294061101,34.31794253087139],[-88.71690384067719,34.31796603101737],[-88.7168783402012,34.31820943082926],[-88.71687334017832,34.31826063106135],[-88.71688044046233,34.31833783088278],[-88.71686924026739,34.31840083075742],[-88.7168560404226,34.31843273095036],[-88.7168214400128,34.31847553087613],[-88.71680314043216,34.318525931142126],[-88.7167777405675,34.31856283117193],[-88.71673814013482,34.31862913099179],[-88.71672184020399,34.318661931061165],[-88.71671473992,34.318692931191904],[-88.71671674046812,34.318726531038266],[-88.71673504004877,34.31876343097989],[-88.71674424059391,34.318811330767346],[-88.71674323987068,34.318865930897545],[-88.7167300400259,34.31891033094458],[-88.71669744016425,34.3189607309495],[-88.71668834023042,34.319015330982495],[-88.71667104047467,34.31904723094189],[-88.71666084010462,34.319075731374426],[-88.71666903992653,34.31911773117417],[-88.7167157406432,34.3192453315251],[-88.71673404022386,34.31927553090181],[-88.7167645407227,34.31929823087821],[-88.71682044018789,34.319360331560084],[-88.71682553992376,34.31940393155019],[-88.71681744071316,34.319439230861995],[-88.7168214400128,34.319464431080355],[-88.71682354027394,34.31950473093695],[-88.7168072403431,34.31957523152693],[-88.71680314043216,34.319615531330335],[-88.71680414025705,34.31965493116173],[-88.71681944036297,34.31969693141363],[-88.71684794031368,34.31979593128822],[-88.71685404077277,34.3198606312938],[-88.71682964073302,34.319930231635134],[-88.716808240168,34.31997473127837],[-88.71678994058736,34.32001423110035],[-88.71678794003921,34.320041031466744],[-88.71678694021432,34.320067131452696],[-88.71677474019442,34.320094831008156],[-88.71673304039896,34.320144331096316],[-88.71662934067918,34.32027023163723],[-88.71662224039518,34.320291231611826],[-88.71662534048123,34.32032563134687],[-88.71663544023995,34.320363431272455],[-88.71664364006187,34.32039283120273],[-88.71663444041506,34.3204347316686],[-88.71657954077477,34.3206706317318],[-88.71657244049076,34.32070673177765],[-88.71658054059968,34.32072183120444],[-88.71660604017734,34.32074203128339],[-88.71661414028627,34.32076463144676],[-88.71662534048123,34.32084603115751],[-88.71662834085426,34.32088053156526],[-88.71664254052396,34.320913231338636],[-88.71664564061001,34.32093843185634],[-88.71663244076522,34.3209720315457],[-88.71655014071216,34.321103731841134],[-88.71651854067541,34.32114493158916],[-88.71648704035165,34.321165031408434],[-88.71645963993886,34.3211852313807],[-88.71626954025507,34.32125323180994],[-88.71624114001736,34.321267431945024],[-88.71622083988856,34.32128253127094],[-88.71620754033077,34.321306031965584],[-88.71619944022187,34.32133633150031],[-88.71619644074713,34.32137243200174],[-88.71620654050588,34.32142273185446],[-88.71620554068096,34.321463031512664],[-88.7161953403109,34.321484831706314],[-88.71618424072727,34.32149073134934],[-88.71615674060146,34.32149993173498],[-88.71613443992455,34.321509231535124],[-88.71611813999371,34.321541931805456],[-88.7161029404991,34.32159483193674],[-88.71610084023797,34.32163843150803],[-88.7161029404991,34.32169053180482],[-88.71612114036677,34.32174923205211],[-88.71615574077656,34.321886931641956],[-88.71616793989811,34.321990231967156],[-88.71616994044625,34.322055632120254],[-88.7161588399643,34.322106031720224],[-88.71615474005333,34.32213203164923],[-88.71615064014239,34.322159732007],[-88.71613443992455,34.32218913204994],[-88.71607034063744,34.32225623174106],[-88.71605414041962,34.32226973209475],[-88.7160470401356,34.322283932057836],[-88.71604194039973,34.32229913209922],[-88.71602664029382,34.32246023174382],[-88.71601654053507,34.322515632233625],[-88.7160053403401,34.32254583191736],[-88.71599004023419,34.322562632183825],[-88.71594633989056,34.32259793165088],[-88.71591994020099,34.32261133179354],[-88.71589754070938,34.3226331316889],[-88.71588544040252,34.322651631622904],[-88.7158782404055,34.32268013157336],[-88.7158843399663,34.322740631709436],[-88.71588744005234,34.32276493175917],[-88.71588134049155,34.32278843203877],[-88.71586713992355,34.32280353183293],[-88.7157929399794,34.3228321318876],[-88.71576244037887,34.32284473223026],[-88.715750240359,34.3228581323335],[-88.71573294060325,34.322886632213894],[-88.71569944062968,34.32290853219344],[-88.71558453981662,34.32295293232759],[-88.71556524041107,34.322965531910185],[-88.71554184019622,34.322985732191],[-88.71552964017637,34.322999932032886],[-88.71540363977967,34.32307053206807],[-88.7153507397892,34.323096531698205],[-88.71533753994441,34.323110732263245],[-88.71532334027472,34.32315193176789],[-88.71532533992455,34.32318803223022],[-88.71533753994441,34.32321733175758],[-88.71535584042338,34.323254332105805],[-88.71535584042338,34.32328283185157],[-88.71534064003048,34.323329032356014],[-88.71533244020856,34.32335253173575],[-88.71533144038365,34.32337853202043],[-88.71533853976933,34.323428932309675],[-88.71533964020556,34.3234591324067],[-88.7153284400106,34.32349273182871],[-88.71530604051898,34.32352463231196],[-88.715280639756,34.32354303189443],[-88.71526743991122,34.323566531956075],[-88.71523594048578,34.323669832439535],[-88.71521964055495,34.323789032166374],[-88.71521964055495,34.323853631906566],[-88.71520744053508,34.32390733255881],[-88.71519733987802,34.3239652322455],[-88.71519733987802,34.32405343192972],[-88.7152024405122,34.32411043235261],[-88.71518414003323,34.32413983245406],[-88.71514853979853,34.32415413225493],[-88.71509063978522,34.32417843189536],[-88.71507334002946,34.32419103203587],[-88.71505903974847,34.32421713221495],[-88.71503974034289,34.32422883244609],[-88.71500013991022,34.32424813251942],[-88.71497983978144,34.32426993198957],[-88.71496663993665,34.324293432589556],[-88.71497064013461,34.32432283262689],[-88.71497774041863,34.3243555325428],[-88.71496554039874,34.324391632487355],[-88.71493714016104,34.324416032212916],[-88.71490563983728,34.324441232420746],[-88.71487713988657,34.324482332602095],[-88.71486094056706,34.32452433266371],[-88.714850740197,34.324534332463344],[-88.71482534033237,34.32454783245061],[-88.71480194011751,34.32456543206252],[-88.71479284018369,34.32458723219209],[-88.71478874027274,34.32462583216949],[-88.71478163998871,34.324656032577614],[-88.71476233968485,34.3247123322581],[-88.71475014056328,34.32473243270674],[-88.71472774017336,34.32476103210403],[-88.71470644021966,34.32480963251015],[-88.71465553987903,34.324902832297404],[-88.71463624047347,34.32495233251726],[-88.71462203990546,34.32499853210256],[-88.71462303973036,34.32503293213376],[-88.71462303973036,34.32507573240305],[-88.71460073995175,34.32513453266119],[-88.71457834046014,34.325160532393745],[-88.71448174012606,34.32522603245477],[-88.714413740354,34.32526293250625],[-88.7143649402745,34.32530153217282],[-88.71434154005968,34.32532593237571],[-88.71433033986472,34.32534603267737],[-88.71432524012884,34.325377932456085],[-88.7143364403238,34.325405632484326],[-88.71436184018847,34.32544253245683],[-88.71436594009943,34.32547693230602],[-88.71436693992433,34.32552233260728],[-88.71438823987805,34.325573532829345],[-88.71441164009286,34.32567673291537],[-88.7144279400237,34.3257867328443],[-88.71441874037687,34.32585723260826],[-88.71441673982874,34.32590173281815],[-88.71442184046292,34.325924332333834],[-88.71442583976257,34.32595293280866],[-88.71440964044305,34.325971332600574],[-88.7143791399442,34.32597723267008],[-88.71432734038999,34.32598983254055],[-88.7143008400891,34.32600413276799],[-88.71427544022444,34.32603093270523],[-88.71426123965642,34.32607463234929],[-88.71425613992055,34.326121632531844],[-88.71424703998673,34.32615433248868],[-88.71423884016482,34.32618703243269],[-88.71422564032004,34.326207232679906],[-88.71420634001616,34.32622313307303],[-88.71415353973869,34.32624413304178],[-88.71411693967907,34.32625343305806],[-88.71410774003225,34.326260132837795],[-88.71410574038242,34.32627603247902],[-88.71410574038242,34.32629873278749],[-88.71410674020734,34.326376733104496],[-88.71412304013818,34.3264120324509],[-88.71412304013818,34.32643973287961],[-88.7141047396592,34.326459832914516],[-88.71405794012786,34.32650683288131],[-88.71400714039854,34.326553832821716],[-88.71395934014394,34.326595832588424],[-88.7138872395626,34.326632732779416],[-88.71385974033514,34.326662132739024],[-88.71385363987604,34.32668653254626],[-88.71385474031227,34.326721733094885],[-88.71385264005114,34.32676793318975],[-88.7138374396582,34.32681493298396],[-88.71383534029539,34.32683753299557],[-88.71383134009743,34.326939932545315],[-88.71383844038144,34.32701463322395],[-88.7138435401173,34.3271019327977],[-88.7138374396582,34.327160733119676],[-88.71382523963833,34.32722283317652],[-88.71383034027251,34.327261432683414],[-88.71386284042117,34.32731183286608],[-88.71391873988635,34.32743013274326],[-88.71394614029916,34.32750573285392],[-88.71393904001515,34.32755183310881],[-88.71391873988635,34.32757703311671],[-88.71376223988915,34.32762493306672],[-88.71369813970372,34.32761983283019],[-88.71363513995453,34.32761233269998],[-88.71360263980587,34.32762573278377],[-88.7135691398323,34.327648432727095],[-88.71353554014574,34.32767443316445],[-88.71350503964688,34.32770123331007],[-88.71343083970274,34.327833032838775],[-88.71340143964011,34.32787583316353],[-88.7133719398645,34.32792533311325],[-88.71336173949445,34.32798333314456],[-88.71335263956061,34.328030332999845],[-88.71333943971582,34.32806473327179],[-88.71332514033314,34.32811333324816],[-88.71328653972537,34.32817293331506],[-88.71325194021391,34.32821163327605],[-88.71322154032636,34.328244333160235],[-88.71313714001217,34.32828633282257],[-88.71312693964211,34.32829973354059],[-88.7131107403226,34.32832823305646],[-88.7131036400386,34.328361033044395],[-88.71310053995255,34.32839543318076],[-88.71310463986349,34.32843153287095],[-88.71312084008133,34.328458333516615],[-88.71314424029617,34.32849693319698],[-88.7131889395664,34.32855573328315],[-88.7132021403095,34.32859433291871],[-88.71321643969219,34.328653933385745],[-88.71322043989015,34.3286782332068],[-88.71321543986727,34.328697532998596],[-88.71320624022044,34.328721932955794],[-88.71319504002548,34.32877983302961],[-88.71319103982752,34.32884783323947],[-88.71319304037566,34.32889643350404],[-88.7132032398474,34.32893343357363],[-88.71321643969219,34.328951833453814],[-88.71321643969219,34.32897623333706],[-88.71321434032936,34.32902743367708],[-88.71320823987027,34.32909623338932],[-88.71319103982752,34.329139033069694],[-88.71317783998275,34.32915753305305],[-88.71314734038222,34.3291776331787],[-88.71311783970827,34.329190233310385],[-88.71310563968841,34.32920363314217],[-88.71309954012764,34.32921963311571],[-88.71310053995255,34.329243133071294],[-88.71310463986349,34.329301033527216],[-88.71310973959937,34.329328733744006],[-88.71309854030272,34.32935723365225],[-88.71306294006803,34.32941603313551],[-88.71305273969796,34.32943533349944],[-88.71305384013418,34.3294571331057],[-88.71305884015706,34.32947643346016],[-88.71307514008788,34.329499133644575],[-88.71310663951333,34.32954193311943],[-88.71316763961269,34.329616633707055],[-88.71319714028662,34.32965443315677],[-88.71321944006523,34.329688833504676],[-88.71323573999607,34.329723233096686],[-88.7132448399299,34.32976263337546],[-88.71324284028007,34.329810533561414],[-88.7132458397548,34.329873833426]]}},{"type":"Feature","properties":{"section_id":"highland-rim","section_name":"Highland Rim","region_id":"tennessee","region_name":"Tennessee","route_id":"main-spine"},"geometry":{"type":"LineString","coordinates":[[-87.26146081766804,35.72251747471267],[-87.26098811787733,35.72291977507574],[-87.2609646179495,35.72300487454328],[-87.26088531737116,35.72305487509643],[-87.26091471743378,35.72315467482314],[-87.26085591730855,35.72319287456417],[-87.26049771768226,35.72316057482062],[-87.26012771688809,35.72342477465495],[-87.25966371728092,35.723636275082235],[-87.25958151694083,35.72383297475985],[-87.25938481733465,35.72393867491022],[-87.25967551755048,35.72405027485199],[-87.25961971689999,35.72420297499339],[-87.25943181719032,35.72418827551264],[-87.25927911706674,35.724249975245],[-87.25866241733598,35.724185375143406],[-87.25807811714259,35.72444957522559],[-87.25756421701968,35.72456997542948],[-87.2574321161639,35.72467577524287],[-87.25712671681507,35.72480787567418],[-87.25609891656927,35.725001675765895],[-87.25587871613693,35.72508387559019],[-87.25557631626283,35.72543327531087],[-87.2552914164688,35.72557137567396],[-87.2550595163782,35.72560947580434],[-87.25482751567628,35.725741675326816],[-87.25453381598574,35.725747475951785],[-87.25417851612117,35.72582087562632],[-87.25389371604014,35.72600297577869],[-87.25301281549612,35.726173275967355],[-87.25284251557949,35.726320075922615],[-87.25266041539331,35.72637297614327],[-87.25234041482784,35.72628197613211],[-87.25151821469606,35.726349476282564],[-87.25125091469506,35.726337775939704],[-87.25100721523322,35.72624087611948],[-87.25057851492512,35.726196775880034],[-87.24919251415473,35.726155675823456],[-87.24892241410498,35.72624087611948],[-87.24856411386739,35.72620857615321],[-87.24842911414818,35.72631717636034],[-87.24824991372373,35.726334775739325],[-87.24778891359126,35.72619387631321],[-87.24745711365456,35.726214376014916],[-87.2473397137284,35.72618507624402],[-87.2470578134091,35.72624087611948],[-87.24676411371851,35.726096976317955],[-87.24643231378181,35.726026475741556],[-87.245812713391,35.72612337582258],[-87.24431221335449,35.72586207649498],[-87.24375431285065,35.72590607628044],[-87.24341661277916,35.7258150764652],[-87.24307891270766,35.72582977637511],[-87.24260031278216,35.72575627606931],[-87.24205121217486,35.72581207624515],[-87.24182801226779,35.725991276114165],[-87.24161951239202,35.72587967597452],[-87.2415902120424,35.72589437660174],[-87.24164601179459,35.72592957627195],[-87.24151091236239,35.72596777614091],[-87.24131411214489,35.72572397590656],[-87.24111741164039,35.72568287633531],[-87.2402249120494,35.725874476277866],[-87.23894451183392,35.72600007620481],[-87.23858921107107,35.726299576248174],[-87.23824851152484,35.72644927625758],[-87.23798131123684,35.726455176740274],[-87.23750861144612,35.7263465767213],[-87.23686841088922,35.72661667666994],[-87.23655131098381,35.726701876472966],[-87.23580251039725,35.72676647672163],[-87.2351213107308,35.726751776984564],[-87.23497741050373,35.72686627690342],[-87.23493631078287,35.727080676479495],[-87.23480121045235,35.72716877677617],[-87.2341581101337,35.72743297717331],[-87.23404360996928,35.72739187702529],[-87.23387331005264,35.727444777263365],[-87.23380281026915,35.727711976893694],[-87.23361781032123,35.727703176992215],[-87.23348571036375,35.727506376753254],[-87.23340050965064,35.727456476714366],[-87.2333271101054,35.72744177710464],[-87.23323020973402,35.72748877690389],[-87.23306280957914,35.727849977045025],[-87.23281911011728,35.72818477746482],[-87.23270460995286,35.728219976852195],[-87.2322788094065,35.72860167714037],[-87.23217610951164,35.728625177065894],[-87.23211150986292,35.7288248769287],[-87.23170040934788,35.728848377517565],[-87.2314185099269,35.72876317709355],[-87.23123350908065,35.7288365776355],[-87.23106610982408,35.72897167710198],[-87.23064620941251,35.72908037709419],[-87.23035550919667,35.72945027711421],[-87.22997960916604,35.729638277238],[-87.22985630910509,35.72985557753727],[-87.2296537093641,35.730031777728605],[-87.22946280928139,35.73014917746009],[-87.22908700896376,35.73023437786],[-87.2288374084688,35.73056027751811],[-87.22858190873737,35.73061317783959],[-87.22837050909988,35.73072767804154],[-87.22834110903726,35.73079817810312],[-87.22845560920169,35.73100957800981],[-87.22844680840686,35.731150477668095],[-87.22832940848069,35.73125037809409],[-87.22807100898753,35.731338478154065],[-87.22776850850212,35.73161737814667],[-87.22758940868898,35.73166147830186],[-87.22706080853477,35.73154397797976],[-87.22661160867189,35.73170257843439],[-87.22657050805269,35.731937477805616],[-87.2266556081545,35.732145978254984],[-87.2266409081232,35.73227807796519],[-87.22651170792747,35.732389677890765],[-87.22569250816873,35.73220757848438],[-87.224761607396,35.73260107867758],[-87.22469120822379,35.73268327868087],[-87.22471460754032,35.73295047823866],[-87.22464420746984,35.733205978295175],[-87.22441220766622,35.73343207833878],[-87.22415670793481,35.73347617821832],[-87.2237398078963,35.73346437829261],[-87.22317010712288,35.73360537861266],[-87.22294690721581,35.73359067867938],[-87.22267380769134,35.73368167836164],[-87.22258580692949,35.73366407841841],[-87.22223630748672,35.733755078745936],[-87.2220102069196,35.733766878628586],[-87.22178120748906,35.733866678789404],[-87.22160790719938,35.73380797840378],[-87.22145230731408,35.733825579044435],[-87.2209531072225,35.73403107901534],[-87.22076220713979,35.73449217866066],[-87.22056260687354,35.734653679065715],[-87.22015150635849,35.73467127879031],[-87.21911200645444,35.73459787925042],[-87.21896810622738,35.73462427885431],[-87.21833090604352,35.73490617888467],[-87.21821050574431,35.73491787942721],[-87.21808720568336,35.73486797892736],[-87.21798150631378,35.73473287925394],[-87.21789020603987,35.734434479187414],[-87.21785230611803,35.73429537915431],[-87.21770840589099,35.73404577886733],[-87.21734430612992,35.73402527899367],[-87.21693900603665,35.734177978971886],[-87.21663370550252,35.7343775788672],[-87.21640760583371,35.734468679007875],[-87.21597880581261,35.73443637873219],[-87.21573810582548,35.73454787938009],[-87.21557660490708,35.73456847901839],[-87.21526240566175,35.73474757897639],[-87.21442550549865,35.73507937896893],[-87.21373250466429,35.73542587936375],[-87.21350930475722,35.73561387923641],[-87.2130013047691,35.73586927960045],[-87.21277230444024,35.73605427932116],[-87.2124875043592,35.73655937938131],[-87.21199710416413,35.737217079971195],[-87.21181800435097,35.73779267964998],[-87.21130700398983,35.738582580344975],[-87.21090180450788,35.738984880504894],[-87.21019120388047,35.74011828027812],[-87.20954810446014,35.74072318039525],[-87.2092016035938,35.74119598101137],[-87.20882280380143,35.74160118082568],[-87.20808280400972,35.742232481339954],[-87.20798010411487,35.74224428069543],[-87.20820620378367,35.74252908115658],[-87.20824440374281,35.74271998072203],[-87.20820580403338,35.742773481048204],[-87.2086936036057,35.742934280747896],[-87.20856290412176,35.74316088104568],[-87.20831660403714,35.74333208145233],[-87.20807040366554,35.74391308115132],[-87.20756890388682,35.74450318160714],[-87.2073557040255,35.74464278146767],[-87.20740230413087,35.745100681640444],[-87.20736620353453,35.74525238193635],[-87.20727470383464,35.74525238193635],[-87.20723410357706,35.74532438127583],[-87.2073077034466,35.74585888203237],[-87.2071380036046,35.74590848182207],[-87.20669060396555,35.745815381759144],[-87.20639480311554,35.745842382057205],[-87.20617560340644,35.74602558182337],[-87.20588290354077,35.74642798216959],[-87.20571620317351,35.74692038223617],[-87.20573270342864,35.74716518203174],[-87.20595040384954,35.74763058222998],[-87.20615760386308,35.74768908213769],[-87.2059835031745,35.7477266824807],[-87.20594590328996,35.74783028255048],[-87.20582430373985,35.74784978223254],[-87.2055751029952,35.74801188254169],[-87.20560660331894,35.748788182564084],[-87.20569970381668,35.749157482155844],[-87.20557360370698,35.75002078233597],[-87.20542790325611,35.7505192826928],[-87.20512010360885,35.75095768295117],[-87.20501050375428,35.75122798302067],[-87.20498500327831,35.751646882815294],[-87.20482740374318,35.75201768333954],[-87.20486490301641,35.752368982837034],[-87.20516370334114,35.752846483554414],[-87.20536040384566,35.75340348306106],[-87.20570570366446,35.753814883698226],[-87.20640230404815,35.754463483677974],[-87.20648040447728,35.754640683558165],[-87.20653600390516,35.75491838363405],[-87.2064902041987,35.75529998364197],[-87.20656370435525,35.75619838379821],[-87.20659300380657,35.756651083955255],[-87.20671160478027,35.759095384549816],[-87.20675220413952,35.759227484740556],[-87.20698340444251,35.75950368464142],[-87.20705400483733,35.759712384800956],[-87.20721010418595,35.7598955847144],[-87.20732720497311,35.76032198429273],[-87.20730020431061,35.76042108490015],[-87.20735570492381,35.76048118493479],[-87.20734670470299,35.760566684549254],[-87.20757490463293,35.7612137847212],[-87.20764850450247,35.761320385068345],[-87.20770710520172,35.76129938487173],[-87.20774910503451,35.761338484785576],[-87.20807640530995,35.76185038507049],[-87.20799680469432,35.76192848520146],[-87.20805390520704,35.76207118528933],[-87.20803290529064,35.762231784906405],[-87.20812450470353,35.762426985315216],[-87.20824910552501,35.762536585059955],[-87.20844130546993,35.76256358478769],[-87.2085509053245,35.76245248493143],[-87.2086845054685,35.76246748495916],[-87.20872950477602,35.76251258488936],[-87.20860940541243,35.76283988536221],[-87.20854340529019,35.762952484816694],[-87.20848480548926,35.76295098540632],[-87.20845480535203,35.76317768543431],[-87.20861390507368,35.76334738492985],[-87.20878060544095,35.763357885123035],[-87.20870850485962,35.76361308494812],[-87.20889020529552,35.76390438527885],[-87.20886320553134,35.764052985350204],[-87.20896830572464,35.76441788506239],[-87.20871750508046,35.76441788506239],[-87.20864390521092,35.764516885079566],[-87.20855540498576,35.76453048519895],[-87.20852080547428,35.76464008569019],[-87.20911240537768,35.76497938550803],[-87.2092115057232,35.76496138575129],[-87.20940670514285,35.765010885437064],[-87.20960190546081,35.765136985618035],[-87.20971300550192,35.76515048577064],[-87.2097835052854,35.765227085480944],[-87.20986310590105,35.765494385732566],[-87.21001170611366,35.76668348568757],[-87.20988260563091,35.7669777858345],[-87.20971900624801,35.76719998587141],[-87.20958230601796,35.76751378625974],[-87.20930610550914,35.767782486306515],[-87.20905080610201,35.767952186182754],[-87.20848930515054,35.768138286297855],[-87.20839920592415,35.76833948621243],[-87.20842020584054,35.76885748660367],[-87.20855390569754,35.769085686586095],[-87.20854490547671,35.769315486517414],[-87.20845030569076,35.76947458606976],[-87.20855540588406,35.76950908643649],[-87.20869050531628,35.76972978667897],[-87.20886170534482,35.77015168674128],[-87.20876710555888,35.7703543866642],[-87.20861990581979,35.77042048647664],[-87.208577905987,35.77048808696021],[-87.20860340556465,35.77066968699138],[-87.20851480562648,35.77086338638296],[-87.20822510523557,35.77105558677405],[-87.20817400546893,35.77118468681501],[-87.20808990519205,35.77120418660479],[-87.20792330543608,35.77136038664355],[-87.2078257052771,35.77136938652727],[-87.20776260581492,35.77148798694028],[-87.20762150563661,35.771517986500534],[-87.20757950580382,35.77163058678971],[-87.20741130525,35.77179578728416],[-87.20728970569989,35.77181828686829],[-87.20719960557521,35.771915887031525],[-87.20695940505139,35.772498387183035],[-87.20680620546453,35.77325218746869],[-87.20663810552205,35.77350438700784],[-87.20685280556988,35.77385718704284],[-87.20690380562351,35.77413198708638],[-87.20697440512001,35.77418598740657],[-87.20706300595647,35.774502787769066],[-87.20680320509146,35.7747730872903],[-87.20633180516298,35.77477608785175],[-87.20622670496968,35.77484808744438],[-87.2060525054664,35.77512438761733],[-87.20572970485223,35.7752054876499],[-87.20546850531032,35.77541118761855],[-87.20536790477827,35.77587208763139],[-87.20530330512956,35.77589308762462],[-87.20520870534362,35.77623848766858],[-87.20527030551762,35.776577788294446],[-87.20533780492806,35.77667538771767],[-87.20528830506095,35.77681948834583],[-87.2050736050131,35.77700118834033],[-87.20476130480625,35.77703568835695],[-87.20438290476419,35.777268387801364],[-87.20250320428667,35.77914968843326],[-87.20176150398413,35.77999498894035],[-87.20101980457991,35.78109398925133],[-87.20062940394395,35.78188378955266],[-87.19988470416668,35.78294228913034],[-87.19967750415314,35.78300078930904],[-87.19918060374867,35.78340318993874],[-87.19890730389989,35.78345418955835],[-87.19872560346401,35.78365688982208],[-87.19869260385204,35.78392869003071],[-87.19875570421256,35.784180889955515],[-87.19854400363943,35.784293489802245],[-87.19864760364621,35.78442108974903],[-87.19841180396897,35.78470189009162],[-87.1981896038868,35.78508928999527],[-87.19806650325185,35.78514478988138],[-87.19792840344658,35.78528599013254],[-87.19783530384716,35.785308490271724],[-87.19761760342627,35.785296490344074],[-87.19755220337865,35.78524938986341],[-87.19748400328227,35.78520039029304],[-87.1971972035514,35.785227390342605],[-87.1970290029976,35.78509979023273],[-87.1968444036983,35.78503369023459],[-87.19639850334747,35.78523038978076],[-87.19641350341605,35.785580190098884],[-87.19630840322276,35.78587449026845],[-87.19641050304303,35.786393990537405],[-87.19619430280864,35.78643599006079],[-87.19600510323676,35.78662069005252],[-87.19596300279265,35.78670629054858],[-87.19599610301593,35.78682789078149],[-87.19585040346337,35.78736089067427],[-87.19569430321646,35.78750199079951],[-87.19538350319613,35.78747649047055],[-87.1952123031676,35.787413390347304],[-87.19506670332804,35.78745849070496],[-87.19518680269164,35.78775129080659],[-87.19565980341795,35.78821219069228],[-87.19572130298063,35.788408890388204],[-87.19572370327907,35.788544190418364],[-87.1951988032855,35.78902899116716],[-87.19461030256984,35.78914609109712],[-87.19437610279212,35.78929319099493],[-87.19427100259881,35.789467391245935],[-87.19410430312986,35.7894943913034],[-87.19375450275149,35.789676090746966],[-87.19368240306848,35.78984869142578],[-87.19362990282832,35.79045529094581],[-87.19349620297132,35.790898191465814],[-87.19350670248036,35.79102429140115],[-87.19334010272439,35.79123899106591],[-87.19311190279446,35.79130509173276],[-87.19289720274662,35.791187991340635],[-87.19268250269877,35.79129159164841],[-87.19253380277314,35.79161439146575],[-87.19238670274706,35.79213839160167],[-87.19160750227297,35.792336591366215],[-87.19121860182354,35.79268189154838],[-87.19084920200231,35.79292509175882],[-87.19067060165247,35.79313829181884],[-87.19059100193513,35.79339959179647],[-87.19057750205305,35.79372389208203],[-87.19050840184477,35.793858992157794],[-87.19027870172832,35.79402719220349],[-87.19010000166544,35.794087191790574],[-87.19002650240722,35.79421179221643],[-87.18972020204818,35.79437999224397],[-87.1893133020554,35.79492349216025],[-87.18933130159874,35.79498659214968],[-87.18900850188287,35.79555709247203],[-87.18888690143442,35.79627779273115],[-87.18861960143343,35.79692489303078],[-87.18838690184224,35.79725519292652],[-87.18816470176006,35.79729419282754],[-87.18798450151071,35.797651592665495],[-87.18816320157354,35.797732593211364],[-87.18817220179439,35.797897792654645],[-87.18784550159353,35.798214492692786],[-87.18740360144065,35.7989858932893],[-87.18740210125412,35.79905349352733],[-87.18749500142755,35.79916319360906],[-87.1873571019466,35.79932229317619],[-87.18733880146763,35.79948839350126],[-87.1870334012205,35.80004159317382],[-87.18710510115321,35.80028229365712],[-87.18690390188577,35.800649593910514],[-87.18683770143922,35.80146459372914],[-87.1864774015518,35.80200369414651],[-87.18647460150306,35.802359794158704],[-87.18640000180861,35.80255829409596],[-87.18638870190065,35.802935493755385],[-87.18630000135119,35.80332829447681],[-87.18630710163518,35.80361959428695],[-87.18624230166218,35.80371529394274],[-87.18602270130444,35.80386589453553],[-87.18594810160997,35.804006694331235],[-87.18599740115279,35.804248794005524],[-87.18612550181061,35.804371294110915],[-87.18617620182694,35.804562694409945],[-87.18629720130242,35.804640094708226],[-87.18636760137294,35.804793494082546],[-87.18635490188977,35.80549449459894],[-87.18642810200902,35.80583649487621],[-87.18636480132419,35.80595479470621],[-87.18633240178684,35.80622219480216],[-87.1862015019786,35.806507994515854],[-87.18630850210873,35.806958394622185],[-87.18615500158623,35.80735109458323],[-87.18631270173266,35.80767909490075],[-87.1862437021357,35.807877494851105],[-87.18610860180517,35.80806049491305],[-87.18609730189722,35.808843095444225],[-87.18551040197939,35.810050795425916],[-87.18540480142447,35.81018029545873],[-87.1854569019143,35.81030699566844],[-87.18537240188711,35.810482895320845],[-87.18546530206054,35.81078419585693],[-87.18487980171791,35.81098969592952],[-87.18453070112714,35.81187499602163],[-87.18438430178698,35.81198199612892],[-87.18426470188668,35.812179095921216],[-87.18409150131001,35.81233949597619],[-87.1838438016502,35.812338095841795],[-87.18369040173901,35.81222689580526],[-87.1835494012737,35.81220499627039],[-87.18346140141016,35.812250395801726],[-87.18332950087868,35.812234796158236],[-87.18319610105898,35.81234829598798],[-87.18314510100537,35.81249719597369],[-87.18298330094797,35.812626296455],[-87.18267120106543,35.81259789611543],[-87.18258040115315,35.81287879648769],[-87.18238330089834,35.81303629654144],[-87.18236200094464,35.813205096308614],[-87.18207680111328,35.81335689617777],[-87.18193500114738,35.81334699629019],[-87.18165270107777,35.81297959594616],[-87.18155340040795,35.81302499649155],[-87.18155900050542,35.813151196074124],[-87.18151220097407,35.813205096308614],[-87.181437001205,35.81321219597593],[-87.18124980038462,35.81312569596394],[-87.18082560063611,35.81334559617351],[-87.18052630084806,35.81344059643645],[-87.18055460047447,35.81358389610959],[-87.18086250073304,35.813758396407074],[-87.180873800641,35.81386619674359],[-87.18054610061523,35.81392439661171],[-87.1804383000862,35.81400099667599],[-87.1799730006168,35.81402369629575],[-87.17953890053553,35.81412719689279],[-87.17932469995097,35.814030796618304],[-87.17907080011908,35.81404639663744],[-87.17845790026198,35.81384489645825],[-87.17818699981332,35.81381799646254],[-87.17805499956883,35.81390169696362],[-87.17793590003015,35.81391729627965],[-87.1774818995704,35.81396409639464],[-87.17716409987739,35.813928596930985],[-87.17680799961391,35.81397829632134],[-87.17656829945172,35.81389029650894],[-87.1761738995161,35.813839196955506],[-87.17600649936122,35.813746996660235],[-87.1758419989681,35.813721496741394],[-87.17569729924043,35.813549796589065],[-87.17541499917083,35.81354279675188],[-87.17535539864667,35.81348879694661],[-87.17510429886352,35.81346759636007],[-87.17470849845438,35.81359519680843],[-87.17462189906436,35.81370309643778],[-87.17449429876814,35.813748496569495],[-87.17434099856996,35.81375549638855],[-87.17418639850958,35.8136732963725],[-87.17391119872396,35.81378679705999],[-87.17348989873719,35.813867596851054],[-87.17319339809956,35.81381799646254],[-87.17292379841142,35.81369739692488],[-87.1726471981523,35.81387189697287],[-87.17233089864581,35.813832197143846],[-87.17167829774473,35.81400379688619],[-87.17155489797078,35.813992496973974],[-87.17125409799621,35.81412439668696],[-87.17082289767669,35.8141399966877],[-87.17047809732117,35.81373709682129],[-87.17020719777084,35.813850596689115],[-87.16981559788397,35.81415419731142],[-87.1689941972528,35.81387329708028],[-87.1688465968651,35.81390899689608],[-87.16870339732397,35.81406429713656],[-87.16843679711059,35.81453609727127],[-87.16820729731842,35.81455129726796],[-87.16739259722095,35.81460529707912],[-87.16715569710748,35.81479969726073],[-87.16629599680417,35.814538597338064],[-87.16608039664439,35.814416597340134],[-87.16592289682227,35.81445209731408],[-87.16579099629078,35.81441099694882],[-87.16548459621873,35.8145116975773],[-87.16459929572645,35.814622297079474],[-87.16414959550195,35.814476197630064],[-87.1640119960583,35.81436979749185],[-87.16355799559855,35.814214297522255],[-87.16348769613936,35.81425079703417],[-87.16341889596838,35.81447009752052],[-87.1631391956232,35.81435759725601],[-87.16293539573302,35.81437029721486],[-87.16269789554494,35.814197397233634],[-87.16248009541104,35.814152397283785],[-87.16219899549066,35.81420579711458],[-87.16208369492729,35.814266297211034],[-87.1620485950542,35.8143463971931],[-87.1618307949203,35.81443209748462],[-87.16123209473291,35.81444619752881],[-87.16096779510495,35.81413279730412],[-87.16078789489289,35.814027297085254],[-87.16053219483717,35.813999197373406],[-87.16030869489278,35.8140947971068],[-87.16003889488034,35.8141242976162],[-87.15985479504434,35.81396829744028],[-87.15936149418921,35.8139809974614],[-87.15913099457215,35.81381089757786],[-87.15870089468885,35.81401469759933],[-87.15802489447124,35.81401609770417],[-87.15768619367651,35.81410889721087],[-87.1572336943016,35.81415379738619],[-87.15673759339774,35.81456699771191],[-87.1562638937821,35.814514997491585],[-87.15595469366131,35.81460219749427],[-87.15566659316994,35.81461479761538],[-87.15537429305456,35.81452209777026],[-87.15503839320691,35.81454309774935],[-87.15439749286239,35.814731497792316],[-87.15399279284374,35.815030797901365],[-87.1537510930317,35.81533859789794],[-87.15340389327609,35.81538219782318],[-87.15319449328841,35.815528297790884],[-87.15278689260971,35.81561119811024],[-87.15255359294389,35.815740498222006],[-87.15233999243395,35.815934497893295],[-87.15225429225754,35.81608769844022],[-87.15176239277426,35.81645309794651],[-87.15157689246472,35.81670609863004],[-87.15085309199254,35.81715159826988],[-87.15072939218128,35.81730339860671],[-87.15049329246673,35.81743409819247],[-87.15022629250305,35.81775169861495],[-87.14992409205492,35.8179526986483],[-87.1495684921531,35.81809319885328],[-87.14945049215231,35.818232298779094],[-87.14867049217764,35.81860479852646],[-87.14794529123192,35.81885209903758],[-87.14775129196147,35.818800098710106],[-87.14736629109869,35.81881139866652],[-87.14710059099721,35.81888299925525],[-87.14677599105751,35.81883389878117],[-87.14613509071299,35.81898139897013],[-87.14521739068336,35.81907559924471],[-87.14513029093173,35.81912479936225],[-87.14478729080005,35.819171199421504],[-87.14467069037448,35.81923719890643],[-87.14447529063052,35.81924849880057],[-87.14440509088432,35.819280798876015],[-87.14406209075264,35.81974879921987],[-87.14390469064351,35.819875299145764],[-87.14372059080749,35.81994409950278],[-87.14351539044378,35.819882299153086],[-87.14322589037717,35.81958859914936],[-87.14313179005453,35.81955759941393],[-87.1430445905899,35.81964199896598],[-87.14300389061931,35.81980639966547],[-87.14277339010393,35.81976989906549],[-87.14270029059601,35.819840099515986],[-87.14273259042037,35.820094499601296],[-87.14252879053015,35.82044309970847],[-87.14230398982527,35.82033059916672],[-87.14209319026237,35.820316599230544],[-87.14191889014779,35.82047399930686],[-87.14169958982738,35.820507699602395],[-87.14147759006953,35.820600499533974],[-87.14139328946834,35.82071289990228],[-87.14138619008264,35.8208758998569],[-87.14131458986292,35.820906799286824],[-87.14085778935441,35.82085339959261],[-87.14077628970027,35.820807099579056],[-87.140652589889,35.82056109952918],[-87.14059918953696,35.82054989961301],[-87.14044878999881,35.82065249941049],[-87.14049798982862,35.82087029992123],[-87.1402154894347,35.820885799534125],[-87.1398430892404,35.821031899571516],[-87.13907708950943,35.82088859950149],[-87.1389618895574,35.82104179995768],[-87.13904758883548,35.82133129975625],[-87.13901808905987,35.8213986996051],[-87.13894078902968,35.82141279986885],[-87.13817208896295,35.821214599811206],[-87.13765348885448,35.82119209964296],[-87.13736678883662,35.821119099700525],[-87.13711658826705,35.82124269988297],[-87.13676658846269,35.82116679951083],[-87.13639138821966,35.820750800054796],[-87.13614548878367,35.82064399969214],[-87.13601898802536,35.820704499981346],[-87.13580108817845,35.820704499981346],[-87.13507868817982,35.820573799952534],[-87.13487068776735,35.8206117001714],[-87.13453198787093,35.82078040006711],[-87.13438308762102,35.82079719989203],[-87.13420598745769,35.82068339965578],[-87.13424388737954,35.820469800062284],[-87.13411458747079,35.820239299434675],[-87.13349628784052,35.82020269997058],[-87.13334028730661,35.8200888996105],[-87.13316878724076,35.82006779984967],[-87.13297198702325,35.81997789981514],[-87.13268388743019,35.81999609980932],[-87.13253068694499,35.820052399868835],[-87.13234238748501,35.81992449949612],[-87.13208098672051,35.819879499878645],[-87.13193758685507,35.819937099500976],[-87.13191238731471,35.82009869959415],[-87.13229318765522,35.82046269958716],[-87.13226788750357,35.82060890019427],[-87.13214848702926,35.82069039959178],[-87.13190108740676,35.82067069997837],[-87.13101428672795,35.82043879994255],[-87.13088078719527,35.82036290025859],[-87.1306305866257,35.82037699997797],[-87.1301302869962,35.82025470010772],[-87.12962148660915,35.82037140000705],[-87.12918868639012,35.82018730001591],[-87.12751618592614,35.82026179987304],[-87.12733208609015,35.820405100346186],[-87.12720838538056,35.820704499981346],[-87.12698638562271,35.82085910004865],[-87.12684578580603,35.82107829997284],[-87.12669968560485,35.821158400366336],[-87.12629628544842,35.82119640009643],[-87.1259294853516,35.82142680034005],[-87.12504688519506,35.82206910034893],[-87.12492178491028,35.822316500782684],[-87.12480518538304,35.82243030086285],[-87.1236695846082,35.82272970087186],[-87.12369628523338,35.822829401078394],[-87.12382698471733,35.82292780100017],[-87.12380588508793,35.82310210085095],[-87.12402798545709,35.82334520064175],[-87.12386358477696,35.82342110111601],[-87.12377218479007,35.82355040089028],[-87.12358948542756,35.82409290073045],[-87.12363728478383,35.824223600791946],[-87.12349528539194,35.824275601208484],[-87.12313558468081,35.82470150105923],[-87.12300628477207,35.824726800793066],[-87.12299918448807,35.82490660092919],[-87.1228319846575,35.82529170128872],[-87.12259588494295,35.825425201368546],[-87.12240758458466,35.825664201414305],[-87.1225016849073,35.825876401701436],[-87.12269798476319,35.826040301493],[-87.12298238509393,35.82636970170042],[-87.12274198514412,35.82678430169111],[-87.12265348491896,35.82708500139137],[-87.12253398473165,35.82717360202678],[-87.12230498440279,35.82719890170094],[-87.12222768527093,35.827339401564075],[-87.12206878497527,35.82737450172746],[-87.12194518487699,35.82753200142901],[-87.12166128490787,35.82770060212963],[-87.12139848456812,35.827948001762],[-87.1210723844419,35.827936701649584],[-87.12074638402865,35.828139101969235],[-87.1207125840178,35.828237501863285],[-87.1207491840774,35.82845250225397],[-87.12071968430178,35.828512901908596],[-87.12061418435819,35.82855650188161],[-87.12072108477533,35.82864930187125],[-87.12064088408505,35.8287926017685],[-87.12023758453994,35.82872230217146],[-87.1198749840671,35.828716702061016],[-87.11962908373278,35.828496102260104],[-87.11930158403133,35.82865910225469],[-87.11912448386802,35.82857340202672],[-87.1187365841418,35.82855090175948],[-87.11868878388722,35.828570602330444],[-87.11868318378974,35.82867460180333],[-87.11854688420831,35.828753301969286],[-87.11813228385692,35.82880240213423],[-87.11771908397905,35.828990802568086],[-87.11744358325784,35.82904700229394],[-87.11724968370038,35.82929720249793],[-87.11707538358581,35.82930000216858],[-87.1169769830279,35.82936880236809],[-87.11688988327627,35.82964710229543],[-87.1167296831184,35.82979050235536],[-87.11591448355762,35.83000690273127],[-87.11532428322943,35.83026690227869],[-87.11513588315816,35.83027530264423],[-87.11462158328496,35.830157302698844],[-87.11417038287392,35.83017130235586],[-87.11339888275847,35.83009400268911],[-87.11281558238998,35.83019940289821],[-87.11198918173594,35.83013760252172],[-87.11125698201585,35.82977360246944],[-87.11062598200408,35.829274702435896],[-87.1102338817556,35.82912850249562],[-87.11010178179812,35.82902870240964],[-87.10985298170209,35.82875750223232],[-87.1097911812038,35.828512902636945],[-87.10981648135547,35.82824170215361],[-87.1094524813074,35.827995702566874],[-87.10929648077347,35.82793810223724],[-87.10907718135137,35.82773150254449],[-87.10892538133972,35.82770480244837],[-87.10861758079412,35.82747850203945],[-87.10821988044817,35.827391402124285],[-87.10788818112277,35.82758110234957],[-87.10762258073429,35.827605002756975],[-87.10746798067389,35.82730570198405],[-87.10681868018315,35.826960002418076],[-87.10650528043843,35.82690370215948],[-87.10612297991139,35.8267000022331],[-87.10551728005129,35.82656640232895],[-87.10483148011222,35.82656500244545],[-87.10468667977328,35.82649340223072],[-87.10457427986998,35.826534102304755],[-87.10442527990706,35.8265018022674],[-87.10411327973752,35.82672670266727],[-87.1039361795742,35.826747702331424],[-87.10380407961674,35.82668450229881],[-87.10353147955557,35.82666760247982],[-87.1034498792901,35.826551002152186],[-87.10300857921183,35.82635420243],[-87.10254347916843,35.82623050241105],[-87.10229607864761,35.82624040214881],[-87.102013579152,35.82617010247602],[-87.10163277881148,35.825919902610124],[-87.10130807915878,35.82610410220022],[-87.10042547810392,35.826279702464056],[-87.1003102781519,35.82637950236536],[-87.1001134788327,35.82634720226506],[-87.0999939786454,35.826192602689964],[-87.09978877828168,35.82615320254748],[-87.09952037874277,35.82633030237424],[-87.09921407838372,35.82634520221782],[-87.09890767831168,35.82656220267832],[-87.09881347827601,35.82683630261503],[-87.09871507771811,35.82694310265767],[-87.09857737766318,35.82701050283983],[-87.09833847789987,35.8272382029982],[-87.098311778173,35.82746730309928],[-87.09813887763363,35.82751510251882],[-87.09799267771946,35.827835503117],[-87.0978268783624,35.82797610309164],[-87.09771307798559,35.82804210326729],[-87.09616287775766,35.828400503117365],[-87.09613617713248,35.8285424028869],[-87.0962851770954,35.82860990294841],[-87.09626827708995,35.82871670278931],[-87.09616847785514,35.8287111034068],[-87.09603217737539,35.82862260281227],[-87.09575387750375,35.828667502790445],[-87.09540257693885,35.828861502916894],[-87.09522827682429,35.82925780316847],[-87.09468157741372,35.8293196035018],[-87.09414747687502,35.82946440325764],[-87.09345327678977,35.82958250328489],[-87.09291637620234,35.82954030370667],[-87.09253687662235,35.82961900374244],[-87.09231907648845,35.82953610348507],[-87.09211527659825,35.82938710363062],[-87.09191287628327,35.829323903514975],[-87.09160367616248,35.829395503360985],[-87.09139567575002,35.82951500332227],[-87.09099097573137,35.82952200320779],[-87.09063817587827,35.82960770386796],[-87.09010977604835,35.82951780371356],[-87.0898595754788,35.82953330382275],[-87.08975557572172,35.829628803277785],[-87.08969657527219,35.829630203835585],[-87.08965857563734,35.829751103270816],[-87.0895208755824,35.8298818034825],[-87.0893325752241,35.82993940385802],[-87.08916667525574,35.83016290343594],[-87.08918497573472,35.830352603591045],[-87.08935087570308,35.83057750400286],[-87.08933957579512,35.83069270370206],[-87.08880697544294,35.83099350366572],[-87.08865937595357,35.83101030424216],[-87.08873107588627,35.83109050385829],[-87.08870577573461,35.831180403687625],[-87.08847947574151,35.83132090378486],[-87.08818297510388,35.83172850370941],[-87.08810847512241,35.83202790432924],[-87.08793417500785,35.83209530383427],[-87.0877767748987,35.832375004176725],[-87.08763767526854,35.83242980391061],[-87.08704177512986,35.83237640395775],[-87.08694337547027,35.832484604335],[-87.0865301746941,35.83254650411626],[-87.08601997473185,35.83277130436065],[-87.08590607464203,35.832859904473786],[-87.08587387453066,35.83298390441008],[-87.08587787472862,35.83344710467601],[-87.08577597523269,35.833585104206016],[-87.0854326750637,35.833492704718225],[-87.08511667469622,35.8333961043773],[-87.08476077475704,35.83323830460788],[-87.08458507416896,35.833075204776165],[-87.0843624743365,35.832763204314965],[-87.08419717444276,35.83294560444225],[-87.08407767425545,35.832941404400906],[-87.08375447389093,35.83304260443336],[-87.0835605743335,35.83302990454863],[-87.08287467378315,35.8332000047628],[-87.08210167348118,35.83322530470054],[-87.08135827356611,35.83320700432322],[-87.080561373586,35.8331283049328],[-87.08023677364629,35.83304120466409],[-87.07995287277883,35.83280930435716],[-87.07964927275553,35.832947004941495],[-87.07921637282347,35.83297370473039],[-87.07899157301689,35.83309600466618],[-87.07848277262987,35.83310160446757],[-87.0782831723636,35.83300740481668],[-87.07778987240681,35.833157804923516],[-87.07745397255914,35.83313810476301],[-87.07689047195782,35.83323230498703],[-87.07644917187955,35.833191504931555],[-87.0756634720944,35.833350405232814],[-87.07550187146299,35.83331660478887],[-87.07520117209972,35.83337280509248],[-87.07506767166872,35.83332650509921],[-87.07476127159667,35.833320804810306],[-87.0745377716523,35.83326180493909],[-87.07434527167007,35.83312690516499],[-87.07415687159879,35.83310020469934],[-87.0741091710572,35.83314100480176],[-87.07392787126993,35.83311990486921],[-87.07380137140994,35.83318450464148],[-87.07338677105854,35.8331536048934],[-87.07323497104689,35.83333910516139],[-87.07329957159389,35.8335851049343],[-87.07328137172625,35.8336680053313],[-87.07319557093852,35.83372420538607],[-87.07311687133311,35.83367640533686],[-87.07308037098647,35.83356400511985],[-87.07285827151564,35.833306804980644],[-87.0727781714367,35.83330400472307],[-87.07264747105445,35.8333841051591],[-87.0723832711395,35.83341360505473],[-87.07210927060478,35.833635705284436],[-87.07198557079354,35.833677805094915],[-87.07169037091644,35.83351480521323],[-87.07160047111607,35.83332650509921],[-87.07119707095963,35.83320280502401],[-87.07077537032423,35.83327790515274],[-87.07070807033978,35.83328990511531],[-87.07062227045037,35.83350780495167],[-87.07035107086273,35.83346840552791],[-87.0696525705422,35.8336033054497],[-87.06843686968841,35.83353730552954],[-87.0677819699985,35.833630005017746],[-87.06742076999919,35.833818405642546],[-87.06729846976313,35.83393360573457],[-87.06682626943572,35.8348443055112],[-87.06616576964835,35.83500030544481],[-87.06614326954542,35.835170405804405],[-87.06606736909045,35.835258905650704],[-87.06591836912753,35.835292605494665],[-87.06508496880078,35.83571710621663],[-87.06496836927354,35.83587450561003],[-87.06445816931128,35.83630730608723],[-87.06376386861473,35.837017106022465],[-87.0635586691493,35.83711410613375],[-87.063439268675,35.83724190598067],[-87.06325376836547,35.837194206364494],[-87.06317646833527,35.83723210592906],[-87.06305696904629,35.83746960663888],[-87.06290936865858,35.8376172061925],[-87.06275756864693,35.837948906199514],[-87.06245826885888,35.838148406613996],[-87.06233876867158,35.83859400655917],[-87.06198746810668,35.838674106752144],[-87.06178226864127,35.838631906911445],[-87.0612847681622,35.838641706790185],[-87.06086876823558,35.83896220665212],[-87.06067106790617,35.83910760708051],[-87.06042746815731,35.839133606421775],[-87.06019696764193,35.83910550685882],[-87.06012666818275,35.839206707039445],[-87.05956306786844,35.839320606698934],[-87.05945346801388,35.83943300677106],[-87.05927496737702,35.83940350692884],[-87.05921316777706,35.83960870716396],[-87.05913026764938,35.83972530723851],[-87.05899816769193,35.83974920690095],[-87.05891806761298,35.839976906916604],[-87.05878026784502,35.840000807231476],[-87.05868616752237,35.84024110694743],[-87.0583642679184,35.84064870692443],[-87.05826026726301,35.84086370718376],[-87.05805226774888,35.84101830730404],[-87.0577107669054,35.841164507183024],[-87.05765596697813,35.84135140727685],[-87.05744796746399,35.841432907219684],[-87.0573509673796,35.84166200711693],[-87.05692376725804,35.841985207342624],[-87.05688576762321,35.84214400774428],[-87.05668766754349,35.84209910738185],[-87.05671436727036,35.842207307607104],[-87.05644586712013,35.84233660735635],[-87.0562870674358,35.84254740787708],[-87.05615916710228,35.8429479077345],[-87.05598496670069,35.843108107985074],[-87.05584996698148,35.84315870808696],[-87.055584366593,35.84348060748864],[-87.05548176730946,35.843674508043954],[-87.05518946719411,35.84399920814515],[-87.0550629664358,35.84432520818242],[-87.05475936641247,35.84451640802852],[-87.05452756693319,35.84459370820756],[-87.05437436644802,35.84522890813391],[-87.05445866704922,35.84558450844076],[-87.05460626653861,35.84584310836821],[-87.05458796695794,35.84655560820564],[-87.05412976687424,35.847637808797714],[-87.05396956671636,35.84776710843178],[-87.0536266662977,35.84785280904399],[-87.05354376617001,35.84794130857639],[-87.05353386673556,35.84809450850433],[-87.05342146683228,35.84827860855854],[-87.0538655669593,35.84940860900288],[-87.05385856638829,35.84951820892885],[-87.0537601667287,35.84974170941722],[-87.05337226700247,35.85002140943483],[-87.05334976689957,35.850161908930325],[-87.05308276693587,35.85070020902997],[-87.05275106671216,35.85093490909734],[-87.05257966635932,35.85127920960259],[-87.05252906695432,35.851676909443924],[-87.05264286643282,35.85197630977235],[-87.05250936690014,35.85268461011733],[-87.052662566487,35.85291650984248],[-87.05268646706344,35.85311330993532],[-87.05262596642737,35.853319909789136],[-87.05241656643969,35.85358691005668],[-87.0525430662997,35.854118109827766],[-87.05228446648222,35.85464660992443],[-87.05223526665242,35.85492201003275],[-87.05229146705324,35.85507941063315],[-87.05225076708265,35.85529731031764],[-87.05238426661535,35.85557701039617],[-87.05228726653097,35.85566691014285],[-87.05186986702914,35.855585410265824],[-87.05174476674436,35.8557653101132],[-87.05217766667641,35.85666471076158],[-87.05220576687681,35.85711451100894],[-87.05212286674913,35.85729861050672],[-87.05205536644037,35.8576893111499],[-87.05194856663455,35.8577160106193],[-87.05183336668253,35.85767101059211],[-87.05176446679855,35.85770761097534],[-87.05187836688836,35.85814041099076],[-87.0520216670408,35.85827391112852],[-87.05199076679166,35.858383610920676],[-87.05178696690146,35.85842991084917],[-87.05163236684108,35.858337211221574],[-87.05151996693776,35.85819951103038],[-87.05136536687738,35.85819521112631],[-87.05136816692611,35.858628111135104],[-87.05152276698652,35.85899211129156],[-87.05153676633189,35.85915651127436],[-87.0513470663984,35.85902441120573],[-87.05122196701194,35.85900481138787],[-87.05084956681765,35.85882491088322],[-87.05091416646637,35.85902441120573],[-87.05088886631471,35.859172011416796],[-87.0507764664114,35.85919031089996],[-87.05063316625895,35.85913971083469],[-87.05055586622878,35.85916781130801],[-87.05060356677035,35.859367311495596],[-87.05071606638664,35.85942221125326],[-87.05071746686018,35.85946851130315],[-87.0503393668554,35.85935191113371],[-87.05063736678123,35.859814311647646],[-87.05064296687871,35.85993651122799],[-87.05036886663102,35.86005601104832],[-87.04988686658218,35.86000961160002],[-87.04982786613263,35.86025421163676],[-87.04976596592134,35.86024991111609],[-87.04939216615183,35.85995901132975],[-87.04930926602417,35.86000681155715],[-87.04934436589726,35.86026541177278],[-87.04930356621368,35.86033851111345],[-87.04919536593432,35.860321611183224],[-87.04889186652234,35.86015581141391],[-87.04879626601317,35.86019231163658],[-87.04859106564946,35.860085511216845],[-87.04781246614829,35.860050411693756],[-87.04728406542009,35.86012771129084],[-87.0469973654022,35.86059431168086],[-87.04697066567533,35.86075591196447],[-87.04628756517371,35.861060911508304],[-87.04531786526555,35.86169891200805],[-87.0446601646286,35.86179311180168],[-87.04432706482967,35.861743911932685],[-87.04402066475761,35.86159771213589],[-87.0437086645881,35.861547112151364],[-87.04350346422436,35.86144311209324],[-87.04316756437669,35.86135181161897],[-87.04298626458942,35.86138271203044],[-87.04291406429509,35.86142041220523],[-87.04262786463883,35.86156961179594],[-87.04221466386265,35.86206291189571],[-87.04164266430043,35.86260541193022],[-87.04121266413013,35.862723512121505],[-87.04108056417265,35.86282191206883],[-87.03958376339847,35.86333481259081],[-87.03868006361253,35.863802812256196],[-87.03847626372236,35.863923712751905],[-87.03830626294473,35.86413871251674],[-87.03806316355747,35.864304612426864],[-87.03775956353417,35.864785213080296],[-87.03753186306751,35.86557221331567],[-87.03745736308605,35.8664197133874],[-87.03699786314013,35.86668111359861],[-87.03659166293497,35.86680481314626],[-87.03536196273579,35.86749201324299],[-87.03497686305833,35.86806971332854],[-87.03470836290812,35.86878501407928],[-87.03447226229525,35.869189813937105],[-87.03396916261701,35.86945401418349],[-87.03363186229582,35.86947651376729],[-87.03312586195753,35.86970271401311],[-87.03286446209133,35.86976601371424],[-87.03257916164866,35.869919214418196],[-87.03232346159291,35.870186214099846],[-87.0320465621948,35.870388614347895],[-87.03151816146658,35.87101401411132],[-87.03150826203215,35.87116861441045],[-87.03128336161424,35.871705514729484],[-87.03121456144326,35.87212711482806],[-87.03082496210455,35.873407314583694],[-87.03051766192058,35.873712215213345],[-87.03033776170851,35.874009515272306],[-87.02995306178134,35.874159414705424],[-87.02995316149435,35.87429311496861],[-87.0301752618635,35.874364115185344],[-87.03065056137865,35.87421311481211],[-87.03107246233836,35.87390221519856],[-87.03150776167053,35.87310271486748],[-87.03161436205035,35.873000514835574],[-87.03182756191168,35.87298271498317],[-87.03200976181087,35.87309821486597],[-87.03206326187592,35.87315081507763],[-87.03189866176979,35.87363571501405],[-87.03165886189458,35.87384001503902],[-87.03145896159103,35.87420421465868],[-87.03068206170241,35.87444911518696],[-87.03042846190782,35.87509701509915],[-87.03072606208333,35.87543901531766],[-87.0310058621415,35.875607815532575],[-87.03148116255497,35.87567001503205],[-87.031983062084,35.87563891492449],[-87.03248946217258,35.875461315213556],[-87.03290426284828,35.875251615438245],[-87.03338226269916,35.87475941504453],[-87.03387586269328,35.87440031478958],[-87.03416766244703,35.87435541522374],[-87.03448746268818,35.87308171437307],[-87.03488586282174,35.872700214856536],[-87.03634466306275,35.87168461431951],[-87.03661956370937,35.871589214272966],[-87.03690576336564,35.871578014281354],[-87.03780346330379,35.87130871391483],[-87.03811206334997,35.871314313929865],[-87.03880786423308,35.87108421435043],[-87.03930156394017,35.87100571414843],[-87.04014326470013,35.870685913775205],[-87.04015336445889,35.87027441353854],[-87.04020676391264,35.87010101370701],[-87.04033556435806,35.86999191394681],[-87.04053616444922,35.86996791347894],[-87.04062566449929,35.86984691373945],[-87.04072486455779,35.86913251359302],[-87.04093426454547,35.86858931353238],[-87.04106186394338,35.868086513331285],[-87.04103026390662,35.86796221302743],[-87.04111646444466,35.86758261361602],[-87.04107176427613,35.86753681332628],[-87.04083726446109,35.867500812962376],[-87.04063546422073,35.86735141342481],[-87.0406188642526,35.867150613515],[-87.04062566449929,35.866990413063974],[-87.0405209640563,35.8668758127935],[-87.04022976437716,35.86671771346133],[-87.03993306431354,35.866392713281385],[-87.03974976397815,35.86626611280708],[-87.0397192634793,35.86615271339047],[-87.03983266410583,35.866139613320335],[-87.04020576408772,35.866224713142906],[-87.04032566402532,35.86618981289395],[-87.04053616444922,35.8660087129615],[-87.04080016403987,35.865873512898915],[-87.04095616457379,35.86565431297931],[-87.04124406384256,35.865413213042444],[-87.0413094638902,35.865242012757875],[-87.04144696451915,35.86514931308895],[-87.04151786405295,35.86494641243012],[-87.0411480644814,35.86433021257123],[-87.04079466365536,35.86388951255815],[-87.04071616437427,35.86372161267417],[-87.04073366355603,35.863584112574486],[-87.04081326417166,35.86351651268793],[-87.04108846395725,35.86347911272162],[-87.04137196417608,35.86358381263545],[-87.04157266398023,35.86371471263141],[-87.04196006424314,35.86379851265604],[-87.04230566409925,35.86362311265083],[-87.042575664436,35.86313401196809],[-87.04253726415253,35.86290991222011],[-87.04260776483436,35.86197601230166],[-87.04289326470301,35.861587112081374],[-87.04291406429509,35.86142041220523]]}},{"type":"Feature","properties":{"section_id":"potkopinu_to_rocky_springs","section_name":"Potkopinu to Rocky Springs (Parkway)","region_id":"mississippi","region_name":"Mississippi","route_id":"roadwalk"},"geometry":{"type":"LineString","coordinates":[[-91.1811828,31.6935686],[-91.1810545,31.6939961],[-91.1809308,31.6944321],[-91.1808057,31.6948861],[-91.1806894,31.6953202],[-91.1806104,31.6956634],[-91.1805305,31.6960066],[-91.1804484,31.6963497],[-91.1803716,31.6966929],[-91.1802326,31.6973787],[-91.1801156,31.6980027],[-91.1800246,31.6985264],[-91.1799678,31.6988781],[-91.1798593,31.6996226],[-91.1798078,31.7000047],[-91.17976,31.7003908],[-91.179716,31.7008021],[-91.1796762,31.701216],[-91.1796217,31.7019066],[-91.1796062,31.7021599],[-91.1795653,31.7029257],[-91.179545,31.70342],[-91.1795238,31.7039365],[-91.1794792,31.7050388],[-91.1794529,31.7056188],[-91.1794303,31.706014],[-91.1793883,31.7066188],[-91.1793414,31.7072236],[-91.1792885,31.7077937],[-91.1792563,31.7081263],[-91.1792227,31.7084506],[-91.1791079,31.7094419],[-91.1790381,31.7099825],[-91.1789417,31.7106269],[-91.1788833,31.7110151],[-91.1788256,31.7113676],[-91.1787832,31.7116222],[-91.1786758,31.7122384],[-91.1786187,31.7125628],[-91.1785677,31.7128313],[-91.1785035,31.713158],[-91.1784154,31.7135919],[-91.1783225,31.7140274],[-91.1782027,31.7145735],[-91.1781295,31.7148972],[-91.1780569,31.7152219],[-91.1779287,31.7157561],[-91.1777718,31.7163857],[-91.1775706,31.717142],[-91.1774168,31.7176784],[-91.1772861,31.7181246],[-91.1770005,31.7190696],[-91.1768587,31.7195199],[-91.1766759,31.7201071],[-91.1764167,31.7209427],[-91.1761691,31.7217338],[-91.1759371,31.7225099],[-91.1758012,31.7230233],[-91.1756806,31.7235121],[-91.175594,31.7238957],[-91.1754975,31.7243495],[-91.1754205,31.7247439],[-91.1753636,31.7250777],[-91.1753312,31.7252659],[-91.1752744,31.7256353],[-91.1752361,31.7259139],[-91.1752009,31.7261918],[-91.1751628,31.7265217],[-91.1751184,31.7270077],[-91.1751184,31.7270077],[-91.1751043,31.7271629],[-91.1750754,31.7275979],[-91.175052,31.728033],[-91.1750388,31.7284725],[-91.1750331,31.7289151],[-91.1750343,31.7292545],[-91.1750404,31.7295882],[-91.1750506,31.7300124],[-91.1750704,31.7304366],[-91.1750948,31.7308021],[-91.1751332,31.7312846],[-91.1751572,31.7315359],[-91.1751827,31.7317871],[-91.17522,31.7321144],[-91.1752661,31.7324492],[-91.1752927,31.7326457],[-91.1753553,31.7330812],[-91.1754127,31.7334186],[-91.1754684,31.73374],[-91.1755309,31.7340798],[-91.1755976,31.7344034],[-91.1756461,31.7346232],[-91.1757159,31.7349388],[-91.1759658,31.7359433],[-91.1760993,31.7364391],[-91.1762143,31.7368623],[-91.1763729,31.7374398],[-91.1765383,31.7380533],[-91.1768095,31.7391631],[-91.1770384,31.7401959],[-91.1772421,31.7412307],[-91.1773968,31.7420594],[-91.1774691,31.7425022],[-91.1774941,31.7426899],[-91.177508,31.7428431],[-91.1775204,31.7430605],[-91.177524,31.7432463],[-91.177521,31.743396],[-91.1775125,31.743529],[-91.1774955,31.7436896],[-91.1774815,31.743806],[-91.1774605,31.7439388],[-91.1774324,31.7440885],[-91.1773995,31.7442377],[-91.1773613,31.7443822],[-91.1773049,31.7445697],[-91.1772553,31.7447172],[-91.1772046,31.7448589],[-91.1771419,31.745007],[-91.177085,31.7451328],[-91.1770192,31.7452669],[-91.17695,31.7453997],[-91.1768775,31.7455305],[-91.1768008,31.7456646],[-91.1765319,31.7461349],[-91.1762963,31.7465701],[-91.1762025,31.7467596],[-91.1760889,31.7470007],[-91.1758617,31.747535],[-91.1757062,31.7479821],[-91.1756347,31.7482109],[-91.1755704,31.7484398],[-91.1755022,31.748714],[-91.1754361,31.7490063],[-91.1753995,31.7492027],[-91.1753638,31.7494173],[-91.1753368,31.7496089],[-91.1753122,31.7498012],[-91.1752945,31.7499893],[-91.1752701,31.7503866],[-91.1752616,31.7506687],[-91.1752611,31.7508789],[-91.1752665,31.7510717],[-91.1752797,31.7512537],[-91.1752945,31.7514087],[-91.1753128,31.7515808],[-91.1753369,31.7517678],[-91.1753665,31.75195],[-91.1754046,31.7521375],[-91.1754441,31.7523121],[-91.1754912,31.7525008],[-91.175532,31.7526442],[-91.1755912,31.7528424],[-91.1756662,31.7530763],[-91.1758392,31.7535953],[-91.1759256,31.7538652],[-91.1759616,31.7539988],[-91.1759942,31.7541313],[-91.1760179,31.7542425],[-91.1760405,31.7543813],[-91.1760536,31.7544982],[-91.1760625,31.7546196],[-91.176066,31.7547391],[-91.1760636,31.7548918],[-91.1760593,31.755],[-91.17605,31.7551276],[-91.1760381,31.7552428],[-91.1760226,31.7553585],[-91.1759999,31.7554838],[-91.1759741,31.7555942],[-91.1759421,31.7557135],[-91.1759014,31.755842],[-91.1758542,31.7559695],[-91.1758053,31.7560889],[-91.1757571,31.756199],[-91.1756931,31.7563259],[-91.1756368,31.7564306],[-91.1755649,31.7565523],[-91.1754815,31.7566842],[-91.1754053,31.7567899],[-91.1753049,31.7569222],[-91.1752192,31.7570271],[-91.1751246,31.7571346],[-91.1750347,31.7572296],[-91.1749379,31.7573245],[-91.174839,31.7574182],[-91.174746,31.757495],[-91.1746002,31.7576081],[-91.1744403,31.7577228],[-91.1743232,31.7578001],[-91.1742048,31.7578738],[-91.1740853,31.757942],[-91.1739709,31.7580046],[-91.1738417,31.7580701],[-91.1736853,31.7581417],[-91.1735283,31.7582066],[-91.1733729,31.7582644],[-91.1732237,31.7583138],[-91.1730782,31.7583606],[-91.1729353,31.7584014],[-91.1727624,31.7584412],[-91.1725955,31.7584754],[-91.1724215,31.7585083],[-91.1719366,31.758587],[-91.1712501,31.7586912],[-91.1710292,31.7587259],[-91.1708402,31.7587621],[-91.1706676,31.7588001],[-91.1705221,31.7588371],[-91.1703584,31.7588839],[-91.1702069,31.7589317],[-91.1700512,31.7589852],[-91.1698962,31.759046],[-91.1697563,31.759105],[-91.1696122,31.7591716],[-91.1694711,31.7592421],[-91.1693414,31.7593135],[-91.1691965,31.7594035],[-91.1690802,31.759477],[-91.1689345,31.7595796],[-91.1688244,31.7596631],[-91.1687005,31.7597649],[-91.1685999,31.7598548],[-91.1684874,31.7599619],[-91.1683856,31.7600635],[-91.1682536,31.7602099],[-91.1681096,31.7603801],[-91.1681096,31.7603801],[-91.1680426,31.7604703],[-91.1679775,31.7605612],[-91.1679146,31.7606549],[-91.1678546,31.7607509],[-91.1677955,31.7608563],[-91.167741,31.7609648],[-91.1676911,31.7610752],[-91.1676448,31.7611872],[-91.1676448,31.7611872],[-91.167114,31.7625162],[-91.1665714,31.7638718],[-91.1660398,31.7651925],[-91.1655095,31.7665144],[-91.1652656,31.7671194],[-91.1650599,31.7676374],[-91.1648568,31.7681447],[-91.1647545,31.7683798],[-91.1646707,31.7685557],[-91.1645934,31.7687087],[-91.1645139,31.768858],[-91.1644426,31.7689793],[-91.1643749,31.7690876],[-91.1642571,31.7692664],[-91.1641531,31.7694162],[-91.1640587,31.769548],[-91.1639517,31.76969],[-91.163691,31.7700049],[-91.163473,31.770246],[-91.1633366,31.7703873],[-91.1632002,31.7705239],[-91.1630553,31.7706638],[-91.162891,31.7708114],[-91.1626963,31.7709835],[-91.1624444,31.7711975],[-91.161778,31.7717603],[-91.1611961,31.7722336],[-91.1605524,31.7727476],[-91.1597493,31.7733684],[-91.1589559,31.7739552],[-91.1577324,31.774824],[-91.1572967,31.775124],[-91.1566151,31.7755798],[-91.1559246,31.776033],[-91.1552195,31.7764799],[-91.1545123,31.7769148],[-91.1537934,31.7773409],[-91.153085,31.7777497],[-91.1527193,31.7779535],[-91.1525333,31.7780542],[-91.1523937,31.7781255],[-91.1521857,31.7782303],[-91.1519442,31.7783469],[-91.1517199,31.7784486],[-91.151489,31.7785477],[-91.1512551,31.7786443],[-91.1509824,31.778749],[-91.1506902,31.7788532],[-91.150442,31.7789391],[-91.150214,31.779011],[-91.1499654,31.7790841],[-91.1497195,31.7791497],[-91.1494821,31.7792083],[-91.1492198,31.7792664],[-91.1489624,31.7793157],[-91.1486944,31.7793631],[-91.148413,31.7794059],[-91.1481606,31.7794399],[-91.1478933,31.7794703],[-91.1476348,31.7794933],[-91.1473606,31.7795111],[-91.1471308,31.7795214],[-91.1468961,31.7795287],[-91.1466466,31.7795282],[-91.146407,31.7795261],[-91.1461751,31.7795184],[-91.145924,31.7795048],[-91.1456652,31.7794871],[-91.1454119,31.7794647],[-91.1450584,31.7794218],[-91.1448199,31.7793862],[-91.1445236,31.7793374],[-91.1441682,31.7792743],[-91.143557,31.779152],[-91.1430458,31.7790473],[-91.1428575,31.779014],[-91.1426553,31.7789804],[-91.1424531,31.7789539],[-91.1422739,31.7789361],[-91.1420747,31.7789183],[-91.1418922,31.7789089],[-91.1416917,31.778904],[-91.1415119,31.7789064],[-91.1413317,31.7789123],[-91.1411524,31.7789225],[-91.1409804,31.7789367],[-91.140794,31.7789571],[-91.1406022,31.7789852],[-91.1403921,31.7790222],[-91.140174,31.779068],[-91.1399281,31.7791291],[-91.1397426,31.7791827],[-91.1395898,31.7792309],[-91.1394173,31.7792935],[-91.1392097,31.7793726],[-91.1389653,31.7794751],[-91.1387473,31.779578],[-91.1385254,31.7796959],[-91.138396,31.7797675],[-91.1382089,31.7798796],[-91.1379975,31.7800134],[-91.1377867,31.7801527],[-91.1368771,31.7807618],[-91.1366363,31.7809218],[-91.1364475,31.7810417],[-91.1361906,31.781197],[-91.1359835,31.7813162],[-91.1358068,31.7814177],[-91.1355863,31.7815347],[-91.13536,31.7816493],[-91.1351384,31.7817542],[-91.1349117,31.7818564],[-91.1346811,31.7819534],[-91.1344422,31.7820479],[-91.134204,31.7821339],[-91.1338659,31.7822497],[-91.1335975,31.7823327],[-91.1332653,31.7824237],[-91.1329692,31.7824999],[-91.132696,31.7825625],[-91.1323929,31.7826265],[-91.1321008,31.7826806],[-91.1317183,31.7827447],[-91.1313197,31.7828045],[-91.1309971,31.7828441],[-91.1306579,31.7828782],[-91.1298225,31.7829475],[-91.1290351,31.7830113],[-91.1285089,31.783064],[-91.1281188,31.7831056],[-91.1277425,31.7831534],[-91.1273712,31.7832054],[-91.1268398,31.7832912],[-91.1264284,31.7833628],[-91.1258608,31.7834713],[-91.1254553,31.7835574],[-91.1251061,31.7836366],[-91.1244871,31.7837884],[-91.1239828,31.7839247],[-91.1236209,31.7840267],[-91.1232595,31.7841374],[-91.1228421,31.7842687],[-91.1224262,31.784407],[-91.1218294,31.7846195],[-91.1212695,31.7848271],[-91.1207338,31.7850361],[-91.1202296,31.7852356],[-91.1194301,31.7855731],[-91.1188187,31.7858461],[-91.1180448,31.7862096],[-91.1174793,31.786489],[-91.1167146,31.7868857],[-91.1160359,31.7872547],[-91.1151644,31.787756],[-91.1143417,31.788258],[-91.1139241,31.7885261],[-91.1134464,31.788843],[-91.1129171,31.7892016],[-91.1126269,31.7894064],[-91.1122453,31.7896809],[-91.111645,31.7901291],[-91.1112626,31.7904258],[-91.1106191,31.7909399],[-91.1101345,31.7913354],[-91.1096774,31.7917223],[-91.1093142,31.7920449],[-91.1088635,31.7924479],[-91.1082911,31.7929885],[-91.1077724,31.7935115],[-91.1074545,31.7938395],[-91.1070401,31.7942686],[-91.106627,31.7947168],[-91.1062323,31.7951601],[-91.1057715,31.7956919],[-91.105471,31.7960555],[-91.104961,31.7966891],[-91.1045419,31.7972446],[-91.1039156,31.7980903],[-91.103568,31.7985467],[-91.1033437,31.7988265],[-91.1031196,31.7990878],[-91.102957,31.7992642],[-91.1027275,31.7995033],[-91.1025927,31.7996376],[-91.1024243,31.7997961],[-91.1022599,31.7999478],[-91.1019916,31.8001827],[-91.101783,31.8003578],[-91.1015857,31.8005141],[-91.1013739,31.8006725],[-91.1011326,31.8008469],[-91.1009481,31.8009732],[-91.1007712,31.801089],[-91.1006076,31.8011939],[-91.1004364,31.8012988],[-91.1002652,31.8014],[-91.1000727,31.8015113],[-91.0998592,31.8016271],[-91.0996303,31.8017477],[-91.0994618,31.8018327],[-91.0993311,31.801895],[-91.0991232,31.8019923],[-91.0988554,31.8021105],[-91.0985309,31.8022515],[-91.0980562,31.802457],[-91.0975047,31.8027001],[-91.0971437,31.8028688],[-91.0968263,31.8030236],[-91.0963395,31.8032685],[-91.0959534,31.8034722],[-91.0954109,31.8037721],[-91.0950607,31.8039784],[-91.0944252,31.8043635],[-91.0941351,31.8045493],[-91.0938514,31.8047358],[-91.093567,31.8049261],[-91.0930735,31.8052645],[-91.0925806,31.8056154],[-91.0921575,31.8059231],[-91.0916834,31.8062798],[-91.0909288,31.8068751],[-91.0902577,31.8074408],[-91.0900106,31.8076558],[-91.0897367,31.8078847],[-91.0895515,31.808033],[-91.0893752,31.8081701],[-91.0891605,31.8083302],[-91.0889567,31.8084717],[-91.0888041,31.8085732],[-91.088652,31.8086725],[-91.0885002,31.8087675],[-91.0882842,31.8088987],[-91.0876619,31.8092328],[-91.0874387,31.8093413],[-91.0872377,31.809433],[-91.0870148,31.8095281],[-91.0867362,31.8096436],[-91.0863324,31.8098017],[-91.0858689,31.8099835],[-91.0856494,31.8100739],[-91.0854486,31.8101608],[-91.0852381,31.8102556],[-91.0850255,31.8103568],[-91.0848396,31.8104533],[-91.0846047,31.8105842],[-91.0844217,31.8106911],[-91.0842167,31.8108162],[-91.0840096,31.8109494],[-91.0838108,31.811083],[-91.0835928,31.8112348],[-91.083412,31.8113662],[-91.0831282,31.8115789],[-91.0828493,31.8117981],[-91.0826586,31.8119528],[-91.0824722,31.8121074],[-91.0822699,31.8122807],[-91.082005,31.8125168],[-91.0817424,31.812762],[-91.0815106,31.8129841],[-91.0811811,31.8133258],[-91.0808094,31.8137275],[-91.0804425,31.814141],[-91.0801353,31.8144996],[-91.0797937,31.8149134],[-91.0794917,31.8152919],[-91.0791881,31.8156855],[-91.0788853,31.8160887],[-91.0785538,31.8165522],[-91.0782883,31.8169332],[-91.0779088,31.8174931],[-91.077582,31.8179875],[-91.0772607,31.8184841],[-91.0768947,31.8190658],[-91.0765171,31.8196797],[-91.0762377,31.8201431],[-91.075886,31.8207392],[-91.0755592,31.8213152],[-91.0753294,31.821736],[-91.0750749,31.8222205],[-91.0747704,31.8228296],[-91.0744801,31.8234491],[-91.0743363,31.8237737],[-91.0742152,31.8240681],[-91.0741268,31.8243001],[-91.0740197,31.8245962],[-91.0739447,31.8248103],[-91.0738364,31.8251444],[-91.073738,31.8254671],[-91.0736217,31.8258994],[-91.073501,31.8264215],[-91.0734397,31.8267466],[-91.0733813,31.8270759],[-91.0733138,31.827532],[-91.0732323,31.8280794],[-91.0731946,31.8283006],[-91.0731602,31.8284762],[-91.0731312,31.8286086],[-91.0731017,31.8287368],[-91.0730536,31.8289302],[-91.0729945,31.8291504],[-91.0729341,31.8293604],[-91.0728605,31.8295941],[-91.0727911,31.8297968],[-91.0727318,31.8299553],[-91.0726528,31.8301501],[-91.072581,31.8303217],[-91.0725123,31.8304776],[-91.0724494,31.8306129],[-91.0723582,31.8307971],[-91.0722628,31.8309834],[-91.0722026,31.8310923],[-91.0721327,31.8312119],[-91.0720436,31.8313589],[-91.0719459,31.8315104],[-91.0718551,31.831645],[-91.0717524,31.8317925],[-91.0716758,31.8318952],[-91.0715984,31.8319955],[-91.0715201,31.8320927],[-91.0714055,31.8322271],[-91.0712446,31.8324106],[-91.0711561,31.8325078],[-91.0710455,31.8326246],[-91.070905,31.8327673],[-91.0707623,31.8329072],[-91.0705608,31.8331072],[-91.0698916,31.8337798],[-91.0693269,31.8343782],[-91.068861,31.8348928],[-91.0686211,31.8351662],[-91.0683941,31.8354319],[-91.0680868,31.8358039],[-91.0677113,31.8362661],[-91.067435,31.8366204],[-91.0670644,31.8371085],[-91.0666184,31.837716],[-91.0663962,31.8380208],[-91.0662532,31.8382042],[-91.0661031,31.8383863],[-91.0659912,31.8385177],[-91.0658695,31.8386582],[-91.065722,31.8388233],[-91.0655844,31.8389685],[-91.0654296,31.8391324],[-91.0652886,31.8392698],[-91.0649782,31.8395518],[-91.0647852,31.839721],[-91.0645807,31.8398919],[-91.0644073,31.840028],[-91.0641722,31.8402076],[-91.0639691,31.8403574],[-91.0638086,31.8404706],[-91.0635162,31.8406638],[-91.0632506,31.8408322],[-91.0630359,31.8409595],[-91.0628556,31.8410659],[-91.0626115,31.8411995],[-91.062401,31.8413102],[-91.0622253,31.8413975],[-91.0620833,31.8414653],[-91.0618722,31.8415636],[-91.0616389,31.8416662],[-91.0613848,31.841776],[-91.0610774,31.8419011],[-91.0607623,31.8420255],[-91.0604234,31.8421576],[-91.0598713,31.8423684],[-91.0594743,31.842527],[-91.0593787,31.8425671],[-91.0591572,31.842665],[-91.0589835,31.8427462],[-91.0588074,31.8428314],[-91.0585669,31.8429531],[-91.0583357,31.8430837],[-91.0581057,31.8432192],[-91.0578844,31.8433555],[-91.0577598,31.8434355],[-91.0576752,31.8434934],[-91.057039,31.8439676],[-91.0569254,31.8440627],[-91.0567929,31.8441788],[-91.0566599,31.8442977],[-91.0565346,31.8444161],[-91.0564156,31.8445324],[-91.0562826,31.8446659],[-91.056174,31.8447804],[-91.0560125,31.8449573],[-91.0558727,31.8451207],[-91.0557423,31.8452811],[-91.0555268,31.8455536],[-91.0553385,31.8458099],[-91.0551184,31.8461139],[-91.0547529,31.8466229],[-91.0544424,31.8470451],[-91.0543346,31.8471891],[-91.0542389,31.84731],[-91.0541487,31.8474199],[-91.0540615,31.8475228],[-91.0539563,31.8476401],[-91.0538506,31.8477517],[-91.0537624,31.8478399],[-91.053665,31.847936],[-91.0535707,31.8480214],[-91.0534502,31.8481265],[-91.0533296,31.8482276],[-91.0532115,31.8483208],[-91.0530957,31.8484077],[-91.052969,31.8484993],[-91.05285,31.848581],[-91.0527374,31.8486555],[-91.0526403,31.8487135],[-91.0525299,31.848779],[-91.0524034,31.8488509],[-91.0522708,31.8489232],[-91.0520793,31.8490192],[-91.0519205,31.8490961],[-91.0517415,31.8491767],[-91.0515538,31.8492566],[-91.0512614,31.8493759],[-91.0510223,31.8494705],[-91.0506882,31.8496041],[-91.0499286,31.8499008],[-91.0494212,31.8500976],[-91.048906,31.8503016],[-91.0486661,31.8504015],[-91.048492,31.8504762],[-91.0482776,31.8505735],[-91.0480929,31.8506617],[-91.0479158,31.8507524],[-91.0477518,31.850841],[-91.0475966,31.8509296],[-91.0474433,31.8510216],[-91.0473012,31.8511129],[-91.0471672,31.8512018],[-91.0469872,31.8513276],[-91.0468373,31.8514364],[-91.0466711,31.851559],[-91.0465552,31.8516508],[-91.0464575,31.8517323],[-91.0463168,31.8518531],[-91.0461528,31.8520019],[-91.0459771,31.8521696],[-91.0458386,31.8523126],[-91.0457062,31.8524571],[-91.0455779,31.8526007],[-91.0454612,31.8527396],[-91.0453462,31.8528848],[-91.0452356,31.853032],[-91.0451287,31.8531817],[-91.0450316,31.8533258],[-91.044937,31.8534748],[-91.0448492,31.8536199],[-91.0447649,31.8537685],[-91.0446912,31.8539076],[-91.044622,31.8540424],[-91.0445599,31.8541722],[-91.0444785,31.8543479],[-91.0444182,31.8544882],[-91.0443606,31.8546399],[-91.0442981,31.8548156],[-91.0442423,31.8549806],[-91.0441833,31.8551778],[-91.0441296,31.8553841],[-91.0440815,31.8555979],[-91.0440414,31.8558063],[-91.0440033,31.8560278],[-91.0439601,31.8563035],[-91.0439261,31.8565422],[-91.0438677,31.8570028],[-91.0437864,31.8575836],[-91.0437021,31.8582083],[-91.0436611,31.8585052],[-91.0436257,31.8587215],[-91.0436021,31.8588582],[-91.0435749,31.8589856],[-91.0435424,31.8591241],[-91.0435122,31.8592487],[-91.0434805,31.8593649],[-91.0434454,31.859484],[-91.043411,31.8595957],[-91.0433776,31.8596957],[-91.0433392,31.8598088],[-91.0432966,31.8599278],[-91.0432531,31.8600454],[-91.0432009,31.8601746],[-91.0431472,31.8602984],[-91.0430909,31.8604235],[-91.0430334,31.8605467],[-91.0429681,31.8606812],[-91.0429075,31.8607985],[-91.0428417,31.8609218],[-91.0427794,31.8610319],[-91.0427123,31.8611461],[-91.0426401,31.8612634],[-91.0425557,31.8613964],[-91.0424558,31.8615462],[-91.0423718,31.8616705],[-91.0421759,31.8619608],[-91.0419132,31.8623405],[-91.0415822,31.8628212],[-91.0412962,31.8632409],[-91.041158,31.8634602],[-91.0410352,31.8636646],[-91.0409202,31.8638646],[-91.04079,31.864108],[-91.0406723,31.8643452],[-91.0405693,31.8645735],[-91.0404764,31.8647965],[-91.0403998,31.8649896],[-91.0403531,31.8651284],[-91.0402882,31.8653274],[-91.0402281,31.8655245],[-91.0401797,31.865702],[-91.0401246,31.8659217],[-91.0400829,31.8661027],[-91.040045,31.8662989],[-91.039875,31.8672309],[-91.0397981,31.8676344],[-91.0397161,31.8680362],[-91.039659,31.8682893],[-91.0396181,31.8684535],[-91.039539,31.8687623],[-91.0394867,31.8689514],[-91.0394307,31.869136],[-91.0393826,31.8692951],[-91.0393298,31.8694662],[-91.0392695,31.8696482],[-91.0392033,31.8698393],[-91.0391564,31.8699673],[-91.0390044,31.8703643],[-91.0388738,31.8706955],[-91.0387413,31.8710116],[-91.0383001,31.8720251],[-91.0380716,31.8725473],[-91.0378886,31.8729537],[-91.0376486,31.8734878],[-91.0374953,31.873824],[-91.0374234,31.8739834],[-91.0370163,31.874847],[-91.0366791,31.8755601],[-91.0363846,31.8761784],[-91.0360438,31.8768706],[-91.0357893,31.877382],[-91.0355282,31.8779017],[-91.0352265,31.8784965],[-91.0348558,31.8792141],[-91.034433,31.8800156],[-91.0341632,31.8805217],[-91.0338892,31.8810266],[-91.0335629,31.881616],[-91.0332312,31.8822183],[-91.0330889,31.8824676],[-91.032943,31.8827162],[-91.0327366,31.8830588],[-91.0325254,31.8833963],[-91.0322714,31.8837916],[-91.0320932,31.8840651],[-91.0319566,31.8842675],[-91.0316936,31.8846505],[-91.031497,31.8849272],[-91.0313577,31.8851201],[-91.0311495,31.8854039],[-91.0308873,31.8857544],[-91.0306447,31.886068],[-91.0305,31.8862484],[-91.0303488,31.8864363],[-91.0301839,31.8866359],[-91.0300434,31.8867977],[-91.029901,31.8869586],[-91.029706,31.8871721],[-91.0295067,31.8873855],[-91.029305,31.8875966],[-91.0291033,31.8878032],[-91.0289032,31.8880042],[-91.028733,31.8881666],[-91.0285701,31.888315],[-91.0283282,31.8885314],[-91.0281063,31.8887232],[-91.0279692,31.8888404],[-91.0277939,31.8889885],[-91.027656,31.8891017],[-91.0274688,31.8892523],[-91.0272605,31.8894181],[-91.027019,31.8896027],[-91.0267612,31.8897857],[-91.0264957,31.8899728],[-91.0260504,31.8902737],[-91.0256669,31.8905218],[-91.0252047,31.8908072],[-91.0246172,31.8911725],[-91.0238823,31.8916432],[-91.0237097,31.8917589],[-91.023552,31.8918683],[-91.0233057,31.8920533],[-91.0231491,31.8921755],[-91.0229647,31.8923262],[-91.022815,31.8924579],[-91.0226361,31.8926206],[-91.0224795,31.8927727],[-91.0223495,31.8929057],[-91.0222112,31.8930552],[-91.0220706,31.8932095],[-91.021898,31.893413],[-91.0217795,31.8935634],[-91.0216448,31.8937411],[-91.0214545,31.8940235],[-91.0213009,31.8942648],[-91.0211593,31.8944984],[-91.0210085,31.8947561],[-91.0206374,31.89542],[-91.0203128,31.8959969],[-91.0199562,31.8966296],[-91.0196133,31.897225],[-91.0193755,31.8976163],[-91.0192579,31.8978011],[-91.0191609,31.8979472],[-91.0190975,31.8980427],[-91.0190202,31.8981529],[-91.0189304,31.8982729],[-91.0188462,31.8983833],[-91.018744,31.8985091],[-91.0186102,31.8986737],[-91.0184379,31.89888],[-91.0183225,31.8990088],[-91.0181758,31.8991702],[-91.018022,31.8993298],[-91.0178709,31.8994797],[-91.0177111,31.8996357],[-91.0175484,31.8997849],[-91.0174117,31.8999077],[-91.0173083,31.8999983],[-91.0171633,31.9001192],[-91.0169931,31.9002591],[-91.0168133,31.9004021],[-91.0166109,31.9005581],[-91.0161799,31.9008868],[-91.0158435,31.9011285],[-91.0154931,31.9013702],[-91.014557,31.9020399],[-91.0139805,31.9024515],[-91.0134494,31.902836],[-91.0127938,31.9033363],[-91.0123711,31.9036792],[-91.0120327,31.9039679],[-91.0117808,31.9041947],[-91.0115418,31.9044166],[-91.0113075,31.904643],[-91.0111023,31.9048486],[-91.0107748,31.905193],[-91.010519,31.9054779],[-91.010396,31.9056139],[-91.0101511,31.905901],[-91.0098444,31.9062798],[-91.0095391,31.9066752],[-91.0090927,31.907291],[-91.008759,31.9077595],[-91.0084262,31.9082279],[-91.0077127,31.9092816],[-91.0072198,31.9100322],[-91.0068291,31.9106308],[-91.0064244,31.9112813],[-91.0060431,31.9119057],[-91.0056335,31.9125901],[-91.0053314,31.9131042],[-91.0050093,31.9136719],[-91.0048029,31.9140389],[-91.0045656,31.914472],[-91.0042024,31.9151168],[-91.0038787,31.9157367],[-91.0035704,31.9163664],[-91.0033114,31.916896],[-91.0031257,31.917306],[-91.0029876,31.9176283],[-91.0029028,31.9178382],[-91.0028008,31.9181075],[-91.0026825,31.9184365],[-91.0026037,31.918678],[-91.0024859,31.9190798],[-91.0023685,31.9195102],[-91.0022834,31.919852],[-91.0020985,31.9207153],[-91.0019174,31.9215863],[-91.0017762,31.9222403],[-91.0016105,31.9230029],[-91.00151,31.9234302],[-91.0014095,31.9238459],[-91.0012847,31.9242941],[-91.001192,31.9245931],[-91.0011047,31.9248434],[-91.0009987,31.9251235],[-91.0009112,31.9253284],[-91.0007932,31.9255682],[-91.000706,31.9257498],[-91.0006161,31.9259203],[-91.0005386,31.9260526],[-91.0004526,31.9261896],[-91.0003623,31.9263308],[-91.0002661,31.9264727],[-91.0001436,31.9266425],[-91.0000367,31.9267841],[-90.9999291,31.9269204],[-90.9998132,31.9270583],[-90.9996979,31.9271859],[-90.9995763,31.9273174],[-90.9994557,31.9274408],[-90.9993476,31.9275478],[-90.9992279,31.9276586],[-90.9991051,31.9277669],[-90.9989718,31.927883],[-90.9988394,31.9279906],[-90.9987001,31.9280991],[-90.9985418,31.9282188],[-90.9984055,31.9283203],[-90.9982142,31.92845],[-90.9980165,31.9285772],[-90.9978749,31.928665],[-90.9977274,31.9287524],[-90.9975625,31.9288436],[-90.9974084,31.9289264],[-90.9973043,31.9289803],[-90.9972117,31.9290247],[-90.9970933,31.9290803],[-90.9969647,31.9291385],[-90.9968403,31.9291929],[-90.9967239,31.9292411],[-90.9965959,31.9292923],[-90.9964745,31.9293389],[-90.9963576,31.9293815],[-90.9962328,31.9294254],[-90.9960913,31.9294733],[-90.9959379,31.9295237],[-90.9957988,31.9295665],[-90.995662,31.9296069],[-90.9955044,31.9296514],[-90.995348,31.9296949],[-90.9951949,31.9297365],[-90.9949395,31.9298066],[-90.9941603,31.9300184],[-90.9935459,31.9301808],[-90.9929436,31.9303398],[-90.9923387,31.9305074],[-90.991425,31.9307744],[-90.9897763,31.9312709],[-90.9890447,31.931504],[-90.9885433,31.931666],[-90.9870738,31.9321642],[-90.9858254,31.9326085],[-90.9846885,31.9330265],[-90.9840354,31.9332758],[-90.9833856,31.9335264],[-90.9830626,31.9336574],[-90.9823971,31.9339258],[-90.9820763,31.9340588],[-90.9817351,31.9341993],[-90.9812861,31.9343862],[-90.980138,31.9348758],[-90.9792834,31.935258],[-90.9786878,31.9355285],[-90.97808,31.9358161],[-90.977738,31.9359821],[-90.9774988,31.9361008],[-90.9771621,31.9362754],[-90.9768219,31.9364552],[-90.9765423,31.9366075],[-90.9762869,31.9367531],[-90.9760766,31.9368752],[-90.9758465,31.9370153],[-90.9756426,31.9371442],[-90.9754258,31.9372888],[-90.975208,31.937445],[-90.975021,31.9375882],[-90.9747791,31.9377766],[-90.9745939,31.9379314],[-90.9743014,31.9381867],[-90.9741146,31.9383636],[-90.9739138,31.9385625],[-90.9737463,31.9387381],[-90.9735794,31.9389237],[-90.9734083,31.9391228],[-90.9732052,31.9393567],[-90.9724104,31.9402799],[-90.9721824,31.9405432],[-90.9717861,31.9409949],[-90.9715637,31.9412442],[-90.9713525,31.9414711],[-90.971116,31.9417197],[-90.9708761,31.941969],[-90.970674,31.9421716],[-90.9704673,31.9423736],[-90.9702598,31.9425743],[-90.9698564,31.9429528],[-90.9695873,31.9431966],[-90.969296,31.943465],[-90.9689988,31.9437329],[-90.9686475,31.9440572],[-90.9682989,31.9443883],[-90.9679306,31.9447506],[-90.9675838,31.9451048],[-90.9672683,31.9454424],[-90.9668607,31.9458937],[-90.9665692,31.9462293],[-90.9663793,31.9464534],[-90.9661058,31.9467918],[-90.9658904,31.9470675],[-90.9656841,31.9473369],[-90.9653338,31.9478075],[-90.9650703,31.9481846],[-90.9647464,31.9486655],[-90.9643422,31.9492881],[-90.9643422,31.9492881],[-90.9639674,31.9499218],[-90.9637891,31.950248],[-90.963617,31.9505782],[-90.963617,31.9505782],[-90.9633722,31.9510942],[-90.9631635,31.9515357],[-90.9629793,31.95195],[-90.9628313,31.9522925],[-90.9626717,31.9526752],[-90.9625579,31.952968],[-90.9625579,31.952968],[-90.9624347,31.9533094],[-90.9623162,31.9536458],[-90.9622169,31.9539414],[-90.9621441,31.954166],[-90.9620796,31.9543799],[-90.9620796,31.9543799],[-90.9619813,31.9547162],[-90.9615739,31.9563304],[-90.9612612,31.9576204],[-90.9610051,31.9585926],[-90.9608161,31.9592387],[-90.9606442,31.9597687],[-90.9604595,31.960295],[-90.9603055,31.9607154],[-90.9601761,31.9610348],[-90.9600471,31.961346],[-90.9598389,31.9618143],[-90.9596232,31.9622778],[-90.9590353,31.9634779],[-90.9587415,31.9640152],[-90.9585194,31.9643881],[-90.9581307,31.9650153],[-90.9576471,31.9658276],[-90.9571653,31.9666344],[-90.9570866,31.9667503],[-90.956928,31.9669932],[-90.9567693,31.9672376],[-90.9566564,31.9674117],[-90.956491,31.9676535],[-90.9561687,31.9681226],[-90.9559824,31.9683836],[-90.9557084,31.9687702],[-90.955417,31.9691759],[-90.9549687,31.9697795],[-90.9543545,31.9705863],[-90.9539766,31.9710662],[-90.9536945,31.97141],[-90.953406,31.971749],[-90.9532735,31.9718993],[-90.9531375,31.972049],[-90.9529621,31.9722345],[-90.9528136,31.9723847],[-90.9526441,31.9725554],[-90.952483,31.9727096],[-90.9523118,31.972868],[-90.9521495,31.973014],[-90.9519202,31.9732143],[-90.9517369,31.9733654],[-90.9515462,31.9735205],[-90.9513769,31.9736535],[-90.9511664,31.9738113],[-90.9508902,31.974017],[-90.9506888,31.9741645],[-90.9503808,31.9743853],[-90.9499986,31.974665],[-90.9494031,31.9750947],[-90.9490191,31.9753754],[-90.948625,31.975668],[-90.9482412,31.9759682],[-90.9479586,31.9762042],[-90.9477471,31.9763936],[-90.9475734,31.976556],[-90.9473745,31.9767528],[-90.9472287,31.976909],[-90.9470692,31.9770798],[-90.9468903,31.9772844],[-90.9468067,31.9773843],[-90.9466534,31.9775719],[-90.9465063,31.9777623],[-90.9463334,31.9779973],[-90.9461786,31.9782207],[-90.9460478,31.9784184],[-90.9459039,31.9786511],[-90.945768,31.9788867],[-90.9456378,31.979126],[-90.9455431,31.9793142],[-90.945455,31.9794943],[-90.9453238,31.9797772],[-90.945012,31.9804658],[-90.9448106,31.9809171],[-90.9445579,31.9814769],[-90.9442781,31.982102],[-90.9440545,31.9825995],[-90.9438324,31.9830899],[-90.943599,31.9835944],[-90.943459,31.9838702],[-90.9433576,31.9840635],[-90.9432491,31.9842504],[-90.9431301,31.9844404],[-90.9430041,31.9846375],[-90.9429031,31.9847859],[-90.9428063,31.9849218],[-90.9426877,31.9850783],[-90.9425814,31.9852118],[-90.9424772,31.9853388],[-90.9423794,31.9854537],[-90.9422547,31.9855946],[-90.9421021,31.9857624],[-90.9419542,31.9859189],[-90.941829,31.9860434],[-90.9416922,31.9861688],[-90.9414806,31.9863588],[-90.941284,31.986524],[-90.9411244,31.9866522],[-90.9409217,31.9868077],[-90.9407349,31.9869447],[-90.940528,31.9870902],[-90.9403285,31.9872208],[-90.9401213,31.9873515],[-90.9399168,31.9874746],[-90.9397313,31.9875812],[-90.9395113,31.9876986],[-90.9392198,31.9878469],[-90.9389262,31.9879943],[-90.938505,31.9882036],[-90.9381136,31.9883997],[-90.9376148,31.9886488],[-90.9371168,31.988903],[-90.9370025,31.9889637],[-90.9367316,31.9891162],[-90.9365223,31.9892393],[-90.9363226,31.9893646],[-90.9361577,31.9894733],[-90.9359719,31.9895995],[-90.9357681,31.9897428],[-90.9355748,31.9898879],[-90.9353747,31.9900478],[-90.9352021,31.9901902],[-90.9350817,31.9902931],[-90.9349337,31.9904214],[-90.9347324,31.9906],[-90.934482,31.9908284],[-90.9341195,31.991159],[-90.9337671,31.991481],[-90.9334259,31.9917944],[-90.9329272,31.9922476],[-90.9326127,31.992532],[-90.932305,31.9928003],[-90.9321332,31.9929467],[-90.9318587,31.9931665],[-90.9316001,31.9933602],[-90.9313002,31.9935715],[-90.9309947,31.9937714],[-90.9307838,31.9939055],[-90.9305575,31.9940405],[-90.9303407,31.994166],[-90.9301245,31.9942847],[-90.9299019,31.994399],[-90.9296776,31.9945092],[-90.9294502,31.9946176],[-90.9292245,31.994719],[-90.9289928,31.9948213],[-90.9287574,31.9949172],[-90.9284271,31.9950424],[-90.9281628,31.9951337],[-90.9279209,31.9952152],[-90.927677,31.9952928],[-90.9274267,31.9953634],[-90.9271874,31.9954282],[-90.9269398,31.9954909],[-90.926689,31.9955495],[-90.9264377,31.9956034],[-90.9261892,31.9956524],[-90.9259357,31.9956967],[-90.9256803,31.9957373],[-90.9254258,31.9957724],[-90.9251808,31.9958017],[-90.9249311,31.9958267],[-90.9246584,31.9958507],[-90.9243916,31.9958688],[-90.9240334,31.9958843],[-90.923747,31.9958891],[-90.9234917,31.9958884],[-90.9232356,31.9958854],[-90.9229712,31.995877],[-90.9227144,31.9958635],[-90.9224538,31.9958455],[-90.9221884,31.9958227],[-90.921942,31.995798],[-90.9216617,31.9957664],[-90.9213254,31.9957233],[-90.9206853,31.9956419],[-90.9200414,31.9955594],[-90.9196345,31.9955082],[-90.9190566,31.9954334],[-90.9183769,31.9953455],[-90.9178669,31.9952812],[-90.9175456,31.9952396],[-90.9169704,31.9951664],[-90.9160007,31.995042],[-90.915029,31.9949203],[-90.9137838,31.994761],[-90.9125407,31.9946041],[-90.9121628,31.9945586],[-90.9117832,31.9945164],[-90.911257,31.9944612],[-90.910945,31.9944297],[-90.910688,31.994404],[-90.9103004,31.9943672],[-90.9099128,31.9943345],[-90.9095012,31.9943012],[-90.9089873,31.9942616],[-90.9084759,31.9942262],[-90.9079614,31.9941954],[-90.9074327,31.9941678],[-90.9069976,31.9941476],[-90.906747,31.9941368],[-90.9064967,31.994127],[-90.9058412,31.9941069],[-90.9052015,31.9940912],[-90.9039704,31.9940765],[-90.9037639,31.9940763],[-90.9024615,31.9940878],[-90.9007784,31.9941368],[-90.8984482,31.9942722],[-90.8981631,31.9942924],[-90.8974644,31.9943444],[-90.8967658,31.9944009],[-90.8960038,31.9944667],[-90.8952427,31.9945367],[-90.8946549,31.9945962],[-90.8936618,31.9946967],[-90.8930134,31.9947701],[-90.8924367,31.9948386],[-90.8922547,31.9948602],[-90.8919648,31.9948947],[-90.8908074,31.9950426],[-90.889633,31.9952044],[-90.8886005,31.9953553],[-90.8875693,31.9955148],[-90.8866551,31.9956638],[-90.8862752,31.9957285],[-90.8858964,31.995795],[-90.8858964,31.995795],[-90.8846034,31.9960258],[-90.8846034,31.9960258],[-90.8838295,31.9961702],[-90.8833412,31.9962666],[-90.8828119,31.9963725],[-90.8820537,31.9965253],[-90.8812626,31.9966915],[-90.8803826,31.9968849],[-90.8796207,31.9970592],[-90.8789882,31.9972061],[-90.8783826,31.9973519],[-90.877854,31.9974816],[-90.8770085,31.9976928],[-90.8762193,31.9978986],[-90.8754656,31.9980986],[-90.8748362,31.9982706],[-90.8738445,31.9985482],[-90.8727763,31.9988587],[-90.8719808,31.9990981],[-90.8713624,31.9992914],[-90.87076,31.999494],[-90.8702649,31.999672],[-90.8697668,31.9998592],[-90.8692296,32.000077],[-90.8686728,32.0003117],[-90.8682539,32.0004976],[-90.8676932,32.0007621],[-90.8672404,32.0009851],[-90.8668013,32.0012078],[-90.8663367,32.0014521],[-90.866136,32.0015656],[-90.865687,32.0018226],[-90.8653665,32.0020126],[-90.8648173,32.0023501],[-90.8646064,32.002486],[-90.8629847,32.0036226],[-90.8620596,32.0042796],[-90.8609481,32.0051723],[-90.8600523,32.0058432],[-90.8585141,32.0071549],[-90.8568431,32.0087088],[-90.8557347,32.0098671],[-90.8544866,32.0112693],[-90.8532139,32.0126752],[-90.8524104,32.0137048],[-90.8524104,32.0137048],[-90.8511279,32.0153854],[-90.8507312,32.0159015],[-90.8500952,32.0167403],[-90.8500952,32.0167403],[-90.8496273,32.0173671],[-90.8490537,32.0180892],[-90.848479,32.0187723],[-90.8470601,32.0203083],[-90.8459664,32.0213862],[-90.8452507,32.0220107],[-90.8449954,32.0222413],[-90.8437737,32.0232673],[-90.8428589,32.0240624],[-90.8424201,32.0244722],[-90.8417408,32.025251],[-90.8412613,32.0259014],[-90.8406759,32.0268907],[-90.8402458,32.0278495],[-90.8400948,32.0282357],[-90.8387417,32.0336256],[-90.8383928,32.0350014],[-90.8380174,32.0361474],[-90.8374103,32.0373635],[-90.8364237,32.0388589],[-90.8352149,32.0406838],[-90.834294,32.0422106],[-90.8337083,32.043527],[-90.8331516,32.0450676],[-90.832699,32.0471842],[-90.8322991,32.0486916],[-90.8318806,32.0497248],[-90.831528,32.0504754],[-90.8301673,32.0529338],[-90.8290206,32.0549606],[-90.8278217,32.0570805],[-90.8269617,32.0588734],[-90.8262776,32.0601447],[-90.8257629,32.0608289],[-90.8252641,32.0612491],[-90.821837,32.0633484],[-90.8206191,32.0642224],[-90.819807,32.0650084],[-90.8179137,32.0669613],[-90.8167723,32.0678255],[-90.812629,32.070045],[-90.811661,32.070755],[-90.810961,32.071373],[-90.8104596,32.0718289],[-90.8094591,32.0729585],[-90.8082886,32.0749167],[-90.8070797,32.0771805],[-90.8059844,32.0785385],[-90.8043203,32.0800835],[-90.802563,32.0813375],[-90.8016958,32.0820338],[-90.8010204,32.082704],[-90.8003939,32.0833962],[-90.7999546,32.0839833],[-90.7992693,32.0848009]]}},{"type":"Feature","properties":{"section_id":"rocky_springs_to_yockanookany","section_name":"Rocky Springs to Yockanookany (Parkway)","region_id":"mississippi","region_name":"Mississippi","route_id":"roadwalk"},"geometry":{"type":"LineString","coordinates":[[-90.7480581,32.1293978],[-90.7473034,32.1297504],[-90.7456074,32.1305394],[-90.7421401,32.1321755],[-90.7399123,32.1332391],[-90.738605,32.1339671],[-90.7374638,32.1346835],[-90.7363857,32.1354534],[-90.7356134,32.1360594],[-90.7348812,32.1366582],[-90.7341515,32.1373754],[-90.7334766,32.1380531],[-90.7332011,32.1383427],[-90.7330462,32.1385142],[-90.7322855,32.1394424],[-90.729518,32.142967],[-90.72814,32.144674],[-90.7273005,32.1455373],[-90.7267098,32.1460699],[-90.7261825,32.146508],[-90.7252747,32.147211],[-90.7244584,32.1477913],[-90.7236796,32.1482848],[-90.7230212,32.1486666],[-90.7218961,32.1492459],[-90.7211933,32.149575],[-90.7209642,32.1496735],[-90.7203334,32.1499166],[-90.7189213,32.1504042],[-90.7178441,32.1507083],[-90.7166724,32.1509822],[-90.70868,32.152443],[-90.7073886,32.1526734],[-90.7058499,32.15307],[-90.7040442,32.1537241],[-90.7022538,32.1544855],[-90.7003001,32.1553193],[-90.697804,32.1562],[-90.696081,32.156773],[-90.6936566,32.1573447],[-90.6933692,32.1573969],[-90.6921669,32.1576548],[-90.6908911,32.1578775],[-90.686417,32.158673],[-90.6850827,32.1589186],[-90.6834525,32.159328],[-90.682029,32.159795],[-90.6798431,32.1607233],[-90.6779745,32.1616747],[-90.676159,32.162748],[-90.671608,32.165823],[-90.6698562,32.1668865],[-90.6695225,32.1670676],[-90.6681686,32.1677802],[-90.666547,32.168564],[-90.6654031,32.1690661],[-90.664204,32.169526],[-90.6631563,32.1699317],[-90.662077,32.1702955],[-90.6599772,32.1709503],[-90.6599772,32.1709503],[-90.6586184,32.1713613],[-90.6586184,32.1713613],[-90.65708,32.1719114],[-90.6550512,32.1727314],[-90.65308,32.1736533],[-90.6519689,32.1742473],[-90.6511256,32.17471],[-90.65081,32.1749106],[-90.6489733,32.1760717],[-90.6473843,32.1771935],[-90.6455038,32.1785834],[-90.6438273,32.1798297],[-90.6420175,32.1811491],[-90.6413653,32.1815441],[-90.6406931,32.1818999],[-90.6404997,32.1820365],[-90.6397613,32.1823845],[-90.6391434,32.1826507],[-90.6386929,32.1827859],[-90.6376281,32.1831166],[-90.6360787,32.1834906],[-90.6332638,32.1839461],[-90.6305087,32.1844818],[-90.6279326,32.1851064],[-90.6252116,32.1860107],[-90.623107,32.186989],[-90.6213886,32.1878623],[-90.619656,32.18897],[-90.619473,32.189075],[-90.618063,32.19001],[-90.617642,32.190289],[-90.6151612,32.1922899],[-90.6149041,32.192514],[-90.6089569,32.1976475],[-90.6075043,32.1987989],[-90.605696,32.2000448],[-90.6051763,32.2003885],[-90.6042885,32.2009486],[-90.6032394,32.2016494],[-90.6009945,32.2029726],[-90.5987335,32.2042011],[-90.5968834,32.2050978],[-90.5943005,32.2062403],[-90.5903599,32.2077421],[-90.5890256,32.2082079],[-90.587511,32.208664],[-90.5859007,32.2091558],[-90.5813009,32.2102962],[-90.5809873,32.2103653],[-90.5792203,32.2107892],[-90.5784222,32.2110008],[-90.576388,32.2115504],[-90.5760304,32.2117053],[-90.5741297,32.2123668],[-90.5722575,32.2132661],[-90.5707079,32.2141981],[-90.5704289,32.2143652],[-90.5685045,32.2155663],[-90.566691,32.2169411],[-90.566422,32.217138],[-90.5616583,32.2215106],[-90.5612482,32.221887],[-90.5589914,32.2237939],[-90.556534,32.2256131],[-90.555538,32.226252],[-90.5544302,32.2269861],[-90.5544302,32.2269861],[-90.5537302,32.2274319],[-90.5537302,32.2274319],[-90.5507004,32.2293196],[-90.5487419,32.230701],[-90.5469284,32.2321528],[-90.5448611,32.2340409],[-90.5429836,32.2360392],[-90.5422256,32.2369572],[-90.5400917,32.2394728],[-90.5399372,32.2396626],[-90.5377472,32.2421911],[-90.5359162,32.2440263],[-90.5348789,32.244922],[-90.5336514,32.2458889],[-90.5323966,32.2467556],[-90.5317155,32.2471754],[-90.5299886,32.2482187],[-90.528134,32.24915],[-90.525684,32.2501744],[-90.5243252,32.2507138],[-90.5239357,32.250838],[-90.5205648,32.2518701],[-90.517931,32.2526329],[-90.5161535,32.2532859],[-90.5146661,32.2539493],[-90.5132452,32.2547586],[-90.5118834,32.255664],[-90.510159,32.2569588],[-90.508578,32.2582197],[-90.5081104,32.2585122],[-90.506599,32.259614],[-90.5044817,32.2607607],[-90.5041032,32.260931],[-90.50335,32.261275],[-90.502444,32.2616587],[-90.5013285,32.2620821],[-90.4997151,32.2626234],[-90.4952611,32.2641467],[-90.4945208,32.2644089],[-90.4940256,32.2645956],[-90.4933764,32.2648687],[-90.492353,32.265396],[-90.491281,32.265908],[-90.490369,32.266468],[-90.4892178,32.2672652],[-90.4889507,32.2674449],[-90.488383,32.2678759],[-90.4877312,32.268408],[-90.486766,32.2692125],[-90.48591,32.2700826],[-90.48496,32.271075],[-90.484024,32.2720689],[-90.4832675,32.2728425],[-90.4825918,32.2734667],[-90.4819476,32.2740319],[-90.4812,32.274659],[-90.4802835,32.2753201],[-90.479104,32.276067],[-90.4782511,32.2765613],[-90.4771557,32.2771722],[-90.4764301,32.2774954],[-90.4752703,32.2779853],[-90.4746292,32.2782447],[-90.4734516,32.2786667],[-90.4723989,32.2790162],[-90.4705278,32.2796209],[-90.46992,32.279779],[-90.468768,32.280115],[-90.467776,32.280371],[-90.4674688,32.2804555],[-90.4668803,32.2806174],[-90.4660166,32.2808219],[-90.4653199,32.280965],[-90.464704,32.281075],[-90.463952,32.281235],[-90.462768,32.281395],[-90.4621885,32.2815333],[-90.459765,32.2818123],[-90.4574986,32.282037],[-90.4549637,32.2822416],[-90.453279,32.282355],[-90.4516057,32.2824949],[-90.449727,32.282739],[-90.4484429,32.2828852],[-90.4480559,32.2829486],[-90.4469318,32.2831564],[-90.445791,32.283395],[-90.4445561,32.2836922],[-90.4435609,32.2839706],[-90.4423991,32.2843396],[-90.4409631,32.2848619],[-90.4395028,32.285448],[-90.4386162,32.2858305],[-90.4350945,32.2873796],[-90.4329645,32.2883115],[-90.4317743,32.2887967],[-90.430758,32.2891807],[-90.4304673,32.2892861],[-90.4296573,32.2895413],[-90.4285796,32.2898708],[-90.4275299,32.2901451],[-90.4266799,32.2903431],[-90.4262292,32.2904431],[-90.4254687,32.2905891],[-90.4248347,32.2906928],[-90.4242654,32.290781],[-90.4234057,32.2908807],[-90.4228601,32.2909206],[-90.4218124,32.2909824],[-90.4190233,32.2910274],[-90.4177758,32.2910602],[-90.4163635,32.2911258],[-90.4145194,32.2912523],[-90.4130237,32.2913836],[-90.4115057,32.2915539],[-90.4107249,32.2916597],[-90.4096982,32.2918505],[-90.4090017,32.292009],[-90.4082991,32.2921884],[-90.4075255,32.2924256],[-90.4071726,32.2925444],[-90.4062821,32.2928845],[-90.4053541,32.2933017],[-90.404646,32.2936554],[-90.403954,32.2940386],[-90.4024044,32.2950153],[-90.4010723,32.2959454],[-90.3990715,32.2973163],[-90.3978489,32.2982897],[-90.3949651,32.3006354],[-90.3924067,32.3029004],[-90.3920281,32.3032481],[-90.3901039,32.305122],[-90.3898253,32.3054199],[-90.3887646,32.3064812],[-90.3872598,32.3081965],[-90.3857622,32.3098052],[-90.3849178,32.3106244],[-90.3844787,32.3109802],[-90.3834503,32.3118525],[-90.3816407,32.3131518],[-90.380127,32.314161],[-90.3790415,32.3147983],[-90.3786906,32.3150346],[-90.3757077,32.3168396],[-90.3735245,32.3182958],[-90.3725522,32.319028],[-90.371623,32.3196745],[-90.3691462,32.321616],[-90.3661318,32.3241533],[-90.3647949,32.3254342],[-90.3637819,32.3263915],[-90.3625178,32.3276714],[-90.3614078,32.328824],[-90.3602912,32.3300476],[-90.360057,32.3303416],[-90.35975,32.3307619],[-90.3595195,32.3310658],[-90.3589413,32.3319131],[-90.3583476,32.3329384],[-90.3575132,32.3347782],[-90.355845,32.3388743],[-90.355651,32.339357],[-90.3554665,32.3397814],[-90.3551663,32.340491],[-90.3551394,32.3405496],[-90.3549109,32.341027],[-90.354672,32.3414818],[-90.3543294,32.3420891],[-90.3543294,32.3420891],[-90.3538757,32.34282],[-90.3538757,32.34282],[-90.3536004,32.3432221],[-90.3532037,32.3437473],[-90.3530485,32.3439495],[-90.3529977,32.3440156],[-90.3524441,32.344676],[-90.352114,32.3450403],[-90.3512389,32.3459061],[-90.3500871,32.3469205],[-90.3489943,32.3478036],[-90.3477927,32.3485468],[-90.3464194,32.3490544],[-90.3445741,32.3497251],[-90.3442604,32.3497882],[-90.3437253,32.349993],[-90.3431306,32.3502531],[-90.3431306,32.3502531],[-90.3426383,32.3504824],[-90.3421875,32.3507091],[-90.3421875,32.3507091],[-90.3415991,32.3510165],[-90.3408477,32.3514642],[-90.3402137,32.3518426],[-90.3394571,32.3522708],[-90.3387339,32.3526299],[-90.3379471,32.3529648],[-90.3371028,32.3532895],[-90.3362539,32.3535477],[-90.3351615,32.3538123],[-90.3337165,32.3540986],[-90.3325559,32.3543849],[-90.3317646,32.3546252],[-90.3299728,32.3552922],[-90.3292783,32.3555516],[-90.3286458,32.3557357],[-90.3280466,32.3558801],[-90.3273006,32.3560015],[-90.3264927,32.3560782],[-90.3261484,32.3560922],[-90.3258453,32.356097],[-90.3256879,32.356095],[-90.3255345,32.3560916],[-90.3253494,32.3560839],[-90.3250098,32.3560693],[-90.3245538,32.3560489],[-90.3243492,32.3560426],[-90.324155,32.3560391],[-90.3239356,32.3560413],[-90.3237239,32.3560439],[-90.32355,32.3560487],[-90.323428,32.3560535],[-90.3225978,32.3561029],[-90.3223916,32.3561238],[-90.3221805,32.3561484],[-90.322006,32.3561695],[-90.3218087,32.3561983],[-90.3216359,32.3562262],[-90.3214413,32.3562588],[-90.3211981,32.3563048],[-90.3210384,32.3563354],[-90.3208417,32.3563796],[-90.3206407,32.3564255],[-90.3204661,32.3564671],[-90.3202494,32.356524],[-90.320082,32.3565659],[-90.3199218,32.3566133],[-90.3197841,32.3566561],[-90.3195751,32.3567199],[-90.3194022,32.3567757],[-90.3192273,32.3568336],[-90.3190748,32.3568872],[-90.3184722,32.3571014],[-90.3183448,32.3571476],[-90.3182038,32.357193],[-90.318073,32.3572341],[-90.3179129,32.3572838],[-90.3176814,32.3573499],[-90.3174336,32.357419],[-90.3172558,32.3574632],[-90.3170609,32.35751],[-90.3167793,32.3575713],[-90.3165419,32.3576208],[-90.316336,32.3576592],[-90.3160843,32.3576992],[-90.3157862,32.357741],[-90.3155384,32.3577739],[-90.3152548,32.357806],[-90.3149529,32.3578362],[-90.3130278,32.358018],[-90.3118552,32.3581825],[-90.3101968,32.3585025],[-90.3093387,32.3587085],[-90.3076907,32.359178],[-90.3058598,32.3598542],[-90.3046614,32.3603284],[-90.3037869,32.3606492],[-90.3027958,32.3609546],[-90.3019137,32.3611847],[-90.3005852,32.3614812],[-90.2998468,32.3616934],[-90.2990948,32.3619477],[-90.298373,32.3622685],[-90.2976331,32.3626391],[-90.2969742,32.3630363],[-90.2962232,32.3635942],[-90.2951489,32.3644837],[-90.2945649,32.364908],[-90.2938416,32.365363],[-90.2931274,32.3657643],[-90.2923346,32.3661426],[-90.2915447,32.3664493],[-90.2908215,32.3666896],[-90.2893084,32.3671139],[-90.2886063,32.3673491],[-90.2878861,32.3676532],[-90.2871931,32.3680034],[-90.286606,32.3683561],[-90.2860038,32.3687651],[-90.2855044,32.3691434],[-90.2847028,32.3698346],[-90.2847028,32.3698346],[-90.2834014,32.3710151],[-90.2834014,32.3710151],[-90.2828189,32.3715116],[-90.2812525,32.372599],[-90.2804846,32.3730599],[-90.2798859,32.3733483],[-90.2777334,32.3741937],[-90.2760168,32.375118],[-90.2747508,32.3759697],[-90.2733131,32.3767309],[-90.2713363,32.3775249],[-90.2697115,32.3782631],[-90.2683922,32.3790589],[-90.2676221,32.379487],[-90.266995,32.3797532],[-90.2663581,32.3799673],[-90.2656887,32.3801292],[-90.2648225,32.3802433],[-90.2637969,32.3803054],[-90.2637298,32.3803112],[-90.2629458,32.3803786],[-90.2622341,32.380481],[-90.2617299,32.3805854],[-90.2612609,32.3807262],[-90.2609857,32.3808306],[-90.2605824,32.381024],[-90.260412,32.381115],[-90.260412,32.381115],[-90.2600207,32.381369],[-90.2597412,32.381595],[-90.2595256,32.3817894],[-90.2592535,32.3820721],[-90.2592535,32.3820721],[-90.2589341,32.3824894],[-90.258727,32.3828212],[-90.2585747,32.3831062],[-90.2583401,32.3837525],[-90.2581285,32.3843114],[-90.258104,32.384377],[-90.2578449,32.3850364],[-90.2575356,32.3857046],[-90.2573415,32.3860587],[-90.2570704,32.386504],[-90.2565213,32.3872348],[-90.2559119,32.3879161],[-90.2552596,32.3885321],[-90.2544957,32.3891337],[-90.2537147,32.3897425],[-90.2530366,32.3901629],[-90.2522212,32.390779],[-90.2513886,32.3915255],[-90.2507449,32.3921198],[-90.2501956,32.3927141],[-90.2497149,32.3932866],[-90.2491742,32.3938084],[-90.2484704,32.3944317],[-90.247449,32.3951999],[-90.2463675,32.3958594],[-90.2454148,32.3962943],[-90.2444483,32.3966856],[-90.2444483,32.3966856],[-90.2429783,32.3972182],[-90.2429783,32.3972182],[-90.2421103,32.3975335],[-90.2409345,32.3980553],[-90.2400161,32.3985264],[-90.2393466,32.3989395],[-90.2389207,32.399241],[-90.2389207,32.399241],[-90.2379959,32.3999386],[-90.2373157,32.4005302],[-90.2373157,32.4005302],[-90.2364627,32.4013019],[-90.2356816,32.4019976],[-90.2349006,32.4025846],[-90.2339736,32.4032441],[-90.2333642,32.4035847],[-90.2324887,32.4040774],[-90.2316304,32.4044905],[-90.2307979,32.4049905],[-90.230197,32.4053891],[-90.2297507,32.4056934],[-90.2293216,32.4060412],[-90.2289868,32.4063239],[-90.2286521,32.406621],[-90.2283431,32.4069108],[-90.2279912,32.4072804],[-90.2273818,32.4079688],[-90.2265407,32.4088528],[-90.2261115,32.4092876],[-90.2255708,32.4097731],[-90.2250987,32.4101571],[-90.2244636,32.4106354],[-90.2239228,32.4110484],[-90.2233306,32.4114614],[-90.2229186,32.4117513],[-90.2225581,32.4120628],[-90.2221204,32.4124251],[-90.2215453,32.4129179],[-90.220893,32.413541],[-90.2203437,32.4140555],[-90.2198287,32.4145192],[-90.2193395,32.4149032],[-90.2187472,32.4153162],[-90.2181385,32.4156873],[-90.2175036,32.4160192],[-90.2167731,32.4163813],[-90.2162066,32.4166349],[-90.2154342,32.4168885],[-90.2146531,32.4171349],[-90.2137948,32.4174464],[-90.2127992,32.4178449],[-90.212164,32.4181058],[-90.211485,32.418433],[-90.211237,32.418553],[-90.210802,32.418773],[-90.210503,32.418923],[-90.20958,32.419444],[-90.20834,32.420064],[-90.20754,32.420464],[-90.206688,32.420814],[-90.205825,32.421124],[-90.204702,32.421464],[-90.203342,32.421784],[-90.202041,32.421973],[-90.200919,32.422092],[-90.1998379,32.4222371],[-90.1990445,32.4223752],[-90.198412,32.42249],[-90.197466,32.42277],[-90.196496,32.42317],[-90.195432,32.42365],[-90.194284,32.424129],[-90.193409,32.424439],[-90.193125,32.424509],[-90.192907,32.424573],[-90.191996,32.424839],[-90.190908,32.425089],[-90.190652,32.425134],[-90.189915,32.425268],[-90.188721,32.425457],[-90.188658,32.425471],[-90.188154,32.425587],[-90.186622,32.426085],[-90.185616,32.426506],[-90.1836296,32.4273751],[-90.1830802,32.4275937],[-90.1822519,32.4279037],[-90.1815454,32.4281383],[-90.1807114,32.4283722],[-90.1800717,32.4285453],[-90.1794969,32.4286779],[-90.1789302,32.4288051],[-90.1782403,32.4289493],[-90.1768188,32.4291788],[-90.1761697,32.4292879],[-90.1754183,32.4294356],[-90.1748151,32.429572],[-90.1742307,32.4297107],[-90.1735601,32.4298948],[-90.1729784,32.4300675],[-90.172429,32.4302426],[-90.1715025,32.4305494],[-90.1709074,32.430729],[-90.170393,32.43087],[-90.1699244,32.4309859],[-90.1693508,32.4311086],[-90.1687798,32.4312086],[-90.1681766,32.4312859],[-90.1676568,32.4313456],[-90.1670751,32.4313888],[-90.1664449,32.4314161],[-90.1658362,32.4314115],[-90.1651926,32.4313865],[-90.1644708,32.4313342],[-90.1638245,32.4312592],[-90.1632158,32.4311637],[-90.1622921,32.4310046],[-90.1612983,32.4308296],[-90.1603261,32.4306773],[-90.1591546,32.4305159],[-90.1583278,32.430425],[-90.1574741,32.43035],[-90.1567362,32.4302954],[-90.1558293,32.4302459],[-90.1546109,32.430203],[-90.1545814,32.430202],[-90.1535683,32.43014],[-90.1528762,32.4300885],[-90.1522558,32.430028],[-90.1514777,32.4299296],[-90.1507784,32.4298252],[-90.1502082,32.4297314],[-90.1495562,32.4296001],[-90.1495562,32.4296001],[-90.1483012,32.4293124],[-90.1483012,32.4293124],[-90.1472183,32.4290411],[-90.1469155,32.4289733],[-90.146495,32.4288719],[-90.1462209,32.4288049],[-90.1461688,32.4287922],[-90.1455264,32.4286299],[-90.1450298,32.4285088],[-90.1447632,32.4284389],[-90.1447632,32.4284389],[-90.1431266,32.4280352],[-90.1431266,32.4280352],[-90.1418174,32.4277357],[-90.141122,32.4275751],[-90.1410367,32.4275527],[-90.1399228,32.4273326],[-90.1386764,32.4271223],[-90.1377622,32.4269742],[-90.1366261,32.4267976],[-90.1364298,32.4267687],[-90.1354677,32.4266322],[-90.1345458,32.4265148],[-90.1340401,32.4264683],[-90.1333639,32.4264111],[-90.1324976,32.4263375],[-90.1318998,32.4263072],[-90.1311799,32.4262888],[-90.1309239,32.4262902],[-90.1302969,32.4262937],[-90.1294626,32.4263083],[-90.128662,32.42633],[-90.127381,32.426432],[-90.1263459,32.4265467],[-90.1246649,32.4267509],[-90.1239578,32.426826],[-90.1222943,32.4270045],[-90.1217191,32.4270593],[-90.1204853,32.427157],[-90.1192313,32.4272438],[-90.1183219,32.4272982],[-90.116907,32.4273593],[-90.1154479,32.4274041],[-90.1146296,32.427414],[-90.1137483,32.4274185],[-90.1126576,32.4274151],[-90.1118529,32.427399],[-90.1102014,32.4273471],[-90.1098422,32.4273347],[-90.1089648,32.4272938],[-90.1085736,32.4272711],[-90.1077832,32.4272175],[-90.1074445,32.4271948],[-90.1066818,32.4271338],[-90.1059523,32.4270641],[-90.1051797,32.4269793],[-90.1046614,32.4269145],[-90.103784,32.4267986],[-90.103519,32.4267613],[-90.1031513,32.4267062],[-90.1028308,32.4266542],[-90.102164,32.426539],[-90.1017498,32.4264629],[-90.1012712,32.4263667],[-90.1007506,32.4262605],[-90.1002366,32.4261501],[-90.0989566,32.4258927],[-90.098306,32.425773],[-90.097816,32.425689],[-90.096412,32.425445],[-90.094794,32.425244],[-90.093956,32.425216],[-90.092949,32.425195],[-90.092604,32.425206],[-90.091862,32.425229],[-90.091251,32.425275],[-90.090719,32.425345],[-90.090139,32.425438],[-90.089533,32.425562],[-90.088592,32.425824],[-90.087918,32.426046],[-90.087735,32.426108],[-90.086702,32.426551],[-90.0858309,32.4269855],[-90.0855142,32.4271552],[-90.08513,32.427377],[-90.083122,32.428621],[-90.081175,32.430045],[-90.080675,32.430481],[-90.080102,32.431013],[-90.079969,32.431151],[-90.079502,32.431635],[-90.078966,32.432219],[-90.078203,32.433137],[-90.078031,32.43336],[-90.077623,32.433892],[-90.076899,32.434998],[-90.076432,32.43585],[-90.075901,32.43686],[-90.07549,32.437841],[-90.075288,32.438367],[-90.075223,32.438561],[-90.075153,32.438738],[-90.07479,32.43985],[-90.074749,32.439991],[-90.07457,32.440613],[-90.073643,32.443686],[-90.073309,32.444733],[-90.072901,32.445934],[-90.072681,32.446495],[-90.072422,32.447198],[-90.072262,32.447589],[-90.0719596,32.4483433],[-90.071691,32.448957],[-90.0715759,32.4492348],[-90.07127,32.449961],[-90.071184,32.450164],[-90.071075,32.450398],[-90.070997,32.450581],[-90.0707527,32.4511321],[-90.0706262,32.4514086],[-90.070207,32.45221],[-90.070067,32.4525],[-90.0695631,32.4534319],[-90.0692775,32.4539719],[-90.0684735,32.4554119],[-90.0678122,32.4564628],[-90.0674887,32.4569319],[-90.066786,32.4579184],[-90.0662498,32.4586189],[-90.0655888,32.459432],[-90.0647376,32.4604518],[-90.0641437,32.4611225],[-90.0636619,32.461663],[-90.0630349,32.4623347],[-90.0622669,32.4631425],[-90.0611283,32.46423],[-90.0608123,32.4644885],[-90.0605578,32.4647039],[-90.0600665,32.4651087],[-90.0596142,32.4654436],[-90.0589385,32.4659422],[-90.058274,32.466369],[-90.057265,32.466982],[-90.0562874,32.4675475],[-90.0554034,32.468015],[-90.0550941,32.4681596],[-90.054813,32.468291]]}},{"type":"Feature","properties":{"section_id":"yockanookany_to_blackland_prairie","section_name":"Yockanookany to Blackland Prairie (Parkway)","region_id":"mississippi","region_name":"Mississippi","route_id":"roadwalk"},"geometry":{"type":"LineString","coordinates":[[-89.7727692,32.6577842],[-89.7724134,32.6579202],[-89.7718876,32.6581129],[-89.7708106,32.658526],[-89.7698547,32.6589054],[-89.7688729,32.6592958],[-89.7679156,32.6597091],[-89.7674623,32.6599059],[-89.7665347,32.6603256],[-89.7658183,32.6606595],[-89.7646767,32.6612048],[-89.7637792,32.6616559],[-89.7627666,32.6621653],[-89.7617951,32.6626888],[-89.75977,32.663819],[-89.7589832,32.6642659],[-89.7582171,32.6647385],[-89.7577259,32.6650518],[-89.755711,32.6663517],[-89.7539624,32.6675628],[-89.7522115,32.6688341],[-89.7516253,32.6692917],[-89.7513353,32.6695108],[-89.7496174,32.6708993],[-89.7487269,32.6716552],[-89.7479007,32.6723788],[-89.7471514,32.6730593],[-89.7455572,32.6745534],[-89.7447067,32.6753498],[-89.743896,32.6760882],[-89.7422284,32.677526],[-89.741901,32.677777],[-89.740813,32.678648],[-89.739433,32.67974],[-89.738248,32.680594],[-89.736658,32.681697],[-89.735468,32.682442],[-89.735081,32.682684],[-89.734668,32.682916],[-89.733507,32.683543],[-89.731804,32.684402],[-89.731424,32.684564],[-89.731165,32.684675],[-89.730324,32.685053],[-89.730078,32.685144],[-89.7279382,32.6860002],[-89.7275499,32.6861605],[-89.7272442,32.6862965],[-89.7269377,32.686428],[-89.7267312,32.6865262],[-89.726475,32.6866515],[-89.7260807,32.6868389],[-89.7256543,32.6870579],[-89.7252949,32.6872509],[-89.7247678,32.6875534],[-89.7243628,32.6877847],[-89.7238223,32.6881155],[-89.7229707,32.6886798],[-89.7221285,32.6892859],[-89.7213507,32.6899451],[-89.7208947,32.6903311],[-89.7200176,32.6911166],[-89.7190326,32.6921281],[-89.7183372,32.6929552],[-89.7173354,32.6942814],[-89.7158384,32.6963912],[-89.7141804,32.6990383],[-89.7139324,32.6994661],[-89.7135032,32.7002036],[-89.7131002,32.700946],[-89.7127768,32.7015684],[-89.7126301,32.7018417],[-89.7124947,32.7021158],[-89.7119323,32.7033061],[-89.7118501,32.7034659],[-89.7116007,32.7039533],[-89.7109361,32.7054604],[-89.710832,32.7057094],[-89.7106286,32.7061959],[-89.7090554,32.71025],[-89.708917,32.710634],[-89.708701,32.711252],[-89.708268,32.712214],[-89.708159,32.712329],[-89.707185,32.714573],[-89.705778,32.71732],[-89.705678,32.717486],[-89.70372,32.720732],[-89.701419,32.724121],[-89.700034,32.725907],[-89.699199,32.726983],[-89.695298,32.731082],[-89.694754,32.731738],[-89.693836,32.732845],[-89.691344,32.735822],[-89.689746,32.739027],[-89.68922,32.740583],[-89.689096,32.740951],[-89.688612,32.74368],[-89.687932,32.747522],[-89.687859,32.748896],[-89.687794,32.750134],[-89.6877166,32.7508234],[-89.687547,32.755457],[-89.687575,32.758753],[-89.687676,32.760548],[-89.68771,32.761134],[-89.68836,32.769879],[-89.688469,32.771346],[-89.688674,32.77529],[-89.688822,32.778123],[-89.68893,32.781053],[-89.68893,32.784315],[-89.688931,32.788219],[-89.6883926,32.7950509],[-89.688037,32.798385],[-89.688001,32.7986],[-89.687549,32.801293],[-89.686573,32.80546],[-89.685923,32.807383],[-89.68538,32.809077],[-89.6841237,32.8121531],[-89.682018,32.816551],[-89.679714,32.820616],[-89.67928,32.821258],[-89.679172,32.821555],[-89.679038,32.821774],[-89.677029,32.82508],[-89.676899,32.825315],[-89.675955,32.82702],[-89.674507,32.829636],[-89.673775,32.831216],[-89.673721,32.831513],[-89.673612,32.831582],[-89.67231,32.834444],[-89.670772,32.838556],[-89.6698847,32.8415974],[-89.669615,32.842527],[-89.668756,32.845182],[-89.668187,32.847425],[-89.667834,32.848456],[-89.667834,32.848662],[-89.667752,32.84873],[-89.666407,32.852091],[-89.666287,32.852393],[-89.665776,32.853402],[-89.6629381,32.8586353],[-89.6621111,32.8598592],[-89.6611993,32.8612545],[-89.6604538,32.8624142],[-89.658282,32.865718],[-89.657025,32.867353],[-89.6539802,32.8709514],[-89.6537177,32.8712659],[-89.652369,32.8727916],[-89.6502947,32.8750666],[-89.64874,32.876747],[-89.6405329,32.8844636],[-89.6385986,32.8863666],[-89.6362871,32.8887975],[-89.6333976,32.8920277],[-89.6321651,32.8934823],[-89.630886,32.8951839],[-89.6300261,32.8962818],[-89.628303,32.898617],[-89.627309,32.9000241],[-89.6261766,32.9016771],[-89.6248218,32.903775],[-89.6222796,32.9080353],[-89.6220432,32.9084446],[-89.6212936,32.9098783],[-89.6202307,32.9119812],[-89.6193516,32.9138833],[-89.6185483,32.9157051],[-89.6184333,32.9159921],[-89.6177293,32.9178129],[-89.6171575,32.9193526],[-89.6166394,32.9209327],[-89.6159466,32.9231621],[-89.6153692,32.9251181],[-89.6146291,32.9281329],[-89.6142181,32.9299594],[-89.6140257,32.9309054],[-89.6139386,32.9313752],[-89.6137872,32.9322656],[-89.6135656,32.9335918],[-89.6132837,32.9353911],[-89.6130852,32.9369687],[-89.6128684,32.9389837],[-89.6126437,32.941767],[-89.6125635,32.9431073],[-89.6125593,32.9444983],[-89.6125077,32.9464911],[-89.6125233,32.9491641],[-89.6126266,32.9515861],[-89.6126709,32.9527981],[-89.6126821,32.9531051],[-89.6127872,32.9549545],[-89.6128538,32.9568608],[-89.6128927,32.9586549],[-89.6128851,32.9605849],[-89.6128441,32.961866],[-89.6128328,32.9621648],[-89.6126397,32.9653185],[-89.6124485,32.9671998],[-89.6121387,32.969557],[-89.6117959,32.9716187],[-89.6114303,32.9734427],[-89.6109234,32.9755049],[-89.6103609,32.9778666],[-89.6095761,32.9805849],[-89.6089697,32.9821601],[-89.6081757,32.9844008],[-89.6073936,32.9863129],[-89.6066217,32.9881386],[-89.6061905,32.9891457],[-89.606086,32.9894103],[-89.6052661,32.9913792],[-89.6045,32.9932635],[-89.6037664,32.9951161],[-89.602981,32.997511],[-89.6021456,33.0001177],[-89.6014933,33.002596],[-89.6010341,33.0046391],[-89.6004654,33.0074894],[-89.5996849,33.0112448],[-89.5991726,33.0134953],[-89.5985394,33.0154784],[-89.5981228,33.0165093],[-89.5978071,33.0172502],[-89.5972945,33.0183342],[-89.5966111,33.0196508],[-89.5957802,33.0210071],[-89.5948331,33.0224384],[-89.5939177,33.023672],[-89.5933056,33.0244225],[-89.592416,33.02548],[-89.5900563,33.0277787],[-89.5877402,33.0298788],[-89.586199,33.0311867],[-89.5846729,33.0323996],[-89.5834616,33.03332],[-89.5814996,33.0347668],[-89.58095,33.0351586],[-89.5800378,33.0358368],[-89.5790967,33.0364586],[-89.578268,33.037082],[-89.577702,33.0375253],[-89.5771436,33.0379872],[-89.575681,33.0392889],[-89.5748427,33.0401055],[-89.5740636,33.0409131],[-89.5730844,33.042087],[-89.5722424,33.0431403],[-89.5698564,33.0466221],[-89.5689779,33.0478613],[-89.5681472,33.0490003],[-89.5670905,33.0503712],[-89.5655023,33.0523442],[-89.5639536,33.05419],[-89.5627268,33.0555921],[-89.5602288,33.0582578],[-89.5589395,33.0595389],[-89.5578006,33.0606501],[-89.555667,33.062616],[-89.5543205,33.0638203],[-89.5523584,33.0654768],[-89.551284,33.066369],[-89.5501713,33.0672231],[-89.5497939,33.06751],[-89.5493366,33.0678562],[-89.5491378,33.0680076],[-89.5470698,33.069497],[-89.5467816,33.069706],[-89.5459842,33.0702666],[-89.5453547,33.0706916],[-89.5448058,33.0710563],[-89.5443813,33.0713347],[-89.5431637,33.0721149],[-89.5413045,33.0732838],[-89.539371,33.07439],[-89.5375314,33.0754226],[-89.5362268,33.0760973],[-89.5342664,33.0771004],[-89.53179,33.078441],[-89.5301688,33.0792903],[-89.5292122,33.0798458],[-89.5282734,33.0804706],[-89.5266534,33.0816078],[-89.5261974,33.0819583],[-89.5257946,33.0822939],[-89.5257092,33.0823651],[-89.5255464,33.0824971],[-89.5250467,33.0829022],[-89.5244219,33.0834272],[-89.5235581,33.084199],[-89.5219326,33.0857856],[-89.519793,33.088146],[-89.5183786,33.0898687],[-89.5167908,33.0919361],[-89.5155663,33.09373],[-89.5153042,33.0941223],[-89.5145296,33.0953638],[-89.5141697,33.0959373],[-89.5138254,33.0965096],[-89.5135181,33.0970497],[-89.5131903,33.0976035],[-89.5123226,33.0992246],[-89.5120757,33.0996959],[-89.5114111,33.100966],[-89.5100771,33.1039903],[-89.5091115,33.1066146],[-89.5085751,33.1078908],[-89.5081889,33.1088074],[-89.5073306,33.1108564],[-89.5064508,33.1125459],[-89.5053565,33.1143971],[-89.5040475,33.1164729],[-89.5020091,33.1190249],[-89.499992,33.1213072],[-89.496596,33.124699],[-89.496194,33.1250811],[-89.492811,33.128694],[-89.490853,33.131099],[-89.489983,33.132336],[-89.489362,33.133363],[-89.4871762,33.1366306],[-89.4867043,33.1374177],[-89.4861674,33.1383443],[-89.4841585,33.1418437],[-89.4830019,33.1437513],[-89.4821842,33.1450052],[-89.4817239,33.1456707],[-89.4810489,33.1466601],[-89.4795949,33.1485938],[-89.4790644,33.149267],[-89.4787263,33.1496761],[-89.4771841,33.1514917],[-89.4769219,33.1517831],[-89.4766832,33.1520408],[-89.475678,33.153107],[-89.473447,33.155467],[-89.47089,33.157894],[-89.467959,33.161157],[-89.466426,33.162864],[-89.464113,33.165704],[-89.461691,33.169025],[-89.4603702,33.1711337],[-89.4594096,33.1729727],[-89.4587758,33.1745436],[-89.4581584,33.1763162],[-89.4577251,33.1777147],[-89.4571347,33.1798793],[-89.4567556,33.1813979],[-89.4564604,33.1828734],[-89.4562031,33.184392],[-89.4560217,33.185566],[-89.4558267,33.1871185],[-89.4556731,33.1885245],[-89.4555757,33.1898095],[-89.4554805,33.1926014],[-89.4555046,33.1937672],[-89.4555318,33.1952897],[-89.4555606,33.198107],[-89.4555936,33.200118],[-89.4555516,33.2014552],[-89.4554148,33.2029561],[-89.4552416,33.204339],[-89.4552053,33.2045823],[-89.4548847,33.2063481],[-89.4544566,33.2083914],[-89.4538899,33.2106453],[-89.4536904,33.2114397],[-89.4534617,33.2122811],[-89.4532758,33.2129006],[-89.4530277,33.2136493],[-89.451933,33.2168382],[-89.4516824,33.217559],[-89.4513854,33.2182488],[-89.4505199,33.2202911],[-89.4498433,33.2218493],[-89.4493515,33.2228871],[-89.448809,33.2240063],[-89.4480044,33.2255857],[-89.4472452,33.2269978],[-89.4463452,33.2285797],[-89.4455406,33.2299093],[-89.4448587,33.2309284],[-89.4440214,33.2320523],[-89.443398,33.2328184],[-89.4429207,33.2333686],[-89.4422646,33.23409],[-89.4414126,33.234964],[-89.4405636,33.2357648],[-89.4387611,33.2372765],[-89.4376107,33.2381409],[-89.4364221,33.2389562],[-89.4345303,33.2402031],[-89.4325788,33.2415016],[-89.4309954,33.242647],[-89.4299939,33.2434554],[-89.4290871,33.2442568],[-89.4282625,33.2450565],[-89.4270286,33.2463699],[-89.4258816,33.2477815],[-89.4252276,33.2486637],[-89.4245259,33.2497367],[-89.4238803,33.2508266],[-89.4232013,33.2521605],[-89.4225847,33.2535565],[-89.4221514,33.2547262],[-89.4216231,33.2563099],[-89.420782,33.258832],[-89.4197463,33.2615662],[-89.4191009,33.2630519],[-89.418735,33.2638408],[-89.4181557,33.2649943],[-89.4176846,33.2658984],[-89.4172904,33.266604],[-89.4165705,33.2678546],[-89.4156304,33.2693671],[-89.4149025,33.2704579],[-89.4132793,33.272747],[-89.4113646,33.2754651],[-89.4101989,33.2772881],[-89.4095028,33.2784502],[-89.4088927,33.2795475],[-89.4078863,33.2815106],[-89.4073055,33.2827305],[-89.4067357,33.2840225],[-89.4064317,33.2847867],[-89.4060263,33.2858924],[-89.4060263,33.2858924],[-89.405371,33.287656],[-89.404207,33.291103],[-89.403977,33.291742],[-89.403463,33.292897],[-89.4032923,33.2932427],[-89.4031572,33.2935619],[-89.4029051,33.2939987],[-89.4027727,33.2942102],[-89.402064,33.295251],[-89.401729,33.295699],[-89.401451,33.296059],[-89.400887,33.296723],[-89.40062,33.296999],[-89.400273,33.297359],[-89.399743,33.297893],[-89.39916,33.298416],[-89.398577,33.298921],[-89.397546,33.299687],[-89.396655,33.300279],[-89.396537,33.300358],[-89.395438,33.300972],[-89.394666,33.301386],[-89.393119,33.302056],[-89.392649,33.302244],[-89.391823,33.302529],[-89.391237,33.302706],[-89.387386,33.303859],[-89.383853,33.304907],[-89.382689,33.305275],[-89.381539,33.305717],[-89.380543,33.30614],[-89.379497,33.306624],[-89.378302,33.30725],[-89.378005,33.307434],[-89.377022,33.308104],[-89.37592,33.308875],[-89.375078,33.309554],[-89.37412,33.310423],[-89.373732,33.310781],[-89.373351,33.311176],[-89.373236,33.311326],[-89.373075,33.311572],[-89.371672,33.313415],[-89.371108,33.314234],[-89.370547,33.31543],[-89.369963,33.316791],[-89.369838,33.317189],[-89.36974,33.317558],[-89.369651,33.317951],[-89.36939,33.319403],[-89.369115,33.320599],[-89.369055,33.320805],[-89.36867,33.322138],[-89.36857,33.322428],[-89.368348,33.322955],[-89.367997,33.323707],[-89.367264,33.324981],[-89.366357,33.32627],[-89.364873,33.328207],[-89.364343,33.328798],[-89.363753,33.329456],[-89.362589,33.330778],[-89.361771,33.331581],[-89.359796,33.333511],[-89.358664,33.334822],[-89.357533,33.336149],[-89.356764,33.337246],[-89.35622,33.338051],[-89.353686,33.341569],[-89.352616,33.342912],[-89.351527,33.344166],[-89.349794,33.34611],[-89.348585,33.347368],[-89.348164,33.34778],[-89.347846,33.34809],[-89.346912,33.348976],[-89.345684,33.35006],[-89.344043,33.351551],[-89.343511,33.352015],[-89.34307,33.352399],[-89.340416,33.354571],[-89.3380295,33.3562235],[-89.3358944,33.3577161],[-89.3354841,33.3579785],[-89.3347893,33.3583724],[-89.3340946,33.3587521],[-89.333377,33.359133],[-89.332766,33.35942],[-89.331994,33.359748],[-89.330229,33.360383],[-89.329052,33.360678],[-89.328744,33.360756],[-89.327935,33.360947],[-89.327029,33.361109],[-89.325987,33.36128],[-89.325585,33.361324],[-89.321658,33.361472],[-89.321538,33.361477],[-89.317686,33.361632],[-89.31585,33.361908],[-89.314017,33.362285],[-89.312644,33.362707],[-89.311937,33.362988],[-89.308727,33.36452],[-89.308633,33.364572],[-89.305955,33.366044],[-89.305468,33.366262],[-89.30428,33.366794],[-89.302742,33.367441],[-89.301812,33.367744],[-89.299167,33.36878],[-89.298128,33.369217],[-89.297254,33.369584],[-89.296036,33.370164],[-89.293534,33.371445],[-89.292848,33.371909],[-89.292084,33.372441],[-89.291443,33.373072],[-89.29037,33.374524],[-89.289864,33.375631],[-89.289812,33.375794],[-89.28937,33.377194],[-89.288506,33.379816],[-89.288174,33.380547],[-89.28751,33.381788],[-89.286747,33.382886],[-89.286096,33.383699],[-89.284939,33.384779],[-89.284512,33.385178],[-89.283451,33.386058],[-89.283026,33.386353],[-89.281187,33.387636],[-89.27984,33.388742],[-89.278868,33.38977],[-89.27821,33.390583],[-89.277306,33.392068],[-89.276621,33.393402],[-89.276449,33.393864],[-89.276325,33.394199],[-89.276074,33.395186],[-89.275804,33.396371],[-89.27574,33.396653],[-89.275593,33.397711],[-89.275527,33.398361],[-89.275489,33.399186],[-89.275413,33.40227],[-89.275355,33.403751],[-89.27528,33.40461],[-89.27495,33.406748],[-89.274879,33.407049],[-89.274573,33.408341],[-89.274259,33.409376],[-89.274182,33.409602],[-89.273928,33.410345],[-89.273522,33.411386],[-89.273482,33.411489],[-89.273217,33.412114],[-89.272718,33.413137],[-89.272089,33.414237],[-89.2711942,33.4156701],[-89.2711128,33.4157945],[-89.2709541,33.4160394],[-89.270704,33.416407],[-89.2705127,33.4166487],[-89.269654,33.4177825],[-89.2695409,33.4179201],[-89.268683,33.418965],[-89.268447,33.419243],[-89.267387,33.420358],[-89.266381,33.421267],[-89.265181,33.422306],[-89.264913,33.422503],[-89.2629003,33.4239656],[-89.2625347,33.4242105],[-89.260301,33.425724],[-89.255756,33.4289],[-89.2524224,33.4313247],[-89.2521118,33.4315599],[-89.251067,33.432426],[-89.246834,33.435723],[-89.243363,33.4384738],[-89.2428477,33.4388929],[-89.2413491,33.4401871],[-89.2413491,33.4401871],[-89.2407309,33.4407125],[-89.2407309,33.4407125],[-89.238109,33.443043],[-89.2356022,33.4452841],[-89.232498,33.4482242],[-89.2320164,33.4486887],[-89.230775,33.450004],[-89.228944,33.451848],[-89.227214,33.453588],[-89.224552,33.456477],[-89.2231751,33.457917],[-89.2229765,33.4581247],[-89.221817,33.459494],[-89.221605,33.459753],[-89.220222,33.461272],[-89.218603,33.462909],[-89.2156948,33.4655781],[-89.2148281,33.4663913],[-89.2145843,33.46662],[-89.210053,33.470902],[-89.206932,33.473759],[-89.2060164,33.4746533],[-89.2057354,33.4749471],[-89.2024022,33.4786871],[-89.2012771,33.4801136],[-89.2006535,33.4809419],[-89.1995705,33.4824078],[-89.198224,33.4843701],[-89.191475,33.4951115],[-89.1907954,33.4960909],[-89.188887,33.49911],[-89.187864,33.500566],[-89.186702,33.502222],[-89.182233,33.507817],[-89.181794,33.508358],[-89.1810356,33.5092921],[-89.1808631,33.5095046],[-89.180676,33.509735],[-89.177168,33.513551],[-89.1764008,33.5144204],[-89.1760417,33.5147682],[-89.1752594,33.5154993],[-89.1745816,33.5161444],[-89.1728382,33.517723],[-89.171816,33.518602],[-89.1714867,33.5188641],[-89.170135,33.5199568],[-89.168907,33.5209049],[-89.1674645,33.5219688],[-89.1662947,33.5228058],[-89.162931,33.5252449],[-89.161022,33.5266376],[-89.1606851,33.5268829],[-89.159079,33.528072],[-89.1587091,33.5283396],[-89.156477,33.5300757],[-89.1553232,33.5310167],[-89.1539031,33.5322593],[-89.1535276,33.532588],[-89.152583,33.533453],[-89.151546,33.53447],[-89.1493672,33.5366729],[-89.1489467,33.5371089],[-89.1477379,33.538419],[-89.1473008,33.5389286],[-89.1463963,33.5400506],[-89.1463963,33.5400506],[-89.1456716,33.5409118],[-89.1456716,33.5409118],[-89.1449177,33.5418651],[-89.144463,33.54244],[-89.144232,33.5427626],[-89.142736,33.544857],[-89.141624,33.546574],[-89.1412564,33.5471831],[-89.140005,33.5493101],[-89.1392503,33.5506927],[-89.1384955,33.5521717],[-89.1381725,33.5528372],[-89.1378522,33.5535167],[-89.1371328,33.5550671],[-89.1363625,33.5566448],[-89.1360183,33.5573408],[-89.1358236,33.5577288],[-89.135643,33.5580838],[-89.1349884,33.5593276],[-89.1343254,33.5605243],[-89.1336793,33.5616388],[-89.1326579,33.5632987],[-89.1320117,33.564312],[-89.1313995,33.5652336],[-89.130804,33.566105],[-89.129029,33.568574],[-89.127811,33.570144],[-89.126871,33.571418],[-89.1254462,33.5735674],[-89.1252577,33.5738508],[-89.1249464,33.5743749],[-89.124039,33.575982],[-89.123097,33.577977],[-89.122471,33.579651],[-89.122144,33.580525],[-89.120648,33.585727],[-89.1202619,33.5875621],[-89.1200718,33.5881358],[-89.1198438,33.5888243],[-89.118658,33.592404],[-89.117238,33.595383],[-89.11694,33.596007],[-89.115521,33.598436],[-89.113042,33.601159],[-89.112923,33.601284],[-89.109667,33.604718],[-89.10856,33.605768],[-89.1065913,33.607634],[-89.10612,33.6080281],[-89.104907,33.60896],[-89.102212,33.61092],[-89.101049,33.611632],[-89.100362,33.612074],[-89.098359,33.613181],[-89.097645,33.613594],[-89.097503,33.613676],[-89.096317,33.614304],[-89.094673,33.615252],[-89.094096,33.615645],[-89.093438,33.61608],[-89.091843,33.617232],[-89.090363,33.618438],[-89.090317,33.618478],[-89.089028,33.619619],[-89.088342,33.620251],[-89.087922,33.620716],[-89.086206,33.622332],[-89.086092,33.622439],[-89.085001,33.623596],[-89.083449,33.625412],[-89.082528,33.626614],[-89.081954,33.627439],[-89.081954,33.627439],[-89.081413,33.62824],[-89.081413,33.62824],[-89.080396,33.629896],[-89.079767,33.631139],[-89.07945,33.631726],[-89.079077,33.632519],[-89.078233,33.634585],[-89.078176,33.634757],[-89.078,33.635283],[-89.0778,33.63584],[-89.077727,33.636043],[-89.077421,33.636993],[-89.076514,33.641665],[-89.076224,33.643217],[-89.075936,33.644621],[-89.07543,33.646535],[-89.074754,33.648327],[-89.074209,33.64963],[-89.07418,33.649692],[-89.073835,33.650425],[-89.072607,33.652539],[-89.072467,33.652779],[-89.072448,33.6528053],[-89.0721948,33.6531558],[-89.072017,33.653402],[-89.070865,33.654959],[-89.070337,33.655584],[-89.069442,33.656642],[-89.068159,33.657953],[-89.066822,33.659105],[-89.065943,33.65975],[-89.0655923,33.6599926],[-89.065148,33.6603],[-89.064308,33.6608074],[-89.064308,33.6608074],[-89.064009,33.660988],[-89.063762,33.661137],[-89.063558,33.661245],[-89.063274,33.6613949],[-89.063274,33.6613949],[-89.062372,33.661871],[-89.0603032,33.6629756],[-89.0597001,33.6633304],[-89.0578755,33.6644922],[-89.0577173,33.6645934],[-89.057224,33.664944],[-89.0566942,33.6653264],[-89.055606,33.666158],[-89.054529,33.667017],[-89.053612,33.667749],[-89.052338,33.668958],[-89.051616,33.669657],[-89.050993,33.6701712],[-89.049436,33.6718567],[-89.0483841,33.6731376],[-89.0480589,33.6735824],[-89.0473567,33.6745434],[-89.0466064,33.6756799],[-89.0461249,33.6764589],[-89.0459583,33.6767441],[-89.0452939,33.6779652],[-89.0447211,33.679124],[-89.0441095,33.680528],[-89.0434839,33.6821726],[-89.0430985,33.6833156],[-89.0427,33.684742],[-89.042695,33.68476],[-89.042349,33.686049],[-89.0420273,33.6874209],[-89.0419315,33.6878417],[-89.041818,33.688783],[-89.041656,33.689877],[-89.04151,33.691146],[-89.04136,33.693162],[-89.041353,33.694251],[-89.041344,33.695755],[-89.041301,33.696961],[-89.041296,33.697719],[-89.041245,33.698464],[-89.041082,33.699974],[-89.040888,33.701062],[-89.040791,33.701575],[-89.040604,33.702376],[-89.040237,33.703731],[-89.039756,33.705152],[-89.039433,33.705942],[-89.038908,33.707082],[-89.0386329,33.7076834],[-89.0385188,33.7079946],[-89.038102,33.708757],[-89.037312,33.710382],[-89.037064,33.710882],[-89.0366285,33.7119998],[-89.0361253,33.7133581],[-89.0357917,33.7144323],[-89.0355,33.7155283],[-89.0353939,33.7159484],[-89.0351078,33.7173958],[-89.0349719,33.7184813],[-89.0348451,33.72021],[-89.034716,33.7218524],[-89.0347058,33.7223889],[-89.0346439,33.7231218],[-89.0343953,33.7244519],[-89.0337586,33.727183],[-89.0331664,33.7287563],[-89.0320632,33.7312015],[-89.0316486,33.7319414],[-89.0312313,33.732701],[-89.0310472,33.7330259],[-89.0285884,33.7369742],[-89.0270524,33.7396982],[-89.0252974,33.7432932],[-89.0252294,33.7434562],[-89.0236514,33.7472082],[-89.0224787,33.7500769],[-89.021231,33.754409],[-89.0210302,33.755182],[-89.0208534,33.7559839],[-89.0205264,33.7574918],[-89.0205217,33.7575183],[-89.0203739,33.7583401],[-89.02004,33.7600767],[-89.0197321,33.761828],[-89.0192458,33.7645354],[-89.018546,33.767782],[-89.0184026,33.7686813],[-89.0183332,33.7689952],[-89.0176125,33.7716961],[-89.0170735,33.7739534],[-89.016432,33.7761998],[-89.015718,33.7786416],[-89.0156066,33.7789663],[-89.0148928,33.781254],[-89.0136121,33.7847258],[-89.0126058,33.7871463],[-89.0124353,33.7875358],[-89.0120798,33.7882927],[-89.0106662,33.791187],[-89.0091942,33.7935986],[-89.0076609,33.7963686],[-89.0054458,33.7995772],[-89.0053021,33.799763],[-89.0044157,33.8009553],[-89.0026259,33.8032359],[-89.0010422,33.8050401],[-89.0001287,33.806022],[-88.9988159,33.8073319],[-88.9963773,33.8095673],[-88.9947841,33.8110409],[-88.9944091,33.8113448],[-88.9918093,33.8139051],[-88.9900933,33.8157396],[-88.9885863,33.8174997],[-88.9876795,33.8186115],[-88.9874007,33.8189659],[-88.985464,33.8215618],[-88.985262,33.8218445],[-88.9849646,33.8222803],[-88.9847062,33.8226249],[-88.9844852,33.8229531],[-88.9841939,33.8234037],[-88.9839562,33.823789],[-88.9837503,33.8241367],[-88.982604,33.8262026],[-88.9815232,33.828378],[-88.9804631,33.8308133],[-88.9798193,33.8324797],[-88.9791291,33.8341294],[-88.9786751,33.8350519],[-88.9782624,33.835879],[-88.9779005,33.8365665],[-88.9770583,33.8380191],[-88.9765748,33.8387809],[-88.9757364,33.84001],[-88.9750805,33.8409044],[-88.9749186,33.8411078],[-88.9743973,33.8417812],[-88.9734417,33.842911],[-88.9725932,33.843897],[-88.9716234,33.8449296],[-88.9695794,33.8468168],[-88.9691314,33.8472132],[-88.9681675,33.8479983],[-88.9668072,33.8490381],[-88.9644048,33.8507188],[-88.961447,33.8527967],[-88.9599175,33.8540298],[-88.9583068,33.8554536],[-88.9573466,33.8564283],[-88.9568389,33.8570014],[-88.9562705,33.857691],[-88.9559568,33.8580741],[-88.9551264,33.8593184],[-88.9547241,33.8600142],[-88.9543654,33.8607276],[-88.9542012,33.8611371],[-88.9540165,33.8615956],[-88.9537805,33.862231],[-88.9535461,33.8630003],[-88.9533168,33.8639215],[-88.9530695,33.8653903],[-88.9529991,33.8659657],[-88.952969,33.8665133],[-88.9529227,33.8679183],[-88.9529579,33.8688632],[-88.953372,33.8728956],[-88.9535013,33.875049],[-88.9535394,33.8764512],[-88.9535074,33.8779813],[-88.9534427,33.8790846],[-88.9534427,33.8790846],[-88.9532183,33.8815442],[-88.9532183,33.8815442],[-88.9527367,33.8852529],[-88.9526845,33.8856256],[-88.952246,33.888187],[-88.9516604,33.8909223],[-88.950655,33.894897],[-88.950096,33.8963529],[-88.9492734,33.8982576],[-88.948266,33.900026],[-88.9481818,33.9001613],[-88.947937,33.90053],[-88.946509,33.902659],[-88.946445,33.90274],[-88.9442647,33.9056603],[-88.9440736,33.9058868],[-88.9421918,33.9080989],[-88.9407069,33.9097635],[-88.9398104,33.9106583],[-88.9394459,33.911034],[-88.9392198,33.9112633],[-88.938808,33.9116809],[-88.937556,33.912919],[-88.9364788,33.9140051],[-88.9361,33.914339],[-88.9356349,33.9148169],[-88.931953,33.918438],[-88.93145,33.919037],[-88.930145,33.920593],[-88.929783,33.921026],[-88.927118,33.924392],[-88.926404,33.925537],[-88.9256194,33.927414],[-88.9253068,33.9284719],[-88.9250632,33.9294964],[-88.9248145,33.930552],[-88.9247375,33.9313535],[-88.9247428,33.9321468],[-88.9247486,33.932706],[-88.9247524,33.9330686],[-88.9247552,33.933335],[-88.9247967,33.9340003],[-88.9252735,33.9379313],[-88.9254265,33.9389307],[-88.925606,33.939825],[-88.926484,33.944268],[-88.9269663,33.9460576],[-88.927533,33.9477137],[-88.927968,33.948802],[-88.92828,33.949487],[-88.9287974,33.9505671],[-88.9295497,33.9521469],[-88.9302377,33.9537159],[-88.9306259,33.9546517],[-88.9307465,33.9549575],[-88.9310369,33.955743],[-88.93132,33.956474],[-88.9315092,33.957142],[-88.9316947,33.9577029],[-88.9320172,33.958874],[-88.9321487,33.9596326],[-88.9322101,33.9601931],[-88.9322406,33.9609166],[-88.9321877,33.9622396],[-88.9318171,33.9639923],[-88.9313671,33.9652373],[-88.9310467,33.9660655],[-88.9304268,33.9674046],[-88.9295884,33.9689119],[-88.9286475,33.9704109],[-88.9275837,33.9718365],[-88.9255187,33.9741788],[-88.923843,33.975777],[-88.9222066,33.9772001],[-88.9193623,33.9791361],[-88.9183067,33.9798068],[-88.9179245,33.9800496],[-88.9165368,33.980934],[-88.915794,33.9814201],[-88.9151218,33.9819126],[-88.9144821,33.9824321],[-88.9137471,33.9831265],[-88.9130261,33.9839073],[-88.9125259,33.9845287],[-88.9119388,33.9853714],[-88.9114087,33.9863219],[-88.91112,33.986842],[-88.9110039,33.9870901],[-88.9107319,33.9875893],[-88.9099681,33.9890541],[-88.9089875,33.9909334],[-88.9084436,33.9919086],[-88.9081851,33.9923896],[-88.9078729,33.9928527],[-88.9073461,33.993601],[-88.9063301,33.9948039],[-88.9052044,33.995893],[-88.9014071,33.9995017],[-88.9002945,34.0008963],[-88.899282,34.00229],[-88.8987971,34.0030939],[-88.898388,34.0038511],[-88.8979682,34.004684],[-88.8972304,34.006631],[-88.8971338,34.0069187],[-88.896566,34.0089802],[-88.896227,34.0110705],[-88.8958392,34.0142212],[-88.8958106,34.0143705],[-88.8956983,34.0149571],[-88.8956116,34.0153768],[-88.8939835,34.0201923],[-88.8939835,34.0201923],[-88.8933561,34.021617],[-88.8933561,34.021617],[-88.8927304,34.0228352],[-88.8920069,34.0242814],[-88.890553,34.026849],[-88.8896081,34.0284439],[-88.8882391,34.030488],[-88.8867827,34.0326245],[-88.8855146,34.0344783],[-88.8841621,34.0365481],[-88.8840323,34.0367444],[-88.8835188,34.0375218],[-88.8830283,34.0383105],[-88.8822548,34.0395763],[-88.8818293,34.0403251],[-88.8795398,34.043998],[-88.8784615,34.0460958],[-88.8775984,34.0475524],[-88.8751353,34.0521207],[-88.8735555,34.0552707],[-88.8728978,34.0567976],[-88.8724923,34.0579369],[-88.8718542,34.0594048],[-88.8711472,34.0616353],[-88.8706434,34.0635758],[-88.870416,34.065041],[-88.8703248,34.0670482],[-88.8703407,34.068783],[-88.8704455,34.0694921],[-88.8705265,34.070207],[-88.8705646,34.0705979],[-88.870604,34.0710029],[-88.8706265,34.0714022],[-88.8706464,34.0717543],[-88.8707084,34.0728857],[-88.8707653,34.0748005],[-88.8707571,34.0750906],[-88.8706354,34.0766866],[-88.8702975,34.0784257],[-88.869633,34.08045],[-88.8686304,34.0833034],[-88.8684833,34.0838333],[-88.8684833,34.0838333],[-88.86805,34.08485],[-88.86715,34.0866],[-88.8662774,34.0879173],[-88.8656711,34.0888111],[-88.8647172,34.0901971],[-88.8644806,34.0905257],[-88.8628667,34.0929167],[-88.8616333,34.0947833],[-88.86085,34.0961667],[-88.8602,34.0975833],[-88.8598833,34.0984167],[-88.8594333,34.0998833],[-88.859,34.1017333],[-88.8586515,34.1035086],[-88.8585837,34.1038391],[-88.8584167,34.1046833],[-88.8579167,34.1065833],[-88.8574667,34.108],[-88.8569333,34.1094333],[-88.8561333,34.11125],[-88.8550167,34.1133833],[-88.8537333,34.1154667],[-88.8516365,34.1183793],[-88.8513984,34.11871],[-88.8496167,34.1208833],[-88.84795,34.1228],[-88.8463898,34.1244718],[-88.8461524,34.1247067],[-88.8458649,34.1250197],[-88.844116,34.1265835],[-88.8423064,34.1280523],[-88.8415388,34.128657],[-88.8412416,34.1288647],[-88.8403584,34.1294966],[-88.8389331,34.1304383],[-88.8371154,34.1315397],[-88.8352333,34.13265],[-88.8338167,34.13355],[-88.83245,34.1345],[-88.8309333,34.1356667],[-88.8290167,34.1373833],[-88.8275143,34.1389166],[-88.8274,34.1390333],[-88.8269045,34.1395498],[-88.8265323,34.1399378],[-88.8258333,34.1407],[-88.8246923,34.1419739],[-88.8235103,34.1433296],[-88.8229,34.14415],[-88.8224003,34.1447975],[-88.8218983,34.1454562],[-88.8216205,34.1458517],[-88.82115,34.1465167],[-88.82035,34.1478833],[-88.8198836,34.1487685],[-88.8195333,34.1494333],[-88.8192835,34.149967],[-88.8191667,34.1502167],[-88.81785,34.1534667],[-88.817479,34.1543261],[-88.81685,34.1557833],[-88.8153833,34.15875],[-88.8138833,34.1615333],[-88.8116808,34.1651885],[-88.8114686,34.1655407],[-88.8106167,34.1667833],[-88.8081833,34.1702167],[-88.8074929,34.171055],[-88.8063333,34.1725833],[-88.8056333,34.1734167],[-88.8026167,34.1768333],[-88.7990861,34.1809411],[-88.7971,34.1834833],[-88.7958,34.1852167],[-88.7944333,34.1871333],[-88.7928262,34.1895125],[-88.7925925,34.189881],[-88.7915883,34.1914647],[-88.7913365,34.1918616],[-88.7909,34.19255],[-88.78975,34.1945],[-88.7883,34.19715],[-88.7870833,34.1995333],[-88.7850833,34.2037333],[-88.7842831,34.2058157],[-88.7840159,34.206504],[-88.7826419,34.2099778],[-88.7822637,34.2109271],[-88.7819676,34.2117429],[-88.7819676,34.2117429],[-88.7814407,34.2131464],[-88.7814407,34.2131464],[-88.781382,34.2132886],[-88.781019,34.2141766],[-88.7805,34.2154833],[-88.7790333,34.2186333],[-88.7774167,34.2215833],[-88.7757667,34.2242],[-88.7746222,34.225843],[-88.774304,34.2262939],[-88.77245,34.2287167],[-88.7711167,34.2303],[-88.7701319,34.2313921],[-88.769825,34.2317325],[-88.7675171,34.2342917],[-88.7670402,34.2348678],[-88.766155,34.2359372],[-88.7658642,34.2363007],[-88.7648386,34.2376082],[-88.7643046,34.2383003],[-88.7635833,34.23935],[-88.7613717,34.2426492],[-88.7605167,34.2440667],[-88.7594333,34.2460333],[-88.7584833,34.2481333],[-88.7578417,34.2499241],[-88.757626,34.2506122],[-88.7572607,34.2519906],[-88.7571529,34.2524498],[-88.7568627,34.2537958],[-88.7566797,34.2546706],[-88.7565421,34.2553705],[-88.7562906,34.2563619],[-88.7561315,34.2568938],[-88.755296,34.2593465],[-88.7549111,34.2602518],[-88.7546466,34.2608598],[-88.7540421,34.2620426],[-88.7534333,34.2631211],[-88.7525328,34.264541]]}},{"type":"Feature","properties":{"section_id":"blackland_prairie_to_highland_rim","section_name":"Blackland Prairie to Highland Rim (Parkway)","region_id":"mississippi","region_name":"Mississippi","route_id":"roadwalk"},"geometry":{"type":"LineString","coordinates":[[-88.7126349,34.3277894],[-88.712495,34.3279681],[-88.7119617,34.3288038],[-88.7117234,34.3291458],[-88.711541,34.3294029],[-88.7113344,34.3296711],[-88.7110204,34.3300503],[-88.7107976,34.3302907],[-88.7105378,34.3305637],[-88.7102496,34.3308314],[-88.7100553,34.331001],[-88.7098145,34.3311914],[-88.7097054,34.3312785],[-88.709332,34.3315469],[-88.7080276,34.3323876],[-88.7069272,34.3330703],[-88.7063586,34.3334606],[-88.706054,34.3336912],[-88.706054,34.3336912],[-88.7050987,34.3343282],[-88.7050987,34.3343282],[-88.704716,34.3346388],[-88.7040946,34.3351512],[-88.7034806,34.3356801],[-88.7029363,34.3361584],[-88.7026071,34.3364764],[-88.7022201,34.336868],[-88.7019572,34.3371419],[-88.7017508,34.3373743],[-88.7011535,34.338053],[-88.7008981,34.3383651],[-88.700596,34.3386797],[-88.7002105,34.3390753],[-88.6998812,34.3393897],[-88.6994026,34.3397998],[-88.6990237,34.3400743],[-88.6985834,34.3403855],[-88.6979769,34.3408055],[-88.6975726,34.3411038],[-88.6973834,34.3412481],[-88.6972409,34.3413884],[-88.6970761,34.3415536],[-88.696937,34.3417092],[-88.6967387,34.3419535],[-88.6965727,34.3421579],[-88.6964066,34.3423959],[-88.6962771,34.3426156],[-88.6961658,34.3428394],[-88.6960585,34.3430675],[-88.6959838,34.3432262],[-88.6959198,34.3434067],[-88.6958493,34.34363],[-88.6957861,34.3438711],[-88.6956591,34.3444133],[-88.6956042,34.3446519],[-88.6955369,34.344883],[-88.6954768,34.3450455],[-88.6954027,34.3452186],[-88.6953056,34.3454124],[-88.695167,34.3456282],[-88.6950729,34.3457713],[-88.6949561,34.3459194],[-88.6947745,34.3461316],[-88.6945134,34.3463821],[-88.6941259,34.3466971],[-88.6941259,34.3466971],[-88.6939578,34.3468018],[-88.6937267,34.3469332],[-88.6935348,34.3470261],[-88.6933098,34.3471222],[-88.6931554,34.3471789],[-88.6928221,34.3472959],[-88.6928221,34.3472959],[-88.6921872,34.3474723],[-88.6918108,34.3475842],[-88.691501,34.3476769],[-88.6911295,34.3478056],[-88.6908701,34.3479049],[-88.6903973,34.3481064],[-88.6889265,34.3488461],[-88.6885161,34.3490214],[-88.6880899,34.3491732],[-88.6874604,34.3493658],[-88.6871817,34.3494282],[-88.6869298,34.3494858],[-88.686643,34.3495321],[-88.6861272,34.3496039],[-88.6861272,34.3496039],[-88.685537,34.3496672],[-88.6850441,34.3497325],[-88.6850441,34.3497325],[-88.6848059,34.3497737],[-88.6845918,34.3498222],[-88.6843234,34.3498941],[-88.6841088,34.3499675],[-88.6838804,34.3500522],[-88.6837179,34.3501153],[-88.6834317,34.350238],[-88.6832088,34.3503555],[-88.6827204,34.3506578],[-88.6823647,34.3508961],[-88.682084,34.3510995],[-88.6818451,34.3512938],[-88.6816428,34.3514932],[-88.6812876,34.351871],[-88.6811048,34.3520975],[-88.6809239,34.3523356],[-88.6807439,34.352627],[-88.6806293,34.3528257],[-88.6805061,34.3530628],[-88.6803682,34.3533623],[-88.6802796,34.3535825],[-88.6801732,34.3538178],[-88.680067,34.3541428],[-88.6799892,34.3544158],[-88.6799261,34.3546673],[-88.6798518,34.3549984],[-88.6797988,34.3553057],[-88.6797547,34.3555973],[-88.6796841,34.3560301],[-88.6795857,34.3568797],[-88.6795583,34.3572032],[-88.6795295,34.3574017],[-88.6794818,34.3575885],[-88.6794435,34.3577541],[-88.6793694,34.3579554],[-88.6793081,34.3581116],[-88.6792534,34.3582375],[-88.6791757,34.3583672],[-88.6790098,34.3586187],[-88.6788296,34.3588741],[-88.6786444,34.3591103],[-88.6784625,34.3593444],[-88.6779313,34.3599731],[-88.6778288,34.3600857],[-88.6778288,34.3600857],[-88.6776163,34.360365],[-88.6774607,34.3605909],[-88.6773593,34.3607399],[-88.6773593,34.3607399],[-88.6771536,34.3610851],[-88.6769932,34.3613921],[-88.6768394,34.3616892],[-88.6766813,34.36201],[-88.6765225,34.3623478],[-88.6763225,34.3626963],[-88.6762038,34.3628936],[-88.6760936,34.36305],[-88.675923,34.3632919],[-88.6757595,34.3635035],[-88.67557,34.36371],[-88.6752303,34.3640655],[-88.6749988,34.3643039],[-88.6746492,34.364585],[-88.6746141,34.3646114],[-88.6742773,34.3648646],[-88.6740133,34.3650542],[-88.6738246,34.3652005],[-88.6735254,34.3654323],[-88.6732641,34.3656542],[-88.6728304,34.3660088],[-88.6722784,34.3664743],[-88.6719185,34.3667774],[-88.6710129,34.3676012],[-88.6700796,34.3685114],[-88.6689152,34.3697318],[-88.6682381,34.3703765],[-88.6678771,34.3706926],[-88.6673477,34.3711475],[-88.6669179,34.3715067],[-88.6665345,34.3718034],[-88.6660321,34.3721926],[-88.6658787,34.3723],[-88.6651862,34.3727802],[-88.6647051,34.3731122],[-88.6632632,34.3742214],[-88.6625259,34.374862],[-88.662236,34.3751283],[-88.6620927,34.375269],[-88.6617655,34.3755704],[-88.6615633,34.3757798],[-88.6612696,34.3760821],[-88.6610008,34.3763843],[-88.6606504,34.3767841],[-88.6604194,34.3770583],[-88.6601508,34.3774466],[-88.6597608,34.377985],[-88.659522,34.3784139],[-88.6593377,34.3787286],[-88.6591738,34.3790144],[-88.6591738,34.3790144],[-88.6588624,34.3797061],[-88.6588624,34.3797061],[-88.6587873,34.3798741],[-88.6585928,34.3803482],[-88.6583541,34.3809393],[-88.6582269,34.3812643],[-88.6581962,34.3813428],[-88.65808,34.381624],[-88.657815,34.382169],[-88.6574107,34.3829317],[-88.6568255,34.3838595],[-88.6558514,34.3852131],[-88.6555098,34.3857081],[-88.6551509,34.386283],[-88.6549057,34.3867149],[-88.6545065,34.3875021],[-88.6541507,34.3883127],[-88.6538666,34.3890789],[-88.6536588,34.3897612],[-88.6534196,34.3906433],[-88.653288,34.3910406],[-88.6530966,34.3914539],[-88.6529038,34.3917796],[-88.6525898,34.3922411],[-88.6522145,34.3926272],[-88.6516284,34.3931195],[-88.6509586,34.3936303],[-88.6506192,34.3939214],[-88.650229,34.3944075],[-88.6499868,34.3948085],[-88.649779,34.3953266],[-88.6496055,34.3958004],[-88.6493768,34.3962951],[-88.649151,34.3966294],[-88.6488789,34.3969379],[-88.6485156,34.3972636],[-88.6481448,34.3975078],[-88.6477366,34.3977126],[-88.6472253,34.3979125],[-88.646403,34.3981789],[-88.6456554,34.3984652],[-88.645008,34.3987847],[-88.6443636,34.3991622],[-88.6438942,34.3994768],[-88.6433215,34.3999209],[-88.6429747,34.4002281],[-88.6424618,34.4007129],[-88.6418473,34.4013655],[-88.6413898,34.4019095],[-88.6409129,34.4025707],[-88.6404464,34.4033158],[-88.6400921,34.4039622],[-88.6397332,34.4045889],[-88.6394955,34.404901],[-88.6391083,34.4052784],[-88.6388302,34.4054894],[-88.6383951,34.4057521],[-88.6378494,34.4060025],[-88.63706,34.4063603],[-88.6365277,34.40666],[-88.6359999,34.4070609],[-88.6355349,34.4074273],[-88.6348128,34.40797],[-88.6340832,34.4084388],[-88.6334582,34.4087619],[-88.6328318,34.4090346],[-88.631848,34.4093972],[-88.6312125,34.4096612],[-88.6307356,34.4099288],[-88.6302497,34.4102557],[-88.6298131,34.4106443],[-88.6293735,34.4110106],[-88.629058,34.4112508],[-88.6288027,34.4114248],[-88.628405,34.4116592],[-88.6279938,34.4118677],[-88.6275915,34.4120311],[-88.6270667,34.4122087],[-88.6265643,34.4123321],[-88.626038,34.4124271],[-88.6252023,34.4125479],[-88.6245788,34.412654],[-88.6241019,34.4127897],[-88.6236354,34.4129365],[-88.6227637,34.4132769],[-88.6223496,34.4134286],[-88.6219399,34.4135421],[-88.6214645,34.4136223],[-88.6207154,34.4136839],[-88.6199948,34.4136901],[-88.6190005,34.4137049],[-88.6181587,34.4137592],[-88.6174127,34.4138517],[-88.6167952,34.4139578],[-88.616097,34.4141033],[-88.6154152,34.4142871],[-88.6145884,34.4145609],[-88.6139006,34.4148434],[-88.6131949,34.4151604],[-88.6125012,34.4155057],[-88.6119301,34.4158523],[-88.611681,34.416012],[-88.611048,34.4164887],[-88.6105635,34.4168736],[-88.6099475,34.417371],[-88.6096303,34.4176832],[-88.6095099,34.4177872],[-88.6091038,34.4181384],[-88.6087234,34.4183953],[-88.6076876,34.4189458],[-88.6059495,34.4198476],[-88.605459,34.4201266],[-88.6050192,34.4204319],[-88.6045181,34.4207947],[-88.6037357,34.4213423],[-88.6033873,34.4215414],[-88.6032748,34.4216057],[-88.6027779,34.4218272],[-88.6021816,34.4220749],[-88.6016023,34.4222144],[-88.6005726,34.4224202],[-88.5990333,34.4226819],[-88.5980776,34.4228423],[-88.5968322,34.4230255],[-88.5954662,34.4232121],[-88.5942885,34.4233551],[-88.5936605,34.4234214],[-88.5929311,34.4234632],[-88.5921995,34.423472],[-88.5916453,34.4234655],[-88.5912087,34.4234408],[-88.5906271,34.4233865],[-88.5899423,34.4232916],[-88.5893831,34.423188],[-88.5887597,34.4230597],[-88.5881048,34.4229043],[-88.5873275,34.4227417],[-88.5865769,34.422637],[-88.5858706,34.4225777],[-88.5852088,34.4225655],[-88.5845534,34.4225847],[-88.5835638,34.4226475],[-88.5829274,34.4226667],[-88.5821154,34.4226632],[-88.5811576,34.4226318],[-88.5802843,34.4225847],[-88.579705,34.4226074],[-88.579225,34.4226684],[-88.5787514,34.4227905],[-88.5782947,34.4229632],[-88.5778316,34.4231969],[-88.577248,34.423612],[-88.5767089,34.4240044],[-88.5762099,34.4242905],[-88.5758504,34.4244527],[-88.575455,34.4245992],[-88.5749898,34.4247265],[-88.5736051,34.4249548],[-88.571635,34.4252713],[-88.5709576,34.4254991],[-88.5703734,34.4257004],[-88.5694015,34.4260996],[-88.5690398,34.4262248],[-88.5685018,34.4263125],[-88.5680211,34.4263778],[-88.5673909,34.4263853],[-88.5669298,34.4263575],[-88.5659564,34.4262168],[-88.5653907,34.4261577],[-88.5648883,34.4261589],[-88.5643929,34.4261968],[-88.5638056,34.4263085],[-88.5620013,34.4268548],[-88.5615207,34.4269575],[-88.560786,34.4270311],[-88.5593132,34.4269146],[-88.5579898,34.42689],[-88.5566664,34.4271504],[-88.5559736,34.427401],[-88.5543603,34.4282404],[-88.5527163,34.4289938],[-88.5523086,34.4291351],[-88.5515673,34.4293541],[-88.5509615,34.4295082],[-88.5503273,34.4297071],[-88.5489117,34.4299717],[-88.5477734,34.4302312],[-88.5468121,34.4304795],[-88.5454902,34.4308905],[-88.544304,34.4313347],[-88.5435369,34.4316392],[-88.5422719,34.432186],[-88.541733,34.4324238],[-88.5402475,34.4330614],[-88.5385461,34.433798],[-88.5370408,34.4343804],[-88.5356224,34.434939],[-88.5349092,34.4352061],[-88.5320851,34.436187],[-88.5301942,34.4369141],[-88.5287311,34.4375626],[-88.5272748,34.4382788],[-88.5256494,34.4391616],[-88.5236097,34.4403746],[-88.5218775,34.441317],[-88.5213442,34.4415775],[-88.5204805,34.4419569],[-88.5195774,34.4423104],[-88.5189033,34.4425628],[-88.5183813,34.4427908],[-88.517794,34.4430863],[-88.5172638,34.4434115],[-88.5167714,34.443765],[-88.5161717,34.4442546],[-88.5155458,34.4447202],[-88.5149662,34.4451057],[-88.5144432,34.4454186],[-88.5137144,34.4458021],[-88.5129566,34.4461838],[-88.5123769,34.4464958],[-88.5118378,34.4467858],[-88.5111992,34.4471798],[-88.5104333,34.4476807],[-88.509377,34.4484307],[-88.5082657,34.4493247],[-88.5072677,34.4502206],[-88.506466,34.4510004],[-88.5059408,34.451478],[-88.5053534,34.4518949],[-88.5047267,34.4522133],[-88.5040903,34.4524561],[-88.5029499,34.4527692],[-88.5025848,34.4528841],[-88.5021109,34.45307],[-88.5016304,34.4533009],[-88.501246,34.4535154],[-88.500893,34.453749],[-88.5002361,34.4542389],[-88.4998365,34.454519],[-88.499471,34.4547374],[-88.4990281,34.4549866],[-88.4986591,34.4551499],[-88.4981599,34.4553509],[-88.4976825,34.4555083],[-88.4972917,34.4556049],[-88.4967215,34.4557284],[-88.4958976,34.4558379],[-88.4949316,34.4559718],[-88.4943037,34.4560757],[-88.4940218,34.4561566],[-88.4933694,34.4563284],[-88.4925125,34.4566306],[-88.4913973,34.4571033],[-88.4908621,34.4573028],[-88.4900734,34.457546],[-88.4895051,34.4576744],[-88.4887131,34.4577987],[-88.4883552,34.4578479],[-88.4880288,34.4578834],[-88.4870886,34.4580141],[-88.4864844,34.4580871],[-88.4854406,34.4582728],[-88.4844862,34.4584928],[-88.4836842,34.4587155],[-88.4828392,34.4589792],[-88.4819577,34.4592715],[-88.4810182,34.4596267],[-88.4802544,34.4599423],[-88.4796827,34.4601978],[-88.4789503,34.4605421],[-88.4779313,34.4610831],[-88.4774013,34.4613822],[-88.4768245,34.4617279],[-88.4754393,34.4625681],[-88.4747384,34.4629547],[-88.4743009,34.4631774],[-88.471669,34.464131],[-88.4709209,34.4643203],[-88.4702075,34.4645591],[-88.4694672,34.4648599],[-88.4689337,34.4651813],[-88.468371,34.4655841],[-88.4677479,34.466054],[-88.4673214,34.466326],[-88.466911,34.4665184],[-88.4666348,34.46664],[-88.4663683,34.466721],[-88.465763,34.4668656],[-88.4645535,34.4670643],[-88.4639955,34.4671796],[-88.4634161,34.4673609],[-88.4630191,34.4675135],[-88.4623772,34.4678361],[-88.4615359,34.4683096],[-88.460868,34.4686523],[-88.4601487,34.4689585],[-88.4593472,34.4692251],[-88.4586069,34.4694219],[-88.4578851,34.4695514],[-88.457078,34.4696386],[-88.4562841,34.4696651],[-88.4553464,34.4696434],[-88.4545755,34.4695877],[-88.4537544,34.4695054],[-88.4506162,34.4690363],[-88.4488576,34.4688206],[-88.4467812,34.4686799],[-88.4455019,34.4686201],[-88.4450371,34.4686152],[-88.4418169,34.4686719],[-88.4380337,34.4690058],[-88.4370263,34.4690582],[-88.4362131,34.4690936],[-88.4336363,34.4691418],[-88.4336363,34.4691418],[-88.432749,34.4691761],[-88.432749,34.4691761],[-88.4315128,34.4692798],[-88.4302388,34.4694583],[-88.4302388,34.4694583],[-88.4293601,34.4696273],[-88.4293601,34.4696273],[-88.4279095,34.4699604],[-88.4279095,34.4699604],[-88.4269962,34.4701686],[-88.4269962,34.4701686],[-88.426265,34.4703176],[-88.4248184,34.4705603],[-88.4248184,34.4705603],[-88.4238306,34.4707057],[-88.4238306,34.4707057],[-88.42293,34.4708162],[-88.4224907,34.4708787],[-88.421951,34.470955],[-88.4211031,34.4711058],[-88.4206514,34.4712049],[-88.4200087,34.471346],[-88.4182719,34.4718418],[-88.416606,34.4723683],[-88.4156312,34.4726147],[-88.4151554,34.4727173],[-88.413874,34.4729403],[-88.4132868,34.4730555],[-88.4127176,34.4731837],[-88.4121379,34.4733606],[-88.411518,34.4736104],[-88.4109159,34.4739289],[-88.4103663,34.4742839],[-88.4099483,34.4746003],[-88.4095974,34.47491],[-88.4092137,34.4754034],[-88.4085915,34.4764243],[-88.4082704,34.4768906],[-88.4080152,34.4771809],[-88.4077198,34.4774667],[-88.4070886,34.4779322],[-88.4062065,34.4784547],[-88.4055145,34.4789206],[-88.4049176,34.4793866],[-88.4039126,34.4802908],[-88.403409,34.4808427],[-88.4028386,34.4815551],[-88.4024456,34.4819985],[-88.4018886,34.4824797],[-88.4013192,34.4828641],[-88.4009163,34.4830857],[-88.4001965,34.4834106],[-88.3998553,34.4835327],[-88.3994635,34.4836459],[-88.3991539,34.4837189],[-88.3979316,34.483906],[-88.3969874,34.4840638],[-88.3963642,34.4842106],[-88.3955656,34.4844864],[-88.394964,34.484751],[-88.3944649,34.4850201],[-88.3937607,34.4854604],[-88.3929136,34.4860652],[-88.3921641,34.4867013],[-88.3910024,34.4877837],[-88.3903844,34.4883372],[-88.3898882,34.4886996],[-88.3894485,34.4889715],[-88.3888899,34.4892531],[-88.3883907,34.4894392],[-88.3878113,34.4895886],[-88.3869883,34.4897159],[-88.3857672,34.4898776],[-88.384855,34.4900563],[-88.3840558,34.4902694],[-88.3833071,34.490502],[-88.3822582,34.4909086],[-88.3812896,34.4913738],[-88.3805587,34.4917485],[-88.3795604,34.4921526],[-88.3787226,34.4924317],[-88.3778164,34.4926668],[-88.3768983,34.492875],[-88.3758613,34.4931321],[-88.3751126,34.4933574],[-88.3741915,34.4936733],[-88.3732319,34.494048],[-88.3724118,34.4944226],[-88.3714977,34.4949139],[-88.3711334,34.4951152],[-88.3699949,34.4957903],[-88.3689047,34.4966534],[-88.3678875,34.4975696],[-88.3672823,34.4981037],[-88.3664282,34.4987298],[-88.3654625,34.4993666],[-88.3644238,34.4999502],[-88.3633722,34.5004879],[-88.361973,34.5011387],[-88.3606488,34.501839],[-88.3602979,34.5020199],[-88.359157,34.502669],[-88.3582431,34.5032009],[-88.3568739,34.5040604],[-88.3559468,34.5045167],[-88.3552386,34.5048173],[-88.3543502,34.5051357],[-88.3535218,34.5054469],[-88.3523972,34.5059669],[-88.3515131,34.5064727],[-88.3508824,34.5068509],[-88.3499347,34.5073461],[-88.3489485,34.5077398],[-88.3479854,34.5080414],[-88.3468644,34.5083144],[-88.3458071,34.5085381],[-88.3453364,34.5086166],[-88.3447444,34.5086989],[-88.3437863,34.5087747],[-88.3426576,34.508835],[-88.3412284,34.5088286],[-88.3396797,34.5087651],[-88.3374453,34.5085588],[-88.3360046,34.5083779],[-88.3343673,34.5080985],[-88.3331076,34.5078541],[-88.3311622,34.5073906],[-88.3292283,34.5068541],[-88.3258378,34.505837],[-88.3258378,34.505837],[-88.3233219,34.5049867],[-88.3233219,34.5049867],[-88.3219127,34.5045307],[-88.3212415,34.5043611],[-88.3204003,34.5042033],[-88.3196485,34.5041044],[-88.3184051,34.5040232],[-88.3175419,34.5040274],[-88.316224,34.5041273],[-88.3153001,34.5042691],[-88.3148179,34.5043599],[-88.3138365,34.5045958],[-88.3125811,34.5049755],[-88.3105765,34.5056716],[-88.3093594,34.5059961],[-88.3081638,34.5062144],[-88.3071973,34.5063265],[-88.3059814,34.5064318],[-88.3046633,34.506689],[-88.3032868,34.5072474],[-88.3012301,34.5086275],[-88.2993772,34.5093409],[-88.2978983,34.510107],[-88.2970335,34.5107201],[-88.2958791,34.5116289],[-88.294422,34.513348],[-88.293454,34.515158],[-88.2924212,34.5173022],[-88.2921913,34.517594],[-88.2918917,34.5179741],[-88.2916304,34.5183286],[-88.2910653,34.5196528],[-88.290773,34.5201091],[-88.2905678,34.5203876],[-88.2904552,34.5205312],[-88.2897744,34.5211454],[-88.2892551,34.5215732],[-88.2886173,34.5221341],[-88.2878953,34.5234016],[-88.2875879,34.5241994],[-88.2871507,34.5252252],[-88.2866099,34.5260022],[-88.2859453,34.5265462],[-88.2852865,34.5269798],[-88.284021,34.527351],[-88.2836659,34.5274668],[-88.2832976,34.5276166],[-88.2829251,34.5278196],[-88.2825824,34.5280168],[-88.2822197,34.5283065],[-88.2818022,34.5286944],[-88.2813639,34.5291934],[-88.2803405,34.5307451],[-88.2793457,34.5318953],[-88.2779949,34.533043],[-88.277608,34.5334597],[-88.2771702,34.5340194],[-88.276705,34.534987],[-88.2766793,34.5358953],[-88.2766369,34.5371998],[-88.276469,34.5381212],[-88.2762611,34.5386269],[-88.2756129,34.5397438],[-88.2754025,34.5403122],[-88.2752592,34.5407418],[-88.2752135,34.5410299],[-88.2752135,34.5410299],[-88.2751961,34.5413631],[-88.275198,34.5417474],[-88.2752271,34.5420419],[-88.2752271,34.5420419],[-88.2753462,34.5423005],[-88.2754061,34.5425821],[-88.2756467,34.5436166],[-88.2757813,34.5439968],[-88.2760373,34.5452376],[-88.276257,34.54724],[-88.276062,34.55024],[-88.2759031,34.552183],[-88.2758912,34.5527867],[-88.2758332,34.5542969],[-88.2757852,34.5548373],[-88.2755714,34.5555529],[-88.2753511,34.5561211],[-88.2749605,34.5567401],[-88.2746962,34.557096],[-88.274202,34.5575877],[-88.2736114,34.5580587],[-88.2729441,34.5584875],[-88.2719808,34.5590245],[-88.2706813,34.5597671],[-88.2694951,34.5605958],[-88.2681489,34.5612544],[-88.2667566,34.5617336],[-88.2648576,34.5624228],[-88.2639296,34.563194],[-88.2623025,34.5646628],[-88.262008,34.5649022],[-88.2612476,34.5654696],[-88.2608148,34.5657766],[-88.2602964,34.5661259],[-88.2584545,34.5672538],[-88.2562536,34.5680961],[-88.2543975,34.5687333],[-88.2537938,34.5689855],[-88.2531407,34.5694545],[-88.2522337,34.5701853],[-88.251496,34.571002],[-88.2509034,34.5720329],[-88.2507051,34.5724919],[-88.2503467,34.5737456],[-88.250044,34.575192],[-88.249701,34.5761129],[-88.2493958,34.5768814],[-88.2490971,34.5776853],[-88.2487798,34.5787889],[-88.2487208,34.5791084],[-88.2486189,34.5798521],[-88.2485669,34.5805369],[-88.2486143,34.5813335],[-88.2487753,34.5825083],[-88.2491293,34.5837449],[-88.2492473,34.5844339],[-88.249265,34.584706],[-88.2491982,34.5852656],[-88.248949,34.5864423],[-88.2489335,34.5867656],[-88.2489221,34.5871272],[-88.2489291,34.5878208],[-88.2489169,34.5883165],[-88.2488477,34.5887319],[-88.2486501,34.5892593],[-88.2484357,34.5896693],[-88.2480993,34.5901663],[-88.2474127,34.5908464],[-88.2468548,34.5913852],[-88.2458463,34.5922772],[-88.2452455,34.5927541],[-88.2438078,34.5940524],[-88.2421516,34.5953416],[-88.2418116,34.595555],[-88.2411039,34.5958719],[-88.2404497,34.5961633],[-88.2395377,34.5964282],[-88.2375636,34.5967815],[-88.2364907,34.5971171],[-88.2354286,34.5975322],[-88.2333043,34.5983447],[-88.231016,34.598989],[-88.2304911,34.5991105],[-88.2294464,34.5993587],[-88.2285894,34.5995296],[-88.227221,34.5997665],[-88.2259786,34.6000396],[-88.2249808,34.6003703],[-88.2244664,34.6005487],[-88.2244664,34.6005487],[-88.2223002,34.6015548],[-88.2223002,34.6015548],[-88.2214879,34.6019776],[-88.2214879,34.6019776],[-88.219537,34.6029658],[-88.2192967,34.6030815],[-88.2187865,34.6032701],[-88.2165249,34.6041911],[-88.214341,34.6046335],[-88.2124294,34.6050327],[-88.2120607,34.605104],[-88.2098251,34.6055165],[-88.2066286,34.6061851],[-88.2053723,34.6064792],[-88.2011833,34.6075685],[-88.1991393,34.6081873],[-88.1973842,34.6087485],[-88.1958812,34.6093404],[-88.194537,34.6099299],[-88.193196,34.6106431],[-88.1921354,34.6112287],[-88.1921354,34.6112287],[-88.1897294,34.6126167],[-88.1897294,34.6126167],[-88.1888903,34.6131037],[-88.1877844,34.613714],[-88.1861477,34.6144835],[-88.1851382,34.6149276],[-88.1837512,34.6154965],[-88.1831168,34.6156926],[-88.1824823,34.6159417],[-88.1793548,34.6168057],[-88.1741171,34.6180445],[-88.1737704,34.6181265],[-88.1733382,34.6182443],[-88.1726434,34.6184766],[-88.1720681,34.6186876],[-88.17137,34.619005],[-88.1708516,34.619296],[-88.1699681,34.6198362],[-88.1681419,34.6211161],[-88.1670396,34.6218788],[-88.1659605,34.6226241],[-88.1642714,34.6236407],[-88.1635722,34.6240243],[-88.1612622,34.6250953],[-88.1594476,34.6259364],[-88.1585465,34.6264382],[-88.1579658,34.6267877],[-88.1572359,34.6272845],[-88.1566421,34.6277654],[-88.1560735,34.6283052],[-88.1554085,34.6290093],[-88.1551053,34.6293659],[-88.1546944,34.6299599],[-88.1543336,34.6305523],[-88.1537166,34.6316799],[-88.1528997,34.6333593],[-88.1526953,34.6337615],[-88.1519802,34.6351394],[-88.1517323,34.6355363],[-88.1515757,34.6357773],[-88.151057,34.6364645],[-88.150404,34.637159],[-88.1495972,34.6379144],[-88.1482326,34.6388317],[-88.1471469,34.639369],[-88.1452866,34.6401369],[-88.1443873,34.6404955],[-88.143451,34.640773],[-88.142813,34.6409776],[-88.1413753,34.6413528],[-88.1404204,34.6415911],[-88.139766,34.6417544],[-88.1358001,34.64281],[-88.1348262,34.643128],[-88.1335832,34.6435916],[-88.1330578,34.6438061],[-88.132627,34.643986],[-88.13184,34.6443414],[-88.1307609,34.6448274],[-88.1307609,34.6448274],[-88.129669,34.6453259],[-88.129669,34.6453259],[-88.1284824,34.6458848],[-88.126989,34.646567],[-88.126127,34.646915],[-88.125874,34.647017],[-88.12475,34.647434],[-88.123599,34.647802],[-88.122433,34.648137],[-88.121331,34.648413],[-88.120842,34.648538],[-88.120179,34.648697],[-88.1180628,34.6491874],[-88.1175417,34.6493155],[-88.1164672,34.6495757],[-88.11424,34.650128],[-88.111466,34.650801],[-88.110304,34.651137],[-88.109161,34.651494],[-88.108008,34.651892],[-88.106317,34.652556],[-88.105387,34.652955],[-88.104691,34.653254],[-88.104041,34.653555],[-88.103079,34.653999],[-88.102847,34.654111],[-88.10147,34.654776],[-88.099877,34.655577],[-88.098271,34.656342],[-88.097641,34.6566288],[-88.0964386,34.657141],[-88.0955816,34.6574736],[-88.0946386,34.6578464],[-88.0946386,34.6578464],[-88.0943532,34.6579723],[-88.0941558,34.6580713],[-88.0939242,34.6581949],[-88.0936494,34.6583577],[-88.0936494,34.6583577],[-88.0933145,34.6585639],[-88.0929839,34.6588178],[-88.0927209,34.6591416],[-88.092478,34.659555],[-88.092243,34.659994],[-88.091775,34.660929],[-88.091491,34.661385],[-88.091188,34.661828],[-88.090556,34.662734],[-88.090401,34.663041],[-88.090323,34.663197],[-88.090129,34.6637],[-88.08996,34.664175],[-88.089779,34.664667],[-88.089567,34.665146],[-88.089055,34.666085],[-88.088668,34.666745],[-88.088516,34.667003],[-88.088018,34.667938],[-88.087572,34.668906],[-88.087192,34.669858],[-88.086899,34.670658],[-88.086834,34.670836],[-88.086491,34.671828],[-88.086043,34.673257],[-88.085734,34.674222],[-88.085331,34.675189],[-88.084819,34.676119],[-88.0842,34.676999],[-88.08348,34.677828],[-88.08267,34.678598],[-88.08245,34.67877],[-88.081767,34.679302],[-88.080792,34.679926],[-88.079745,34.680466],[-88.078647,34.680937],[-88.077512,34.681323],[-88.076342,34.681639],[-88.0758874,34.6817272],[-88.0752848,34.6818357],[-88.0745679,34.6819444],[-88.0735494,34.6820906],[-88.0729613,34.6821849],[-88.072684,34.682227],[-88.07207,34.682309],[-88.071787,34.682352],[-88.070847,34.682493],[-88.07024,34.682616],[-88.069648,34.682773],[-88.069067,34.682962],[-88.068511,34.683192],[-88.067975,34.683451],[-88.06746,34.683734],[-88.066966,34.684049],[-88.066511,34.684382],[-88.066069,34.68475],[-88.065651,34.685145],[-88.065261,34.685553],[-88.064604,34.686405],[-88.063936,34.687283],[-88.063282,34.688154],[-88.06262,34.688987],[-88.061867,34.689801],[-88.061068,34.690581],[-88.060215,34.691325],[-88.059324,34.692018],[-88.058354,34.692679],[-88.057359,34.69329],[-88.056316,34.693847],[-88.055259,34.694354],[-88.054168,34.694807],[-88.05303,34.695214],[-88.051274,34.695735],[-88.050104,34.696075],[-88.049514,34.696258],[-88.048948,34.69645],[-88.048414,34.696697],[-88.047907,34.696997],[-88.047448,34.697338],[-88.047049,34.697723],[-88.046671,34.69816],[-88.045814,34.699494],[-88.045492,34.699926],[-88.045098,34.700325],[-88.044664,34.700677],[-88.044169,34.700981],[-88.0439337,34.7011078],[-88.04363,34.701233],[-88.043263,34.7013538],[-88.0428622,34.7014697],[-88.042457,34.701544],[-88.041839,34.7016],[-88.040595,34.701592],[-88.039351,34.701572],[-88.038739,34.701612],[-88.038134,34.701723],[-88.037544,34.701905],[-88.037174,34.702062],[-88.03699,34.70214],[-88.036492,34.702437],[-88.036038,34.702789],[-88.035654,34.703183],[-88.035311,34.703637],[-88.035057,34.70411],[-88.034876,34.704614],[-88.034788,34.705119],[-88.034774,34.7056],[-88.034772,34.706118],[-88.034776,34.706657],[-88.034793,34.707642],[-88.034768,34.708298],[-88.034721,34.708649],[-88.034622,34.709052],[-88.034516,34.709387],[-88.034248,34.709983],[-88.03371,34.710899],[-88.033409,34.711368],[-88.03315,34.71182],[-88.032936,34.712296],[-88.032788,34.7128],[-88.032724,34.713325],[-88.032753,34.713814],[-88.032854,34.71434],[-88.033043,34.714808],[-88.033305,34.71528],[-88.034233,34.716599],[-88.034766,34.717521],[-88.034989,34.717998],[-88.035163,34.718491],[-88.035322,34.718991],[-88.036317,34.722509],[-88.036662,34.723473],[-88.037072,34.724451],[-88.037242,34.724798],[-88.037544,34.725413],[-88.0376818,34.7256496],[-88.0378587,34.7259292],[-88.038357,34.726763],[-88.040042,34.729508],[-88.040539,34.730414],[-88.040726,34.730885],[-88.040863,34.731385],[-88.040882,34.731527],[-88.04093,34.731895],[-88.040936,34.732408],[-88.040888,34.732913],[-88.040775,34.73342],[-88.040613,34.733901],[-88.040399,34.734377],[-88.040099,34.734845],[-88.039788,34.735258],[-88.039408,34.735665],[-88.039243,34.735822],[-88.038593,34.736441],[-88.037812,34.737222],[-88.03709,34.738054],[-88.036453,34.738934],[-88.0360817,34.7395944],[-88.0358781,34.7399528],[-88.0356935,34.7403211],[-88.035462,34.740794],[-88.035075,34.741766],[-88.033943,34.744685],[-88.033371,34.746124],[-88.032875,34.747062],[-88.032278,34.747952],[-88.031572,34.748795],[-88.030787,34.749576],[-88.029903,34.750289],[-88.029344,34.750667],[-88.028944,34.750937],[-88.027986,34.751557],[-88.026981,34.752192],[-88.0262239,34.7526991],[-88.0258872,34.7529244],[-88.025816,34.752972],[-88.025217,34.753413],[-88.024328,34.754123],[-88.023492,34.754869],[-88.0231295,34.7552002],[-88.0231295,34.7552002],[-88.02254,34.7557823],[-88.02254,34.7557823],[-88.022303,34.756035],[-88.0220268,34.7563542],[-88.0214044,34.7570732],[-88.021367,34.757123],[-88.021023,34.75755],[-88.020788,34.757854],[-88.02056,34.758166],[-88.0203775,34.7584475],[-88.0201871,34.7587596],[-88.0199606,34.7591323],[-88.0196691,34.7595836],[-88.0195922,34.7597065],[-88.0190234,34.7605882],[-88.018677,34.7611341],[-88.018677,34.7611341],[-88.0181434,34.7619973],[-88.0181434,34.7619973],[-88.01771,34.762631],[-88.016895,34.76392],[-88.016694,34.764245],[-88.01629,34.764877],[-88.015901,34.765451],[-88.015634,34.76583],[-88.01521,34.766384],[-88.014623,34.767102],[-88.01431,34.767457],[-88.01383,34.767982],[-88.013639,34.768167],[-88.01347,34.768341],[-88.013197,34.768611],[-88.012788,34.768995],[-88.012248,34.769476],[-88.011816,34.769841],[-88.011707,34.769929],[-88.011563,34.770045],[-88.010979,34.770492],[-88.009919,34.771273],[-88.00745,34.773054],[-88.006709,34.773608],[-88.0064606,34.7737849],[-88.006196,34.7739889],[-88.004978,34.774955],[-88.003549,34.776133],[-88.002445,34.777076],[-88.001827,34.777609],[-88.000607,34.778665],[-87.998455,34.780511],[-87.998196,34.780718],[-87.997951,34.78092],[-87.9977,34.781108],[-87.997167,34.781488],[-87.996474,34.781942],[-87.99619,34.782116],[-87.995628,34.782438],[-87.995462,34.782533],[-87.995167,34.782694],[-87.995003,34.782772],[-87.994852,34.782849],[-87.9945633,34.7829783],[-87.993854,34.783314],[-87.993237,34.783581],[-87.992596,34.78382],[-87.992352,34.783905],[-87.9922,34.783962],[-87.99195,34.784044],[-87.991765,34.784095],[-87.991519,34.784176],[-87.991266,34.784253],[-87.990598,34.784434],[-87.99044,34.784481],[-87.9884,34.784973],[-87.98814,34.785029],[-87.987219,34.785254],[-87.986883,34.785343],[-87.986549,34.785439],[-87.985877,34.785656],[-87.985638,34.785748],[-87.985163,34.785946],[-87.984706,34.786165],[-87.984482,34.786285],[-87.98419,34.78645],[-87.983907,34.786623],[-87.983697,34.786759],[-87.983495,34.786901],[-87.983231,34.787094],[-87.983038,34.787243],[-87.982663,34.78756],[-87.982377,34.787836],[-87.98205,34.788173],[-87.98189,34.788352],[-87.98174,34.788531],[-87.981595,34.788714],[-87.981454,34.788902],[-87.9812,34.789282],[-87.98108,34.789477],[-87.980867,34.789865],[-87.9806265,34.7902736],[-87.9804701,34.7906694],[-87.9803898,34.7908921],[-87.9803242,34.7911097],[-87.9802712,34.791326],[-87.9802252,34.791535],[-87.9801974,34.7916899],[-87.980145,34.7919816],[-87.980063,34.7923609],[-87.9800371,34.7925422],[-87.9800174,34.792849],[-87.9799341,34.7941095],[-87.9799134,34.7943299],[-87.9798625,34.7951639],[-87.9797929,34.7957921],[-87.979721,34.796695],[-87.979585,34.797559],[-87.979539,34.797791],[-87.9794163,34.7982859],[-87.9792618,34.7988527],[-87.9791601,34.7992694],[-87.9789893,34.7998346],[-87.9787492,34.8005625],[-87.9786241,34.8009019],[-87.9785236,34.8011762],[-87.9784237,34.8014034],[-87.9783116,34.8016579],[-87.9779722,34.8024138],[-87.9778304,34.8027069],[-87.9776325,34.8031026],[-87.977177,34.8038537],[-87.9767412,34.8046456],[-87.9766162,34.8048759],[-87.9759241,34.8061923],[-87.9757304,34.8065826],[-87.9756093,34.8068494],[-87.9754909,34.8071204],[-87.9753804,34.8073856],[-87.9753046,34.8076083],[-87.9751655,34.807985],[-87.9750294,34.8084131],[-87.974765,34.809289],[-87.974655,34.809643],[-87.9743316,34.810665],[-87.9739731,34.8117868],[-87.97378,34.8123857],[-87.9734867,34.8133069],[-87.9733456,34.8137305],[-87.9732076,34.8140778],[-87.9731244,34.8142719],[-87.9730172,34.8145235],[-87.9729177,34.8147391],[-87.9728142,34.8149652],[-87.9726137,34.8153695],[-87.9724679,34.815645],[-87.9722813,34.8159899],[-87.9720519,34.8163596],[-87.9717344,34.8168688],[-87.9715553,34.817137],[-87.9712323,34.8175581],[-87.9708566,34.8180517],[-87.9702268,34.8187816],[-87.969076,34.819999],[-87.968713,34.82032],[-87.968219,34.820734],[-87.967832,34.821036],[-87.967235,34.82148],[-87.96703,34.821624],[-87.966614,34.821898],[-87.966199,34.822162],[-87.964795,34.8229385],[-87.9636715,34.8234792],[-87.963106,34.823724],[-87.9628715,34.8238248],[-87.9628715,34.8238248],[-87.962673,34.823906],[-87.9619032,34.8241829],[-87.9614102,34.8243564],[-87.960275,34.824759],[-87.95914,34.825162],[-87.958898,34.825251],[-87.958673,34.825342],[-87.958408,34.825439],[-87.95819,34.825535],[-87.9574572,34.8258222],[-87.956825,34.8260915],[-87.955909,34.826528],[-87.95524,34.826854],[-87.954798,34.82709],[-87.954553,34.827212],[-87.954124,34.827443],[-87.9536507,34.8276845],[-87.9527177,34.8282419],[-87.9517447,34.8288535],[-87.9513958,34.8290963],[-87.950613,34.829672],[-87.950218,34.829964],[-87.950019,34.830118],[-87.9497667,34.830315],[-87.9494616,34.8305551],[-87.949189,34.830764],[-87.948997,34.830916],[-87.9481958,34.8315821],[-87.948075,34.831684],[-87.947845,34.831894],[-87.947845,34.831894],[-87.947585,34.832217],[-87.947482,34.832334],[-87.947273,34.83256],[-87.947168,34.832667],[-87.9469469,34.8329112],[-87.946698,34.833166],[-87.9465454,34.8333278],[-87.946423,34.83344],[-87.946259,34.833612],[-87.946021,34.833834],[-87.945898,34.833955],[-87.9454599,34.8342969],[-87.9454599,34.8342969],[-87.9452456,34.8344753],[-87.9449948,34.8346932],[-87.9446347,34.834985],[-87.9442429,34.8352814],[-87.9439101,34.835524],[-87.9437501,34.8356253],[-87.943618,34.83574],[-87.94347,34.835831],[-87.943178,34.835996],[-87.943028,34.836075],[-87.942548,34.836293],[-87.942226,34.836423],[-87.9415942,34.8366153],[-87.9409701,34.8368072],[-87.9409701,34.8368072],[-87.925155,34.8412073],[-87.925155,34.8412073],[-87.9243096,34.8414452],[-87.923663,34.84163],[-87.923151,34.841786],[-87.922151,34.8421246],[-87.9217589,34.8422627],[-87.921285,34.842468],[-87.920656,34.842743],[-87.920349,34.84289],[-87.920193,34.842959],[-87.920041,34.843034],[-87.9195565,34.8432961],[-87.9187679,34.843724],[-87.918276,34.84402],[-87.917637,34.84443],[-87.917225,34.84471],[-87.916823,34.844996],[-87.916038,34.845589],[-87.915845,34.845747],[-87.915415,34.846115],[-87.914997,34.846496],[-87.914647,34.84683],[-87.914307,34.847169],[-87.913975,34.847515],[-87.913802,34.847705],[-87.913503,34.848047],[-87.913202,34.848412],[-87.91291,34.848777],[-87.912581,34.849214],[-87.912088,34.849911],[-87.911662,34.850552],[-87.911247,34.8512],[-87.910449,34.852501],[-87.910065,34.853157],[-87.909686,34.853821],[-87.908953,34.855153],[-87.908873,34.855309],[-87.908607,34.855825],[-87.9081123,34.856761],[-87.9079216,34.8571482],[-87.9073523,34.8584301],[-87.907217,34.858749],[-87.905126,34.863203],[-87.904454,34.864555],[-87.904099,34.865231],[-87.903735,34.865897],[-87.903357,34.86656],[-87.902968,34.867212],[-87.902564,34.867863],[-87.902151,34.868511],[-87.901287,34.869791],[-87.900839,34.870422],[-87.900372,34.871045],[-87.899898,34.871662],[-87.899369,34.872339],[-87.898568,34.873305],[-87.898101,34.87384],[-87.897722,34.874259],[-87.897464,34.874544],[-87.896823,34.875244],[-87.896494,34.875586],[-87.895595,34.876489],[-87.8948334,34.8772275],[-87.8946187,34.8774358],[-87.893475,34.8785725],[-87.8930994,34.8789621],[-87.8923753,34.8796415],[-87.8917646,34.8802142],[-87.891204,34.880784],[-87.890812,34.881184],[-87.890594,34.881418],[-87.889913,34.882192],[-87.889709,34.882432],[-87.889463,34.882736],[-87.889177,34.883107],[-87.888725,34.883736],[-87.888295,34.884378],[-87.887894,34.885033],[-87.887522,34.885701],[-87.887181,34.886376],[-87.886864,34.887061],[-87.886578,34.887746],[-87.886306,34.888443],[-87.886148,34.888862],[-87.886078,34.889068],[-87.885945,34.889417],[-87.885643,34.890184],[-87.885463,34.890597],[-87.88527,34.891005],[-87.885052,34.891407],[-87.884939,34.891605],[-87.884702,34.891997],[-87.884542,34.892238],[-87.884447,34.892381],[-87.8842563,34.8926474],[-87.884082,34.892881],[-87.883797,34.893249],[-87.883495,34.893607],[-87.88307,34.894067],[-87.882845,34.894293],[-87.882494,34.894623],[-87.882253,34.894836],[-87.882125,34.894938],[-87.882,34.895045],[-87.881748,34.895251],[-87.881491,34.895452],[-87.881105,34.895739],[-87.880765,34.895972],[-87.880554,34.896108],[-87.879699,34.896617],[-87.879252,34.896853],[-87.87895,34.897001],[-87.878727,34.89711],[-87.878276,34.897312],[-87.877844,34.897489],[-87.877427,34.897648],[-87.877102,34.897766],[-87.876529,34.897967],[-87.875314,34.898369],[-87.8748855,34.8985067],[-87.874548,34.898622],[-87.873728,34.898905],[-87.873323,34.899055],[-87.872678,34.899313],[-87.872442,34.899416],[-87.872132,34.899558],[-87.871826,34.899707],[-87.871376,34.899944],[-87.870936,34.900194],[-87.870505,34.900455],[-87.8702348,34.9006182],[-87.8699457,34.9008205],[-87.86955,34.901111],[-87.869097,34.901465],[-87.868723,34.901779],[-87.868542,34.901941],[-87.86819,34.902267],[-87.868086,34.902372],[-87.86729,34.903143],[-87.866588,34.903823],[-87.865389,34.904898],[-87.8644776,34.9056031],[-87.8635327,34.9062641],[-87.8630246,34.9066068],[-87.862721,34.906809],[-87.861292,34.907654],[-87.860879,34.907893],[-87.8602668,34.9082399],[-87.8600809,34.9083497],[-87.859397,34.908762],[-87.857975,34.909651],[-87.857276,34.910105],[-87.856588,34.910576],[-87.855249,34.911543],[-87.853957,34.912545],[-87.853327,34.913057],[-87.852103,34.914108],[-87.850927,34.9152],[-87.849794,34.916327],[-87.84978,34.916342],[-87.849241,34.916903],[-87.849123,34.917032],[-87.848704,34.917491],[-87.847827,34.918491],[-87.84733,34.919099],[-87.84684,34.919709],[-87.846361,34.920325],[-87.845903,34.920951],[-87.845022,34.922224],[-87.844192,34.923519],[-87.8433506,34.924888],[-87.8431941,34.9251427],[-87.842581,34.926123],[-87.842038,34.926996],[-87.8417309,34.9274496],[-87.8414848,34.9278022],[-87.841176,34.928214],[-87.840976,34.928521],[-87.8408184,34.92874],[-87.840575,34.929088],[-87.840023,34.929815],[-87.839552,34.930423],[-87.839463,34.930547],[-87.839074,34.931031],[-87.838625,34.931577],[-87.837754,34.932594],[-87.837576,34.932791],[-87.837012,34.933415],[-87.836583,34.933881],[-87.835974,34.934519],[-87.8353,34.935203],[-87.833231,34.937216],[-87.832559,34.937881],[-87.831761,34.93867],[-87.831215,34.939242],[-87.830579,34.939938],[-87.830161,34.940407],[-87.829651,34.941001],[-87.829205,34.941544],[-87.8288273,34.9420019],[-87.8285139,34.9423877],[-87.828186,34.942827],[-87.827446,34.943835],[-87.827083,34.944347],[-87.826647,34.944985],[-87.826184,34.945695],[-87.825857,34.946213],[-87.825499,34.9468],[-87.825032,34.947606],[-87.824657,34.948275],[-87.8243922,34.9487668],[-87.824199,34.949133],[-87.824051,34.949429],[-87.823724,34.950118],[-87.823421,34.950808],[-87.823126,34.951499],[-87.822851,34.952194],[-87.822721,34.952545],[-87.82236,34.953603],[-87.822203,34.954101],[-87.8220568,34.9546368],[-87.8219467,34.9550404],[-87.8217705,34.9556759],[-87.82171,34.955889],[-87.821597,34.956387],[-87.821545,34.956618],[-87.821399,34.957343],[-87.821308,34.957851],[-87.821206,34.958505],[-87.821127,34.959087],[-87.820999,34.960252],[-87.820949,34.960835],[-87.8209107,34.9615744],[-87.8209007,34.9619836],[-87.820875,34.962891],[-87.82088,34.963404],[-87.820905,34.964284],[-87.820937,34.964868],[-87.820972,34.965307],[-87.821088,34.966471],[-87.821163,34.967053],[-87.821309,34.967998],[-87.821371,34.968359],[-87.821489,34.968941],[-87.821676,34.969807],[-87.821693,34.969886],[-87.82208,34.971682],[-87.822338,34.972981],[-87.822451,34.973637],[-87.822532,34.974217],[-87.822543,34.974312],[-87.8226,34.974799],[-87.822644,34.975236],[-87.82269,34.975819],[-87.822717,34.976265],[-87.822725,34.976403],[-87.82274,34.976841],[-87.82275,34.977497],[-87.822742,34.978301],[-87.822721,34.979033],[-87.822692,34.979765],[-87.822642,34.980707],[-87.822615,34.981228],[-87.822568,34.981958],[-87.8225558,34.9824914],[-87.8225273,34.9828452],[-87.8225184,34.983031],[-87.8224661,34.9834121],[-87.822312,34.984873],[-87.822223,34.9856],[-87.822032,34.987057],[-87.821899,34.98794],[-87.821813,34.988511],[-87.82169,34.989237],[-87.821524,34.990153],[-87.821437,34.990698],[-87.821285,34.99153],[-87.821117,34.992451],[-87.821016,34.992962],[-87.820849,34.993909],[-87.820786,34.994353],[-87.820734,34.994717],[-87.820661,34.99538],[-87.82062,34.995818],[-87.820589,34.996257],[-87.820574,34.996407],[-87.82054,34.997116],[-87.820531,34.997482],[-87.820524,34.99814],[-87.820537,34.998725],[-87.820604,35.000186],[-87.820663,35.001063],[-87.820704,35.001573],[-87.820787,35.002445],[-87.820866,35.003174],[-87.820955,35.003901],[-87.8211168,35.0050954],[-87.8211533,35.0053646],[-87.8211533,35.0053646],[-87.8211667,35.0054626],[-87.8213942,35.00679],[-87.8214422,35.0070808],[-87.821657,35.008113],[-87.8224895,35.0118016],[-87.8228111,35.0131892],[-87.823049,35.0143318],[-87.8232111,35.0154159],[-87.8232294,35.0159631],[-87.823366,35.0170799],[-87.8234286,35.0176775],[-87.823508,35.0189615],[-87.8235716,35.0199441],[-87.8235292,35.0205966],[-87.8234636,35.0212984],[-87.8233687,35.0223108],[-87.8232007,35.0234845],[-87.8231091,35.0240134],[-87.8229609,35.0247076],[-87.8228504,35.0251523],[-87.8226621,35.0258969],[-87.8224577,35.0265783],[-87.822289,35.0271025],[-87.8220814,35.0276494],[-87.8219251,35.0280611],[-87.8216267,35.0288115],[-87.8213985,35.0293053],[-87.821046,35.0301255],[-87.8205742,35.0310177],[-87.8199725,35.0320753],[-87.8193074,35.0333337],[-87.8186216,35.0346525],[-87.8182021,35.0355064],[-87.8178657,35.0362312],[-87.8173742,35.0374131],[-87.8166622,35.0390149],[-87.8164658,35.039623],[-87.8160913,35.0407828],[-87.8157389,35.041975],[-87.8154921,35.042951],[-87.8151151,35.0440068],[-87.8149129,35.044748],[-87.8146637,35.0459182],[-87.8143714,35.0471037],[-87.8140748,35.0480797],[-87.8137198,35.0489894],[-87.8132982,35.0500174],[-87.8127443,35.0511863],[-87.8124093,35.0519151],[-87.8116346,35.053347],[-87.8106254,35.0549473],[-87.8095823,35.0565716],[-87.8090029,35.0573238],[-87.8081256,35.05857],[-87.8076646,35.0592004],[-87.8071396,35.0598872],[-87.8065051,35.0607141],[-87.8056357,35.0617512],[-87.804913,35.0625228],[-87.8035445,35.0640807],[-87.8027137,35.06496],[-87.8019115,35.0657353],[-87.8012646,35.0663778],[-87.8007696,35.0668664],[-87.8003041,35.0673069],[-87.7987925,35.0687608],[-87.7978239,35.0697156],[-87.7963802,35.0713361],[-87.7951694,35.07275],[-87.7944379,35.0736409],[-87.7932964,35.0750605],[-87.7915557,35.0775992],[-87.7911508,35.078188],[-87.7904074,35.0793899],[-87.789562,35.0808555],[-87.7890187,35.0818589],[-87.7885053,35.0828607],[-87.7878344,35.084357],[-87.7876044,35.0849555],[-87.7873091,35.0857087],[-87.7870811,35.0864062],[-87.786866,35.0871127],[-87.7866274,35.0879524],[-87.78638,35.0889372],[-87.7861784,35.0899415],[-87.7860437,35.090838],[-87.7859666,35.0914378],[-87.7855112,35.0961331],[-87.7853886,35.0970418],[-87.7852415,35.0978298],[-87.7850531,35.0985989],[-87.7848105,35.0994563],[-87.7843346,35.100826],[-87.7838466,35.1019373],[-87.783341,35.1029094],[-87.7826835,35.104007],[-87.7821638,35.1047672],[-87.781539,35.1056108],[-87.7808994,35.1064034],[-87.7800929,35.1072707],[-87.7786138,35.1087216],[-87.7774599,35.1097573],[-87.7764197,35.1106889],[-87.7755138,35.1114503],[-87.7745258,35.1122583],[-87.7730275,35.1134533],[-87.7714167,35.1146549],[-87.770172,35.1155296],[-87.7677544,35.1172353],[-87.766732,35.117969],[-87.7658902,35.1186155],[-87.7650483,35.1193415],[-87.7647545,35.119602],[-87.7644479,35.1199182],[-87.7640122,35.1203492],[-87.7638073,35.1205528],[-87.7634111,35.1209761],[-87.7633464,35.1210453],[-87.7630348,35.1214435],[-87.7626183,35.1219301],[-87.7621801,35.122508],[-87.7617769,35.1230449],[-87.7605012,35.1251161],[-87.7599034,35.1262726],[-87.7592817,35.1274971],[-87.758849,35.1283504],[-87.7579082,35.1300954],[-87.757662,35.13042],[-87.7571534,35.1311541],[-87.7564398,35.1321156],[-87.7560401,35.1325927],[-87.7555134,35.1331733],[-87.7544931,35.1341896],[-87.7539464,35.1346871],[-87.7519955,35.1364424],[-87.7512607,35.1371134],[-87.7500473,35.1382791],[-87.7491262,35.1392057],[-87.7482538,35.1400595],[-87.7473328,35.1410219],[-87.7466669,35.1417121],[-87.7460698,35.1423452],[-87.7454769,35.14302],[-87.7441765,35.1445245],[-87.7439697,35.1447986],[-87.7434138,35.1453952],[-87.7430407,35.1458683],[-87.7428004,35.1461729],[-87.742509,35.146565],[-87.7419612,35.1472936],[-87.7394983,35.1505674],[-87.7388304,35.1515453],[-87.738103,35.1525949],[-87.7373712,35.1538985],[-87.7367343,35.1549815],[-87.7363959,35.1557358],[-87.7358882,35.1569356],[-87.7356669,35.1575425],[-87.7354561,35.1582338],[-87.7352013,35.1591903],[-87.7349121,35.1603941],[-87.734817,35.160899],[-87.7346039,35.1618683],[-87.7344101,35.1632133],[-87.7342585,35.1644966],[-87.7341589,35.1660727],[-87.7340576,35.1673411],[-87.7339881,35.168891],[-87.7338636,35.1699669],[-87.7336347,35.1711645],[-87.7333996,35.1721706],[-87.7331767,35.1729747],[-87.7329364,35.1736755],[-87.7328153,35.1739899],[-87.7324767,35.1748562],[-87.7323214,35.1752581],[-87.731988,35.1761792],[-87.7313695,35.177728],[-87.7310447,35.1788036],[-87.7307548,35.1798206],[-87.7305289,35.1805991],[-87.7303105,35.1814599],[-87.7299602,35.1829431],[-87.7295916,35.1843145],[-87.7293829,35.1848525],[-87.7292181,35.1852654],[-87.7290575,35.1855687],[-87.7287116,35.1862416],[-87.7283645,35.1867762],[-87.7279218,35.1873643],[-87.7276607,35.1876797],[-87.7274247,35.1879334],[-87.7269609,35.1884287],[-87.7259374,35.1893234],[-87.7244041,35.190699],[-87.7241139,35.1909887],[-87.7238214,35.1913228],[-87.7236354,35.1915807],[-87.7232629,35.1922317],[-87.7230828,35.1926972],[-87.7229447,35.1931969],[-87.7228944,35.193561],[-87.7228654,35.1938374],[-87.7228807,35.1943342],[-87.7229082,35.1950944],[-87.722942,35.1957486],[-87.7229863,35.1965606],[-87.7229632,35.1972567],[-87.7228794,35.1977849],[-87.7227721,35.1982334],[-87.7226181,35.1986947],[-87.7223978,35.1991651],[-87.7221327,35.1996344],[-87.7219011,35.1999967],[-87.7215179,35.2004591],[-87.7210102,35.2010051],[-87.7201469,35.2018632],[-87.7193493,35.2026158],[-87.7189829,35.2029919],[-87.7185539,35.20347],[-87.7182129,35.2039194],[-87.7178676,35.2045141],[-87.7175598,35.205393],[-87.7174629,35.2059094],[-87.7174439,35.2063529],[-87.7174451,35.2068071],[-87.7175592,35.2075438],[-87.7181576,35.2103136],[-87.7183308,35.2109594],[-87.7185635,35.2122626],[-87.718667,35.213174],[-87.7187256,35.2141964],[-87.7187028,35.2147026],[-87.7186532,35.2155653],[-87.7185425,35.2164601],[-87.7184663,35.2169535],[-87.718415,35.2172172],[-87.7182108,35.2179583],[-87.7180964,35.218372],[-87.717977,35.2187248],[-87.7176695,35.2195776],[-87.717493,35.2199961],[-87.717354,35.2203472],[-87.717191,35.220663],[-87.7168686,35.2212698],[-87.716475,35.2219465],[-87.7161919,35.2223483],[-87.7157898,35.2229165],[-87.7153501,35.2234327],[-87.7149403,35.2238958],[-87.7144943,35.2243474],[-87.7140744,35.2246988],[-87.7133179,35.2253187],[-87.7122634,35.2260262],[-87.7117263,35.22635],[-87.7109627,35.2267539],[-87.7102967,35.2270523],[-87.7093877,35.2274089],[-87.7082294,35.2277659],[-87.7074987,35.2279932],[-87.7053256,35.2286432],[-87.7044107,35.2289508],[-87.7036563,35.2292296],[-87.7030019,35.2295457],[-87.7024669,35.2298325],[-87.7019378,35.2301822],[-87.7014318,35.2305269],[-87.7007118,35.2311396],[-87.7004881,35.2313659],[-87.7002054,35.231636],[-87.7000025,35.2318548],[-87.6994556,35.2325804],[-87.699135,35.233103],[-87.6988141,35.2336661],[-87.6985655,35.2342564],[-87.6984629,35.2345627],[-87.6981964,35.2354853],[-87.6978494,35.2369561],[-87.6974732,35.2383938],[-87.697264,35.2389411],[-87.6971113,35.2393214],[-87.69684,35.2398677],[-87.6966894,35.2401505],[-87.6963334,35.24069],[-87.6959556,35.2412085],[-87.6954568,35.2418002],[-87.6949508,35.242305],[-87.6944576,35.2427646],[-87.6937893,35.2433026],[-87.6933081,35.2436279],[-87.6923575,35.2442052],[-87.6916513,35.2445711],[-87.6911086,35.2448263],[-87.6903353,35.2451786],[-87.68926,35.2456226],[-87.688636,35.245872],[-87.687757,35.2461822],[-87.6867579,35.2464882],[-87.6853788,35.2468742],[-87.6839621,35.247175],[-87.6828718,35.2473686],[-87.6820434,35.2474662],[-87.6813294,35.2475085],[-87.6807253,35.2475314],[-87.6799107,35.2475242],[-87.6790972,35.247485],[-87.6785176,35.2474271],[-87.6776197,35.247305],[-87.6767632,35.2471384],[-87.6759887,35.2469725],[-87.6755615,35.246848],[-87.6746359,35.2465262],[-87.673487,35.2461727],[-87.6726751,35.2458735],[-87.6715845,35.2454785],[-87.670997,35.2452907],[-87.6703068,35.2451115],[-87.6697693,35.2450104],[-87.6691705,35.244953],[-87.668489,35.2449465],[-87.6679386,35.2449923],[-87.6673894,35.2450559],[-87.6669152,35.24515],[-87.6664375,35.2452863],[-87.6658509,35.2454973],[-87.6652613,35.2457804],[-87.6646504,35.2461382],[-87.6640659,35.2465612],[-87.6629538,35.2473599],[-87.661922,35.2481378],[-87.6609242,35.2489093],[-87.6599732,35.2495989],[-87.6593265,35.2500738],[-87.6589823,35.2502665],[-87.6586275,35.2504331],[-87.6582823,35.2505789],[-87.6578796,35.2507159],[-87.6573697,35.2508531],[-87.6568307,35.2509412],[-87.6561929,35.2509984],[-87.6555616,35.2510031],[-87.6552351,35.2509747],[-87.6548466,35.2509179],[-87.6544448,35.2508323],[-87.6539345,35.2506958],[-87.6534699,35.2505582],[-87.6528432,35.2503145],[-87.6521185,35.250036],[-87.6516455,35.2498552],[-87.6493175,35.2489682],[-87.6484228,35.2486594],[-87.647377,35.248351],[-87.6464585,35.2481241],[-87.6453438,35.2478782],[-87.6443605,35.2477108],[-87.643757,35.2476272],[-87.6430152,35.2475429],[-87.6421958,35.2475073],[-87.6417353,35.2475111],[-87.6409582,35.2475738],[-87.6403681,35.2476541],[-87.6400247,35.2477198],[-87.639744,35.2477713],[-87.6394095,35.2478532],[-87.6390094,35.247953],[-87.638379,35.2481746],[-87.6375189,35.2485408],[-87.6369299,35.2488514],[-87.6364797,35.2491233],[-87.635961,35.2494848],[-87.6356063,35.2497724],[-87.6353179,35.2500179],[-87.6349493,35.2503938],[-87.6347045,35.2506437],[-87.6345611,35.2508239],[-87.6342095,35.2513065],[-87.634051,35.251524],[-87.6336128,35.2522294],[-87.6320975,35.2548971],[-87.6318455,35.2553829],[-87.6299303,35.2595226],[-87.6296177,35.2602951],[-87.6292435,35.2611479],[-87.6290764,35.2615108],[-87.6288594,35.2618809],[-87.6286593,35.2622197],[-87.6282453,35.2628392],[-87.6281429,35.262973],[-87.6280697,35.2630804],[-87.6270948,35.2641649],[-87.6265081,35.2647514],[-87.6256001,35.2656032],[-87.625226,35.2659859],[-87.6244587,35.2667209],[-87.623493,35.2676531],[-87.6227156,35.268415],[-87.6206878,35.2703387],[-87.6196168,35.2713981],[-87.6194557,35.2715814],[-87.6191752,35.2718784],[-87.6189628,35.2721545],[-87.6188052,35.2724183],[-87.6185124,35.2728568],[-87.6179214,35.2738693],[-87.617719,35.2743499],[-87.6174214,35.2749047],[-87.6171321,35.2755944],[-87.6165847,35.2768368],[-87.6164435,35.2770842],[-87.6162154,35.2774184],[-87.6160244,35.2776943],[-87.6157015,35.2780879],[-87.6154301,35.2783738],[-87.6149026,35.2788312],[-87.6145814,35.2790752],[-87.6141438,35.2793709],[-87.6137075,35.2796304],[-87.6126079,35.2802645],[-87.611648,35.280818],[-87.6110127,35.2811524],[-87.607069,35.28343],[-87.6050386,35.2847113],[-87.603412,35.2857811],[-87.601795,35.2868909],[-87.6010457,35.2873886],[-87.5996069,35.2883914],[-87.5988309,35.2889681],[-87.5974551,35.2899826],[-87.5970645,35.2902848],[-87.5962147,35.2909325],[-87.5947087,35.2921573],[-87.5938338,35.2929082],[-87.5915368,35.2948954],[-87.5897361,35.2965288],[-87.5876869,35.2984989],[-87.5870045,35.2992007],[-87.5855416,35.3009042],[-87.5851118,35.3015291],[-87.5846719,35.3022074],[-87.5843071,35.3028003],[-87.583886,35.303519],[-87.5834605,35.3043507],[-87.583128,35.3050765],[-87.5827179,35.3061528],[-87.5823703,35.3071734],[-87.5820733,35.3082154],[-87.5819849,35.3086752],[-87.5815513,35.3129918],[-87.5813792,35.3146985],[-87.581073,35.317196],[-87.5809635,35.3180374],[-87.5808617,35.3188691],[-87.5807664,35.3194651],[-87.58054,35.320868],[-87.58045,35.321417],[-87.5801627,35.3229028],[-87.5800925,35.3232603],[-87.5798494,35.3243762],[-87.579707,35.3250308],[-87.5796445,35.3253433],[-87.5793394,35.3266246],[-87.5790801,35.3278069],[-87.5787257,35.3291815],[-87.5784985,35.3300653],[-87.5782734,35.3309035],[-87.5778771,35.3323151],[-87.5774745,35.3336683],[-87.5772037,35.3345711],[-87.5770397,35.335062],[-87.57672,35.3360931],[-87.5761458,35.3377848],[-87.5756964,35.3390586],[-87.5754591,35.3396922],[-87.5751454,35.340566],[-87.5746095,35.3419981],[-87.5743443,35.3426455],[-87.5740784,35.343319],[-87.5737359,35.3441465],[-87.5733667,35.3449731],[-87.572922,35.3458635],[-87.572389,35.3467829],[-87.5721176,35.3471854],[-87.5717576,35.3476997],[-87.5713848,35.348155],[-87.5710804,35.3485452],[-87.5705958,35.3490882],[-87.5700186,35.349683],[-87.5696074,35.3500794],[-87.5690615,35.3505482],[-87.5686546,35.3509016],[-87.5680589,35.3513551],[-87.5676446,35.3516443],[-87.5669221,35.3521381],[-87.5663893,35.3524731],[-87.5659426,35.3527361],[-87.5652893,35.353075],[-87.5647322,35.3533421],[-87.5641908,35.3536167],[-87.5637463,35.3538263],[-87.563258,35.354033],[-87.5619107,35.3546359],[-87.5616047,35.3547745],[-87.5593605,35.3557785],[-87.5574812,35.3566326],[-87.5554275,35.3576278],[-87.5544245,35.3581657],[-87.5536561,35.3585963],[-87.5527715,35.3591137],[-87.5517683,35.3597505],[-87.5509216,35.3602968],[-87.5497359,35.3611242],[-87.5486379,35.3619596],[-87.5480497,35.3624349],[-87.5472373,35.3631432],[-87.5465715,35.3637723],[-87.5458992,35.3644559],[-87.54516,35.365284],[-87.5447688,35.3657177],[-87.5439391,35.3667413],[-87.5433062,35.3676466],[-87.5426453,35.3686292],[-87.5421238,35.3694074],[-87.5415875,35.3702822],[-87.5408863,35.3714377],[-87.5401498,35.3726845],[-87.5394393,35.3739328],[-87.5389412,35.3748319],[-87.5385925,35.3754817],[-87.5381738,35.3762464],[-87.5376733,35.3772248],[-87.5371975,35.3782117],[-87.5367992,35.3791665],[-87.5364801,35.3801414],[-87.5362126,35.3812143],[-87.5360578,35.3821365],[-87.5359732,35.3831205],[-87.5358994,35.3840146],[-87.5357665,35.3854416],[-87.5355734,35.3865121],[-87.5354972,35.3869361],[-87.53523,35.3879381],[-87.5347517,35.3893917],[-87.5345975,35.3897626],[-87.534449,35.3901195],[-87.5341446,35.3908177],[-87.5338054,35.3914996],[-87.5332894,35.392502],[-87.5328212,35.3934747],[-87.5323907,35.3944266],[-87.5317723,35.3954559],[-87.5311446,35.3963617],[-87.5305808,35.3971566],[-87.5300431,35.3977948],[-87.5294363,35.3984505],[-87.5288082,35.3990196],[-87.5279853,35.3996633],[-87.5256606,35.4013326],[-87.5239641,35.4024447],[-87.5228804,35.403293],[-87.522322,35.403736],[-87.5218005,35.404312],[-87.5215598,35.4046761],[-87.5213285,35.4050384],[-87.521044,35.4055623],[-87.5207144,35.4062727],[-87.5204971,35.4068625],[-87.5201213,35.4079391],[-87.5196564,35.4093923],[-87.5192628,35.410716],[-87.5191812,35.4109334],[-87.5190564,35.4112235],[-87.5188164,35.4117708],[-87.5186438,35.412045],[-87.5182738,35.4125609],[-87.5178742,35.4129868],[-87.5175083,35.4133072],[-87.5170277,35.4136675],[-87.5166404,35.4139268],[-87.5160866,35.4142189],[-87.5159442,35.414294],[-87.5156587,35.4144408],[-87.5154037,35.4145474],[-87.5149258,35.4147309],[-87.5145409,35.4148558],[-87.5137732,35.4150399],[-87.5130851,35.4151238],[-87.5123719,35.4151568],[-87.5117789,35.415164],[-87.5117789,35.415164],[-87.5107768,35.4151593],[-87.5096214,35.4151539],[-87.5096214,35.4151539],[-87.5050783,35.4151449],[-87.5033509,35.4151887],[-87.5016504,35.4153198],[-87.5000572,35.4155428],[-87.4986624,35.4158925],[-87.4977719,35.4162117],[-87.4971613,35.4165261],[-87.4966937,35.4167669],[-87.4959534,35.4173046],[-87.4954384,35.4177636],[-87.4952278,35.4179983],[-87.4949884,35.418265],[-87.4940651,35.4192937],[-87.4923485,35.4211954],[-87.4910074,35.422756],[-87.4900096,35.4237964],[-87.489221,35.4245395],[-87.4883271,35.4253511],[-87.486957,35.426451],[-87.483769,35.428926],[-87.4829011,35.4296905],[-87.4826536,35.4299216],[-87.4816934,35.4310406],[-87.4811141,35.4316831],[-87.4806474,35.4323256],[-87.479832,35.4336631],[-87.4782951,35.4360026],[-87.4770933,35.4378673],[-87.4769104,35.4381015],[-87.4766829,35.4384102],[-87.4761856,35.4390766],[-87.4761856,35.4390766],[-87.4758556,35.4394559],[-87.4755771,35.4397606],[-87.4753295,35.440016],[-87.4753295,35.440016],[-87.475106,35.4402412],[-87.4748216,35.4405201],[-87.4745067,35.440825],[-87.4734558,35.4417832],[-87.4720154,35.4430688],[-87.4707942,35.4442463],[-87.4703388,35.4447729],[-87.4699715,35.4452539],[-87.469473,35.4460098],[-87.4691481,35.4466093],[-87.4689123,35.4471167],[-87.4687484,35.4475412],[-87.4686199,35.4479267],[-87.4684773,35.4484387],[-87.4683304,35.4491463],[-87.4682668,35.4496571],[-87.4682273,35.450489],[-87.46824,35.4510643],[-87.4682809,35.4514244],[-87.4683403,35.4518581],[-87.4684222,35.4522988],[-87.4684984,35.4525967],[-87.468775,35.4534846],[-87.4688516,35.4536928],[-87.4692192,35.4545584],[-87.4695867,35.4553508],[-87.4698943,35.4560276],[-87.47011,35.4564815],[-87.4703697,35.4570266],[-87.4708371,35.4580613],[-87.4712006,35.4588976],[-87.4715461,35.4599486],[-87.4717539,35.4607197],[-87.4718717,35.4613005],[-87.4719656,35.4619708],[-87.4720375,35.4626996],[-87.4720515,35.4635554],[-87.4720395,35.4642175],[-87.4719975,35.4649008],[-87.4718377,35.4655987],[-87.4717319,35.4660509],[-87.4716048,35.4664891],[-87.4714417,35.4670151],[-87.4713775,35.4671987],[-87.4712744,35.4674465],[-87.4710823,35.4678698],[-87.4708824,35.4682963],[-87.4706827,35.4686835],[-87.470427,35.4691325],[-87.46898,35.4715891],[-87.46898,35.4715891],[-87.467594,35.4740099],[-87.467594,35.4740099],[-87.4671912,35.4747608],[-87.4668796,35.4752504],[-87.4666839,35.4756099],[-87.4664822,35.4760621],[-87.4662784,35.4766411],[-87.4661566,35.4770526],[-87.466046,35.477668],[-87.4658949,35.4792452],[-87.465839,35.4802878],[-87.465835,35.4810864],[-87.465807,35.4814914],[-87.465821,35.4820542],[-87.465807,35.4827015],[-87.465829,35.4833602],[-87.465857,35.4837587],[-87.4659129,35.4845914],[-87.4659868,35.485486],[-87.4660947,35.4865545],[-87.4661506,35.487179],[-87.4662385,35.4876588],[-87.4662744,35.4880573],[-87.4662924,35.4883679],[-87.4662864,35.4887794],[-87.4662784,35.4892185],[-87.4662385,35.4897649],[-87.4661586,35.4904024],[-87.4660268,35.4912091],[-87.4658889,35.4919897],[-87.4657851,35.492419],[-87.4655793,35.4931785],[-87.4654136,35.4937948],[-87.4652118,35.4944388],[-87.465016,35.494959],[-87.4648523,35.4953544],[-87.4645507,35.4959284],[-87.4642651,35.4965415],[-87.4639455,35.4971724],[-87.4636259,35.4977432],[-87.4633143,35.4982441],[-87.462753,35.4990766],[-87.4622377,35.4997564],[-87.4618742,35.5001889],[-87.4615201,35.5005974],[-87.460869,35.5012908],[-87.4599374,35.5021808],[-87.4584827,35.5035152],[-87.4580642,35.5039038],[-87.4574151,35.5045201],[-87.4574151,35.5045201],[-87.4572046,35.5046413],[-87.4564214,35.5053662],[-87.4556275,35.5061173],[-87.455488,35.5063007],[-87.455488,35.5063007],[-87.4502631,35.5114622],[-87.448888,35.51319],[-87.446954,35.516191],[-87.4465949,35.5167017],[-87.4461757,35.517224],[-87.4461757,35.517224],[-87.4459848,35.5174199],[-87.4457631,35.5176321],[-87.4455368,35.5178102],[-87.4455368,35.5178102],[-87.4439433,35.5191222],[-87.4432997,35.5196686],[-87.4427968,35.5201991],[-87.4422777,35.520853],[-87.4408153,35.5229412],[-87.4397307,35.5248337],[-87.4392062,35.5257768],[-87.4386971,35.5267328],[-87.4384146,35.5271629],[-87.4381893,35.5274661],[-87.4378151,35.5279198],[-87.4374323,35.5283341],[-87.4370287,35.5287344],[-87.433263,35.5320463],[-87.4329459,35.5323569],[-87.4326605,35.5326625],[-87.4323749,35.533028],[-87.4321406,35.5333415],[-87.4318728,35.5338637],[-87.4317322,35.5342052],[-87.4316241,35.5345377],[-87.4315111,35.5350366],[-87.4314881,35.5352179],[-87.4314606,35.5357368],[-87.4314906,35.5361626],[-87.4315376,35.5365521],[-87.4316047,35.5368248],[-87.4317007,35.5372116],[-87.4317667,35.5374433],[-87.4333526,35.5430261],[-87.4339566,35.5452622],[-87.4343976,35.5471388],[-87.4345789,35.5489317],[-87.4346016,35.5507061],[-87.43436,35.5530164],[-87.4342306,35.5535395],[-87.4339166,35.5546776],[-87.4334997,35.555997],[-87.4329536,35.557559],[-87.4324971,35.5586515],[-87.432116,35.5597535],[-87.431552,35.562402],[-87.431405,35.562979],[-87.431291,35.564109],[-87.430902,35.5668815],[-87.4307803,35.5692867],[-87.430788,35.570033],[-87.4308855,35.5711535],[-87.4310602,35.5724905],[-87.4311659,35.5730272],[-87.431254,35.5734221],[-87.4312594,35.573442],[-87.4313637,35.5738252],[-87.4314499,35.5741175],[-87.431733,35.574956],[-87.4318976,35.5754047],[-87.4321187,35.5758962],[-87.4323765,35.5764257],[-87.4325937,35.5768473],[-87.4325937,35.5768473],[-87.4332245,35.5780674],[-87.4332245,35.5780674],[-87.4333281,35.5782958],[-87.4334947,35.5788434],[-87.4334947,35.5788434],[-87.4335258,35.5789933],[-87.433566,35.5792698],[-87.4335794,35.5795084],[-87.4335884,35.5796618],[-87.4335884,35.5796618],[-87.4335349,35.5801479],[-87.4334738,35.5804061],[-87.4333815,35.5807548],[-87.4332381,35.5811038],[-87.4331043,35.5813752],[-87.4329043,35.5817198],[-87.43272,35.581965],[-87.4324117,35.5823191],[-87.4321631,35.5825604],[-87.4318094,35.5828427],[-87.431368,35.5831502],[-87.4311087,35.5833087],[-87.4307764,35.5835058],[-87.4304386,35.583689],[-87.4300348,35.5839018],[-87.4296532,35.5840587],[-87.4294152,35.5841642],[-87.4292193,35.5842349],[-87.428941,35.5843354],[-87.4288292,35.5843757],[-87.4284946,35.584479],[-87.4280041,35.5846126],[-87.4275781,35.584687],[-87.4272366,35.5847505],[-87.4267279,35.5848206],[-87.4257923,35.5848925],[-87.4244904,35.5850086],[-87.4238222,35.5850646],[-87.4229944,35.5851384],[-87.4217429,35.58524],[-87.4211807,35.585287],[-87.4207232,35.58536],[-87.420233,35.5854666],[-87.4196995,35.5856342],[-87.4193397,35.5857754],[-87.4191448,35.5858667],[-87.4190094,35.5859301],[-87.4187698,35.5860772],[-87.4184515,35.5862999],[-87.4183472,35.5863729],[-87.4179616,35.5867047],[-87.4170973,35.5875914],[-87.4162909,35.5884456],[-87.4158864,35.5888966],[-87.4152304,35.5895702],[-87.4147531,35.590052],[-87.4143288,35.5904138],[-87.4137052,35.5908781],[-87.4131646,35.5912454],[-87.4125717,35.5915942],[-87.4120058,35.5918932],[-87.411109,35.5923047],[-87.4100982,35.5927512],[-87.4096578,35.5929652],[-87.4092501,35.593199],[-87.4089966,35.5933723],[-87.408831,35.593503],[-87.4085084,35.593776],[-87.4083486,35.5939383],[-87.4081031,35.5942318],[-87.4078781,35.5945652],[-87.4076787,35.594934],[-87.4075349,35.5952402],[-87.4073976,35.5957434],[-87.4072302,35.5964353],[-87.4070244,35.5973312],[-87.4067738,35.5984364],[-87.406528,35.5995424],[-87.4062703,35.6006323],[-87.4059951,35.6018204],[-87.4057231,35.6029819],[-87.4056283,35.6033475],[-87.4055176,35.6037342],[-87.4053316,35.604221],[-87.405168,35.6046216],[-87.4049996,35.6049801],[-87.4047851,35.605361],[-87.404599,35.6056574],[-87.4040883,35.6063532],[-87.4038891,35.6065878],[-87.4035054,35.6070301],[-87.4032611,35.6072582],[-87.4030572,35.6074574],[-87.4028248,35.6076586],[-87.4024704,35.6079539],[-87.4008684,35.6090903],[-87.3996849,35.6099257],[-87.3989826,35.6104142],[-87.3986038,35.6107047],[-87.398253,35.6110075],[-87.3978133,35.6114281],[-87.3973879,35.6118963],[-87.3968974,35.6125673],[-87.3966637,35.6129346],[-87.396433,35.6133945],[-87.3961,35.6141977],[-87.395775,35.615307],[-87.3954761,35.6164186],[-87.3953028,35.6168667],[-87.3951628,35.6171264],[-87.3950495,35.6173226],[-87.3949019,35.6175595],[-87.3947255,35.6177608],[-87.3945155,35.6179737],[-87.3943495,35.618145],[-87.3941414,35.6183086],[-87.3939321,35.618454],[-87.3937163,35.6185909],[-87.393473,35.618728],[-87.3917405,35.6195924],[-87.391104,35.6199532],[-87.3905639,35.6203739],[-87.3901787,35.6208048],[-87.3897996,35.621384],[-87.3896461,35.6216692],[-87.3894984,35.6221162],[-87.3894088,35.6224016],[-87.3894182,35.6229522],[-87.389551,35.62382],[-87.3896369,35.6243246],[-87.3897665,35.6250555],[-87.3897755,35.6256157],[-87.3897648,35.6259406],[-87.3896938,35.6263075],[-87.3895869,35.6266559],[-87.3894749,35.6269212],[-87.3892954,35.6272496],[-87.3891338,35.6275032],[-87.3889539,35.6276922],[-87.3887784,35.6278854],[-87.3884843,35.628139],[-87.3882694,35.6283113],[-87.3880186,35.6284787],[-87.3875932,35.6287622],[-87.3867137,35.6292737],[-87.3861603,35.6295985],[-87.3856879,35.6298968],[-87.3852126,35.6302397],[-87.3849275,35.6304683],[-87.384688,35.6306802],[-87.384328,35.631008],[-87.3840876,35.6312656],[-87.3837449,35.6316576],[-87.3835381,35.6319281],[-87.3831204,35.6325792],[-87.3826301,35.6335536],[-87.3822137,35.6344482],[-87.3818564,35.6353298],[-87.3813949,35.6363952],[-87.3810519,35.6371652],[-87.3808436,35.6376957],[-87.3806781,35.6380626],[-87.3805019,35.6384182],[-87.3802165,35.6388831],[-87.3798078,35.639422],[-87.3796124,35.6396534],[-87.3792913,35.6399383],[-87.3789611,35.640211],[-87.3786882,35.6404236],[-87.3782901,35.6406639],[-87.3777466,35.6409385],[-87.3774464,35.6410619],[-87.3771692,35.6411758],[-87.3768326,35.6412745],[-87.3766402,35.6413423],[-87.3764674,35.6413836],[-87.3762542,35.6414444],[-87.3759237,35.6415057],[-87.375561,35.641557],[-87.3746721,35.6416997],[-87.3744425,35.6417352],[-87.3739774,35.6418073],[-87.3737996,35.6418348],[-87.3723368,35.6420529],[-87.3716879,35.6421564],[-87.3713087,35.6422446],[-87.3708695,35.6423706],[-87.3705196,35.6424939],[-87.3702519,35.6426157],[-87.3696366,35.6429513],[-87.3693385,35.6431816],[-87.369141,35.6433337],[-87.368979,35.6434829],[-87.3685738,35.6438924],[-87.3681882,35.6443397],[-87.3677033,35.644853],[-87.3673743,35.6452092],[-87.3671357,35.6454383],[-87.3667739,35.6457679],[-87.3664572,35.6460572],[-87.3661515,35.6463097],[-87.3656203,35.6467074],[-87.365047,35.6470762],[-87.3642918,35.6475599],[-87.3635518,35.6480534],[-87.3632806,35.6482548],[-87.3631363,35.6483696],[-87.3629457,35.6485415],[-87.3627184,35.6487877],[-87.3625557,35.6489805],[-87.3624008,35.6492181],[-87.3622431,35.6494747],[-87.3621211,35.6497128],[-87.362026,35.6499862],[-87.3619407,35.6502787],[-87.361894,35.650499],[-87.3618627,35.6507344],[-87.3618585,35.6509038],[-87.3618525,35.6512505],[-87.3618478,35.6519969],[-87.3618462,35.6534998],[-87.3618172,35.6538877],[-87.3617953,35.6541746],[-87.3616989,35.6545136],[-87.3616293,35.6547505],[-87.3615251,35.6549552],[-87.3614251,35.6551912],[-87.3612903,35.6554091],[-87.3611417,35.655631],[-87.3609727,35.6558207],[-87.3608157,35.6559919],[-87.3606204,35.6561741],[-87.3604306,35.6563308],[-87.3601859,35.6565142],[-87.3599724,35.6566592],[-87.3596372,35.6568319],[-87.359372,35.656958],[-87.3589069,35.6571381],[-87.358622,35.6572146],[-87.3581385,35.6573148],[-87.3577919,35.6573705],[-87.3572785,35.6574299],[-87.3569085,35.6574708],[-87.3562806,35.6575411],[-87.3549157,35.6576832],[-87.3546141,35.6577274],[-87.3544683,35.6577495],[-87.3537687,35.6578568],[-87.3534986,35.6579238],[-87.3527621,35.6580883],[-87.3518679,35.6583346],[-87.3510783,35.658595],[-87.35029,35.6589],[-87.3496903,35.6591635],[-87.3489919,35.6595087],[-87.3485289,35.6597037],[-87.3482833,35.6597954],[-87.3480852,35.6598736],[-87.3477654,35.659957],[-87.3475036,35.6600144],[-87.3471719,35.6600556],[-87.3468817,35.6600912],[-87.3465904,35.6600989],[-87.3462384,35.6600906],[-87.3458279,35.6600387],[-87.3451631,35.6599439],[-87.3441436,35.6597699],[-87.3433223,35.6596572],[-87.3426049,35.6596021],[-87.3421774,35.659561],[-87.3409401,35.6595158],[-87.3404423,35.6594935],[-87.3398087,35.6594403],[-87.3395052,35.6594071],[-87.3390943,35.6593399],[-87.3385685,35.6592439],[-87.3383935,35.6592038],[-87.3379701,35.6590944],[-87.3375314,35.6589549],[-87.3366944,35.6586919],[-87.3361423,35.6585454],[-87.3356936,35.6584563],[-87.3353588,35.6583997],[-87.3350319,35.658371],[-87.3347351,35.6583425],[-87.334383,35.6583427],[-87.3340305,35.6583467],[-87.3336151,35.6583735],[-87.3330163,35.6584554],[-87.3322051,35.6586414],[-87.3315721,35.6588153],[-87.3310022,35.6589631],[-87.3304773,35.6590846],[-87.3301623,35.6591526],[-87.3298652,35.6592049],[-87.3293936,35.6592695],[-87.3287728,35.659335],[-87.3278768,35.6594095],[-87.3268529,35.6594264],[-87.3265174,35.6594284],[-87.3261841,35.6594473],[-87.3257874,35.6595044],[-87.3254608,35.6595638],[-87.3252092,35.6596218],[-87.3250456,35.6596769],[-87.3248221,35.6597825],[-87.3245882,35.6598862],[-87.3241927,35.6600963],[-87.3238585,35.6602842],[-87.323543,35.6605164],[-87.3227914,35.6611418],[-87.3221695,35.6615795],[-87.3218099,35.6618387],[-87.3210586,35.6623551],[-87.32066,35.6626326],[-87.3203586,35.6628423],[-87.3200273,35.6630909],[-87.3198148,35.6632824],[-87.3195708,35.6634885],[-87.3193276,35.6637518],[-87.3191369,35.6640107],[-87.3189655,35.6642474],[-87.3187461,35.664591],[-87.3184374,35.6651429],[-87.3182147,35.6656655],[-87.3180589,35.6660152],[-87.3178515,35.6664683],[-87.3177619,35.6667086],[-87.3176894,35.6670224],[-87.317632,35.6672947],[-87.3175766,35.6677396],[-87.3175681,35.6680571],[-87.3175428,35.6683771],[-87.3175821,35.6686776],[-87.3176056,35.6688571],[-87.3176604,35.6691728],[-87.3178496,35.6697482],[-87.3180009,35.6702144],[-87.3185081,35.6716066],[-87.318718,35.6722056],[-87.3189697,35.6729378],[-87.3192748,35.6739486],[-87.3193965,35.6744675],[-87.3194486,35.6747784],[-87.3195292,35.6755363],[-87.3195873,35.6765052],[-87.3195788,35.6773412],[-87.3195931,35.6781567],[-87.3196525,35.6790061],[-87.3197563,35.6797104],[-87.3198416,35.6802536],[-87.3199855,35.6809503],[-87.3202696,35.6821906],[-87.320556,35.6833566],[-87.3207164,35.6839885],[-87.3208031,35.6845495],[-87.3208116,35.685025],[-87.3208089,35.6853439],[-87.3206973,35.6858786],[-87.3205541,35.6863273],[-87.3203734,35.686672],[-87.3202285,35.6869384],[-87.3199586,35.6873305],[-87.3197563,35.6875756],[-87.319572,35.6877583],[-87.319346,35.6879758],[-87.3190175,35.6882488],[-87.3187372,35.6884254],[-87.3183765,35.6886455],[-87.3181664,35.6887419],[-87.3164435,35.6895624],[-87.3160741,35.6897335],[-87.3151996,35.6901372],[-87.3147936,35.6903234],[-87.3144745,35.6905024],[-87.3140208,35.6907691],[-87.3137386,35.6909561],[-87.3133367,35.6912404],[-87.3129546,35.691546],[-87.3125528,35.6919252],[-87.3123406,35.6921798],[-87.3120845,35.6924999],[-87.3118778,35.6927691],[-87.3117566,35.6929354],[-87.3115841,35.693136],[-87.3113807,35.6933138],[-87.3112564,35.693436],[-87.3110808,35.6935663],[-87.3108652,35.6937012],[-87.3102167,35.6940826],[-87.3097734,35.6943133],[-87.3094321,35.6945396],[-87.3093834,35.6945719],[-87.3091383,35.6947479],[-87.3088446,35.695055],[-87.3085724,35.695391],[-87.3083344,35.695682],[-87.308085,35.695992],[-87.307891,35.6962367],[-87.3076696,35.6964675],[-87.3073596,35.6967963],[-87.3070594,35.6970562],[-87.3067925,35.6972911],[-87.3064899,35.6975448],[-87.3061463,35.6978133],[-87.3058803,35.6980034],[-87.3056289,35.6981513],[-87.3051009,35.6984432],[-87.3048369,35.6985534],[-87.3045095,35.6986789],[-87.304027,35.6988372],[-87.3037911,35.6989003],[-87.3034703,35.6989774],[-87.3030943,35.6990397],[-87.3028148,35.6990659],[-87.3024678,35.6990799],[-87.3021753,35.6990641],[-87.3018339,35.6990292],[-87.3015936,35.6989907],[-87.3013723,35.6989409],[-87.3009796,35.6988282],[-87.3006506,35.6987015],[-87.3003866,35.6985776],[-87.3000423,35.698378],[-87.2995138,35.6980716],[-87.2991887,35.697897],[-87.2988143,35.6977436],[-87.298571,35.6976389],[-87.2982918,35.697556],[-87.2979923,35.6974734],[-87.2975609,35.6973941],[-87.2972053,35.6973433],[-87.2967286,35.6973269],[-87.2961212,35.6973617],[-87.2957529,35.6974095],[-87.2951497,35.6975125],[-87.2946697,35.6976258],[-87.29359,35.6979269],[-87.2931559,35.6980743],[-87.2924868,35.6982894],[-87.2916705,35.69855],[-87.2910928,35.6987148],[-87.2908198,35.6987829],[-87.290366,35.6988446],[-87.2900406,35.6988647],[-87.2897875,35.6988675],[-87.2894556,35.6988392],[-87.2890297,35.6987783],[-87.288386,35.6986234],[-87.2880618,35.698553],[-87.2879745,35.698534],[-87.2872299,35.6983914],[-87.2867475,35.6983339],[-87.2863106,35.6983014],[-87.2856901,35.6983037],[-87.2848366,35.6983247],[-87.2833112,35.6983983],[-87.282397,35.6984626],[-87.2813956,35.6985422],[-87.2792357,35.6987845],[-87.2778964,35.6989741],[-87.2766196,35.6991712],[-87.2757509,35.6993139],[-87.2748232,35.6994689],[-87.2737636,35.6996828],[-87.272349,35.6999685],[-87.2711304,35.7002315],[-87.2703388,35.7004091],[-87.2694077,35.7006372],[-87.2689689,35.700749],[-87.2683377,35.7009328],[-87.2676577,35.7011801],[-87.2670184,35.7014533],[-87.2666335,35.7016532],[-87.2659064,35.7020651],[-87.2655086,35.7023277],[-87.2652611,35.702489],[-87.264992,35.7027035],[-87.2645826,35.7030476],[-87.2643036,35.7033203],[-87.2639658,35.7036742],[-87.2635649,35.7041047],[-87.2632803,35.7044863],[-87.2631095,35.7047418],[-87.2629688,35.7049825],[-87.2627934,35.7053008],[-87.2626759,35.7055871],[-87.2625515,35.7058937],[-87.2624585,35.7062043],[-87.2624263,35.7063387],[-87.2623895,35.7064919],[-87.2623082,35.7070235],[-87.2622874,35.7072255],[-87.2622832,35.707425],[-87.2622967,35.7076097],[-87.2623089,35.7078153],[-87.2623422,35.7080416],[-87.2623806,35.7082831],[-87.2624572,35.7085534],[-87.2625279,35.7088058],[-87.2625995,35.7090108],[-87.2627136,35.7092809],[-87.2628253,35.7095152],[-87.2629947,35.7098554],[-87.2633596,35.7104978],[-87.2636504,35.7110818],[-87.2638113,35.7114311],[-87.2639286,35.7117442],[-87.2640268,35.7120247],[-87.2640999,35.7123045],[-87.2641561,35.7125862],[-87.2642107,35.7128934],[-87.2642683,35.7133379],[-87.2642917,35.7137481],[-87.2642899,35.7141132],[-87.2642701,35.7144272],[-87.2642237,35.7147871],[-87.2641986,35.7150455],[-87.264168,35.7152986],[-87.2641298,35.7155142],[-87.2640928,35.7157326],[-87.2640003,35.716125],[-87.2640003,35.716125],[-87.2637498,35.7169951],[-87.2634433,35.7179181],[-87.2631677,35.7186334],[-87.2631677,35.7186334],[-87.2629854,35.7190872],[-87.2626654,35.7197208],[-87.2624649,35.7200737],[-87.262274,35.7203832],[-87.2619013,35.7209581]]}}]}