{"type":"FeatureCollection","features":[{"type":"Feature","properties":{"section_id":"potkopinu_to_rocky_springs","section_name":"Potkopinu to Rocky Springs (Parkway)","region_id":"mississippi","region_name":"Mississippi","route_id":"roadwalk"},"geometry":{"type":"LineString","coordinates":[[-91.1811828,31.6935686],[-91.1810545,31.6939961],[-91.1809308,31.6944321],[-91.1808057,31.6948861],[-91.1806894,31.6953202],[-91.1806104,31.6956634],[-91.1805305,31.6960066],[-91.1804484,31.6963497],[-91.1803716,31.6966929],[-91.1802326,31.6973787],[-91.1801156,31.6980027],[-91.1800246,31.6985264],[-91.1799678,31.6988781],[-91.1798593,31.6996226],[-91.1798078,31.7000047],[-91.17976,31.7003908],[-91.179716,31.7008021],[-91.1796762,31.701216],[-91.1796217,31.7019066],[-91.1796062,31.7021599],[-91.1795653,31.7029257],[-91.179545,31.70342],[-91.1795238,31.7039365],[-91.1794792,31.7050388],[-91.1794529,31.7056188],[-91.1794303,31.706014],[-91.1793883,31.7066188],[-91.1793414,31.7072236],[-91.1792885,31.7077937],[-91.1792563,31.7081263],[-91.1792227,31.7084506],[-91.1791079,31.7094419],[-91.1790381,31.7099825],[-91.1789417,31.7106269],[-91.1788833,31.7110151],[-91.1788256,31.7113676],[-91.1787832,31.7116222],[-91.1786758,31.7122384],[-91.1786187,31.7125628],[-91.1785677,31.7128313],[-91.1785035,31.713158],[-91.1784154,31.7135919],[-91.1783225,31.7140274],[-91.1782027,31.7145735],[-91.1781295,31.7148972],[-91.1780569,31.7152219],[-91.1779287,31.7157561],[-91.1777718,31.7163857],[-91.1775706,31.717142],[-91.1774168,31.7176784],[-91.1772861,31.7181246],[-91.1770005,31.7190696],[-91.1768587,31.7195199],[-91.1766759,31.7201071],[-91.1764167,31.7209427],[-91.1761691,31.7217338],[-91.1759371,31.7225099],[-91.1758012,31.7230233],[-91.1756806,31.7235121],[-91.175594,31.7238957],[-91.1754975,31.7243495],[-91.1754205,31.7247439],[-91.1753636,31.7250777],[-91.1753312,31.7252659],[-91.1752744,31.7256353],[-91.1752361,31.7259139],[-91.1752009,31.7261918],[-91.1751628,31.7265217],[-91.1751184,31.7270077],[-91.1751184,31.7270077],[-91.1751043,31.7271629],[-91.1750754,31.7275979],[-91.175052,31.728033],[-91.1750388,31.7284725],[-91.1750331,31.7289151],[-91.1750343,31.7292545],[-91.1750404,31.7295882],[-91.1750506,31.7300124],[-91.1750704,31.7304366],[-91.1750948,31.7308021],[-91.1751332,31.7312846],[-91.1751572,31.7315359],[-91.1751827,31.7317871],[-91.17522,31.7321144],[-91.1752661,31.7324492],[-91.1752927,31.7326457],[-91.1753553,31.7330812],[-91.1754127,31.7334186],[-91.1754684,31.73374],[-91.1755309,31.7340798],[-91.1755976,31.7344034],[-91.1756461,31.7346232],[-91.1757159,31.7349388],[-91.1759658,31.7359433],[-91.1760993,31.7364391],[-91.1762143,31.7368623],[-91.1763729,31.7374398],[-91.1765383,31.7380533],[-91.1768095,31.7391631],[-91.1770384,31.7401959],[-91.1772421,31.7412307],[-91.1773968,31.7420594],[-91.1774691,31.7425022],[-91.1774941,31.7426899],[-91.177508,31.7428431],[-91.1775204,31.7430605],[-91.177524,31.7432463],[-91.177521,31.743396],[-91.1775125,31.743529],[-91.1774955,31.7436896],[-91.1774815,31.743806],[-91.1774605,31.7439388],[-91.1774324,31.7440885],[-91.1773995,31.7442377],[-91.1773613,31.7443822],[-91.1773049,31.7445697],[-91.1772553,31.7447172],[-91.1772046,31.7448589],[-91.1771419,31.745007],[-91.177085,31.7451328],[-91.1770192,31.7452669],[-91.17695,31.7453997],[-91.1768775,31.7455305],[-91.1768008,31.7456646],[-91.1765319,31.7461349],[-91.1762963,31.7465701],[-91.1762025,31.7467596],[-91.1760889,31.7470007],[-91.1758617,31.747535],[-91.1757062,31.7479821],[-91.1756347,31.7482109],[-91.1755704,31.7484398],[-91.1755022,31.748714],[-91.1754361,31.7490063],[-91.1753995,31.7492027],[-91.1753638,31.7494173],[-91.1753368,31.7496089],[-91.1753122,31.7498012],[-91.1752945,31.7499893],[-91.1752701,31.7503866],[-91.1752616,31.7506687],[-91.1752611,31.7508789],[-91.1752665,31.7510717],[-91.1752797,31.7512537],[-91.1752945,31.7514087],[-91.1753128,31.7515808],[-91.1753369,31.7517678],[-91.1753665,31.75195],[-91.1754046,31.7521375],[-91.1754441,31.7523121],[-91.1754912,31.7525008],[-91.175532,31.7526442],[-91.1755912,31.7528424],[-91.1756662,31.7530763],[-91.1758392,31.7535953],[-91.1759256,31.7538652],[-91.1759616,31.7539988],[-91.1759942,31.7541313],[-91.1760179,31.7542425],[-91.1760405,31.7543813],[-91.1760536,31.7544982],[-91.1760625,31.7546196],[-91.176066,31.7547391],[-91.1760636,31.7548918],[-91.1760593,31.755],[-91.17605,31.7551276],[-91.1760381,31.7552428],[-91.1760226,31.7553585],[-91.1759999,31.7554838],[-91.1759741,31.7555942],[-91.1759421,31.7557135],[-91.1759014,31.755842],[-91.1758542,31.7559695],[-91.1758053,31.7560889],[-91.1757571,31.756199],[-91.1756931,31.7563259],[-91.1756368,31.7564306],[-91.1755649,31.7565523],[-91.1754815,31.7566842],[-91.1754053,31.7567899],[-91.1753049,31.7569222],[-91.1752192,31.7570271],[-91.1751246,31.7571346],[-91.1750347,31.7572296],[-91.1749379,31.7573245],[-91.174839,31.7574182],[-91.174746,31.757495],[-91.1746002,31.7576081],[-91.1744403,31.7577228],[-91.1743232,31.7578001],[-91.1742048,31.7578738],[-91.1740853,31.757942],[-91.1739709,31.7580046],[-91.1738417,31.7580701],[-91.1736853,31.7581417],[-91.1735283,31.7582066],[-91.1733729,31.7582644],[-91.1732237,31.7583138],[-91.1730782,31.7583606],[-91.1729353,31.7584014],[-91.1727624,31.7584412],[-91.1725955,31.7584754],[-91.1724215,31.7585083],[-91.1719366,31.758587],[-91.1712501,31.7586912],[-91.1710292,31.7587259],[-91.1708402,31.7587621],[-91.1706676,31.7588001],[-91.1705221,31.7588371],[-91.1703584,31.7588839],[-91.1702069,31.7589317],[-91.1700512,31.7589852],[-91.1698962,31.759046],[-91.1697563,31.759105],[-91.1696122,31.7591716],[-91.1694711,31.7592421],[-91.1693414,31.7593135],[-91.1691965,31.7594035],[-91.1690802,31.759477],[-91.1689345,31.7595796],[-91.1688244,31.7596631],[-91.1687005,31.7597649],[-91.1685999,31.7598548],[-91.1684874,31.7599619],[-91.1683856,31.7600635],[-91.1682536,31.7602099],[-91.1681096,31.7603801],[-91.1681096,31.7603801],[-91.1680426,31.7604703],[-91.1679775,31.7605612],[-91.1679146,31.7606549],[-91.1678546,31.7607509],[-91.1677955,31.7608563],[-91.167741,31.7609648],[-91.1676911,31.7610752],[-91.1676448,31.7611872],[-91.1676448,31.7611872],[-91.167114,31.7625162],[-91.1665714,31.7638718],[-91.1660398,31.7651925],[-91.1655095,31.7665144],[-91.1652656,31.7671194],[-91.1650599,31.7676374],[-91.1648568,31.7681447],[-91.1647545,31.7683798],[-91.1646707,31.7685557],[-91.1645934,31.7687087],[-91.1645139,31.768858],[-91.1644426,31.7689793],[-91.1643749,31.7690876],[-91.1642571,31.7692664],[-91.1641531,31.7694162],[-91.1640587,31.769548],[-91.1639517,31.76969],[-91.163691,31.7700049],[-91.163473,31.770246],[-91.1633366,31.7703873],[-91.1632002,31.7705239],[-91.1630553,31.7706638],[-91.162891,31.7708114],[-91.1626963,31.7709835],[-91.1624444,31.7711975],[-91.161778,31.7717603],[-91.1611961,31.7722336],[-91.1605524,31.7727476],[-91.1597493,31.7733684],[-91.1589559,31.7739552],[-91.1577324,31.774824],[-91.1572967,31.775124],[-91.1566151,31.7755798],[-91.1559246,31.776033],[-91.1552195,31.7764799],[-91.1545123,31.7769148],[-91.1537934,31.7773409],[-91.153085,31.7777497],[-91.1527193,31.7779535],[-91.1525333,31.7780542],[-91.1523937,31.7781255],[-91.1521857,31.7782303],[-91.1519442,31.7783469],[-91.1517199,31.7784486],[-91.151489,31.7785477],[-91.1512551,31.7786443],[-91.1509824,31.778749],[-91.1506902,31.7788532],[-91.150442,31.7789391],[-91.150214,31.779011],[-91.1499654,31.7790841],[-91.1497195,31.7791497],[-91.1494821,31.7792083],[-91.1492198,31.7792664],[-91.1489624,31.7793157],[-91.1486944,31.7793631],[-91.148413,31.7794059],[-91.1481606,31.7794399],[-91.1478933,31.7794703],[-91.1476348,31.7794933],[-91.1473606,31.7795111],[-91.1471308,31.7795214],[-91.1468961,31.7795287],[-91.1466466,31.7795282],[-91.146407,31.7795261],[-91.1461751,31.7795184],[-91.145924,31.7795048],[-91.1456652,31.7794871],[-91.1454119,31.7794647],[-91.1450584,31.7794218],[-91.1448199,31.7793862],[-91.1445236,31.7793374],[-91.1441682,31.7792743],[-91.143557,31.779152],[-91.1430458,31.7790473],[-91.1428575,31.779014],[-91.1426553,31.7789804],[-91.1424531,31.7789539],[-91.1422739,31.7789361],[-91.1420747,31.7789183],[-91.1418922,31.7789089],[-91.1416917,31.778904],[-91.1415119,31.7789064],[-91.1413317,31.7789123],[-91.1411524,31.7789225],[-91.1409804,31.7789367],[-91.140794,31.7789571],[-91.1406022,31.7789852],[-91.1403921,31.7790222],[-91.140174,31.779068],[-91.1399281,31.7791291],[-91.1397426,31.7791827],[-91.1395898,31.7792309],[-91.1394173,31.7792935],[-91.1392097,31.7793726],[-91.1389653,31.7794751],[-91.1387473,31.779578],[-91.1385254,31.7796959],[-91.138396,31.7797675],[-91.1382089,31.7798796],[-91.1379975,31.7800134],[-91.1377867,31.7801527],[-91.1368771,31.7807618],[-91.1366363,31.7809218],[-91.1364475,31.7810417],[-91.1361906,31.781197],[-91.1359835,31.7813162],[-91.1358068,31.7814177],[-91.1355863,31.7815347],[-91.13536,31.7816493],[-91.1351384,31.7817542],[-91.1349117,31.7818564],[-91.1346811,31.7819534],[-91.1344422,31.7820479],[-91.134204,31.7821339],[-91.1338659,31.7822497],[-91.1335975,31.7823327],[-91.1332653,31.7824237],[-91.1329692,31.7824999],[-91.132696,31.7825625],[-91.1323929,31.7826265],[-91.1321008,31.7826806],[-91.1317183,31.7827447],[-91.1313197,31.7828045],[-91.1309971,31.7828441],[-91.1306579,31.7828782],[-91.1298225,31.7829475],[-91.1290351,31.7830113],[-91.1285089,31.783064],[-91.1281188,31.7831056],[-91.1277425,31.7831534],[-91.1273712,31.7832054],[-91.1268398,31.7832912],[-91.1264284,31.7833628],[-91.1258608,31.7834713],[-91.1254553,31.7835574],[-91.1251061,31.7836366],[-91.1244871,31.7837884],[-91.1239828,31.7839247],[-91.1236209,31.7840267],[-91.1232595,31.7841374],[-91.1228421,31.7842687],[-91.1224262,31.784407],[-91.1218294,31.7846195],[-91.1212695,31.7848271],[-91.1207338,31.7850361],[-91.1202296,31.7852356],[-91.1194301,31.7855731],[-91.1188187,31.7858461],[-91.1180448,31.7862096],[-91.1174793,31.786489],[-91.1167146,31.7868857],[-91.1160359,31.7872547],[-91.1151644,31.787756],[-91.1143417,31.788258],[-91.1139241,31.7885261],[-91.1134464,31.788843],[-91.1129171,31.7892016],[-91.1126269,31.7894064],[-91.1122453,31.7896809],[-91.111645,31.7901291],[-91.1112626,31.7904258],[-91.1106191,31.7909399],[-91.1101345,31.7913354],[-91.1096774,31.7917223],[-91.1093142,31.7920449],[-91.1088635,31.7924479],[-91.1082911,31.7929885],[-91.1077724,31.7935115],[-91.1074545,31.7938395],[-91.1070401,31.7942686],[-91.106627,31.7947168],[-91.1062323,31.7951601],[-91.1057715,31.7956919],[-91.105471,31.7960555],[-91.104961,31.7966891],[-91.1045419,31.7972446],[-91.1039156,31.7980903],[-91.103568,31.7985467],[-91.1033437,31.7988265],[-91.1031196,31.7990878],[-91.102957,31.7992642],[-91.1027275,31.7995033],[-91.1025927,31.7996376],[-91.1024243,31.7997961],[-91.1022599,31.7999478],[-91.1019916,31.8001827],[-91.101783,31.8003578],[-91.1015857,31.8005141],[-91.1013739,31.8006725],[-91.1011326,31.8008469],[-91.1009481,31.8009732],[-91.1007712,31.801089],[-91.1006076,31.8011939],[-91.1004364,31.8012988],[-91.1002652,31.8014],[-91.1000727,31.8015113],[-91.0998592,31.8016271],[-91.0996303,31.8017477],[-91.0994618,31.8018327],[-91.0993311,31.801895],[-91.0991232,31.8019923],[-91.0988554,31.8021105],[-91.0985309,31.8022515],[-91.0980562,31.802457],[-91.0975047,31.8027001],[-91.0971437,31.8028688],[-91.0968263,31.8030236],[-91.0963395,31.8032685],[-91.0959534,31.8034722],[-91.0954109,31.8037721],[-91.0950607,31.8039784],[-91.0944252,31.8043635],[-91.0941351,31.8045493],[-91.0938514,31.8047358],[-91.093567,31.8049261],[-91.0930735,31.8052645],[-91.0925806,31.8056154],[-91.0921575,31.8059231],[-91.0916834,31.8062798],[-91.0909288,31.8068751],[-91.0902577,31.8074408],[-91.0900106,31.8076558],[-91.0897367,31.8078847],[-91.0895515,31.808033],[-91.0893752,31.8081701],[-91.0891605,31.8083302],[-91.0889567,31.8084717],[-91.0888041,31.8085732],[-91.088652,31.8086725],[-91.0885002,31.8087675],[-91.0882842,31.8088987],[-91.0876619,31.8092328],[-91.0874387,31.8093413],[-91.0872377,31.809433],[-91.0870148,31.8095281],[-91.0867362,31.8096436],[-91.0863324,31.8098017],[-91.0858689,31.8099835],[-91.0856494,31.8100739],[-91.0854486,31.8101608],[-91.0852381,31.8102556],[-91.0850255,31.8103568],[-91.0848396,31.8104533],[-91.0846047,31.8105842],[-91.0844217,31.8106911],[-91.0842167,31.8108162],[-91.0840096,31.8109494],[-91.0838108,31.811083],[-91.0835928,31.8112348],[-91.083412,31.8113662],[-91.0831282,31.8115789],[-91.0828493,31.8117981],[-91.0826586,31.8119528],[-91.0824722,31.8121074],[-91.0822699,31.8122807],[-91.082005,31.8125168],[-91.0817424,31.812762],[-91.0815106,31.8129841],[-91.0811811,31.8133258],[-91.0808094,31.8137275],[-91.0804425,31.814141],[-91.0801353,31.8144996],[-91.0797937,31.8149134],[-91.0794917,31.8152919],[-91.0791881,31.8156855],[-91.0788853,31.8160887],[-91.0785538,31.8165522],[-91.0782883,31.8169332],[-91.0779088,31.8174931],[-91.077582,31.8179875],[-91.0772607,31.8184841],[-91.0768947,31.8190658],[-91.0765171,31.8196797],[-91.0762377,31.8201431],[-91.075886,31.8207392],[-91.0755592,31.8213152],[-91.0753294,31.821736],[-91.0750749,31.8222205],[-91.0747704,31.8228296],[-91.0744801,31.8234491],[-91.0743363,31.8237737],[-91.0742152,31.8240681],[-91.0741268,31.8243001],[-91.0740197,31.8245962],[-91.0739447,31.8248103],[-91.0738364,31.8251444],[-91.073738,31.8254671],[-91.0736217,31.8258994],[-91.073501,31.8264215],[-91.0734397,31.8267466],[-91.0733813,31.8270759],[-91.0733138,31.827532],[-91.0732323,31.8280794],[-91.0731946,31.8283006],[-91.0731602,31.8284762],[-91.0731312,31.8286086],[-91.0731017,31.8287368],[-91.0730536,31.8289302],[-91.0729945,31.8291504],[-91.0729341,31.8293604],[-91.0728605,31.8295941],[-91.0727911,31.8297968],[-91.0727318,31.8299553],[-91.0726528,31.8301501],[-91.072581,31.8303217],[-91.0725123,31.8304776],[-91.0724494,31.8306129],[-91.0723582,31.8307971],[-91.0722628,31.8309834],[-91.0722026,31.8310923],[-91.0721327,31.8312119],[-91.0720436,31.8313589],[-91.0719459,31.8315104],[-91.0718551,31.831645],[-91.0717524,31.8317925],[-91.0716758,31.8318952],[-91.0715984,31.8319955],[-91.0715201,31.8320927],[-91.0714055,31.8322271],[-91.0712446,31.8324106],[-91.0711561,31.8325078],[-91.0710455,31.8326246],[-91.070905,31.8327673],[-91.0707623,31.8329072],[-91.0705608,31.8331072],[-91.0698916,31.8337798],[-91.0693269,31.8343782],[-91.068861,31.8348928],[-91.0686211,31.8351662],[-91.0683941,31.8354319],[-91.0680868,31.8358039],[-91.0677113,31.8362661],[-91.067435,31.8366204],[-91.0670644,31.8371085],[-91.0666184,31.837716],[-91.0663962,31.8380208],[-91.0662532,31.8382042],[-91.0661031,31.8383863],[-91.0659912,31.8385177],[-91.0658695,31.8386582],[-91.065722,31.8388233],[-91.0655844,31.8389685],[-91.0654296,31.8391324],[-91.0652886,31.8392698],[-91.0649782,31.8395518],[-91.0647852,31.839721],[-91.0645807,31.8398919],[-91.0644073,31.840028],[-91.0641722,31.8402076],[-91.0639691,31.8403574],[-91.0638086,31.8404706],[-91.0635162,31.8406638],[-91.0632506,31.8408322],[-91.0630359,31.8409595],[-91.0628556,31.8410659],[-91.0626115,31.8411995],[-91.062401,31.8413102],[-91.0622253,31.8413975],[-91.0620833,31.8414653],[-91.0618722,31.8415636],[-91.0616389,31.8416662],[-91.0613848,31.841776],[-91.0610774,31.8419011],[-91.0607623,31.8420255],[-91.0604234,31.8421576],[-91.0598713,31.8423684],[-91.0594743,31.842527],[-91.0593787,31.8425671],[-91.0591572,31.842665],[-91.0589835,31.8427462],[-91.0588074,31.8428314],[-91.0585669,31.8429531],[-91.0583357,31.8430837],[-91.0581057,31.8432192],[-91.0578844,31.8433555],[-91.0577598,31.8434355],[-91.0576752,31.8434934],[-91.057039,31.8439676],[-91.0569254,31.8440627],[-91.0567929,31.8441788],[-91.0566599,31.8442977],[-91.0565346,31.8444161],[-91.0564156,31.8445324],[-91.0562826,31.8446659],[-91.056174,31.8447804],[-91.0560125,31.8449573],[-91.0558727,31.8451207],[-91.0557423,31.8452811],[-91.0555268,31.8455536],[-91.0553385,31.8458099],[-91.0551184,31.8461139],[-91.0547529,31.8466229],[-91.0544424,31.8470451],[-91.0543346,31.8471891],[-91.0542389,31.84731],[-91.0541487,31.8474199],[-91.0540615,31.8475228],[-91.0539563,31.8476401],[-91.0538506,31.8477517],[-91.0537624,31.8478399],[-91.053665,31.847936],[-91.0535707,31.8480214],[-91.0534502,31.8481265],[-91.0533296,31.8482276],[-91.0532115,31.8483208],[-91.0530957,31.8484077],[-91.052969,31.8484993],[-91.05285,31.848581],[-91.0527374,31.8486555],[-91.0526403,31.8487135],[-91.0525299,31.848779],[-91.0524034,31.8488509],[-91.0522708,31.8489232],[-91.0520793,31.8490192],[-91.0519205,31.8490961],[-91.0517415,31.8491767],[-91.0515538,31.8492566],[-91.0512614,31.8493759],[-91.0510223,31.8494705],[-91.0506882,31.8496041],[-91.0499286,31.8499008],[-91.0494212,31.8500976],[-91.048906,31.8503016],[-91.0486661,31.8504015],[-91.048492,31.8504762],[-91.0482776,31.8505735],[-91.0480929,31.8506617],[-91.0479158,31.8507524],[-91.0477518,31.850841],[-91.0475966,31.8509296],[-91.0474433,31.8510216],[-91.0473012,31.8511129],[-91.0471672,31.8512018],[-91.0469872,31.8513276],[-91.0468373,31.8514364],[-91.0466711,31.851559],[-91.0465552,31.8516508],[-91.0464575,31.8517323],[-91.0463168,31.8518531],[-91.0461528,31.8520019],[-91.0459771,31.8521696],[-91.0458386,31.8523126],[-91.0457062,31.8524571],[-91.0455779,31.8526007],[-91.0454612,31.8527396],[-91.0453462,31.8528848],[-91.0452356,31.853032],[-91.0451287,31.8531817],[-91.0450316,31.8533258],[-91.044937,31.8534748],[-91.0448492,31.8536199],[-91.0447649,31.8537685],[-91.0446912,31.8539076],[-91.044622,31.8540424],[-91.0445599,31.8541722],[-91.0444785,31.8543479],[-91.0444182,31.8544882],[-91.0443606,31.8546399],[-91.0442981,31.8548156],[-91.0442423,31.8549806],[-91.0441833,31.8551778],[-91.0441296,31.8553841],[-91.0440815,31.8555979],[-91.0440414,31.8558063],[-91.0440033,31.8560278],[-91.0439601,31.8563035],[-91.0439261,31.8565422],[-91.0438677,31.8570028],[-91.0437864,31.8575836],[-91.0437021,31.8582083],[-91.0436611,31.8585052],[-91.0436257,31.8587215],[-91.0436021,31.8588582],[-91.0435749,31.8589856],[-91.0435424,31.8591241],[-91.0435122,31.8592487],[-91.0434805,31.8593649],[-91.0434454,31.859484],[-91.043411,31.8595957],[-91.0433776,31.8596957],[-91.0433392,31.8598088],[-91.0432966,31.8599278],[-91.0432531,31.8600454],[-91.0432009,31.8601746],[-91.0431472,31.8602984],[-91.0430909,31.8604235],[-91.0430334,31.8605467],[-91.0429681,31.8606812],[-91.0429075,31.8607985],[-91.0428417,31.8609218],[-91.0427794,31.8610319],[-91.0427123,31.8611461],[-91.0426401,31.8612634],[-91.0425557,31.8613964],[-91.0424558,31.8615462],[-91.0423718,31.8616705],[-91.0421759,31.8619608],[-91.0419132,31.8623405],[-91.0415822,31.8628212],[-91.0412962,31.8632409],[-91.041158,31.8634602],[-91.0410352,31.8636646],[-91.0409202,31.8638646],[-91.04079,31.864108],[-91.0406723,31.8643452],[-91.0405693,31.8645735],[-91.0404764,31.8647965],[-91.0403998,31.8649896],[-91.0403531,31.8651284],[-91.0402882,31.8653274],[-91.0402281,31.8655245],[-91.0401797,31.865702],[-91.0401246,31.8659217],[-91.0400829,31.8661027],[-91.040045,31.8662989],[-91.039875,31.8672309],[-91.0397981,31.8676344],[-91.0397161,31.8680362],[-91.039659,31.8682893],[-91.0396181,31.8684535],[-91.039539,31.8687623],[-91.0394867,31.8689514],[-91.0394307,31.869136],[-91.0393826,31.8692951],[-91.0393298,31.8694662],[-91.0392695,31.8696482],[-91.0392033,31.8698393],[-91.0391564,31.8699673],[-91.0390044,31.8703643],[-91.0388738,31.8706955],[-91.0387413,31.8710116],[-91.0383001,31.8720251],[-91.0380716,31.8725473],[-91.0378886,31.8729537],[-91.0376486,31.8734878],[-91.0374953,31.873824],[-91.0374234,31.8739834],[-91.0370163,31.874847],[-91.0366791,31.8755601],[-91.0363846,31.8761784],[-91.0360438,31.8768706],[-91.0357893,31.877382],[-91.0355282,31.8779017],[-91.0352265,31.8784965],[-91.0348558,31.8792141],[-91.034433,31.8800156],[-91.0341632,31.8805217],[-91.0338892,31.8810266],[-91.0335629,31.881616],[-91.0332312,31.8822183],[-91.0330889,31.8824676],[-91.032943,31.8827162],[-91.0327366,31.8830588],[-91.0325254,31.8833963],[-91.0322714,31.8837916],[-91.0320932,31.8840651],[-91.0319566,31.8842675],[-91.0316936,31.8846505],[-91.031497,31.8849272],[-91.0313577,31.8851201],[-91.0311495,31.8854039],[-91.0308873,31.8857544],[-91.0306447,31.886068],[-91.0305,31.8862484],[-91.0303488,31.8864363],[-91.0301839,31.8866359],[-91.0300434,31.8867977],[-91.029901,31.8869586],[-91.029706,31.8871721],[-91.0295067,31.8873855],[-91.029305,31.8875966],[-91.0291033,31.8878032],[-91.0289032,31.8880042],[-91.028733,31.8881666],[-91.0285701,31.888315],[-91.0283282,31.8885314],[-91.0281063,31.8887232],[-91.0279692,31.8888404],[-91.0277939,31.8889885],[-91.027656,31.8891017],[-91.0274688,31.8892523],[-91.0272605,31.8894181],[-91.027019,31.8896027],[-91.0267612,31.8897857],[-91.0264957,31.8899728],[-91.0260504,31.8902737],[-91.0256669,31.8905218],[-91.0252047,31.8908072],[-91.0246172,31.8911725],[-91.0238823,31.8916432],[-91.0237097,31.8917589],[-91.023552,31.8918683],[-91.0233057,31.8920533],[-91.0231491,31.8921755],[-91.0229647,31.8923262],[-91.022815,31.8924579],[-91.0226361,31.8926206],[-91.0224795,31.8927727],[-91.0223495,31.8929057],[-91.0222112,31.8930552],[-91.0220706,31.8932095],[-91.021898,31.893413],[-91.0217795,31.8935634],[-91.0216448,31.8937411],[-91.0214545,31.8940235],[-91.0213009,31.8942648],[-91.0211593,31.8944984],[-91.0210085,31.8947561],[-91.0206374,31.89542],[-91.0203128,31.8959969],[-91.0199562,31.8966296],[-91.0196133,31.897225],[-91.0193755,31.8976163],[-91.0192579,31.8978011],[-91.0191609,31.8979472],[-91.0190975,31.8980427],[-91.0190202,31.8981529],[-91.0189304,31.8982729],[-91.0188462,31.8983833],[-91.018744,31.8985091],[-91.0186102,31.8986737],[-91.0184379,31.89888],[-91.0183225,31.8990088],[-91.0181758,31.8991702],[-91.018022,31.8993298],[-91.0178709,31.8994797],[-91.0177111,31.8996357],[-91.0175484,31.8997849],[-91.0174117,31.8999077],[-91.0173083,31.8999983],[-91.0171633,31.9001192],[-91.0169931,31.9002591],[-91.0168133,31.9004021],[-91.0166109,31.9005581],[-91.0161799,31.9008868],[-91.0158435,31.9011285],[-91.0154931,31.9013702],[-91.014557,31.9020399],[-91.0139805,31.9024515],[-91.0134494,31.902836],[-91.0127938,31.9033363],[-91.0123711,31.9036792],[-91.0120327,31.9039679],[-91.0117808,31.9041947],[-91.0115418,31.9044166],[-91.0113075,31.904643],[-91.0111023,31.9048486],[-91.0107748,31.905193],[-91.010519,31.9054779],[-91.010396,31.9056139],[-91.0101511,31.905901],[-91.0098444,31.9062798],[-91.0095391,31.9066752],[-91.0090927,31.907291],[-91.008759,31.9077595],[-91.0084262,31.9082279],[-91.0077127,31.9092816],[-91.0072198,31.9100322],[-91.0068291,31.9106308],[-91.0064244,31.9112813],[-91.0060431,31.9119057],[-91.0056335,31.9125901],[-91.0053314,31.9131042],[-91.0050093,31.9136719],[-91.0048029,31.9140389],[-91.0045656,31.914472],[-91.0042024,31.9151168],[-91.0038787,31.9157367],[-91.0035704,31.9163664],[-91.0033114,31.916896],[-91.0031257,31.917306],[-91.0029876,31.9176283],[-91.0029028,31.9178382],[-91.0028008,31.9181075],[-91.0026825,31.9184365],[-91.0026037,31.918678],[-91.0024859,31.9190798],[-91.0023685,31.9195102],[-91.0022834,31.919852],[-91.0020985,31.9207153],[-91.0019174,31.9215863],[-91.0017762,31.9222403],[-91.0016105,31.9230029],[-91.00151,31.9234302],[-91.0014095,31.9238459],[-91.0012847,31.9242941],[-91.001192,31.9245931],[-91.0011047,31.9248434],[-91.0009987,31.9251235],[-91.0009112,31.9253284],[-91.0007932,31.9255682],[-91.000706,31.9257498],[-91.0006161,31.9259203],[-91.0005386,31.9260526],[-91.0004526,31.9261896],[-91.0003623,31.9263308],[-91.0002661,31.9264727],[-91.0001436,31.9266425],[-91.0000367,31.9267841],[-90.9999291,31.9269204],[-90.9998132,31.9270583],[-90.9996979,31.9271859],[-90.9995763,31.9273174],[-90.9994557,31.9274408],[-90.9993476,31.9275478],[-90.9992279,31.9276586],[-90.9991051,31.9277669],[-90.9989718,31.927883],[-90.9988394,31.9279906],[-90.9987001,31.9280991],[-90.9985418,31.9282188],[-90.9984055,31.9283203],[-90.9982142,31.92845],[-90.9980165,31.9285772],[-90.9978749,31.928665],[-90.9977274,31.9287524],[-90.9975625,31.9288436],[-90.9974084,31.9289264],[-90.9973043,31.9289803],[-90.9972117,31.9290247],[-90.9970933,31.9290803],[-90.9969647,31.9291385],[-90.9968403,31.9291929],[-90.9967239,31.9292411],[-90.9965959,31.9292923],[-90.9964745,31.9293389],[-90.9963576,31.9293815],[-90.9962328,31.9294254],[-90.9960913,31.9294733],[-90.9959379,31.9295237],[-90.9957988,31.9295665],[-90.995662,31.9296069],[-90.9955044,31.9296514],[-90.995348,31.9296949],[-90.9951949,31.9297365],[-90.9949395,31.9298066],[-90.9941603,31.9300184],[-90.9935459,31.9301808],[-90.9929436,31.9303398],[-90.9923387,31.9305074],[-90.991425,31.9307744],[-90.9897763,31.9312709],[-90.9890447,31.931504],[-90.9885433,31.931666],[-90.9870738,31.9321642],[-90.9858254,31.9326085],[-90.9846885,31.9330265],[-90.9840354,31.9332758],[-90.9833856,31.9335264],[-90.9830626,31.9336574],[-90.9823971,31.9339258],[-90.9820763,31.9340588],[-90.9817351,31.9341993],[-90.9812861,31.9343862],[-90.980138,31.9348758],[-90.9792834,31.935258],[-90.9786878,31.9355285],[-90.97808,31.9358161],[-90.977738,31.9359821],[-90.9774988,31.9361008],[-90.9771621,31.9362754],[-90.9768219,31.9364552],[-90.9765423,31.9366075],[-90.9762869,31.9367531],[-90.9760766,31.9368752],[-90.9758465,31.9370153],[-90.9756426,31.9371442],[-90.9754258,31.9372888],[-90.975208,31.937445],[-90.975021,31.9375882],[-90.9747791,31.9377766],[-90.9745939,31.9379314],[-90.9743014,31.9381867],[-90.9741146,31.9383636],[-90.9739138,31.9385625],[-90.9737463,31.9387381],[-90.9735794,31.9389237],[-90.9734083,31.9391228],[-90.9732052,31.9393567],[-90.9724104,31.9402799],[-90.9721824,31.9405432],[-90.9717861,31.9409949],[-90.9715637,31.9412442],[-90.9713525,31.9414711],[-90.971116,31.9417197],[-90.9708761,31.941969],[-90.970674,31.9421716],[-90.9704673,31.9423736],[-90.9702598,31.9425743],[-90.9698564,31.9429528],[-90.9695873,31.9431966],[-90.969296,31.943465],[-90.9689988,31.9437329],[-90.9686475,31.9440572],[-90.9682989,31.9443883],[-90.9679306,31.9447506],[-90.9675838,31.9451048],[-90.9672683,31.9454424],[-90.9668607,31.9458937],[-90.9665692,31.9462293],[-90.9663793,31.9464534],[-90.9661058,31.9467918],[-90.9658904,31.9470675],[-90.9656841,31.9473369],[-90.9653338,31.9478075],[-90.9650703,31.9481846],[-90.9647464,31.9486655],[-90.9643422,31.9492881],[-90.9643422,31.9492881],[-90.9639674,31.9499218],[-90.9637891,31.950248],[-90.963617,31.9505782],[-90.963617,31.9505782],[-90.9633722,31.9510942],[-90.9631635,31.9515357],[-90.9629793,31.95195],[-90.9628313,31.9522925],[-90.9626717,31.9526752],[-90.9625579,31.952968],[-90.9625579,31.952968],[-90.9624347,31.9533094],[-90.9623162,31.9536458],[-90.9622169,31.9539414],[-90.9621441,31.954166],[-90.9620796,31.9543799],[-90.9620796,31.9543799],[-90.9619813,31.9547162],[-90.9615739,31.9563304],[-90.9612612,31.9576204],[-90.9610051,31.9585926],[-90.9608161,31.9592387],[-90.9606442,31.9597687],[-90.9604595,31.960295],[-90.9603055,31.9607154],[-90.9601761,31.9610348],[-90.9600471,31.961346],[-90.9598389,31.9618143],[-90.9596232,31.9622778],[-90.9590353,31.9634779],[-90.9587415,31.9640152],[-90.9585194,31.9643881],[-90.9581307,31.9650153],[-90.9576471,31.9658276],[-90.9571653,31.9666344],[-90.9570866,31.9667503],[-90.956928,31.9669932],[-90.9567693,31.9672376],[-90.9566564,31.9674117],[-90.956491,31.9676535],[-90.9561687,31.9681226],[-90.9559824,31.9683836],[-90.9557084,31.9687702],[-90.955417,31.9691759],[-90.9549687,31.9697795],[-90.9543545,31.9705863],[-90.9539766,31.9710662],[-90.9536945,31.97141],[-90.953406,31.971749],[-90.9532735,31.9718993],[-90.9531375,31.972049],[-90.9529621,31.9722345],[-90.9528136,31.9723847],[-90.9526441,31.9725554],[-90.952483,31.9727096],[-90.9523118,31.972868],[-90.9521495,31.973014],[-90.9519202,31.9732143],[-90.9517369,31.9733654],[-90.9515462,31.9735205],[-90.9513769,31.9736535],[-90.9511664,31.9738113],[-90.9508902,31.974017],[-90.9506888,31.9741645],[-90.9503808,31.9743853],[-90.9499986,31.974665],[-90.9494031,31.9750947],[-90.9490191,31.9753754],[-90.948625,31.975668],[-90.9482412,31.9759682],[-90.9479586,31.9762042],[-90.9477471,31.9763936],[-90.9475734,31.976556],[-90.9473745,31.9767528],[-90.9472287,31.976909],[-90.9470692,31.9770798],[-90.9468903,31.9772844],[-90.9468067,31.9773843],[-90.9466534,31.9775719],[-90.9465063,31.9777623],[-90.9463334,31.9779973],[-90.9461786,31.9782207],[-90.9460478,31.9784184],[-90.9459039,31.9786511],[-90.945768,31.9788867],[-90.9456378,31.979126],[-90.9455431,31.9793142],[-90.945455,31.9794943],[-90.9453238,31.9797772],[-90.945012,31.9804658],[-90.9448106,31.9809171],[-90.9445579,31.9814769],[-90.9442781,31.982102],[-90.9440545,31.9825995],[-90.9438324,31.9830899],[-90.943599,31.9835944],[-90.943459,31.9838702],[-90.9433576,31.9840635],[-90.9432491,31.9842504],[-90.9431301,31.9844404],[-90.9430041,31.9846375],[-90.9429031,31.9847859],[-90.9428063,31.9849218],[-90.9426877,31.9850783],[-90.9425814,31.9852118],[-90.9424772,31.9853388],[-90.9423794,31.9854537],[-90.9422547,31.9855946],[-90.9421021,31.9857624],[-90.9419542,31.9859189],[-90.941829,31.9860434],[-90.9416922,31.9861688],[-90.9414806,31.9863588],[-90.941284,31.986524],[-90.9411244,31.9866522],[-90.9409217,31.9868077],[-90.9407349,31.9869447],[-90.940528,31.9870902],[-90.9403285,31.9872208],[-90.9401213,31.9873515],[-90.9399168,31.9874746],[-90.9397313,31.9875812],[-90.9395113,31.9876986],[-90.9392198,31.9878469],[-90.9389262,31.9879943],[-90.938505,31.9882036],[-90.9381136,31.9883997],[-90.9376148,31.9886488],[-90.9371168,31.988903],[-90.9370025,31.9889637],[-90.9367316,31.9891162],[-90.9365223,31.9892393],[-90.9363226,31.9893646],[-90.9361577,31.9894733],[-90.9359719,31.9895995],[-90.9357681,31.9897428],[-90.9355748,31.9898879],[-90.9353747,31.9900478],[-90.9352021,31.9901902],[-90.9350817,31.9902931],[-90.9349337,31.9904214],[-90.9347324,31.9906],[-90.934482,31.9908284],[-90.9341195,31.991159],[-90.9337671,31.991481],[-90.9334259,31.9917944],[-90.9329272,31.9922476],[-90.9326127,31.992532],[-90.932305,31.9928003],[-90.9321332,31.9929467],[-90.9318587,31.9931665],[-90.9316001,31.9933602],[-90.9313002,31.9935715],[-90.9309947,31.9937714],[-90.9307838,31.9939055],[-90.9305575,31.9940405],[-90.9303407,31.994166],[-90.9301245,31.9942847],[-90.9299019,31.994399],[-90.9296776,31.9945092],[-90.9294502,31.9946176],[-90.9292245,31.994719],[-90.9289928,31.9948213],[-90.9287574,31.9949172],[-90.9284271,31.9950424],[-90.9281628,31.9951337],[-90.9279209,31.9952152],[-90.927677,31.9952928],[-90.9274267,31.9953634],[-90.9271874,31.9954282],[-90.9269398,31.9954909],[-90.926689,31.9955495],[-90.9264377,31.9956034],[-90.9261892,31.9956524],[-90.9259357,31.9956967],[-90.9256803,31.9957373],[-90.9254258,31.9957724],[-90.9251808,31.9958017],[-90.9249311,31.9958267],[-90.9246584,31.9958507],[-90.9243916,31.9958688],[-90.9240334,31.9958843],[-90.923747,31.9958891],[-90.9234917,31.9958884],[-90.9232356,31.9958854],[-90.9229712,31.995877],[-90.9227144,31.9958635],[-90.9224538,31.9958455],[-90.9221884,31.9958227],[-90.921942,31.995798],[-90.9216617,31.9957664],[-90.9213254,31.9957233],[-90.9206853,31.9956419],[-90.9200414,31.9955594],[-90.9196345,31.9955082],[-90.9190566,31.9954334],[-90.9183769,31.9953455],[-90.9178669,31.9952812],[-90.9175456,31.9952396],[-90.9169704,31.9951664],[-90.9160007,31.995042],[-90.915029,31.9949203],[-90.9137838,31.994761],[-90.9125407,31.9946041],[-90.9121628,31.9945586],[-90.9117832,31.9945164],[-90.911257,31.9944612],[-90.910945,31.9944297],[-90.910688,31.994404],[-90.9103004,31.9943672],[-90.9099128,31.9943345],[-90.9095012,31.9943012],[-90.9089873,31.9942616],[-90.9084759,31.9942262],[-90.9079614,31.9941954],[-90.9074327,31.9941678],[-90.9069976,31.9941476],[-90.906747,31.9941368],[-90.9064967,31.994127],[-90.9058412,31.9941069],[-90.9052015,31.9940912],[-90.9039704,31.9940765],[-90.9037639,31.9940763],[-90.9024615,31.9940878],[-90.9007784,31.9941368],[-90.8984482,31.9942722],[-90.8981631,31.9942924],[-90.8974644,31.9943444],[-90.8967658,31.9944009],[-90.8960038,31.9944667],[-90.8952427,31.9945367],[-90.8946549,31.9945962],[-90.8936618,31.9946967],[-90.8930134,31.9947701],[-90.8924367,31.9948386],[-90.8922547,31.9948602],[-90.8919648,31.9948947],[-90.8908074,31.9950426],[-90.889633,31.9952044],[-90.8886005,31.9953553],[-90.8875693,31.9955148],[-90.8866551,31.9956638],[-90.8862752,31.9957285],[-90.8858964,31.995795],[-90.8858964,31.995795],[-90.8846034,31.9960258],[-90.8846034,31.9960258],[-90.8838295,31.9961702],[-90.8833412,31.9962666],[-90.8828119,31.9963725],[-90.8820537,31.9965253],[-90.8812626,31.9966915],[-90.8803826,31.9968849],[-90.8796207,31.9970592],[-90.8789882,31.9972061],[-90.8783826,31.9973519],[-90.877854,31.9974816],[-90.8770085,31.9976928],[-90.8762193,31.9978986],[-90.8754656,31.9980986],[-90.8748362,31.9982706],[-90.8738445,31.9985482],[-90.8727763,31.9988587],[-90.8719808,31.9990981],[-90.8713624,31.9992914],[-90.87076,31.999494],[-90.8702649,31.999672],[-90.8697668,31.9998592],[-90.8692296,32.000077],[-90.8686728,32.0003117],[-90.8682539,32.0004976],[-90.8676932,32.0007621],[-90.8672404,32.0009851],[-90.8668013,32.0012078],[-90.8663367,32.0014521],[-90.866136,32.0015656],[-90.865687,32.0018226],[-90.8653665,32.0020126],[-90.8648173,32.0023501],[-90.8646064,32.002486],[-90.8629847,32.0036226],[-90.8620596,32.0042796],[-90.8609481,32.0051723],[-90.8600523,32.0058432],[-90.8585141,32.0071549],[-90.8568431,32.0087088],[-90.8557347,32.0098671],[-90.8544866,32.0112693],[-90.8532139,32.0126752],[-90.8524104,32.0137048],[-90.8524104,32.0137048],[-90.8511279,32.0153854],[-90.8507312,32.0159015],[-90.8500952,32.0167403],[-90.8500952,32.0167403],[-90.8496273,32.0173671],[-90.8490537,32.0180892],[-90.848479,32.0187723],[-90.8470601,32.0203083],[-90.8459664,32.0213862],[-90.8452507,32.0220107],[-90.8449954,32.0222413],[-90.8437737,32.0232673],[-90.8428589,32.0240624],[-90.8424201,32.0244722],[-90.8417408,32.025251],[-90.8412613,32.0259014],[-90.8406759,32.0268907],[-90.8402458,32.0278495],[-90.8400948,32.0282357],[-90.8387417,32.0336256],[-90.8383928,32.0350014],[-90.8380174,32.0361474],[-90.8374103,32.0373635],[-90.8364237,32.0388589],[-90.8352149,32.0406838],[-90.834294,32.0422106],[-90.8337083,32.043527],[-90.8331516,32.0450676],[-90.832699,32.0471842],[-90.8322991,32.0486916],[-90.8318806,32.0497248],[-90.831528,32.0504754],[-90.8301673,32.0529338],[-90.8290206,32.0549606],[-90.8278217,32.0570805],[-90.8269617,32.0588734],[-90.8262776,32.0601447],[-90.8257629,32.0608289],[-90.8252641,32.0612491],[-90.821837,32.0633484],[-90.8206191,32.0642224],[-90.819807,32.0650084],[-90.8179137,32.0669613],[-90.8167723,32.0678255],[-90.812629,32.070045],[-90.811661,32.070755],[-90.810961,32.071373],[-90.8104596,32.0718289],[-90.8094591,32.0729585],[-90.8082886,32.0749167],[-90.8070797,32.0771805],[-90.8059844,32.0785385],[-90.8043203,32.0800835],[-90.802563,32.0813375],[-90.8016958,32.0820338],[-90.8010204,32.082704],[-90.8003939,32.0833962],[-90.7999546,32.0839833],[-90.7992693,32.0848009]]}},{"type":"Feature","properties":{"section_id":"rocky_springs_to_yockanookany","section_name":"Rocky Springs to Yockanookany (Parkway)","region_id":"mississippi","region_name":"Mississippi","route_id":"roadwalk"},"geometry":{"type":"LineString","coordinates":[[-90.7480581,32.1293978],[-90.7473034,32.1297504],[-90.7456074,32.1305394],[-90.7421401,32.1321755],[-90.7399123,32.1332391],[-90.738605,32.1339671],[-90.7374638,32.1346835],[-90.7363857,32.1354534],[-90.7356134,32.1360594],[-90.7348812,32.1366582],[-90.7341515,32.1373754],[-90.7334766,32.1380531],[-90.7332011,32.1383427],[-90.7330462,32.1385142],[-90.7322855,32.1394424],[-90.729518,32.142967],[-90.72814,32.144674],[-90.7273005,32.1455373],[-90.7267098,32.1460699],[-90.7261825,32.146508],[-90.7252747,32.147211],[-90.7244584,32.1477913],[-90.7236796,32.1482848],[-90.7230212,32.1486666],[-90.7218961,32.1492459],[-90.7211933,32.149575],[-90.7209642,32.1496735],[-90.7203334,32.1499166],[-90.7189213,32.1504042],[-90.7178441,32.1507083],[-90.7166724,32.1509822],[-90.70868,32.152443],[-90.7073886,32.1526734],[-90.7058499,32.15307],[-90.7040442,32.1537241],[-90.7022538,32.1544855],[-90.7003001,32.1553193],[-90.697804,32.1562],[-90.696081,32.156773],[-90.6936566,32.1573447],[-90.6933692,32.1573969],[-90.6921669,32.1576548],[-90.6908911,32.1578775],[-90.686417,32.158673],[-90.6850827,32.1589186],[-90.6834525,32.159328],[-90.682029,32.159795],[-90.6798431,32.1607233],[-90.6779745,32.1616747],[-90.676159,32.162748],[-90.671608,32.165823],[-90.6698562,32.1668865],[-90.6695225,32.1670676],[-90.6681686,32.1677802],[-90.666547,32.168564],[-90.6654031,32.1690661],[-90.664204,32.169526],[-90.6631563,32.1699317],[-90.662077,32.1702955],[-90.6599772,32.1709503],[-90.6599772,32.1709503],[-90.6586184,32.1713613],[-90.6586184,32.1713613],[-90.65708,32.1719114],[-90.6550512,32.1727314],[-90.65308,32.1736533],[-90.6519689,32.1742473],[-90.6511256,32.17471],[-90.65081,32.1749106],[-90.6489733,32.1760717],[-90.6473843,32.1771935],[-90.6455038,32.1785834],[-90.6438273,32.1798297],[-90.6420175,32.1811491],[-90.6413653,32.1815441],[-90.6406931,32.1818999],[-90.6404997,32.1820365],[-90.6397613,32.1823845],[-90.6391434,32.1826507],[-90.6386929,32.1827859],[-90.6376281,32.1831166],[-90.6360787,32.1834906],[-90.6332638,32.1839461],[-90.6305087,32.1844818],[-90.6279326,32.1851064],[-90.6252116,32.1860107],[-90.623107,32.186989],[-90.6213886,32.1878623],[-90.619656,32.18897],[-90.619473,32.189075],[-90.618063,32.19001],[-90.617642,32.190289],[-90.6151612,32.1922899],[-90.6149041,32.192514],[-90.6089569,32.1976475],[-90.6075043,32.1987989],[-90.605696,32.2000448],[-90.6051763,32.2003885],[-90.6042885,32.2009486],[-90.6032394,32.2016494],[-90.6009945,32.2029726],[-90.5987335,32.2042011],[-90.5968834,32.2050978],[-90.5943005,32.2062403],[-90.5903599,32.2077421],[-90.5890256,32.2082079],[-90.587511,32.208664],[-90.5859007,32.2091558],[-90.5813009,32.2102962],[-90.5809873,32.2103653],[-90.5792203,32.2107892],[-90.5784222,32.2110008],[-90.576388,32.2115504],[-90.5760304,32.2117053],[-90.5741297,32.2123668],[-90.5722575,32.2132661],[-90.5707079,32.2141981],[-90.5704289,32.2143652],[-90.5685045,32.2155663],[-90.566691,32.2169411],[-90.566422,32.217138],[-90.5616583,32.2215106],[-90.5612482,32.221887],[-90.5589914,32.2237939],[-90.556534,32.2256131],[-90.555538,32.226252],[-90.5544302,32.2269861],[-90.5544302,32.2269861],[-90.5537302,32.2274319],[-90.5537302,32.2274319],[-90.5507004,32.2293196],[-90.5487419,32.230701],[-90.5469284,32.2321528],[-90.5448611,32.2340409],[-90.5429836,32.2360392],[-90.5422256,32.2369572],[-90.5400917,32.2394728],[-90.5399372,32.2396626],[-90.5377472,32.2421911],[-90.5359162,32.2440263],[-90.5348789,32.244922],[-90.5336514,32.2458889],[-90.5323966,32.2467556],[-90.5317155,32.2471754],[-90.5299886,32.2482187],[-90.528134,32.24915],[-90.525684,32.2501744],[-90.5243252,32.2507138],[-90.5239357,32.250838],[-90.5205648,32.2518701],[-90.517931,32.2526329],[-90.5161535,32.2532859],[-90.5146661,32.2539493],[-90.5132452,32.2547586],[-90.5118834,32.255664],[-90.510159,32.2569588],[-90.508578,32.2582197],[-90.5081104,32.2585122],[-90.506599,32.259614],[-90.5044817,32.2607607],[-90.5041032,32.260931],[-90.50335,32.261275],[-90.502444,32.2616587],[-90.5013285,32.2620821],[-90.4997151,32.2626234],[-90.4952611,32.2641467],[-90.4945208,32.2644089],[-90.4940256,32.2645956],[-90.4933764,32.2648687],[-90.492353,32.265396],[-90.491281,32.265908],[-90.490369,32.266468],[-90.4892178,32.2672652],[-90.4889507,32.2674449],[-90.488383,32.2678759],[-90.4877312,32.268408],[-90.486766,32.2692125],[-90.48591,32.2700826],[-90.48496,32.271075],[-90.484024,32.2720689],[-90.4832675,32.2728425],[-90.4825918,32.2734667],[-90.4819476,32.2740319],[-90.4812,32.274659],[-90.4802835,32.2753201],[-90.479104,32.276067],[-90.4782511,32.2765613],[-90.4771557,32.2771722],[-90.4764301,32.2774954],[-90.4752703,32.2779853],[-90.4746292,32.2782447],[-90.4734516,32.2786667],[-90.4723989,32.2790162],[-90.4705278,32.2796209],[-90.46992,32.279779],[-90.468768,32.280115],[-90.467776,32.280371],[-90.4674688,32.2804555],[-90.4668803,32.2806174],[-90.4660166,32.2808219],[-90.4653199,32.280965],[-90.464704,32.281075],[-90.463952,32.281235],[-90.462768,32.281395],[-90.4621885,32.2815333],[-90.459765,32.2818123],[-90.4574986,32.282037],[-90.4549637,32.2822416],[-90.453279,32.282355],[-90.4516057,32.2824949],[-90.449727,32.282739],[-90.4484429,32.2828852],[-90.4480559,32.2829486],[-90.4469318,32.2831564],[-90.445791,32.283395],[-90.4445561,32.2836922],[-90.4435609,32.2839706],[-90.4423991,32.2843396],[-90.4409631,32.2848619],[-90.4395028,32.285448],[-90.4386162,32.2858305],[-90.4350945,32.2873796],[-90.4329645,32.2883115],[-90.4317743,32.2887967],[-90.430758,32.2891807],[-90.4304673,32.2892861],[-90.4296573,32.2895413],[-90.4285796,32.2898708],[-90.4275299,32.2901451],[-90.4266799,32.2903431],[-90.4262292,32.2904431],[-90.4254687,32.2905891],[-90.4248347,32.2906928],[-90.4242654,32.290781],[-90.4234057,32.2908807],[-90.4228601,32.2909206],[-90.4218124,32.2909824],[-90.4190233,32.2910274],[-90.4177758,32.2910602],[-90.4163635,32.2911258],[-90.4145194,32.2912523],[-90.4130237,32.2913836],[-90.4115057,32.2915539],[-90.4107249,32.2916597],[-90.4096982,32.2918505],[-90.4090017,32.292009],[-90.4082991,32.2921884],[-90.4075255,32.2924256],[-90.4071726,32.2925444],[-90.4062821,32.2928845],[-90.4053541,32.2933017],[-90.404646,32.2936554],[-90.403954,32.2940386],[-90.4024044,32.2950153],[-90.4010723,32.2959454],[-90.3990715,32.2973163],[-90.3978489,32.2982897],[-90.3949651,32.3006354],[-90.3924067,32.3029004],[-90.3920281,32.3032481],[-90.3901039,32.305122],[-90.3898253,32.3054199],[-90.3887646,32.3064812],[-90.3872598,32.3081965],[-90.3857622,32.3098052],[-90.3849178,32.3106244],[-90.3844787,32.3109802],[-90.3834503,32.3118525],[-90.3816407,32.3131518],[-90.380127,32.314161],[-90.3790415,32.3147983],[-90.3786906,32.3150346],[-90.3757077,32.3168396],[-90.3735245,32.3182958],[-90.3725522,32.319028],[-90.371623,32.3196745],[-90.3691462,32.321616],[-90.3661318,32.3241533],[-90.3647949,32.3254342],[-90.3637819,32.3263915],[-90.3625178,32.3276714],[-90.3614078,32.328824],[-90.3602912,32.3300476],[-90.360057,32.3303416],[-90.35975,32.3307619],[-90.3595195,32.3310658],[-90.3589413,32.3319131],[-90.3583476,32.3329384],[-90.3575132,32.3347782],[-90.355845,32.3388743],[-90.355651,32.339357],[-90.3554665,32.3397814],[-90.3551663,32.340491],[-90.3551394,32.3405496],[-90.3549109,32.341027],[-90.354672,32.3414818],[-90.3543294,32.3420891],[-90.3543294,32.3420891],[-90.3538757,32.34282],[-90.3538757,32.34282],[-90.3536004,32.3432221],[-90.3532037,32.3437473],[-90.3530485,32.3439495],[-90.3529977,32.3440156],[-90.3524441,32.344676],[-90.352114,32.3450403],[-90.3512389,32.3459061],[-90.3500871,32.3469205],[-90.3489943,32.3478036],[-90.3477927,32.3485468],[-90.3464194,32.3490544],[-90.3445741,32.3497251],[-90.3442604,32.3497882],[-90.3437253,32.349993],[-90.3431306,32.3502531],[-90.3431306,32.3502531],[-90.3426383,32.3504824],[-90.3421875,32.3507091],[-90.3421875,32.3507091],[-90.3415991,32.3510165],[-90.3408477,32.3514642],[-90.3402137,32.3518426],[-90.3394571,32.3522708],[-90.3387339,32.3526299],[-90.3379471,32.3529648],[-90.3371028,32.3532895],[-90.3362539,32.3535477],[-90.3351615,32.3538123],[-90.3337165,32.3540986],[-90.3325559,32.3543849],[-90.3317646,32.3546252],[-90.3299728,32.3552922],[-90.3292783,32.3555516],[-90.3286458,32.3557357],[-90.3280466,32.3558801],[-90.3273006,32.3560015],[-90.3264927,32.3560782],[-90.3261484,32.3560922],[-90.3258453,32.356097],[-90.3256879,32.356095],[-90.3255345,32.3560916],[-90.3253494,32.3560839],[-90.3250098,32.3560693],[-90.3245538,32.3560489],[-90.3243492,32.3560426],[-90.324155,32.3560391],[-90.3239356,32.3560413],[-90.3237239,32.3560439],[-90.32355,32.3560487],[-90.323428,32.3560535],[-90.3225978,32.3561029],[-90.3223916,32.3561238],[-90.3221805,32.3561484],[-90.322006,32.3561695],[-90.3218087,32.3561983],[-90.3216359,32.3562262],[-90.3214413,32.3562588],[-90.3211981,32.3563048],[-90.3210384,32.3563354],[-90.3208417,32.3563796],[-90.3206407,32.3564255],[-90.3204661,32.3564671],[-90.3202494,32.356524],[-90.320082,32.3565659],[-90.3199218,32.3566133],[-90.3197841,32.3566561],[-90.3195751,32.3567199],[-90.3194022,32.3567757],[-90.3192273,32.3568336],[-90.3190748,32.3568872],[-90.3184722,32.3571014],[-90.3183448,32.3571476],[-90.3182038,32.357193],[-90.318073,32.3572341],[-90.3179129,32.3572838],[-90.3176814,32.3573499],[-90.3174336,32.357419],[-90.3172558,32.3574632],[-90.3170609,32.35751],[-90.3167793,32.3575713],[-90.3165419,32.3576208],[-90.316336,32.3576592],[-90.3160843,32.3576992],[-90.3157862,32.357741],[-90.3155384,32.3577739],[-90.3152548,32.357806],[-90.3149529,32.3578362],[-90.3130278,32.358018],[-90.3118552,32.3581825],[-90.3101968,32.3585025],[-90.3093387,32.3587085],[-90.3076907,32.359178],[-90.3058598,32.3598542],[-90.3046614,32.3603284],[-90.3037869,32.3606492],[-90.3027958,32.3609546],[-90.3019137,32.3611847],[-90.3005852,32.3614812],[-90.2998468,32.3616934],[-90.2990948,32.3619477],[-90.298373,32.3622685],[-90.2976331,32.3626391],[-90.2969742,32.3630363],[-90.2962232,32.3635942],[-90.2951489,32.3644837],[-90.2945649,32.364908],[-90.2938416,32.365363],[-90.2931274,32.3657643],[-90.2923346,32.3661426],[-90.2915447,32.3664493],[-90.2908215,32.3666896],[-90.2893084,32.3671139],[-90.2886063,32.3673491],[-90.2878861,32.3676532],[-90.2871931,32.3680034],[-90.286606,32.3683561],[-90.2860038,32.3687651],[-90.2855044,32.3691434],[-90.2847028,32.3698346],[-90.2847028,32.3698346],[-90.2834014,32.3710151],[-90.2834014,32.3710151],[-90.2828189,32.3715116],[-90.2812525,32.372599],[-90.2804846,32.3730599],[-90.2798859,32.3733483],[-90.2777334,32.3741937],[-90.2760168,32.375118],[-90.2747508,32.3759697],[-90.2733131,32.3767309],[-90.2713363,32.3775249],[-90.2697115,32.3782631],[-90.2683922,32.3790589],[-90.2676221,32.379487],[-90.266995,32.3797532],[-90.2663581,32.3799673],[-90.2656887,32.3801292],[-90.2648225,32.3802433],[-90.2637969,32.3803054],[-90.2637298,32.3803112],[-90.2629458,32.3803786],[-90.2622341,32.380481],[-90.2617299,32.3805854],[-90.2612609,32.3807262],[-90.2609857,32.3808306],[-90.2605824,32.381024],[-90.260412,32.381115],[-90.260412,32.381115],[-90.2600207,32.381369],[-90.2597412,32.381595],[-90.2595256,32.3817894],[-90.2592535,32.3820721],[-90.2592535,32.3820721],[-90.2589341,32.3824894],[-90.258727,32.3828212],[-90.2585747,32.3831062],[-90.2583401,32.3837525],[-90.2581285,32.3843114],[-90.258104,32.384377],[-90.2578449,32.3850364],[-90.2575356,32.3857046],[-90.2573415,32.3860587],[-90.2570704,32.386504],[-90.2565213,32.3872348],[-90.2559119,32.3879161],[-90.2552596,32.3885321],[-90.2544957,32.3891337],[-90.2537147,32.3897425],[-90.2530366,32.3901629],[-90.2522212,32.390779],[-90.2513886,32.3915255],[-90.2507449,32.3921198],[-90.2501956,32.3927141],[-90.2497149,32.3932866],[-90.2491742,32.3938084],[-90.2484704,32.3944317],[-90.247449,32.3951999],[-90.2463675,32.3958594],[-90.2454148,32.3962943],[-90.2444483,32.3966856],[-90.2444483,32.3966856],[-90.2429783,32.3972182],[-90.2429783,32.3972182],[-90.2421103,32.3975335],[-90.2409345,32.3980553],[-90.2400161,32.3985264],[-90.2393466,32.3989395],[-90.2389207,32.399241],[-90.2389207,32.399241],[-90.2379959,32.3999386],[-90.2373157,32.4005302],[-90.2373157,32.4005302],[-90.2364627,32.4013019],[-90.2356816,32.4019976],[-90.2349006,32.4025846],[-90.2339736,32.4032441],[-90.2333642,32.4035847],[-90.2324887,32.4040774],[-90.2316304,32.4044905],[-90.2307979,32.4049905],[-90.230197,32.4053891],[-90.2297507,32.4056934],[-90.2293216,32.4060412],[-90.2289868,32.4063239],[-90.2286521,32.406621],[-90.2283431,32.4069108],[-90.2279912,32.4072804],[-90.2273818,32.4079688],[-90.2265407,32.4088528],[-90.2261115,32.4092876],[-90.2255708,32.4097731],[-90.2250987,32.4101571],[-90.2244636,32.4106354],[-90.2239228,32.4110484],[-90.2233306,32.4114614],[-90.2229186,32.4117513],[-90.2225581,32.4120628],[-90.2221204,32.4124251],[-90.2215453,32.4129179],[-90.220893,32.413541],[-90.2203437,32.4140555],[-90.2198287,32.4145192],[-90.2193395,32.4149032],[-90.2187472,32.4153162],[-90.2181385,32.4156873],[-90.2175036,32.4160192],[-90.2167731,32.4163813],[-90.2162066,32.4166349],[-90.2154342,32.4168885],[-90.2146531,32.4171349],[-90.2137948,32.4174464],[-90.2127992,32.4178449],[-90.212164,32.4181058],[-90.211485,32.418433],[-90.211237,32.418553],[-90.210802,32.418773],[-90.210503,32.418923],[-90.20958,32.419444],[-90.20834,32.420064],[-90.20754,32.420464],[-90.206688,32.420814],[-90.205825,32.421124],[-90.204702,32.421464],[-90.203342,32.421784],[-90.202041,32.421973],[-90.200919,32.422092],[-90.1998379,32.4222371],[-90.1990445,32.4223752],[-90.198412,32.42249],[-90.197466,32.42277],[-90.196496,32.42317],[-90.195432,32.42365],[-90.194284,32.424129],[-90.193409,32.424439],[-90.193125,32.424509],[-90.192907,32.424573],[-90.191996,32.424839],[-90.190908,32.425089],[-90.190652,32.425134],[-90.189915,32.425268],[-90.188721,32.425457],[-90.188658,32.425471],[-90.188154,32.425587],[-90.186622,32.426085],[-90.185616,32.426506],[-90.1836296,32.4273751],[-90.1830802,32.4275937],[-90.1822519,32.4279037],[-90.1815454,32.4281383],[-90.1807114,32.4283722],[-90.1800717,32.4285453],[-90.1794969,32.4286779],[-90.1789302,32.4288051],[-90.1782403,32.4289493],[-90.1768188,32.4291788],[-90.1761697,32.4292879],[-90.1754183,32.4294356],[-90.1748151,32.429572],[-90.1742307,32.4297107],[-90.1735601,32.4298948],[-90.1729784,32.4300675],[-90.172429,32.4302426],[-90.1715025,32.4305494],[-90.1709074,32.430729],[-90.170393,32.43087],[-90.1699244,32.4309859],[-90.1693508,32.4311086],[-90.1687798,32.4312086],[-90.1681766,32.4312859],[-90.1676568,32.4313456],[-90.1670751,32.4313888],[-90.1664449,32.4314161],[-90.1658362,32.4314115],[-90.1651926,32.4313865],[-90.1644708,32.4313342],[-90.1638245,32.4312592],[-90.1632158,32.4311637],[-90.1622921,32.4310046],[-90.1612983,32.4308296],[-90.1603261,32.4306773],[-90.1591546,32.4305159],[-90.1583278,32.430425],[-90.1574741,32.43035],[-90.1567362,32.4302954],[-90.1558293,32.4302459],[-90.1546109,32.430203],[-90.1545814,32.430202],[-90.1535683,32.43014],[-90.1528762,32.4300885],[-90.1522558,32.430028],[-90.1514777,32.4299296],[-90.1507784,32.4298252],[-90.1502082,32.4297314],[-90.1495562,32.4296001],[-90.1495562,32.4296001],[-90.1483012,32.4293124],[-90.1483012,32.4293124],[-90.1472183,32.4290411],[-90.1469155,32.4289733],[-90.146495,32.4288719],[-90.1462209,32.4288049],[-90.1461688,32.4287922],[-90.1455264,32.4286299],[-90.1450298,32.4285088],[-90.1447632,32.4284389],[-90.1447632,32.4284389],[-90.1431266,32.4280352],[-90.1431266,32.4280352],[-90.1418174,32.4277357],[-90.141122,32.4275751],[-90.1410367,32.4275527],[-90.1399228,32.4273326],[-90.1386764,32.4271223],[-90.1377622,32.4269742],[-90.1366261,32.4267976],[-90.1364298,32.4267687],[-90.1354677,32.4266322],[-90.1345458,32.4265148],[-90.1340401,32.4264683],[-90.1333639,32.4264111],[-90.1324976,32.4263375],[-90.1318998,32.4263072],[-90.1311799,32.4262888],[-90.1309239,32.4262902],[-90.1302969,32.4262937],[-90.1294626,32.4263083],[-90.128662,32.42633],[-90.127381,32.426432],[-90.1263459,32.4265467],[-90.1246649,32.4267509],[-90.1239578,32.426826],[-90.1222943,32.4270045],[-90.1217191,32.4270593],[-90.1204853,32.427157],[-90.1192313,32.4272438],[-90.1183219,32.4272982],[-90.116907,32.4273593],[-90.1154479,32.4274041],[-90.1146296,32.427414],[-90.1137483,32.4274185],[-90.1126576,32.4274151],[-90.1118529,32.427399],[-90.1102014,32.4273471],[-90.1098422,32.4273347],[-90.1089648,32.4272938],[-90.1085736,32.4272711],[-90.1077832,32.4272175],[-90.1074445,32.4271948],[-90.1066818,32.4271338],[-90.1059523,32.4270641],[-90.1051797,32.4269793],[-90.1046614,32.4269145],[-90.103784,32.4267986],[-90.103519,32.4267613],[-90.1031513,32.4267062],[-90.1028308,32.4266542],[-90.102164,32.426539],[-90.1017498,32.4264629],[-90.1012712,32.4263667],[-90.1007506,32.4262605],[-90.1002366,32.4261501],[-90.0989566,32.4258927],[-90.098306,32.425773],[-90.097816,32.425689],[-90.096412,32.425445],[-90.094794,32.425244],[-90.093956,32.425216],[-90.092949,32.425195],[-90.092604,32.425206],[-90.091862,32.425229],[-90.091251,32.425275],[-90.090719,32.425345],[-90.090139,32.425438],[-90.089533,32.425562],[-90.088592,32.425824],[-90.087918,32.426046],[-90.087735,32.426108],[-90.086702,32.426551],[-90.0858309,32.4269855],[-90.0855142,32.4271552],[-90.08513,32.427377],[-90.083122,32.428621],[-90.081175,32.430045],[-90.080675,32.430481],[-90.080102,32.431013],[-90.079969,32.431151],[-90.079502,32.431635],[-90.078966,32.432219],[-90.078203,32.433137],[-90.078031,32.43336],[-90.077623,32.433892],[-90.076899,32.434998],[-90.076432,32.43585],[-90.075901,32.43686],[-90.07549,32.437841],[-90.075288,32.438367],[-90.075223,32.438561],[-90.075153,32.438738],[-90.07479,32.43985],[-90.074749,32.439991],[-90.07457,32.440613],[-90.073643,32.443686],[-90.073309,32.444733],[-90.072901,32.445934],[-90.072681,32.446495],[-90.072422,32.447198],[-90.072262,32.447589],[-90.0719596,32.4483433],[-90.071691,32.448957],[-90.0715759,32.4492348],[-90.07127,32.449961],[-90.071184,32.450164],[-90.071075,32.450398],[-90.070997,32.450581],[-90.0707527,32.4511321],[-90.0706262,32.4514086],[-90.070207,32.45221],[-90.070067,32.4525],[-90.0695631,32.4534319],[-90.0692775,32.4539719],[-90.0684735,32.4554119],[-90.0678122,32.4564628],[-90.0674887,32.4569319],[-90.066786,32.4579184],[-90.0662498,32.4586189],[-90.0655888,32.459432],[-90.0647376,32.4604518],[-90.0641437,32.4611225],[-90.0636619,32.461663],[-90.0630349,32.4623347],[-90.0622669,32.4631425],[-90.0611283,32.46423],[-90.0608123,32.4644885],[-90.0605578,32.4647039],[-90.0600665,32.4651087],[-90.0596142,32.4654436],[-90.0589385,32.4659422],[-90.058274,32.466369],[-90.057265,32.466982],[-90.0562874,32.4675475],[-90.0554034,32.468015],[-90.0550941,32.4681596],[-90.054813,32.468291]]}},{"type":"Feature","properties":{"section_id":"yockanookany_to_blackland_prairie","section_name":"Yockanookany to Blackland Prairie (Parkway)","region_id":"mississippi","region_name":"Mississippi","route_id":"roadwalk"},"geometry":{"type":"LineString","coordinates":[[-89.7727692,32.6577842],[-89.7724134,32.6579202],[-89.7718876,32.6581129],[-89.7708106,32.658526],[-89.7698547,32.6589054],[-89.7688729,32.6592958],[-89.7679156,32.6597091],[-89.7674623,32.6599059],[-89.7665347,32.6603256],[-89.7658183,32.6606595],[-89.7646767,32.6612048],[-89.7637792,32.6616559],[-89.7627666,32.6621653],[-89.7617951,32.6626888],[-89.75977,32.663819],[-89.7589832,32.6642659],[-89.7582171,32.6647385],[-89.7577259,32.6650518],[-89.755711,32.6663517],[-89.7539624,32.6675628],[-89.7522115,32.6688341],[-89.7516253,32.6692917],[-89.7513353,32.6695108],[-89.7496174,32.6708993],[-89.7487269,32.6716552],[-89.7479007,32.6723788],[-89.7471514,32.6730593],[-89.7455572,32.6745534],[-89.7447067,32.6753498],[-89.743896,32.6760882],[-89.7422284,32.677526],[-89.741901,32.677777],[-89.740813,32.678648],[-89.739433,32.67974],[-89.738248,32.680594],[-89.736658,32.681697],[-89.735468,32.682442],[-89.735081,32.682684],[-89.734668,32.682916],[-89.733507,32.683543],[-89.731804,32.684402],[-89.731424,32.684564],[-89.731165,32.684675],[-89.730324,32.685053],[-89.730078,32.685144],[-89.7279382,32.6860002],[-89.7275499,32.6861605],[-89.7272442,32.6862965],[-89.7269377,32.686428],[-89.7267312,32.6865262],[-89.726475,32.6866515],[-89.7260807,32.6868389],[-89.7256543,32.6870579],[-89.7252949,32.6872509],[-89.7247678,32.6875534],[-89.7243628,32.6877847],[-89.7238223,32.6881155],[-89.7229707,32.6886798],[-89.7221285,32.6892859],[-89.7213507,32.6899451],[-89.7208947,32.6903311],[-89.7200176,32.6911166],[-89.7190326,32.6921281],[-89.7183372,32.6929552],[-89.7173354,32.6942814],[-89.7158384,32.6963912],[-89.7141804,32.6990383],[-89.7139324,32.6994661],[-89.7135032,32.7002036],[-89.7131002,32.700946],[-89.7127768,32.7015684],[-89.7126301,32.7018417],[-89.7124947,32.7021158],[-89.7119323,32.7033061],[-89.7118501,32.7034659],[-89.7116007,32.7039533],[-89.7109361,32.7054604],[-89.710832,32.7057094],[-89.7106286,32.7061959],[-89.7090554,32.71025],[-89.708917,32.710634],[-89.708701,32.711252],[-89.708268,32.712214],[-89.708159,32.712329],[-89.707185,32.714573],[-89.705778,32.71732],[-89.705678,32.717486],[-89.70372,32.720732],[-89.701419,32.724121],[-89.700034,32.725907],[-89.699199,32.726983],[-89.695298,32.731082],[-89.694754,32.731738],[-89.693836,32.732845],[-89.691344,32.735822],[-89.689746,32.739027],[-89.68922,32.740583],[-89.689096,32.740951],[-89.688612,32.74368],[-89.687932,32.747522],[-89.687859,32.748896],[-89.687794,32.750134],[-89.6877166,32.7508234],[-89.687547,32.755457],[-89.687575,32.758753],[-89.687676,32.760548],[-89.68771,32.761134],[-89.68836,32.769879],[-89.688469,32.771346],[-89.688674,32.77529],[-89.688822,32.778123],[-89.68893,32.781053],[-89.68893,32.784315],[-89.688931,32.788219],[-89.6883926,32.7950509],[-89.688037,32.798385],[-89.688001,32.7986],[-89.687549,32.801293],[-89.686573,32.80546],[-89.685923,32.807383],[-89.68538,32.809077],[-89.6841237,32.8121531],[-89.682018,32.816551],[-89.679714,32.820616],[-89.67928,32.821258],[-89.679172,32.821555],[-89.679038,32.821774],[-89.677029,32.82508],[-89.676899,32.825315],[-89.675955,32.82702],[-89.674507,32.829636],[-89.673775,32.831216],[-89.673721,32.831513],[-89.673612,32.831582],[-89.67231,32.834444],[-89.670772,32.838556],[-89.6698847,32.8415974],[-89.669615,32.842527],[-89.668756,32.845182],[-89.668187,32.847425],[-89.667834,32.848456],[-89.667834,32.848662],[-89.667752,32.84873],[-89.666407,32.852091],[-89.666287,32.852393],[-89.665776,32.853402],[-89.6629381,32.8586353],[-89.6621111,32.8598592],[-89.6611993,32.8612545],[-89.6604538,32.8624142],[-89.658282,32.865718],[-89.657025,32.867353],[-89.6539802,32.8709514],[-89.6537177,32.8712659],[-89.652369,32.8727916],[-89.6502947,32.8750666],[-89.64874,32.876747],[-89.6405329,32.8844636],[-89.6385986,32.8863666],[-89.6362871,32.8887975],[-89.6333976,32.8920277],[-89.6321651,32.8934823],[-89.630886,32.8951839],[-89.6300261,32.8962818],[-89.628303,32.898617],[-89.627309,32.9000241],[-89.6261766,32.9016771],[-89.6248218,32.903775],[-89.6222796,32.9080353],[-89.6220432,32.9084446],[-89.6212936,32.9098783],[-89.6202307,32.9119812],[-89.6193516,32.9138833],[-89.6185483,32.9157051],[-89.6184333,32.9159921],[-89.6177293,32.9178129],[-89.6171575,32.9193526],[-89.6166394,32.9209327],[-89.6159466,32.9231621],[-89.6153692,32.9251181],[-89.6146291,32.9281329],[-89.6142181,32.9299594],[-89.6140257,32.9309054],[-89.6139386,32.9313752],[-89.6137872,32.9322656],[-89.6135656,32.9335918],[-89.6132837,32.9353911],[-89.6130852,32.9369687],[-89.6128684,32.9389837],[-89.6126437,32.941767],[-89.6125635,32.9431073],[-89.6125593,32.9444983],[-89.6125077,32.9464911],[-89.6125233,32.9491641],[-89.6126266,32.9515861],[-89.6126709,32.9527981],[-89.6126821,32.9531051],[-89.6127872,32.9549545],[-89.6128538,32.9568608],[-89.6128927,32.9586549],[-89.6128851,32.9605849],[-89.6128441,32.961866],[-89.6128328,32.9621648],[-89.6126397,32.9653185],[-89.6124485,32.9671998],[-89.6121387,32.969557],[-89.6117959,32.9716187],[-89.6114303,32.9734427],[-89.6109234,32.9755049],[-89.6103609,32.9778666],[-89.6095761,32.9805849],[-89.6089697,32.9821601],[-89.6081757,32.9844008],[-89.6073936,32.9863129],[-89.6066217,32.9881386],[-89.6061905,32.9891457],[-89.606086,32.9894103],[-89.6052661,32.9913792],[-89.6045,32.9932635],[-89.6037664,32.9951161],[-89.602981,32.997511],[-89.6021456,33.0001177],[-89.6014933,33.002596],[-89.6010341,33.0046391],[-89.6004654,33.0074894],[-89.5996849,33.0112448],[-89.5991726,33.0134953],[-89.5985394,33.0154784],[-89.5981228,33.0165093],[-89.5978071,33.0172502],[-89.5972945,33.0183342],[-89.5966111,33.0196508],[-89.5957802,33.0210071],[-89.5948331,33.0224384],[-89.5939177,33.023672],[-89.5933056,33.0244225],[-89.592416,33.02548],[-89.5900563,33.0277787],[-89.5877402,33.0298788],[-89.586199,33.0311867],[-89.5846729,33.0323996],[-89.5834616,33.03332],[-89.5814996,33.0347668],[-89.58095,33.0351586],[-89.5800378,33.0358368],[-89.5790967,33.0364586],[-89.578268,33.037082],[-89.577702,33.0375253],[-89.5771436,33.0379872],[-89.575681,33.0392889],[-89.5748427,33.0401055],[-89.5740636,33.0409131],[-89.5730844,33.042087],[-89.5722424,33.0431403],[-89.5698564,33.0466221],[-89.5689779,33.0478613],[-89.5681472,33.0490003],[-89.5670905,33.0503712],[-89.5655023,33.0523442],[-89.5639536,33.05419],[-89.5627268,33.0555921],[-89.5602288,33.0582578],[-89.5589395,33.0595389],[-89.5578006,33.0606501],[-89.555667,33.062616],[-89.5543205,33.0638203],[-89.5523584,33.0654768],[-89.551284,33.066369],[-89.5501713,33.0672231],[-89.5497939,33.06751],[-89.5493366,33.0678562],[-89.5491378,33.0680076],[-89.5470698,33.069497],[-89.5467816,33.069706],[-89.5459842,33.0702666],[-89.5453547,33.0706916],[-89.5448058,33.0710563],[-89.5443813,33.0713347],[-89.5431637,33.0721149],[-89.5413045,33.0732838],[-89.539371,33.07439],[-89.5375314,33.0754226],[-89.5362268,33.0760973],[-89.5342664,33.0771004],[-89.53179,33.078441],[-89.5301688,33.0792903],[-89.5292122,33.0798458],[-89.5282734,33.0804706],[-89.5266534,33.0816078],[-89.5261974,33.0819583],[-89.5257946,33.0822939],[-89.5257092,33.0823651],[-89.5255464,33.0824971],[-89.5250467,33.0829022],[-89.5244219,33.0834272],[-89.5235581,33.084199],[-89.5219326,33.0857856],[-89.519793,33.088146],[-89.5183786,33.0898687],[-89.5167908,33.0919361],[-89.5155663,33.09373],[-89.5153042,33.0941223],[-89.5145296,33.0953638],[-89.5141697,33.0959373],[-89.5138254,33.0965096],[-89.5135181,33.0970497],[-89.5131903,33.0976035],[-89.5123226,33.0992246],[-89.5120757,33.0996959],[-89.5114111,33.100966],[-89.5100771,33.1039903],[-89.5091115,33.1066146],[-89.5085751,33.1078908],[-89.5081889,33.1088074],[-89.5073306,33.1108564],[-89.5064508,33.1125459],[-89.5053565,33.1143971],[-89.5040475,33.1164729],[-89.5020091,33.1190249],[-89.499992,33.1213072],[-89.496596,33.124699],[-89.496194,33.1250811],[-89.492811,33.128694],[-89.490853,33.131099],[-89.489983,33.132336],[-89.489362,33.133363],[-89.4871762,33.1366306],[-89.4867043,33.1374177],[-89.4861674,33.1383443],[-89.4841585,33.1418437],[-89.4830019,33.1437513],[-89.4821842,33.1450052],[-89.4817239,33.1456707],[-89.4810489,33.1466601],[-89.4795949,33.1485938],[-89.4790644,33.149267],[-89.4787263,33.1496761],[-89.4771841,33.1514917],[-89.4769219,33.1517831],[-89.4766832,33.1520408],[-89.475678,33.153107],[-89.473447,33.155467],[-89.47089,33.157894],[-89.467959,33.161157],[-89.466426,33.162864],[-89.464113,33.165704],[-89.461691,33.169025],[-89.4603702,33.1711337],[-89.4594096,33.1729727],[-89.4587758,33.1745436],[-89.4581584,33.1763162],[-89.4577251,33.1777147],[-89.4571347,33.1798793],[-89.4567556,33.1813979],[-89.4564604,33.1828734],[-89.4562031,33.184392],[-89.4560217,33.185566],[-89.4558267,33.1871185],[-89.4556731,33.1885245],[-89.4555757,33.1898095],[-89.4554805,33.1926014],[-89.4555046,33.1937672],[-89.4555318,33.1952897],[-89.4555606,33.198107],[-89.4555936,33.200118],[-89.4555516,33.2014552],[-89.4554148,33.2029561],[-89.4552416,33.204339],[-89.4552053,33.2045823],[-89.4548847,33.2063481],[-89.4544566,33.2083914],[-89.4538899,33.2106453],[-89.4536904,33.2114397],[-89.4534617,33.2122811],[-89.4532758,33.2129006],[-89.4530277,33.2136493],[-89.451933,33.2168382],[-89.4516824,33.217559],[-89.4513854,33.2182488],[-89.4505199,33.2202911],[-89.4498433,33.2218493],[-89.4493515,33.2228871],[-89.448809,33.2240063],[-89.4480044,33.2255857],[-89.4472452,33.2269978],[-89.4463452,33.2285797],[-89.4455406,33.2299093],[-89.4448587,33.2309284],[-89.4440214,33.2320523],[-89.443398,33.2328184],[-89.4429207,33.2333686],[-89.4422646,33.23409],[-89.4414126,33.234964],[-89.4405636,33.2357648],[-89.4387611,33.2372765],[-89.4376107,33.2381409],[-89.4364221,33.2389562],[-89.4345303,33.2402031],[-89.4325788,33.2415016],[-89.4309954,33.242647],[-89.4299939,33.2434554],[-89.4290871,33.2442568],[-89.4282625,33.2450565],[-89.4270286,33.2463699],[-89.4258816,33.2477815],[-89.4252276,33.2486637],[-89.4245259,33.2497367],[-89.4238803,33.2508266],[-89.4232013,33.2521605],[-89.4225847,33.2535565],[-89.4221514,33.2547262],[-89.4216231,33.2563099],[-89.420782,33.258832],[-89.4197463,33.2615662],[-89.4191009,33.2630519],[-89.418735,33.2638408],[-89.4181557,33.2649943],[-89.4176846,33.2658984],[-89.4172904,33.266604],[-89.4165705,33.2678546],[-89.4156304,33.2693671],[-89.4149025,33.2704579],[-89.4132793,33.272747],[-89.4113646,33.2754651],[-89.4101989,33.2772881],[-89.4095028,33.2784502],[-89.4088927,33.2795475],[-89.4078863,33.2815106],[-89.4073055,33.2827305],[-89.4067357,33.2840225],[-89.4064317,33.2847867],[-89.4060263,33.2858924],[-89.4060263,33.2858924],[-89.405371,33.287656],[-89.404207,33.291103],[-89.403977,33.291742],[-89.403463,33.292897],[-89.4032923,33.2932427],[-89.4031572,33.2935619],[-89.4029051,33.2939987],[-89.4027727,33.2942102],[-89.402064,33.295251],[-89.401729,33.295699],[-89.401451,33.296059],[-89.400887,33.296723],[-89.40062,33.296999],[-89.400273,33.297359],[-89.399743,33.297893],[-89.39916,33.298416],[-89.398577,33.298921],[-89.397546,33.299687],[-89.396655,33.300279],[-89.396537,33.300358],[-89.395438,33.300972],[-89.394666,33.301386],[-89.393119,33.302056],[-89.392649,33.302244],[-89.391823,33.302529],[-89.391237,33.302706],[-89.387386,33.303859],[-89.383853,33.304907],[-89.382689,33.305275],[-89.381539,33.305717],[-89.380543,33.30614],[-89.379497,33.306624],[-89.378302,33.30725],[-89.378005,33.307434],[-89.377022,33.308104],[-89.37592,33.308875],[-89.375078,33.309554],[-89.37412,33.310423],[-89.373732,33.310781],[-89.373351,33.311176],[-89.373236,33.311326],[-89.373075,33.311572],[-89.371672,33.313415],[-89.371108,33.314234],[-89.370547,33.31543],[-89.369963,33.316791],[-89.369838,33.317189],[-89.36974,33.317558],[-89.369651,33.317951],[-89.36939,33.319403],[-89.369115,33.320599],[-89.369055,33.320805],[-89.36867,33.322138],[-89.36857,33.322428],[-89.368348,33.322955],[-89.367997,33.323707],[-89.367264,33.324981],[-89.366357,33.32627],[-89.364873,33.328207],[-89.364343,33.328798],[-89.363753,33.329456],[-89.362589,33.330778],[-89.361771,33.331581],[-89.359796,33.333511],[-89.358664,33.334822],[-89.357533,33.336149],[-89.356764,33.337246],[-89.35622,33.338051],[-89.353686,33.341569],[-89.352616,33.342912],[-89.351527,33.344166],[-89.349794,33.34611],[-89.348585,33.347368],[-89.348164,33.34778],[-89.347846,33.34809],[-89.346912,33.348976],[-89.345684,33.35006],[-89.344043,33.351551],[-89.343511,33.352015],[-89.34307,33.352399],[-89.340416,33.354571],[-89.3380295,33.3562235],[-89.3358944,33.3577161],[-89.3354841,33.3579785],[-89.3347893,33.3583724],[-89.3340946,33.3587521],[-89.333377,33.359133],[-89.332766,33.35942],[-89.331994,33.359748],[-89.330229,33.360383],[-89.329052,33.360678],[-89.328744,33.360756],[-89.327935,33.360947],[-89.327029,33.361109],[-89.325987,33.36128],[-89.325585,33.361324],[-89.321658,33.361472],[-89.321538,33.361477],[-89.317686,33.361632],[-89.31585,33.361908],[-89.314017,33.362285],[-89.312644,33.362707],[-89.311937,33.362988],[-89.308727,33.36452],[-89.308633,33.364572],[-89.305955,33.366044],[-89.305468,33.366262],[-89.30428,33.366794],[-89.302742,33.367441],[-89.301812,33.367744],[-89.299167,33.36878],[-89.298128,33.369217],[-89.297254,33.369584],[-89.296036,33.370164],[-89.293534,33.371445],[-89.292848,33.371909],[-89.292084,33.372441],[-89.291443,33.373072],[-89.29037,33.374524],[-89.289864,33.375631],[-89.289812,33.375794],[-89.28937,33.377194],[-89.288506,33.379816],[-89.288174,33.380547],[-89.28751,33.381788],[-89.286747,33.382886],[-89.286096,33.383699],[-89.284939,33.384779],[-89.284512,33.385178],[-89.283451,33.386058],[-89.283026,33.386353],[-89.281187,33.387636],[-89.27984,33.388742],[-89.278868,33.38977],[-89.27821,33.390583],[-89.277306,33.392068],[-89.276621,33.393402],[-89.276449,33.393864],[-89.276325,33.394199],[-89.276074,33.395186],[-89.275804,33.396371],[-89.27574,33.396653],[-89.275593,33.397711],[-89.275527,33.398361],[-89.275489,33.399186],[-89.275413,33.40227],[-89.275355,33.403751],[-89.27528,33.40461],[-89.27495,33.406748],[-89.274879,33.407049],[-89.274573,33.408341],[-89.274259,33.409376],[-89.274182,33.409602],[-89.273928,33.410345],[-89.273522,33.411386],[-89.273482,33.411489],[-89.273217,33.412114],[-89.272718,33.413137],[-89.272089,33.414237],[-89.2711942,33.4156701],[-89.2711128,33.4157945],[-89.2709541,33.4160394],[-89.270704,33.416407],[-89.2705127,33.4166487],[-89.269654,33.4177825],[-89.2695409,33.4179201],[-89.268683,33.418965],[-89.268447,33.419243],[-89.267387,33.420358],[-89.266381,33.421267],[-89.265181,33.422306],[-89.264913,33.422503],[-89.2629003,33.4239656],[-89.2625347,33.4242105],[-89.260301,33.425724],[-89.255756,33.4289],[-89.2524224,33.4313247],[-89.2521118,33.4315599],[-89.251067,33.432426],[-89.246834,33.435723],[-89.243363,33.4384738],[-89.2428477,33.4388929],[-89.2413491,33.4401871],[-89.2413491,33.4401871],[-89.2407309,33.4407125],[-89.2407309,33.4407125],[-89.238109,33.443043],[-89.2356022,33.4452841],[-89.232498,33.4482242],[-89.2320164,33.4486887],[-89.230775,33.450004],[-89.228944,33.451848],[-89.227214,33.453588],[-89.224552,33.456477],[-89.2231751,33.457917],[-89.2229765,33.4581247],[-89.221817,33.459494],[-89.221605,33.459753],[-89.220222,33.461272],[-89.218603,33.462909],[-89.2156948,33.4655781],[-89.2148281,33.4663913],[-89.2145843,33.46662],[-89.210053,33.470902],[-89.206932,33.473759],[-89.2060164,33.4746533],[-89.2057354,33.4749471],[-89.2024022,33.4786871],[-89.2012771,33.4801136],[-89.2006535,33.4809419],[-89.1995705,33.4824078],[-89.198224,33.4843701],[-89.191475,33.4951115],[-89.1907954,33.4960909],[-89.188887,33.49911],[-89.187864,33.500566],[-89.186702,33.502222],[-89.182233,33.507817],[-89.181794,33.508358],[-89.1810356,33.5092921],[-89.1808631,33.5095046],[-89.180676,33.509735],[-89.177168,33.513551],[-89.1764008,33.5144204],[-89.1760417,33.5147682],[-89.1752594,33.5154993],[-89.1745816,33.5161444],[-89.1728382,33.517723],[-89.171816,33.518602],[-89.1714867,33.5188641],[-89.170135,33.5199568],[-89.168907,33.5209049],[-89.1674645,33.5219688],[-89.1662947,33.5228058],[-89.162931,33.5252449],[-89.161022,33.5266376],[-89.1606851,33.5268829],[-89.159079,33.528072],[-89.1587091,33.5283396],[-89.156477,33.5300757],[-89.1553232,33.5310167],[-89.1539031,33.5322593],[-89.1535276,33.532588],[-89.152583,33.533453],[-89.151546,33.53447],[-89.1493672,33.5366729],[-89.1489467,33.5371089],[-89.1477379,33.538419],[-89.1473008,33.5389286],[-89.1463963,33.5400506],[-89.1463963,33.5400506],[-89.1456716,33.5409118],[-89.1456716,33.5409118],[-89.1449177,33.5418651],[-89.144463,33.54244],[-89.144232,33.5427626],[-89.142736,33.544857],[-89.141624,33.546574],[-89.1412564,33.5471831],[-89.140005,33.5493101],[-89.1392503,33.5506927],[-89.1384955,33.5521717],[-89.1381725,33.5528372],[-89.1378522,33.5535167],[-89.1371328,33.5550671],[-89.1363625,33.5566448],[-89.1360183,33.5573408],[-89.1358236,33.5577288],[-89.135643,33.5580838],[-89.1349884,33.5593276],[-89.1343254,33.5605243],[-89.1336793,33.5616388],[-89.1326579,33.5632987],[-89.1320117,33.564312],[-89.1313995,33.5652336],[-89.130804,33.566105],[-89.129029,33.568574],[-89.127811,33.570144],[-89.126871,33.571418],[-89.1254462,33.5735674],[-89.1252577,33.5738508],[-89.1249464,33.5743749],[-89.124039,33.575982],[-89.123097,33.577977],[-89.122471,33.579651],[-89.122144,33.580525],[-89.120648,33.585727],[-89.1202619,33.5875621],[-89.1200718,33.5881358],[-89.1198438,33.5888243],[-89.118658,33.592404],[-89.117238,33.595383],[-89.11694,33.596007],[-89.115521,33.598436],[-89.113042,33.601159],[-89.112923,33.601284],[-89.109667,33.604718],[-89.10856,33.605768],[-89.1065913,33.607634],[-89.10612,33.6080281],[-89.104907,33.60896],[-89.102212,33.61092],[-89.101049,33.611632],[-89.100362,33.612074],[-89.098359,33.613181],[-89.097645,33.613594],[-89.097503,33.613676],[-89.096317,33.614304],[-89.094673,33.615252],[-89.094096,33.615645],[-89.093438,33.61608],[-89.091843,33.617232],[-89.090363,33.618438],[-89.090317,33.618478],[-89.089028,33.619619],[-89.088342,33.620251],[-89.087922,33.620716],[-89.086206,33.622332],[-89.086092,33.622439],[-89.085001,33.623596],[-89.083449,33.625412],[-89.082528,33.626614],[-89.081954,33.627439],[-89.081954,33.627439],[-89.081413,33.62824],[-89.081413,33.62824],[-89.080396,33.629896],[-89.079767,33.631139],[-89.07945,33.631726],[-89.079077,33.632519],[-89.078233,33.634585],[-89.078176,33.634757],[-89.078,33.635283],[-89.0778,33.63584],[-89.077727,33.636043],[-89.077421,33.636993],[-89.076514,33.641665],[-89.076224,33.643217],[-89.075936,33.644621],[-89.07543,33.646535],[-89.074754,33.648327],[-89.074209,33.64963],[-89.07418,33.649692],[-89.073835,33.650425],[-89.072607,33.652539],[-89.072467,33.652779],[-89.072448,33.6528053],[-89.0721948,33.6531558],[-89.072017,33.653402],[-89.070865,33.654959],[-89.070337,33.655584],[-89.069442,33.656642],[-89.068159,33.657953],[-89.066822,33.659105],[-89.065943,33.65975],[-89.0655923,33.6599926],[-89.065148,33.6603],[-89.064308,33.6608074],[-89.064308,33.6608074],[-89.064009,33.660988],[-89.063762,33.661137],[-89.063558,33.661245],[-89.063274,33.6613949],[-89.063274,33.6613949],[-89.062372,33.661871],[-89.0603032,33.6629756],[-89.0597001,33.6633304],[-89.0578755,33.6644922],[-89.0577173,33.6645934],[-89.057224,33.664944],[-89.0566942,33.6653264],[-89.055606,33.666158],[-89.054529,33.667017],[-89.053612,33.667749],[-89.052338,33.668958],[-89.051616,33.669657],[-89.050993,33.6701712],[-89.049436,33.6718567],[-89.0483841,33.6731376],[-89.0480589,33.6735824],[-89.0473567,33.6745434],[-89.0466064,33.6756799],[-89.0461249,33.6764589],[-89.0459583,33.6767441],[-89.0452939,33.6779652],[-89.0447211,33.679124],[-89.0441095,33.680528],[-89.0434839,33.6821726],[-89.0430985,33.6833156],[-89.0427,33.684742],[-89.042695,33.68476],[-89.042349,33.686049],[-89.0420273,33.6874209],[-89.0419315,33.6878417],[-89.041818,33.688783],[-89.041656,33.689877],[-89.04151,33.691146],[-89.04136,33.693162],[-89.041353,33.694251],[-89.041344,33.695755],[-89.041301,33.696961],[-89.041296,33.697719],[-89.041245,33.698464],[-89.041082,33.699974],[-89.040888,33.701062],[-89.040791,33.701575],[-89.040604,33.702376],[-89.040237,33.703731],[-89.039756,33.705152],[-89.039433,33.705942],[-89.038908,33.707082],[-89.0386329,33.7076834],[-89.0385188,33.7079946],[-89.038102,33.708757],[-89.037312,33.710382],[-89.037064,33.710882],[-89.0366285,33.7119998],[-89.0361253,33.7133581],[-89.0357917,33.7144323],[-89.0355,33.7155283],[-89.0353939,33.7159484],[-89.0351078,33.7173958],[-89.0349719,33.7184813],[-89.0348451,33.72021],[-89.034716,33.7218524],[-89.0347058,33.7223889],[-89.0346439,33.7231218],[-89.0343953,33.7244519],[-89.0337586,33.727183],[-89.0331664,33.7287563],[-89.0320632,33.7312015],[-89.0316486,33.7319414],[-89.0312313,33.732701],[-89.0310472,33.7330259],[-89.0285884,33.7369742],[-89.0270524,33.7396982],[-89.0252974,33.7432932],[-89.0252294,33.7434562],[-89.0236514,33.7472082],[-89.0224787,33.7500769],[-89.021231,33.754409],[-89.0210302,33.755182],[-89.0208534,33.7559839],[-89.0205264,33.7574918],[-89.0205217,33.7575183],[-89.0203739,33.7583401],[-89.02004,33.7600767],[-89.0197321,33.761828],[-89.0192458,33.7645354],[-89.018546,33.767782],[-89.0184026,33.7686813],[-89.0183332,33.7689952],[-89.0176125,33.7716961],[-89.0170735,33.7739534],[-89.016432,33.7761998],[-89.015718,33.7786416],[-89.0156066,33.7789663],[-89.0148928,33.781254],[-89.0136121,33.7847258],[-89.0126058,33.7871463],[-89.0124353,33.7875358],[-89.0120798,33.7882927],[-89.0106662,33.791187],[-89.0091942,33.7935986],[-89.0076609,33.7963686],[-89.0054458,33.7995772],[-89.0053021,33.799763],[-89.0044157,33.8009553],[-89.0026259,33.8032359],[-89.0010422,33.8050401],[-89.0001287,33.806022],[-88.9988159,33.8073319],[-88.9963773,33.8095673],[-88.9947841,33.8110409],[-88.9944091,33.8113448],[-88.9918093,33.8139051],[-88.9900933,33.8157396],[-88.9885863,33.8174997],[-88.9876795,33.8186115],[-88.9874007,33.8189659],[-88.985464,33.8215618],[-88.985262,33.8218445],[-88.9849646,33.8222803],[-88.9847062,33.8226249],[-88.9844852,33.8229531],[-88.9841939,33.8234037],[-88.9839562,33.823789],[-88.9837503,33.8241367],[-88.982604,33.8262026],[-88.9815232,33.828378],[-88.9804631,33.8308133],[-88.9798193,33.8324797],[-88.9791291,33.8341294],[-88.9786751,33.8350519],[-88.9782624,33.835879],[-88.9779005,33.8365665],[-88.9770583,33.8380191],[-88.9765748,33.8387809],[-88.9757364,33.84001],[-88.9750805,33.8409044],[-88.9749186,33.8411078],[-88.9743973,33.8417812],[-88.9734417,33.842911],[-88.9725932,33.843897],[-88.9716234,33.8449296],[-88.9695794,33.8468168],[-88.9691314,33.8472132],[-88.9681675,33.8479983],[-88.9668072,33.8490381],[-88.9644048,33.8507188],[-88.961447,33.8527967],[-88.9599175,33.8540298],[-88.9583068,33.8554536],[-88.9573466,33.8564283],[-88.9568389,33.8570014],[-88.9562705,33.857691],[-88.9559568,33.8580741],[-88.9551264,33.8593184],[-88.9547241,33.8600142],[-88.9543654,33.8607276],[-88.9542012,33.8611371],[-88.9540165,33.8615956],[-88.9537805,33.862231],[-88.9535461,33.8630003],[-88.9533168,33.8639215],[-88.9530695,33.8653903],[-88.9529991,33.8659657],[-88.952969,33.8665133],[-88.9529227,33.8679183],[-88.9529579,33.8688632],[-88.953372,33.8728956],[-88.9535013,33.875049],[-88.9535394,33.8764512],[-88.9535074,33.8779813],[-88.9534427,33.8790846],[-88.9534427,33.8790846],[-88.9532183,33.8815442],[-88.9532183,33.8815442],[-88.9527367,33.8852529],[-88.9526845,33.8856256],[-88.952246,33.888187],[-88.9516604,33.8909223],[-88.950655,33.894897],[-88.950096,33.8963529],[-88.9492734,33.8982576],[-88.948266,33.900026],[-88.9481818,33.9001613],[-88.947937,33.90053],[-88.946509,33.902659],[-88.946445,33.90274],[-88.9442647,33.9056603],[-88.9440736,33.9058868],[-88.9421918,33.9080989],[-88.9407069,33.9097635],[-88.9398104,33.9106583],[-88.9394459,33.911034],[-88.9392198,33.9112633],[-88.938808,33.9116809],[-88.937556,33.912919],[-88.9364788,33.9140051],[-88.9361,33.914339],[-88.9356349,33.9148169],[-88.931953,33.918438],[-88.93145,33.919037],[-88.930145,33.920593],[-88.929783,33.921026],[-88.927118,33.924392],[-88.926404,33.925537],[-88.9256194,33.927414],[-88.9253068,33.9284719],[-88.9250632,33.9294964],[-88.9248145,33.930552],[-88.9247375,33.9313535],[-88.9247428,33.9321468],[-88.9247486,33.932706],[-88.9247524,33.9330686],[-88.9247552,33.933335],[-88.9247967,33.9340003],[-88.9252735,33.9379313],[-88.9254265,33.9389307],[-88.925606,33.939825],[-88.926484,33.944268],[-88.9269663,33.9460576],[-88.927533,33.9477137],[-88.927968,33.948802],[-88.92828,33.949487],[-88.9287974,33.9505671],[-88.9295497,33.9521469],[-88.9302377,33.9537159],[-88.9306259,33.9546517],[-88.9307465,33.9549575],[-88.9310369,33.955743],[-88.93132,33.956474],[-88.9315092,33.957142],[-88.9316947,33.9577029],[-88.9320172,33.958874],[-88.9321487,33.9596326],[-88.9322101,33.9601931],[-88.9322406,33.9609166],[-88.9321877,33.9622396],[-88.9318171,33.9639923],[-88.9313671,33.9652373],[-88.9310467,33.9660655],[-88.9304268,33.9674046],[-88.9295884,33.9689119],[-88.9286475,33.9704109],[-88.9275837,33.9718365],[-88.9255187,33.9741788],[-88.923843,33.975777],[-88.9222066,33.9772001],[-88.9193623,33.9791361],[-88.9183067,33.9798068],[-88.9179245,33.9800496],[-88.9165368,33.980934],[-88.915794,33.9814201],[-88.9151218,33.9819126],[-88.9144821,33.9824321],[-88.9137471,33.9831265],[-88.9130261,33.9839073],[-88.9125259,33.9845287],[-88.9119388,33.9853714],[-88.9114087,33.9863219],[-88.91112,33.986842],[-88.9110039,33.9870901],[-88.9107319,33.9875893],[-88.9099681,33.9890541],[-88.9089875,33.9909334],[-88.9084436,33.9919086],[-88.9081851,33.9923896],[-88.9078729,33.9928527],[-88.9073461,33.993601],[-88.9063301,33.9948039],[-88.9052044,33.995893],[-88.9014071,33.9995017],[-88.9002945,34.0008963],[-88.899282,34.00229],[-88.8987971,34.0030939],[-88.898388,34.0038511],[-88.8979682,34.004684],[-88.8972304,34.006631],[-88.8971338,34.0069187],[-88.896566,34.0089802],[-88.896227,34.0110705],[-88.8958392,34.0142212],[-88.8958106,34.0143705],[-88.8956983,34.0149571],[-88.8956116,34.0153768],[-88.8939835,34.0201923],[-88.8939835,34.0201923],[-88.8933561,34.021617],[-88.8933561,34.021617],[-88.8927304,34.0228352],[-88.8920069,34.0242814],[-88.890553,34.026849],[-88.8896081,34.0284439],[-88.8882391,34.030488],[-88.8867827,34.0326245],[-88.8855146,34.0344783],[-88.8841621,34.0365481],[-88.8840323,34.0367444],[-88.8835188,34.0375218],[-88.8830283,34.0383105],[-88.8822548,34.0395763],[-88.8818293,34.0403251],[-88.8795398,34.043998],[-88.8784615,34.0460958],[-88.8775984,34.0475524],[-88.8751353,34.0521207],[-88.8735555,34.0552707],[-88.8728978,34.0567976],[-88.8724923,34.0579369],[-88.8718542,34.0594048],[-88.8711472,34.0616353],[-88.8706434,34.0635758],[-88.870416,34.065041],[-88.8703248,34.0670482],[-88.8703407,34.068783],[-88.8704455,34.0694921],[-88.8705265,34.070207],[-88.8705646,34.0705979],[-88.870604,34.0710029],[-88.8706265,34.0714022],[-88.8706464,34.0717543],[-88.8707084,34.0728857],[-88.8707653,34.0748005],[-88.8707571,34.0750906],[-88.8706354,34.0766866],[-88.8702975,34.0784257],[-88.869633,34.08045],[-88.8686304,34.0833034],[-88.8684833,34.0838333],[-88.8684833,34.0838333],[-88.86805,34.08485],[-88.86715,34.0866],[-88.8662774,34.0879173],[-88.8656711,34.0888111],[-88.8647172,34.0901971],[-88.8644806,34.0905257],[-88.8628667,34.0929167],[-88.8616333,34.0947833],[-88.86085,34.0961667],[-88.8602,34.0975833],[-88.8598833,34.0984167],[-88.8594333,34.0998833],[-88.859,34.1017333],[-88.8586515,34.1035086],[-88.8585837,34.1038391],[-88.8584167,34.1046833],[-88.8579167,34.1065833],[-88.8574667,34.108],[-88.8569333,34.1094333],[-88.8561333,34.11125],[-88.8550167,34.1133833],[-88.8537333,34.1154667],[-88.8516365,34.1183793],[-88.8513984,34.11871],[-88.8496167,34.1208833],[-88.84795,34.1228],[-88.8463898,34.1244718],[-88.8461524,34.1247067],[-88.8458649,34.1250197],[-88.844116,34.1265835],[-88.8423064,34.1280523],[-88.8415388,34.128657],[-88.8412416,34.1288647],[-88.8403584,34.1294966],[-88.8389331,34.1304383],[-88.8371154,34.1315397],[-88.8352333,34.13265],[-88.8338167,34.13355],[-88.83245,34.1345],[-88.8309333,34.1356667],[-88.8290167,34.1373833],[-88.8275143,34.1389166],[-88.8274,34.1390333],[-88.8269045,34.1395498],[-88.8265323,34.1399378],[-88.8258333,34.1407],[-88.8246923,34.1419739],[-88.8235103,34.1433296],[-88.8229,34.14415],[-88.8224003,34.1447975],[-88.8218983,34.1454562],[-88.8216205,34.1458517],[-88.82115,34.1465167],[-88.82035,34.1478833],[-88.8198836,34.1487685],[-88.8195333,34.1494333],[-88.8192835,34.149967],[-88.8191667,34.1502167],[-88.81785,34.1534667],[-88.817479,34.1543261],[-88.81685,34.1557833],[-88.8153833,34.15875],[-88.8138833,34.1615333],[-88.8116808,34.1651885],[-88.8114686,34.1655407],[-88.8106167,34.1667833],[-88.8081833,34.1702167],[-88.8074929,34.171055],[-88.8063333,34.1725833],[-88.8056333,34.1734167],[-88.8026167,34.1768333],[-88.7990861,34.1809411],[-88.7971,34.1834833],[-88.7958,34.1852167],[-88.7944333,34.1871333],[-88.7928262,34.1895125],[-88.7925925,34.189881],[-88.7915883,34.1914647],[-88.7913365,34.1918616],[-88.7909,34.19255],[-88.78975,34.1945],[-88.7883,34.19715],[-88.7870833,34.1995333],[-88.7850833,34.2037333],[-88.7842831,34.2058157],[-88.7840159,34.206504],[-88.7826419,34.2099778],[-88.7822637,34.2109271],[-88.7819676,34.2117429],[-88.7819676,34.2117429],[-88.7814407,34.2131464],[-88.7814407,34.2131464],[-88.781382,34.2132886],[-88.781019,34.2141766],[-88.7805,34.2154833],[-88.7790333,34.2186333],[-88.7774167,34.2215833],[-88.7757667,34.2242],[-88.7746222,34.225843],[-88.774304,34.2262939],[-88.77245,34.2287167],[-88.7711167,34.2303],[-88.7701319,34.2313921],[-88.769825,34.2317325],[-88.7675171,34.2342917],[-88.7670402,34.2348678],[-88.766155,34.2359372],[-88.7658642,34.2363007],[-88.7648386,34.2376082],[-88.7643046,34.2383003],[-88.7635833,34.23935],[-88.7613717,34.2426492],[-88.7605167,34.2440667],[-88.7594333,34.2460333],[-88.7584833,34.2481333],[-88.7578417,34.2499241],[-88.757626,34.2506122],[-88.7572607,34.2519906],[-88.7571529,34.2524498],[-88.7568627,34.2537958],[-88.7566797,34.2546706],[-88.7565421,34.2553705],[-88.7562906,34.2563619],[-88.7561315,34.2568938],[-88.755296,34.2593465],[-88.7549111,34.2602518],[-88.7546466,34.2608598],[-88.7540421,34.2620426],[-88.7534333,34.2631211],[-88.7525328,34.264541]]}},{"type":"Feature","properties":{"section_id":"blackland_prairie_to_highland_rim","section_name":"Blackland Prairie to Highland Rim (Parkway)","region_id":"mississippi","region_name":"Mississippi","route_id":"roadwalk"},"geometry":{"type":"LineString","coordinates":[[-88.7126349,34.3277894],[-88.712495,34.3279681],[-88.7119617,34.3288038],[-88.7117234,34.3291458],[-88.711541,34.3294029],[-88.7113344,34.3296711],[-88.7110204,34.3300503],[-88.7107976,34.3302907],[-88.7105378,34.3305637],[-88.7102496,34.3308314],[-88.7100553,34.331001],[-88.7098145,34.3311914],[-88.7097054,34.3312785],[-88.709332,34.3315469],[-88.7080276,34.3323876],[-88.7069272,34.3330703],[-88.7063586,34.3334606],[-88.706054,34.3336912],[-88.706054,34.3336912],[-88.7050987,34.3343282],[-88.7050987,34.3343282],[-88.704716,34.3346388],[-88.7040946,34.3351512],[-88.7034806,34.3356801],[-88.7029363,34.3361584],[-88.7026071,34.3364764],[-88.7022201,34.336868],[-88.7019572,34.3371419],[-88.7017508,34.3373743],[-88.7011535,34.338053],[-88.7008981,34.3383651],[-88.700596,34.3386797],[-88.7002105,34.3390753],[-88.6998812,34.3393897],[-88.6994026,34.3397998],[-88.6990237,34.3400743],[-88.6985834,34.3403855],[-88.6979769,34.3408055],[-88.6975726,34.3411038],[-88.6973834,34.3412481],[-88.6972409,34.3413884],[-88.6970761,34.3415536],[-88.696937,34.3417092],[-88.6967387,34.3419535],[-88.6965727,34.3421579],[-88.6964066,34.3423959],[-88.6962771,34.3426156],[-88.6961658,34.3428394],[-88.6960585,34.3430675],[-88.6959838,34.3432262],[-88.6959198,34.3434067],[-88.6958493,34.34363],[-88.6957861,34.3438711],[-88.6956591,34.3444133],[-88.6956042,34.3446519],[-88.6955369,34.344883],[-88.6954768,34.3450455],[-88.6954027,34.3452186],[-88.6953056,34.3454124],[-88.695167,34.3456282],[-88.6950729,34.3457713],[-88.6949561,34.3459194],[-88.6947745,34.3461316],[-88.6945134,34.3463821],[-88.6941259,34.3466971],[-88.6941259,34.3466971],[-88.6939578,34.3468018],[-88.6937267,34.3469332],[-88.6935348,34.3470261],[-88.6933098,34.3471222],[-88.6931554,34.3471789],[-88.6928221,34.3472959],[-88.6928221,34.3472959],[-88.6921872,34.3474723],[-88.6918108,34.3475842],[-88.691501,34.3476769],[-88.6911295,34.3478056],[-88.6908701,34.3479049],[-88.6903973,34.3481064],[-88.6889265,34.3488461],[-88.6885161,34.3490214],[-88.6880899,34.3491732],[-88.6874604,34.3493658],[-88.6871817,34.3494282],[-88.6869298,34.3494858],[-88.686643,34.3495321],[-88.6861272,34.3496039],[-88.6861272,34.3496039],[-88.685537,34.3496672],[-88.6850441,34.3497325],[-88.6850441,34.3497325],[-88.6848059,34.3497737],[-88.6845918,34.3498222],[-88.6843234,34.3498941],[-88.6841088,34.3499675],[-88.6838804,34.3500522],[-88.6837179,34.3501153],[-88.6834317,34.350238],[-88.6832088,34.3503555],[-88.6827204,34.3506578],[-88.6823647,34.3508961],[-88.682084,34.3510995],[-88.6818451,34.3512938],[-88.6816428,34.3514932],[-88.6812876,34.351871],[-88.6811048,34.3520975],[-88.6809239,34.3523356],[-88.6807439,34.352627],[-88.6806293,34.3528257],[-88.6805061,34.3530628],[-88.6803682,34.3533623],[-88.6802796,34.3535825],[-88.6801732,34.3538178],[-88.680067,34.3541428],[-88.6799892,34.3544158],[-88.6799261,34.3546673],[-88.6798518,34.3549984],[-88.6797988,34.3553057],[-88.6797547,34.3555973],[-88.6796841,34.3560301],[-88.6795857,34.3568797],[-88.6795583,34.3572032],[-88.6795295,34.3574017],[-88.6794818,34.3575885],[-88.6794435,34.3577541],[-88.6793694,34.3579554],[-88.6793081,34.3581116],[-88.6792534,34.3582375],[-88.6791757,34.3583672],[-88.6790098,34.3586187],[-88.6788296,34.3588741],[-88.6786444,34.3591103],[-88.6784625,34.3593444],[-88.6779313,34.3599731],[-88.6778288,34.3600857],[-88.6778288,34.3600857],[-88.6776163,34.360365],[-88.6774607,34.3605909],[-88.6773593,34.3607399],[-88.6773593,34.3607399],[-88.6771536,34.3610851],[-88.6769932,34.3613921],[-88.6768394,34.3616892],[-88.6766813,34.36201],[-88.6765225,34.3623478],[-88.6763225,34.3626963],[-88.6762038,34.3628936],[-88.6760936,34.36305],[-88.675923,34.3632919],[-88.6757595,34.3635035],[-88.67557,34.36371],[-88.6752303,34.3640655],[-88.6749988,34.3643039],[-88.6746492,34.364585],[-88.6746141,34.3646114],[-88.6742773,34.3648646],[-88.6740133,34.3650542],[-88.6738246,34.3652005],[-88.6735254,34.3654323],[-88.6732641,34.3656542],[-88.6728304,34.3660088],[-88.6722784,34.3664743],[-88.6719185,34.3667774],[-88.6710129,34.3676012],[-88.6700796,34.3685114],[-88.6689152,34.3697318],[-88.6682381,34.3703765],[-88.6678771,34.3706926],[-88.6673477,34.3711475],[-88.6669179,34.3715067],[-88.6665345,34.3718034],[-88.6660321,34.3721926],[-88.6658787,34.3723],[-88.6651862,34.3727802],[-88.6647051,34.3731122],[-88.6632632,34.3742214],[-88.6625259,34.374862],[-88.662236,34.3751283],[-88.6620927,34.375269],[-88.6617655,34.3755704],[-88.6615633,34.3757798],[-88.6612696,34.3760821],[-88.6610008,34.3763843],[-88.6606504,34.3767841],[-88.6604194,34.3770583],[-88.6601508,34.3774466],[-88.6597608,34.377985],[-88.659522,34.3784139],[-88.6593377,34.3787286],[-88.6591738,34.3790144],[-88.6591738,34.3790144],[-88.6588624,34.3797061],[-88.6588624,34.3797061],[-88.6587873,34.3798741],[-88.6585928,34.3803482],[-88.6583541,34.3809393],[-88.6582269,34.3812643],[-88.6581962,34.3813428],[-88.65808,34.381624],[-88.657815,34.382169],[-88.6574107,34.3829317],[-88.6568255,34.3838595],[-88.6558514,34.3852131],[-88.6555098,34.3857081],[-88.6551509,34.386283],[-88.6549057,34.3867149],[-88.6545065,34.3875021],[-88.6541507,34.3883127],[-88.6538666,34.3890789],[-88.6536588,34.3897612],[-88.6534196,34.3906433],[-88.653288,34.3910406],[-88.6530966,34.3914539],[-88.6529038,34.3917796],[-88.6525898,34.3922411],[-88.6522145,34.3926272],[-88.6516284,34.3931195],[-88.6509586,34.3936303],[-88.6506192,34.3939214],[-88.650229,34.3944075],[-88.6499868,34.3948085],[-88.649779,34.3953266],[-88.6496055,34.3958004],[-88.6493768,34.3962951],[-88.649151,34.3966294],[-88.6488789,34.3969379],[-88.6485156,34.3972636],[-88.6481448,34.3975078],[-88.6477366,34.3977126],[-88.6472253,34.3979125],[-88.646403,34.3981789],[-88.6456554,34.3984652],[-88.645008,34.3987847],[-88.6443636,34.3991622],[-88.6438942,34.3994768],[-88.6433215,34.3999209],[-88.6429747,34.4002281],[-88.6424618,34.4007129],[-88.6418473,34.4013655],[-88.6413898,34.4019095],[-88.6409129,34.4025707],[-88.6404464,34.4033158],[-88.6400921,34.4039622],[-88.6397332,34.4045889],[-88.6394955,34.404901],[-88.6391083,34.4052784],[-88.6388302,34.4054894],[-88.6383951,34.4057521],[-88.6378494,34.4060025],[-88.63706,34.4063603],[-88.6365277,34.40666],[-88.6359999,34.4070609],[-88.6355349,34.4074273],[-88.6348128,34.40797],[-88.6340832,34.4084388],[-88.6334582,34.4087619],[-88.6328318,34.4090346],[-88.631848,34.4093972],[-88.6312125,34.4096612],[-88.6307356,34.4099288],[-88.6302497,34.4102557],[-88.6298131,34.4106443],[-88.6293735,34.4110106],[-88.629058,34.4112508],[-88.6288027,34.4114248],[-88.628405,34.4116592],[-88.6279938,34.4118677],[-88.6275915,34.4120311],[-88.6270667,34.4122087],[-88.6265643,34.4123321],[-88.626038,34.4124271],[-88.6252023,34.4125479],[-88.6245788,34.412654],[-88.6241019,34.4127897],[-88.6236354,34.4129365],[-88.6227637,34.4132769],[-88.6223496,34.4134286],[-88.6219399,34.4135421],[-88.6214645,34.4136223],[-88.6207154,34.4136839],[-88.6199948,34.4136901],[-88.6190005,34.4137049],[-88.6181587,34.4137592],[-88.6174127,34.4138517],[-88.6167952,34.4139578],[-88.616097,34.4141033],[-88.6154152,34.4142871],[-88.6145884,34.4145609],[-88.6139006,34.4148434],[-88.6131949,34.4151604],[-88.6125012,34.4155057],[-88.6119301,34.4158523],[-88.611681,34.416012],[-88.611048,34.4164887],[-88.6105635,34.4168736],[-88.6099475,34.417371],[-88.6096303,34.4176832],[-88.6095099,34.4177872],[-88.6091038,34.4181384],[-88.6087234,34.4183953],[-88.6076876,34.4189458],[-88.6059495,34.4198476],[-88.605459,34.4201266],[-88.6050192,34.4204319],[-88.6045181,34.4207947],[-88.6037357,34.4213423],[-88.6033873,34.4215414],[-88.6032748,34.4216057],[-88.6027779,34.4218272],[-88.6021816,34.4220749],[-88.6016023,34.4222144],[-88.6005726,34.4224202],[-88.5990333,34.4226819],[-88.5980776,34.4228423],[-88.5968322,34.4230255],[-88.5954662,34.4232121],[-88.5942885,34.4233551],[-88.5936605,34.4234214],[-88.5929311,34.4234632],[-88.5921995,34.423472],[-88.5916453,34.4234655],[-88.5912087,34.4234408],[-88.5906271,34.4233865],[-88.5899423,34.4232916],[-88.5893831,34.423188],[-88.5887597,34.4230597],[-88.5881048,34.4229043],[-88.5873275,34.4227417],[-88.5865769,34.422637],[-88.5858706,34.4225777],[-88.5852088,34.4225655],[-88.5845534,34.4225847],[-88.5835638,34.4226475],[-88.5829274,34.4226667],[-88.5821154,34.4226632],[-88.5811576,34.4226318],[-88.5802843,34.4225847],[-88.579705,34.4226074],[-88.579225,34.4226684],[-88.5787514,34.4227905],[-88.5782947,34.4229632],[-88.5778316,34.4231969],[-88.577248,34.423612],[-88.5767089,34.4240044],[-88.5762099,34.4242905],[-88.5758504,34.4244527],[-88.575455,34.4245992],[-88.5749898,34.4247265],[-88.5736051,34.4249548],[-88.571635,34.4252713],[-88.5709576,34.4254991],[-88.5703734,34.4257004],[-88.5694015,34.4260996],[-88.5690398,34.4262248],[-88.5685018,34.4263125],[-88.5680211,34.4263778],[-88.5673909,34.4263853],[-88.5669298,34.4263575],[-88.5659564,34.4262168],[-88.5653907,34.4261577],[-88.5648883,34.4261589],[-88.5643929,34.4261968],[-88.5638056,34.4263085],[-88.5620013,34.4268548],[-88.5615207,34.4269575],[-88.560786,34.4270311],[-88.5593132,34.4269146],[-88.5579898,34.42689],[-88.5566664,34.4271504],[-88.5559736,34.427401],[-88.5543603,34.4282404],[-88.5527163,34.4289938],[-88.5523086,34.4291351],[-88.5515673,34.4293541],[-88.5509615,34.4295082],[-88.5503273,34.4297071],[-88.5489117,34.4299717],[-88.5477734,34.4302312],[-88.5468121,34.4304795],[-88.5454902,34.4308905],[-88.544304,34.4313347],[-88.5435369,34.4316392],[-88.5422719,34.432186],[-88.541733,34.4324238],[-88.5402475,34.4330614],[-88.5385461,34.433798],[-88.5370408,34.4343804],[-88.5356224,34.434939],[-88.5349092,34.4352061],[-88.5320851,34.436187],[-88.5301942,34.4369141],[-88.5287311,34.4375626],[-88.5272748,34.4382788],[-88.5256494,34.4391616],[-88.5236097,34.4403746],[-88.5218775,34.441317],[-88.5213442,34.4415775],[-88.5204805,34.4419569],[-88.5195774,34.4423104],[-88.5189033,34.4425628],[-88.5183813,34.4427908],[-88.517794,34.4430863],[-88.5172638,34.4434115],[-88.5167714,34.443765],[-88.5161717,34.4442546],[-88.5155458,34.4447202],[-88.5149662,34.4451057],[-88.5144432,34.4454186],[-88.5137144,34.4458021],[-88.5129566,34.4461838],[-88.5123769,34.4464958],[-88.5118378,34.4467858],[-88.5111992,34.4471798],[-88.5104333,34.4476807],[-88.509377,34.4484307],[-88.5082657,34.4493247],[-88.5072677,34.4502206],[-88.506466,34.4510004],[-88.5059408,34.451478],[-88.5053534,34.4518949],[-88.5047267,34.4522133],[-88.5040903,34.4524561],[-88.5029499,34.4527692],[-88.5025848,34.4528841],[-88.5021109,34.45307],[-88.5016304,34.4533009],[-88.501246,34.4535154],[-88.500893,34.453749],[-88.5002361,34.4542389],[-88.4998365,34.454519],[-88.499471,34.4547374],[-88.4990281,34.4549866],[-88.4986591,34.4551499],[-88.4981599,34.4553509],[-88.4976825,34.4555083],[-88.4972917,34.4556049],[-88.4967215,34.4557284],[-88.4958976,34.4558379],[-88.4949316,34.4559718],[-88.4943037,34.4560757],[-88.4940218,34.4561566],[-88.4933694,34.4563284],[-88.4925125,34.4566306],[-88.4913973,34.4571033],[-88.4908621,34.4573028],[-88.4900734,34.457546],[-88.4895051,34.4576744],[-88.4887131,34.4577987],[-88.4883552,34.4578479],[-88.4880288,34.4578834],[-88.4870886,34.4580141],[-88.4864844,34.4580871],[-88.4854406,34.4582728],[-88.4844862,34.4584928],[-88.4836842,34.4587155],[-88.4828392,34.4589792],[-88.4819577,34.4592715],[-88.4810182,34.4596267],[-88.4802544,34.4599423],[-88.4796827,34.4601978],[-88.4789503,34.4605421],[-88.4779313,34.4610831],[-88.4774013,34.4613822],[-88.4768245,34.4617279],[-88.4754393,34.4625681],[-88.4747384,34.4629547],[-88.4743009,34.4631774],[-88.471669,34.464131],[-88.4709209,34.4643203],[-88.4702075,34.4645591],[-88.4694672,34.4648599],[-88.4689337,34.4651813],[-88.468371,34.4655841],[-88.4677479,34.466054],[-88.4673214,34.466326],[-88.466911,34.4665184],[-88.4666348,34.46664],[-88.4663683,34.466721],[-88.465763,34.4668656],[-88.4645535,34.4670643],[-88.4639955,34.4671796],[-88.4634161,34.4673609],[-88.4630191,34.4675135],[-88.4623772,34.4678361],[-88.4615359,34.4683096],[-88.460868,34.4686523],[-88.4601487,34.4689585],[-88.4593472,34.4692251],[-88.4586069,34.4694219],[-88.4578851,34.4695514],[-88.457078,34.4696386],[-88.4562841,34.4696651],[-88.4553464,34.4696434],[-88.4545755,34.4695877],[-88.4537544,34.4695054],[-88.4506162,34.4690363],[-88.4488576,34.4688206],[-88.4467812,34.4686799],[-88.4455019,34.4686201],[-88.4450371,34.4686152],[-88.4418169,34.4686719],[-88.4380337,34.4690058],[-88.4370263,34.4690582],[-88.4362131,34.4690936],[-88.4336363,34.4691418],[-88.4336363,34.4691418],[-88.432749,34.4691761],[-88.432749,34.4691761],[-88.4315128,34.4692798],[-88.4302388,34.4694583],[-88.4302388,34.4694583],[-88.4293601,34.4696273],[-88.4293601,34.4696273],[-88.4279095,34.4699604],[-88.4279095,34.4699604],[-88.4269962,34.4701686],[-88.4269962,34.4701686],[-88.426265,34.4703176],[-88.4248184,34.4705603],[-88.4248184,34.4705603],[-88.4238306,34.4707057],[-88.4238306,34.4707057],[-88.42293,34.4708162],[-88.4224907,34.4708787],[-88.421951,34.470955],[-88.4211031,34.4711058],[-88.4206514,34.4712049],[-88.4200087,34.471346],[-88.4182719,34.4718418],[-88.416606,34.4723683],[-88.4156312,34.4726147],[-88.4151554,34.4727173],[-88.413874,34.4729403],[-88.4132868,34.4730555],[-88.4127176,34.4731837],[-88.4121379,34.4733606],[-88.411518,34.4736104],[-88.4109159,34.4739289],[-88.4103663,34.4742839],[-88.4099483,34.4746003],[-88.4095974,34.47491],[-88.4092137,34.4754034],[-88.4085915,34.4764243],[-88.4082704,34.4768906],[-88.4080152,34.4771809],[-88.4077198,34.4774667],[-88.4070886,34.4779322],[-88.4062065,34.4784547],[-88.4055145,34.4789206],[-88.4049176,34.4793866],[-88.4039126,34.4802908],[-88.403409,34.4808427],[-88.4028386,34.4815551],[-88.4024456,34.4819985],[-88.4018886,34.4824797],[-88.4013192,34.4828641],[-88.4009163,34.4830857],[-88.4001965,34.4834106],[-88.3998553,34.4835327],[-88.3994635,34.4836459],[-88.3991539,34.4837189],[-88.3979316,34.483906],[-88.3969874,34.4840638],[-88.3963642,34.4842106],[-88.3955656,34.4844864],[-88.394964,34.484751],[-88.3944649,34.4850201],[-88.3937607,34.4854604],[-88.3929136,34.4860652],[-88.3921641,34.4867013],[-88.3910024,34.4877837],[-88.3903844,34.4883372],[-88.3898882,34.4886996],[-88.3894485,34.4889715],[-88.3888899,34.4892531],[-88.3883907,34.4894392],[-88.3878113,34.4895886],[-88.3869883,34.4897159],[-88.3857672,34.4898776],[-88.384855,34.4900563],[-88.3840558,34.4902694],[-88.3833071,34.490502],[-88.3822582,34.4909086],[-88.3812896,34.4913738],[-88.3805587,34.4917485],[-88.3795604,34.4921526],[-88.3787226,34.4924317],[-88.3778164,34.4926668],[-88.3768983,34.492875],[-88.3758613,34.4931321],[-88.3751126,34.4933574],[-88.3741915,34.4936733],[-88.3732319,34.494048],[-88.3724118,34.4944226],[-88.3714977,34.4949139],[-88.3711334,34.4951152],[-88.3699949,34.4957903],[-88.3689047,34.4966534],[-88.3678875,34.4975696],[-88.3672823,34.4981037],[-88.3664282,34.4987298],[-88.3654625,34.4993666],[-88.3644238,34.4999502],[-88.3633722,34.5004879],[-88.361973,34.5011387],[-88.3606488,34.501839],[-88.3602979,34.5020199],[-88.359157,34.502669],[-88.3582431,34.5032009],[-88.3568739,34.5040604],[-88.3559468,34.5045167],[-88.3552386,34.5048173],[-88.3543502,34.5051357],[-88.3535218,34.5054469],[-88.3523972,34.5059669],[-88.3515131,34.5064727],[-88.3508824,34.5068509],[-88.3499347,34.5073461],[-88.3489485,34.5077398],[-88.3479854,34.5080414],[-88.3468644,34.5083144],[-88.3458071,34.5085381],[-88.3453364,34.5086166],[-88.3447444,34.5086989],[-88.3437863,34.5087747],[-88.3426576,34.508835],[-88.3412284,34.5088286],[-88.3396797,34.5087651],[-88.3374453,34.5085588],[-88.3360046,34.5083779],[-88.3343673,34.5080985],[-88.3331076,34.5078541],[-88.3311622,34.5073906],[-88.3292283,34.5068541],[-88.3258378,34.505837],[-88.3258378,34.505837],[-88.3233219,34.5049867],[-88.3233219,34.5049867],[-88.3219127,34.5045307],[-88.3212415,34.5043611],[-88.3204003,34.5042033],[-88.3196485,34.5041044],[-88.3184051,34.5040232],[-88.3175419,34.5040274],[-88.316224,34.5041273],[-88.3153001,34.5042691],[-88.3148179,34.5043599],[-88.3138365,34.5045958],[-88.3125811,34.5049755],[-88.3105765,34.5056716],[-88.3093594,34.5059961],[-88.3081638,34.5062144],[-88.3071973,34.5063265],[-88.3059814,34.5064318],[-88.3046633,34.506689],[-88.3032868,34.5072474],[-88.3012301,34.5086275],[-88.2993772,34.5093409],[-88.2978983,34.510107],[-88.2970335,34.5107201],[-88.2958791,34.5116289],[-88.294422,34.513348],[-88.293454,34.515158],[-88.2924212,34.5173022],[-88.2921913,34.517594],[-88.2918917,34.5179741],[-88.2916304,34.5183286],[-88.2910653,34.5196528],[-88.290773,34.5201091],[-88.2905678,34.5203876],[-88.2904552,34.5205312],[-88.2897744,34.5211454],[-88.2892551,34.5215732],[-88.2886173,34.5221341],[-88.2878953,34.5234016],[-88.2875879,34.5241994],[-88.2871507,34.5252252],[-88.2866099,34.5260022],[-88.2859453,34.5265462],[-88.2852865,34.5269798],[-88.284021,34.527351],[-88.2836659,34.5274668],[-88.2832976,34.5276166],[-88.2829251,34.5278196],[-88.2825824,34.5280168],[-88.2822197,34.5283065],[-88.2818022,34.5286944],[-88.2813639,34.5291934],[-88.2803405,34.5307451],[-88.2793457,34.5318953],[-88.2779949,34.533043],[-88.277608,34.5334597],[-88.2771702,34.5340194],[-88.276705,34.534987],[-88.2766793,34.5358953],[-88.2766369,34.5371998],[-88.276469,34.5381212],[-88.2762611,34.5386269],[-88.2756129,34.5397438],[-88.2754025,34.5403122],[-88.2752592,34.5407418],[-88.2752135,34.5410299],[-88.2752135,34.5410299],[-88.2751961,34.5413631],[-88.275198,34.5417474],[-88.2752271,34.5420419],[-88.2752271,34.5420419],[-88.2753462,34.5423005],[-88.2754061,34.5425821],[-88.2756467,34.5436166],[-88.2757813,34.5439968],[-88.2760373,34.5452376],[-88.276257,34.54724],[-88.276062,34.55024],[-88.2759031,34.552183],[-88.2758912,34.5527867],[-88.2758332,34.5542969],[-88.2757852,34.5548373],[-88.2755714,34.5555529],[-88.2753511,34.5561211],[-88.2749605,34.5567401],[-88.2746962,34.557096],[-88.274202,34.5575877],[-88.2736114,34.5580587],[-88.2729441,34.5584875],[-88.2719808,34.5590245],[-88.2706813,34.5597671],[-88.2694951,34.5605958],[-88.2681489,34.5612544],[-88.2667566,34.5617336],[-88.2648576,34.5624228],[-88.2639296,34.563194],[-88.2623025,34.5646628],[-88.262008,34.5649022],[-88.2612476,34.5654696],[-88.2608148,34.5657766],[-88.2602964,34.5661259],[-88.2584545,34.5672538],[-88.2562536,34.5680961],[-88.2543975,34.5687333],[-88.2537938,34.5689855],[-88.2531407,34.5694545],[-88.2522337,34.5701853],[-88.251496,34.571002],[-88.2509034,34.5720329],[-88.2507051,34.5724919],[-88.2503467,34.5737456],[-88.250044,34.575192],[-88.249701,34.5761129],[-88.2493958,34.5768814],[-88.2490971,34.5776853],[-88.2487798,34.5787889],[-88.2487208,34.5791084],[-88.2486189,34.5798521],[-88.2485669,34.5805369],[-88.2486143,34.5813335],[-88.2487753,34.5825083],[-88.2491293,34.5837449],[-88.2492473,34.5844339],[-88.249265,34.584706],[-88.2491982,34.5852656],[-88.248949,34.5864423],[-88.2489335,34.5867656],[-88.2489221,34.5871272],[-88.2489291,34.5878208],[-88.2489169,34.5883165],[-88.2488477,34.5887319],[-88.2486501,34.5892593],[-88.2484357,34.5896693],[-88.2480993,34.5901663],[-88.2474127,34.5908464],[-88.2468548,34.5913852],[-88.2458463,34.5922772],[-88.2452455,34.5927541],[-88.2438078,34.5940524],[-88.2421516,34.5953416],[-88.2418116,34.595555],[-88.2411039,34.5958719],[-88.2404497,34.5961633],[-88.2395377,34.5964282],[-88.2375636,34.5967815],[-88.2364907,34.5971171],[-88.2354286,34.5975322],[-88.2333043,34.5983447],[-88.231016,34.598989],[-88.2304911,34.5991105],[-88.2294464,34.5993587],[-88.2285894,34.5995296],[-88.227221,34.5997665],[-88.2259786,34.6000396],[-88.2249808,34.6003703],[-88.2244664,34.6005487],[-88.2244664,34.6005487],[-88.2223002,34.6015548],[-88.2223002,34.6015548],[-88.2214879,34.6019776],[-88.2214879,34.6019776],[-88.219537,34.6029658],[-88.2192967,34.6030815],[-88.2187865,34.6032701],[-88.2165249,34.6041911],[-88.214341,34.6046335],[-88.2124294,34.6050327],[-88.2120607,34.605104],[-88.2098251,34.6055165],[-88.2066286,34.6061851],[-88.2053723,34.6064792],[-88.2011833,34.6075685],[-88.1991393,34.6081873],[-88.1973842,34.6087485],[-88.1958812,34.6093404],[-88.194537,34.6099299],[-88.193196,34.6106431],[-88.1921354,34.6112287],[-88.1921354,34.6112287],[-88.1897294,34.6126167],[-88.1897294,34.6126167],[-88.1888903,34.6131037],[-88.1877844,34.613714],[-88.1861477,34.6144835],[-88.1851382,34.6149276],[-88.1837512,34.6154965],[-88.1831168,34.6156926],[-88.1824823,34.6159417],[-88.1793548,34.6168057],[-88.1741171,34.6180445],[-88.1737704,34.6181265],[-88.1733382,34.6182443],[-88.1726434,34.6184766],[-88.1720681,34.6186876],[-88.17137,34.619005],[-88.1708516,34.619296],[-88.1699681,34.6198362],[-88.1681419,34.6211161],[-88.1670396,34.6218788],[-88.1659605,34.6226241],[-88.1642714,34.6236407],[-88.1635722,34.6240243],[-88.1612622,34.6250953],[-88.1594476,34.6259364],[-88.1585465,34.6264382],[-88.1579658,34.6267877],[-88.1572359,34.6272845],[-88.1566421,34.6277654],[-88.1560735,34.6283052],[-88.1554085,34.6290093],[-88.1551053,34.6293659],[-88.1546944,34.6299599],[-88.1543336,34.6305523],[-88.1537166,34.6316799],[-88.1528997,34.6333593],[-88.1526953,34.6337615],[-88.1519802,34.6351394],[-88.1517323,34.6355363],[-88.1515757,34.6357773],[-88.151057,34.6364645],[-88.150404,34.637159],[-88.1495972,34.6379144],[-88.1482326,34.6388317],[-88.1471469,34.639369],[-88.1452866,34.6401369],[-88.1443873,34.6404955],[-88.143451,34.640773],[-88.142813,34.6409776],[-88.1413753,34.6413528],[-88.1404204,34.6415911],[-88.139766,34.6417544],[-88.1358001,34.64281],[-88.1348262,34.643128],[-88.1335832,34.6435916],[-88.1330578,34.6438061],[-88.132627,34.643986],[-88.13184,34.6443414],[-88.1307609,34.6448274],[-88.1307609,34.6448274],[-88.129669,34.6453259],[-88.129669,34.6453259],[-88.1284824,34.6458848],[-88.126989,34.646567],[-88.126127,34.646915],[-88.125874,34.647017],[-88.12475,34.647434],[-88.123599,34.647802],[-88.122433,34.648137],[-88.121331,34.648413],[-88.120842,34.648538],[-88.120179,34.648697],[-88.1180628,34.6491874],[-88.1175417,34.6493155],[-88.1164672,34.6495757],[-88.11424,34.650128],[-88.111466,34.650801],[-88.110304,34.651137],[-88.109161,34.651494],[-88.108008,34.651892],[-88.106317,34.652556],[-88.105387,34.652955],[-88.104691,34.653254],[-88.104041,34.653555],[-88.103079,34.653999],[-88.102847,34.654111],[-88.10147,34.654776],[-88.099877,34.655577],[-88.098271,34.656342],[-88.097641,34.6566288],[-88.0964386,34.657141],[-88.0955816,34.6574736],[-88.0946386,34.6578464],[-88.0946386,34.6578464],[-88.0943532,34.6579723],[-88.0941558,34.6580713],[-88.0939242,34.6581949],[-88.0936494,34.6583577],[-88.0936494,34.6583577],[-88.0933145,34.6585639],[-88.0929839,34.6588178],[-88.0927209,34.6591416],[-88.092478,34.659555],[-88.092243,34.659994],[-88.091775,34.660929],[-88.091491,34.661385],[-88.091188,34.661828],[-88.090556,34.662734],[-88.090401,34.663041],[-88.090323,34.663197],[-88.090129,34.6637],[-88.08996,34.664175],[-88.089779,34.664667],[-88.089567,34.665146],[-88.089055,34.666085],[-88.088668,34.666745],[-88.088516,34.667003],[-88.088018,34.667938],[-88.087572,34.668906],[-88.087192,34.669858],[-88.086899,34.670658],[-88.086834,34.670836],[-88.086491,34.671828],[-88.086043,34.673257],[-88.085734,34.674222],[-88.085331,34.675189],[-88.084819,34.676119],[-88.0842,34.676999],[-88.08348,34.677828],[-88.08267,34.678598],[-88.08245,34.67877],[-88.081767,34.679302],[-88.080792,34.679926],[-88.079745,34.680466],[-88.078647,34.680937],[-88.077512,34.681323],[-88.076342,34.681639],[-88.0758874,34.6817272],[-88.0752848,34.6818357],[-88.0745679,34.6819444],[-88.0735494,34.6820906],[-88.0729613,34.6821849],[-88.072684,34.682227],[-88.07207,34.682309],[-88.071787,34.682352],[-88.070847,34.682493],[-88.07024,34.682616],[-88.069648,34.682773],[-88.069067,34.682962],[-88.068511,34.683192],[-88.067975,34.683451],[-88.06746,34.683734],[-88.066966,34.684049],[-88.066511,34.684382],[-88.066069,34.68475],[-88.065651,34.685145],[-88.065261,34.685553],[-88.064604,34.686405],[-88.063936,34.687283],[-88.063282,34.688154],[-88.06262,34.688987],[-88.061867,34.689801],[-88.061068,34.690581],[-88.060215,34.691325],[-88.059324,34.692018],[-88.058354,34.692679],[-88.057359,34.69329],[-88.056316,34.693847],[-88.055259,34.694354],[-88.054168,34.694807],[-88.05303,34.695214],[-88.051274,34.695735],[-88.050104,34.696075],[-88.049514,34.696258],[-88.048948,34.69645],[-88.048414,34.696697],[-88.047907,34.696997],[-88.047448,34.697338],[-88.047049,34.697723],[-88.046671,34.69816],[-88.045814,34.699494],[-88.045492,34.699926],[-88.045098,34.700325],[-88.044664,34.700677],[-88.044169,34.700981],[-88.0439337,34.7011078],[-88.04363,34.701233],[-88.043263,34.7013538],[-88.0428622,34.7014697],[-88.042457,34.701544],[-88.041839,34.7016],[-88.040595,34.701592],[-88.039351,34.701572],[-88.038739,34.701612],[-88.038134,34.701723],[-88.037544,34.701905],[-88.037174,34.702062],[-88.03699,34.70214],[-88.036492,34.702437],[-88.036038,34.702789],[-88.035654,34.703183],[-88.035311,34.703637],[-88.035057,34.70411],[-88.034876,34.704614],[-88.034788,34.705119],[-88.034774,34.7056],[-88.034772,34.706118],[-88.034776,34.706657],[-88.034793,34.707642],[-88.034768,34.708298],[-88.034721,34.708649],[-88.034622,34.709052],[-88.034516,34.709387],[-88.034248,34.709983],[-88.03371,34.710899],[-88.033409,34.711368],[-88.03315,34.71182],[-88.032936,34.712296],[-88.032788,34.7128],[-88.032724,34.713325],[-88.032753,34.713814],[-88.032854,34.71434],[-88.033043,34.714808],[-88.033305,34.71528],[-88.034233,34.716599],[-88.034766,34.717521],[-88.034989,34.717998],[-88.035163,34.718491],[-88.035322,34.718991],[-88.036317,34.722509],[-88.036662,34.723473],[-88.037072,34.724451],[-88.037242,34.724798],[-88.037544,34.725413],[-88.0376818,34.7256496],[-88.0378587,34.7259292],[-88.038357,34.726763],[-88.040042,34.729508],[-88.040539,34.730414],[-88.040726,34.730885],[-88.040863,34.731385],[-88.040882,34.731527],[-88.04093,34.731895],[-88.040936,34.732408],[-88.040888,34.732913],[-88.040775,34.73342],[-88.040613,34.733901],[-88.040399,34.734377],[-88.040099,34.734845],[-88.039788,34.735258],[-88.039408,34.735665],[-88.039243,34.735822],[-88.038593,34.736441],[-88.037812,34.737222],[-88.03709,34.738054],[-88.036453,34.738934],[-88.0360817,34.7395944],[-88.0358781,34.7399528],[-88.0356935,34.7403211],[-88.035462,34.740794],[-88.035075,34.741766],[-88.033943,34.744685],[-88.033371,34.746124],[-88.032875,34.747062],[-88.032278,34.747952],[-88.031572,34.748795],[-88.030787,34.749576],[-88.029903,34.750289],[-88.029344,34.750667],[-88.028944,34.750937],[-88.027986,34.751557],[-88.026981,34.752192],[-88.0262239,34.7526991],[-88.0258872,34.7529244],[-88.025816,34.752972],[-88.025217,34.753413],[-88.024328,34.754123],[-88.023492,34.754869],[-88.0231295,34.7552002],[-88.0231295,34.7552002],[-88.02254,34.7557823],[-88.02254,34.7557823],[-88.022303,34.756035],[-88.0220268,34.7563542],[-88.0214044,34.7570732],[-88.021367,34.757123],[-88.021023,34.75755],[-88.020788,34.757854],[-88.02056,34.758166],[-88.0203775,34.7584475],[-88.0201871,34.7587596],[-88.0199606,34.7591323],[-88.0196691,34.7595836],[-88.0195922,34.7597065],[-88.0190234,34.7605882],[-88.018677,34.7611341],[-88.018677,34.7611341],[-88.0181434,34.7619973],[-88.0181434,34.7619973],[-88.01771,34.762631],[-88.016895,34.76392],[-88.016694,34.764245],[-88.01629,34.764877],[-88.015901,34.765451],[-88.015634,34.76583],[-88.01521,34.766384],[-88.014623,34.767102],[-88.01431,34.767457],[-88.01383,34.767982],[-88.013639,34.768167],[-88.01347,34.768341],[-88.013197,34.768611],[-88.012788,34.768995],[-88.012248,34.769476],[-88.011816,34.769841],[-88.011707,34.769929],[-88.011563,34.770045],[-88.010979,34.770492],[-88.009919,34.771273],[-88.00745,34.773054],[-88.006709,34.773608],[-88.0064606,34.7737849],[-88.006196,34.7739889],[-88.004978,34.774955],[-88.003549,34.776133],[-88.002445,34.777076],[-88.001827,34.777609],[-88.000607,34.778665],[-87.998455,34.780511],[-87.998196,34.780718],[-87.997951,34.78092],[-87.9977,34.781108],[-87.997167,34.781488],[-87.996474,34.781942],[-87.99619,34.782116],[-87.995628,34.782438],[-87.995462,34.782533],[-87.995167,34.782694],[-87.995003,34.782772],[-87.994852,34.782849],[-87.9945633,34.7829783],[-87.993854,34.783314],[-87.993237,34.783581],[-87.992596,34.78382],[-87.992352,34.783905],[-87.9922,34.783962],[-87.99195,34.784044],[-87.991765,34.784095],[-87.991519,34.784176],[-87.991266,34.784253],[-87.990598,34.784434],[-87.99044,34.784481],[-87.9884,34.784973],[-87.98814,34.785029],[-87.987219,34.785254],[-87.986883,34.785343],[-87.986549,34.785439],[-87.985877,34.785656],[-87.985638,34.785748],[-87.985163,34.785946],[-87.984706,34.786165],[-87.984482,34.786285],[-87.98419,34.78645],[-87.983907,34.786623],[-87.983697,34.786759],[-87.983495,34.786901],[-87.983231,34.787094],[-87.983038,34.787243],[-87.982663,34.78756],[-87.982377,34.787836],[-87.98205,34.788173],[-87.98189,34.788352],[-87.98174,34.788531],[-87.981595,34.788714],[-87.981454,34.788902],[-87.9812,34.789282],[-87.98108,34.789477],[-87.980867,34.789865],[-87.9806265,34.7902736],[-87.9804701,34.7906694],[-87.9803898,34.7908921],[-87.9803242,34.7911097],[-87.9802712,34.791326],[-87.9802252,34.791535],[-87.9801974,34.7916899],[-87.980145,34.7919816],[-87.980063,34.7923609],[-87.9800371,34.7925422],[-87.9800174,34.792849],[-87.9799341,34.7941095],[-87.9799134,34.7943299],[-87.9798625,34.7951639],[-87.9797929,34.7957921],[-87.979721,34.796695],[-87.979585,34.797559],[-87.979539,34.797791],[-87.9794163,34.7982859],[-87.9792618,34.7988527],[-87.9791601,34.7992694],[-87.9789893,34.7998346],[-87.9787492,34.8005625],[-87.9786241,34.8009019],[-87.9785236,34.8011762],[-87.9784237,34.8014034],[-87.9783116,34.8016579],[-87.9779722,34.8024138],[-87.9778304,34.8027069],[-87.9776325,34.8031026],[-87.977177,34.8038537],[-87.9767412,34.8046456],[-87.9766162,34.8048759],[-87.9759241,34.8061923],[-87.9757304,34.8065826],[-87.9756093,34.8068494],[-87.9754909,34.8071204],[-87.9753804,34.8073856],[-87.9753046,34.8076083],[-87.9751655,34.807985],[-87.9750294,34.8084131],[-87.974765,34.809289],[-87.974655,34.809643],[-87.9743316,34.810665],[-87.9739731,34.8117868],[-87.97378,34.8123857],[-87.9734867,34.8133069],[-87.9733456,34.8137305],[-87.9732076,34.8140778],[-87.9731244,34.8142719],[-87.9730172,34.8145235],[-87.9729177,34.8147391],[-87.9728142,34.8149652],[-87.9726137,34.8153695],[-87.9724679,34.815645],[-87.9722813,34.8159899],[-87.9720519,34.8163596],[-87.9717344,34.8168688],[-87.9715553,34.817137],[-87.9712323,34.8175581],[-87.9708566,34.8180517],[-87.9702268,34.8187816],[-87.969076,34.819999],[-87.968713,34.82032],[-87.968219,34.820734],[-87.967832,34.821036],[-87.967235,34.82148],[-87.96703,34.821624],[-87.966614,34.821898],[-87.966199,34.822162],[-87.964795,34.8229385],[-87.9636715,34.8234792],[-87.963106,34.823724],[-87.9628715,34.8238248],[-87.9628715,34.8238248],[-87.962673,34.823906],[-87.9619032,34.8241829],[-87.9614102,34.8243564],[-87.960275,34.824759],[-87.95914,34.825162],[-87.958898,34.825251],[-87.958673,34.825342],[-87.958408,34.825439],[-87.95819,34.825535],[-87.9574572,34.8258222],[-87.956825,34.8260915],[-87.955909,34.826528],[-87.95524,34.826854],[-87.954798,34.82709],[-87.954553,34.827212],[-87.954124,34.827443],[-87.9536507,34.8276845],[-87.9527177,34.8282419],[-87.9517447,34.8288535],[-87.9513958,34.8290963],[-87.950613,34.829672],[-87.950218,34.829964],[-87.950019,34.830118],[-87.9497667,34.830315],[-87.9494616,34.8305551],[-87.949189,34.830764],[-87.948997,34.830916],[-87.9481958,34.8315821],[-87.948075,34.831684],[-87.947845,34.831894],[-87.947845,34.831894],[-87.947585,34.832217],[-87.947482,34.832334],[-87.947273,34.83256],[-87.947168,34.832667],[-87.9469469,34.8329112],[-87.946698,34.833166],[-87.9465454,34.8333278],[-87.946423,34.83344],[-87.946259,34.833612],[-87.946021,34.833834],[-87.945898,34.833955],[-87.9454599,34.8342969],[-87.9454599,34.8342969],[-87.9452456,34.8344753],[-87.9449948,34.8346932],[-87.9446347,34.834985],[-87.9442429,34.8352814],[-87.9439101,34.835524],[-87.9437501,34.8356253],[-87.943618,34.83574],[-87.94347,34.835831],[-87.943178,34.835996],[-87.943028,34.836075],[-87.942548,34.836293],[-87.942226,34.836423],[-87.9415942,34.8366153],[-87.9409701,34.8368072],[-87.9409701,34.8368072],[-87.925155,34.8412073],[-87.925155,34.8412073],[-87.9243096,34.8414452],[-87.923663,34.84163],[-87.923151,34.841786],[-87.922151,34.8421246],[-87.9217589,34.8422627],[-87.921285,34.842468],[-87.920656,34.842743],[-87.920349,34.84289],[-87.920193,34.842959],[-87.920041,34.843034],[-87.9195565,34.8432961],[-87.9187679,34.843724],[-87.918276,34.84402],[-87.917637,34.84443],[-87.917225,34.84471],[-87.916823,34.844996],[-87.916038,34.845589],[-87.915845,34.845747],[-87.915415,34.846115],[-87.914997,34.846496],[-87.914647,34.84683],[-87.914307,34.847169],[-87.913975,34.847515],[-87.913802,34.847705],[-87.913503,34.848047],[-87.913202,34.848412],[-87.91291,34.848777],[-87.912581,34.849214],[-87.912088,34.849911],[-87.911662,34.850552],[-87.911247,34.8512],[-87.910449,34.852501],[-87.910065,34.853157],[-87.909686,34.853821],[-87.908953,34.855153],[-87.908873,34.855309],[-87.908607,34.855825],[-87.9081123,34.856761],[-87.9079216,34.8571482],[-87.9073523,34.8584301],[-87.907217,34.858749],[-87.905126,34.863203],[-87.904454,34.864555],[-87.904099,34.865231],[-87.903735,34.865897],[-87.903357,34.86656],[-87.902968,34.867212],[-87.902564,34.867863],[-87.902151,34.868511],[-87.901287,34.869791],[-87.900839,34.870422],[-87.900372,34.871045],[-87.899898,34.871662],[-87.899369,34.872339],[-87.898568,34.873305],[-87.898101,34.87384],[-87.897722,34.874259],[-87.897464,34.874544],[-87.896823,34.875244],[-87.896494,34.875586],[-87.895595,34.876489],[-87.8948334,34.8772275],[-87.8946187,34.8774358],[-87.893475,34.8785725],[-87.8930994,34.8789621],[-87.8923753,34.8796415],[-87.8917646,34.8802142],[-87.891204,34.880784],[-87.890812,34.881184],[-87.890594,34.881418],[-87.889913,34.882192],[-87.889709,34.882432],[-87.889463,34.882736],[-87.889177,34.883107],[-87.888725,34.883736],[-87.888295,34.884378],[-87.887894,34.885033],[-87.887522,34.885701],[-87.887181,34.886376],[-87.886864,34.887061],[-87.886578,34.887746],[-87.886306,34.888443],[-87.886148,34.888862],[-87.886078,34.889068],[-87.885945,34.889417],[-87.885643,34.890184],[-87.885463,34.890597],[-87.88527,34.891005],[-87.885052,34.891407],[-87.884939,34.891605],[-87.884702,34.891997],[-87.884542,34.892238],[-87.884447,34.892381],[-87.8842563,34.8926474],[-87.884082,34.892881],[-87.883797,34.893249],[-87.883495,34.893607],[-87.88307,34.894067],[-87.882845,34.894293],[-87.882494,34.894623],[-87.882253,34.894836],[-87.882125,34.894938],[-87.882,34.895045],[-87.881748,34.895251],[-87.881491,34.895452],[-87.881105,34.895739],[-87.880765,34.895972],[-87.880554,34.896108],[-87.879699,34.896617],[-87.879252,34.896853],[-87.87895,34.897001],[-87.878727,34.89711],[-87.878276,34.897312],[-87.877844,34.897489],[-87.877427,34.897648],[-87.877102,34.897766],[-87.876529,34.897967],[-87.875314,34.898369],[-87.8748855,34.8985067],[-87.874548,34.898622],[-87.873728,34.898905],[-87.873323,34.899055],[-87.872678,34.899313],[-87.872442,34.899416],[-87.872132,34.899558],[-87.871826,34.899707],[-87.871376,34.899944],[-87.870936,34.900194],[-87.870505,34.900455],[-87.8702348,34.9006182],[-87.8699457,34.9008205],[-87.86955,34.901111],[-87.869097,34.901465],[-87.868723,34.901779],[-87.868542,34.901941],[-87.86819,34.902267],[-87.868086,34.902372],[-87.86729,34.903143],[-87.866588,34.903823],[-87.865389,34.904898],[-87.8644776,34.9056031],[-87.8635327,34.9062641],[-87.8630246,34.9066068],[-87.862721,34.906809],[-87.861292,34.907654],[-87.860879,34.907893],[-87.8602668,34.9082399],[-87.8600809,34.9083497],[-87.859397,34.908762],[-87.857975,34.909651],[-87.857276,34.910105],[-87.856588,34.910576],[-87.855249,34.911543],[-87.853957,34.912545],[-87.853327,34.913057],[-87.852103,34.914108],[-87.850927,34.9152],[-87.849794,34.916327],[-87.84978,34.916342],[-87.849241,34.916903],[-87.849123,34.917032],[-87.848704,34.917491],[-87.847827,34.918491],[-87.84733,34.919099],[-87.84684,34.919709],[-87.846361,34.920325],[-87.845903,34.920951],[-87.845022,34.922224],[-87.844192,34.923519],[-87.8433506,34.924888],[-87.8431941,34.9251427],[-87.842581,34.926123],[-87.842038,34.926996],[-87.8417309,34.9274496],[-87.8414848,34.9278022],[-87.841176,34.928214],[-87.840976,34.928521],[-87.8408184,34.92874],[-87.840575,34.929088],[-87.840023,34.929815],[-87.839552,34.930423],[-87.839463,34.930547],[-87.839074,34.931031],[-87.838625,34.931577],[-87.837754,34.932594],[-87.837576,34.932791],[-87.837012,34.933415],[-87.836583,34.933881],[-87.835974,34.934519],[-87.8353,34.935203],[-87.833231,34.937216],[-87.832559,34.937881],[-87.831761,34.93867],[-87.831215,34.939242],[-87.830579,34.939938],[-87.830161,34.940407],[-87.829651,34.941001],[-87.829205,34.941544],[-87.8288273,34.9420019],[-87.8285139,34.9423877],[-87.828186,34.942827],[-87.827446,34.943835],[-87.827083,34.944347],[-87.826647,34.944985],[-87.826184,34.945695],[-87.825857,34.946213],[-87.825499,34.9468],[-87.825032,34.947606],[-87.824657,34.948275],[-87.8243922,34.9487668],[-87.824199,34.949133],[-87.824051,34.949429],[-87.823724,34.950118],[-87.823421,34.950808],[-87.823126,34.951499],[-87.822851,34.952194],[-87.822721,34.952545],[-87.82236,34.953603],[-87.822203,34.954101],[-87.8220568,34.9546368],[-87.8219467,34.9550404],[-87.8217705,34.9556759],[-87.82171,34.955889],[-87.821597,34.956387],[-87.821545,34.956618],[-87.821399,34.957343],[-87.821308,34.957851],[-87.821206,34.958505],[-87.821127,34.959087],[-87.820999,34.960252],[-87.820949,34.960835],[-87.8209107,34.9615744],[-87.8209007,34.9619836],[-87.820875,34.962891],[-87.82088,34.963404],[-87.820905,34.964284],[-87.820937,34.964868],[-87.820972,34.965307],[-87.821088,34.966471],[-87.821163,34.967053],[-87.821309,34.967998],[-87.821371,34.968359],[-87.821489,34.968941],[-87.821676,34.969807],[-87.821693,34.969886],[-87.82208,34.971682],[-87.822338,34.972981],[-87.822451,34.973637],[-87.822532,34.974217],[-87.822543,34.974312],[-87.8226,34.974799],[-87.822644,34.975236],[-87.82269,34.975819],[-87.822717,34.976265],[-87.822725,34.976403],[-87.82274,34.976841],[-87.82275,34.977497],[-87.822742,34.978301],[-87.822721,34.979033],[-87.822692,34.979765],[-87.822642,34.980707],[-87.822615,34.981228],[-87.822568,34.981958],[-87.8225558,34.9824914],[-87.8225273,34.9828452],[-87.8225184,34.983031],[-87.8224661,34.9834121],[-87.822312,34.984873],[-87.822223,34.9856],[-87.822032,34.987057],[-87.821899,34.98794],[-87.821813,34.988511],[-87.82169,34.989237],[-87.821524,34.990153],[-87.821437,34.990698],[-87.821285,34.99153],[-87.821117,34.992451],[-87.821016,34.992962],[-87.820849,34.993909],[-87.820786,34.994353],[-87.820734,34.994717],[-87.820661,34.99538],[-87.82062,34.995818],[-87.820589,34.996257],[-87.820574,34.996407],[-87.82054,34.997116],[-87.820531,34.997482],[-87.820524,34.99814],[-87.820537,34.998725],[-87.820604,35.000186],[-87.820663,35.001063],[-87.820704,35.001573],[-87.820787,35.002445],[-87.820866,35.003174],[-87.820955,35.003901],[-87.8211168,35.0050954],[-87.8211533,35.0053646],[-87.8211533,35.0053646],[-87.8211667,35.0054626],[-87.8213942,35.00679],[-87.8214422,35.0070808],[-87.821657,35.008113],[-87.8224895,35.0118016],[-87.8228111,35.0131892],[-87.823049,35.0143318],[-87.8232111,35.0154159],[-87.8232294,35.0159631],[-87.823366,35.0170799],[-87.8234286,35.0176775],[-87.823508,35.0189615],[-87.8235716,35.0199441],[-87.8235292,35.0205966],[-87.8234636,35.0212984],[-87.8233687,35.0223108],[-87.8232007,35.0234845],[-87.8231091,35.0240134],[-87.8229609,35.0247076],[-87.8228504,35.0251523],[-87.8226621,35.0258969],[-87.8224577,35.0265783],[-87.822289,35.0271025],[-87.8220814,35.0276494],[-87.8219251,35.0280611],[-87.8216267,35.0288115],[-87.8213985,35.0293053],[-87.821046,35.0301255],[-87.8205742,35.0310177],[-87.8199725,35.0320753],[-87.8193074,35.0333337],[-87.8186216,35.0346525],[-87.8182021,35.0355064],[-87.8178657,35.0362312],[-87.8173742,35.0374131],[-87.8166622,35.0390149],[-87.8164658,35.039623],[-87.8160913,35.0407828],[-87.8157389,35.041975],[-87.8154921,35.042951],[-87.8151151,35.0440068],[-87.8149129,35.044748],[-87.8146637,35.0459182],[-87.8143714,35.0471037],[-87.8140748,35.0480797],[-87.8137198,35.0489894],[-87.8132982,35.0500174],[-87.8127443,35.0511863],[-87.8124093,35.0519151],[-87.8116346,35.053347],[-87.8106254,35.0549473],[-87.8095823,35.0565716],[-87.8090029,35.0573238],[-87.8081256,35.05857],[-87.8076646,35.0592004],[-87.8071396,35.0598872],[-87.8065051,35.0607141],[-87.8056357,35.0617512],[-87.804913,35.0625228],[-87.8035445,35.0640807],[-87.8027137,35.06496],[-87.8019115,35.0657353],[-87.8012646,35.0663778],[-87.8007696,35.0668664],[-87.8003041,35.0673069],[-87.7987925,35.0687608],[-87.7978239,35.0697156],[-87.7963802,35.0713361],[-87.7951694,35.07275],[-87.7944379,35.0736409],[-87.7932964,35.0750605],[-87.7915557,35.0775992],[-87.7911508,35.078188],[-87.7904074,35.0793899],[-87.789562,35.0808555],[-87.7890187,35.0818589],[-87.7885053,35.0828607],[-87.7878344,35.084357],[-87.7876044,35.0849555],[-87.7873091,35.0857087],[-87.7870811,35.0864062],[-87.786866,35.0871127],[-87.7866274,35.0879524],[-87.78638,35.0889372],[-87.7861784,35.0899415],[-87.7860437,35.090838],[-87.7859666,35.0914378],[-87.7855112,35.0961331],[-87.7853886,35.0970418],[-87.7852415,35.0978298],[-87.7850531,35.0985989],[-87.7848105,35.0994563],[-87.7843346,35.100826],[-87.7838466,35.1019373],[-87.783341,35.1029094],[-87.7826835,35.104007],[-87.7821638,35.1047672],[-87.781539,35.1056108],[-87.7808994,35.1064034],[-87.7800929,35.1072707],[-87.7786138,35.1087216],[-87.7774599,35.1097573],[-87.7764197,35.1106889],[-87.7755138,35.1114503],[-87.7745258,35.1122583],[-87.7730275,35.1134533],[-87.7714167,35.1146549],[-87.770172,35.1155296],[-87.7677544,35.1172353],[-87.766732,35.117969],[-87.7658902,35.1186155],[-87.7650483,35.1193415],[-87.7647545,35.119602],[-87.7644479,35.1199182],[-87.7640122,35.1203492],[-87.7638073,35.1205528],[-87.7634111,35.1209761],[-87.7633464,35.1210453],[-87.7630348,35.1214435],[-87.7626183,35.1219301],[-87.7621801,35.122508],[-87.7617769,35.1230449],[-87.7605012,35.1251161],[-87.7599034,35.1262726],[-87.7592817,35.1274971],[-87.758849,35.1283504],[-87.7579082,35.1300954],[-87.757662,35.13042],[-87.7571534,35.1311541],[-87.7564398,35.1321156],[-87.7560401,35.1325927],[-87.7555134,35.1331733],[-87.7544931,35.1341896],[-87.7539464,35.1346871],[-87.7519955,35.1364424],[-87.7512607,35.1371134],[-87.7500473,35.1382791],[-87.7491262,35.1392057],[-87.7482538,35.1400595],[-87.7473328,35.1410219],[-87.7466669,35.1417121],[-87.7460698,35.1423452],[-87.7454769,35.14302],[-87.7441765,35.1445245],[-87.7439697,35.1447986],[-87.7434138,35.1453952],[-87.7430407,35.1458683],[-87.7428004,35.1461729],[-87.742509,35.146565],[-87.7419612,35.1472936],[-87.7394983,35.1505674],[-87.7388304,35.1515453],[-87.738103,35.1525949],[-87.7373712,35.1538985],[-87.7367343,35.1549815],[-87.7363959,35.1557358],[-87.7358882,35.1569356],[-87.7356669,35.1575425],[-87.7354561,35.1582338],[-87.7352013,35.1591903],[-87.7349121,35.1603941],[-87.734817,35.160899],[-87.7346039,35.1618683],[-87.7344101,35.1632133],[-87.7342585,35.1644966],[-87.7341589,35.1660727],[-87.7340576,35.1673411],[-87.7339881,35.168891],[-87.7338636,35.1699669],[-87.7336347,35.1711645],[-87.7333996,35.1721706],[-87.7331767,35.1729747],[-87.7329364,35.1736755],[-87.7328153,35.1739899],[-87.7324767,35.1748562],[-87.7323214,35.1752581],[-87.731988,35.1761792],[-87.7313695,35.177728],[-87.7310447,35.1788036],[-87.7307548,35.1798206],[-87.7305289,35.1805991],[-87.7303105,35.1814599],[-87.7299602,35.1829431],[-87.7295916,35.1843145],[-87.7293829,35.1848525],[-87.7292181,35.1852654],[-87.7290575,35.1855687],[-87.7287116,35.1862416],[-87.7283645,35.1867762],[-87.7279218,35.1873643],[-87.7276607,35.1876797],[-87.7274247,35.1879334],[-87.7269609,35.1884287],[-87.7259374,35.1893234],[-87.7244041,35.190699],[-87.7241139,35.1909887],[-87.7238214,35.1913228],[-87.7236354,35.1915807],[-87.7232629,35.1922317],[-87.7230828,35.1926972],[-87.7229447,35.1931969],[-87.7228944,35.193561],[-87.7228654,35.1938374],[-87.7228807,35.1943342],[-87.7229082,35.1950944],[-87.722942,35.1957486],[-87.7229863,35.1965606],[-87.7229632,35.1972567],[-87.7228794,35.1977849],[-87.7227721,35.1982334],[-87.7226181,35.1986947],[-87.7223978,35.1991651],[-87.7221327,35.1996344],[-87.7219011,35.1999967],[-87.7215179,35.2004591],[-87.7210102,35.2010051],[-87.7201469,35.2018632],[-87.7193493,35.2026158],[-87.7189829,35.2029919],[-87.7185539,35.20347],[-87.7182129,35.2039194],[-87.7178676,35.2045141],[-87.7175598,35.205393],[-87.7174629,35.2059094],[-87.7174439,35.2063529],[-87.7174451,35.2068071],[-87.7175592,35.2075438],[-87.7181576,35.2103136],[-87.7183308,35.2109594],[-87.7185635,35.2122626],[-87.718667,35.213174],[-87.7187256,35.2141964],[-87.7187028,35.2147026],[-87.7186532,35.2155653],[-87.7185425,35.2164601],[-87.7184663,35.2169535],[-87.718415,35.2172172],[-87.7182108,35.2179583],[-87.7180964,35.218372],[-87.717977,35.2187248],[-87.7176695,35.2195776],[-87.717493,35.2199961],[-87.717354,35.2203472],[-87.717191,35.220663],[-87.7168686,35.2212698],[-87.716475,35.2219465],[-87.7161919,35.2223483],[-87.7157898,35.2229165],[-87.7153501,35.2234327],[-87.7149403,35.2238958],[-87.7144943,35.2243474],[-87.7140744,35.2246988],[-87.7133179,35.2253187],[-87.7122634,35.2260262],[-87.7117263,35.22635],[-87.7109627,35.2267539],[-87.7102967,35.2270523],[-87.7093877,35.2274089],[-87.7082294,35.2277659],[-87.7074987,35.2279932],[-87.7053256,35.2286432],[-87.7044107,35.2289508],[-87.7036563,35.2292296],[-87.7030019,35.2295457],[-87.7024669,35.2298325],[-87.7019378,35.2301822],[-87.7014318,35.2305269],[-87.7007118,35.2311396],[-87.7004881,35.2313659],[-87.7002054,35.231636],[-87.7000025,35.2318548],[-87.6994556,35.2325804],[-87.699135,35.233103],[-87.6988141,35.2336661],[-87.6985655,35.2342564],[-87.6984629,35.2345627],[-87.6981964,35.2354853],[-87.6978494,35.2369561],[-87.6974732,35.2383938],[-87.697264,35.2389411],[-87.6971113,35.2393214],[-87.69684,35.2398677],[-87.6966894,35.2401505],[-87.6963334,35.24069],[-87.6959556,35.2412085],[-87.6954568,35.2418002],[-87.6949508,35.242305],[-87.6944576,35.2427646],[-87.6937893,35.2433026],[-87.6933081,35.2436279],[-87.6923575,35.2442052],[-87.6916513,35.2445711],[-87.6911086,35.2448263],[-87.6903353,35.2451786],[-87.68926,35.2456226],[-87.688636,35.245872],[-87.687757,35.2461822],[-87.6867579,35.2464882],[-87.6853788,35.2468742],[-87.6839621,35.247175],[-87.6828718,35.2473686],[-87.6820434,35.2474662],[-87.6813294,35.2475085],[-87.6807253,35.2475314],[-87.6799107,35.2475242],[-87.6790972,35.247485],[-87.6785176,35.2474271],[-87.6776197,35.247305],[-87.6767632,35.2471384],[-87.6759887,35.2469725],[-87.6755615,35.246848],[-87.6746359,35.2465262],[-87.673487,35.2461727],[-87.6726751,35.2458735],[-87.6715845,35.2454785],[-87.670997,35.2452907],[-87.6703068,35.2451115],[-87.6697693,35.2450104],[-87.6691705,35.244953],[-87.668489,35.2449465],[-87.6679386,35.2449923],[-87.6673894,35.2450559],[-87.6669152,35.24515],[-87.6664375,35.2452863],[-87.6658509,35.2454973],[-87.6652613,35.2457804],[-87.6646504,35.2461382],[-87.6640659,35.2465612],[-87.6629538,35.2473599],[-87.661922,35.2481378],[-87.6609242,35.2489093],[-87.6599732,35.2495989],[-87.6593265,35.2500738],[-87.6589823,35.2502665],[-87.6586275,35.2504331],[-87.6582823,35.2505789],[-87.6578796,35.2507159],[-87.6573697,35.2508531],[-87.6568307,35.2509412],[-87.6561929,35.2509984],[-87.6555616,35.2510031],[-87.6552351,35.2509747],[-87.6548466,35.2509179],[-87.6544448,35.2508323],[-87.6539345,35.2506958],[-87.6534699,35.2505582],[-87.6528432,35.2503145],[-87.6521185,35.250036],[-87.6516455,35.2498552],[-87.6493175,35.2489682],[-87.6484228,35.2486594],[-87.647377,35.248351],[-87.6464585,35.2481241],[-87.6453438,35.2478782],[-87.6443605,35.2477108],[-87.643757,35.2476272],[-87.6430152,35.2475429],[-87.6421958,35.2475073],[-87.6417353,35.2475111],[-87.6409582,35.2475738],[-87.6403681,35.2476541],[-87.6400247,35.2477198],[-87.639744,35.2477713],[-87.6394095,35.2478532],[-87.6390094,35.247953],[-87.638379,35.2481746],[-87.6375189,35.2485408],[-87.6369299,35.2488514],[-87.6364797,35.2491233],[-87.635961,35.2494848],[-87.6356063,35.2497724],[-87.6353179,35.2500179],[-87.6349493,35.2503938],[-87.6347045,35.2506437],[-87.6345611,35.2508239],[-87.6342095,35.2513065],[-87.634051,35.251524],[-87.6336128,35.2522294],[-87.6320975,35.2548971],[-87.6318455,35.2553829],[-87.6299303,35.2595226],[-87.6296177,35.2602951],[-87.6292435,35.2611479],[-87.6290764,35.2615108],[-87.6288594,35.2618809],[-87.6286593,35.2622197],[-87.6282453,35.2628392],[-87.6281429,35.262973],[-87.6280697,35.2630804],[-87.6270948,35.2641649],[-87.6265081,35.2647514],[-87.6256001,35.2656032],[-87.625226,35.2659859],[-87.6244587,35.2667209],[-87.623493,35.2676531],[-87.6227156,35.268415],[-87.6206878,35.2703387],[-87.6196168,35.2713981],[-87.6194557,35.2715814],[-87.6191752,35.2718784],[-87.6189628,35.2721545],[-87.6188052,35.2724183],[-87.6185124,35.2728568],[-87.6179214,35.2738693],[-87.617719,35.2743499],[-87.6174214,35.2749047],[-87.6171321,35.2755944],[-87.6165847,35.2768368],[-87.6164435,35.2770842],[-87.6162154,35.2774184],[-87.6160244,35.2776943],[-87.6157015,35.2780879],[-87.6154301,35.2783738],[-87.6149026,35.2788312],[-87.6145814,35.2790752],[-87.6141438,35.2793709],[-87.6137075,35.2796304],[-87.6126079,35.2802645],[-87.611648,35.280818],[-87.6110127,35.2811524],[-87.607069,35.28343],[-87.6050386,35.2847113],[-87.603412,35.2857811],[-87.601795,35.2868909],[-87.6010457,35.2873886],[-87.5996069,35.2883914],[-87.5988309,35.2889681],[-87.5974551,35.2899826],[-87.5970645,35.2902848],[-87.5962147,35.2909325],[-87.5947087,35.2921573],[-87.5938338,35.2929082],[-87.5915368,35.2948954],[-87.5897361,35.2965288],[-87.5876869,35.2984989],[-87.5870045,35.2992007],[-87.5855416,35.3009042],[-87.5851118,35.3015291],[-87.5846719,35.3022074],[-87.5843071,35.3028003],[-87.583886,35.303519],[-87.5834605,35.3043507],[-87.583128,35.3050765],[-87.5827179,35.3061528],[-87.5823703,35.3071734],[-87.5820733,35.3082154],[-87.5819849,35.3086752],[-87.5815513,35.3129918],[-87.5813792,35.3146985],[-87.581073,35.317196],[-87.5809635,35.3180374],[-87.5808617,35.3188691],[-87.5807664,35.3194651],[-87.58054,35.320868],[-87.58045,35.321417],[-87.5801627,35.3229028],[-87.5800925,35.3232603],[-87.5798494,35.3243762],[-87.579707,35.3250308],[-87.5796445,35.3253433],[-87.5793394,35.3266246],[-87.5790801,35.3278069],[-87.5787257,35.3291815],[-87.5784985,35.3300653],[-87.5782734,35.3309035],[-87.5778771,35.3323151],[-87.5774745,35.3336683],[-87.5772037,35.3345711],[-87.5770397,35.335062],[-87.57672,35.3360931],[-87.5761458,35.3377848],[-87.5756964,35.3390586],[-87.5754591,35.3396922],[-87.5751454,35.340566],[-87.5746095,35.3419981],[-87.5743443,35.3426455],[-87.5740784,35.343319],[-87.5737359,35.3441465],[-87.5733667,35.3449731],[-87.572922,35.3458635],[-87.572389,35.3467829],[-87.5721176,35.3471854],[-87.5717576,35.3476997],[-87.5713848,35.348155],[-87.5710804,35.3485452],[-87.5705958,35.3490882],[-87.5700186,35.349683],[-87.5696074,35.3500794],[-87.5690615,35.3505482],[-87.5686546,35.3509016],[-87.5680589,35.3513551],[-87.5676446,35.3516443],[-87.5669221,35.3521381],[-87.5663893,35.3524731],[-87.5659426,35.3527361],[-87.5652893,35.353075],[-87.5647322,35.3533421],[-87.5641908,35.3536167],[-87.5637463,35.3538263],[-87.563258,35.354033],[-87.5619107,35.3546359],[-87.5616047,35.3547745],[-87.5593605,35.3557785],[-87.5574812,35.3566326],[-87.5554275,35.3576278],[-87.5544245,35.3581657],[-87.5536561,35.3585963],[-87.5527715,35.3591137],[-87.5517683,35.3597505],[-87.5509216,35.3602968],[-87.5497359,35.3611242],[-87.5486379,35.3619596],[-87.5480497,35.3624349],[-87.5472373,35.3631432],[-87.5465715,35.3637723],[-87.5458992,35.3644559],[-87.54516,35.365284],[-87.5447688,35.3657177],[-87.5439391,35.3667413],[-87.5433062,35.3676466],[-87.5426453,35.3686292],[-87.5421238,35.3694074],[-87.5415875,35.3702822],[-87.5408863,35.3714377],[-87.5401498,35.3726845],[-87.5394393,35.3739328],[-87.5389412,35.3748319],[-87.5385925,35.3754817],[-87.5381738,35.3762464],[-87.5376733,35.3772248],[-87.5371975,35.3782117],[-87.5367992,35.3791665],[-87.5364801,35.3801414],[-87.5362126,35.3812143],[-87.5360578,35.3821365],[-87.5359732,35.3831205],[-87.5358994,35.3840146],[-87.5357665,35.3854416],[-87.5355734,35.3865121],[-87.5354972,35.3869361],[-87.53523,35.3879381],[-87.5347517,35.3893917],[-87.5345975,35.3897626],[-87.534449,35.3901195],[-87.5341446,35.3908177],[-87.5338054,35.3914996],[-87.5332894,35.392502],[-87.5328212,35.3934747],[-87.5323907,35.3944266],[-87.5317723,35.3954559],[-87.5311446,35.3963617],[-87.5305808,35.3971566],[-87.5300431,35.3977948],[-87.5294363,35.3984505],[-87.5288082,35.3990196],[-87.5279853,35.3996633],[-87.5256606,35.4013326],[-87.5239641,35.4024447],[-87.5228804,35.403293],[-87.522322,35.403736],[-87.5218005,35.404312],[-87.5215598,35.4046761],[-87.5213285,35.4050384],[-87.521044,35.4055623],[-87.5207144,35.4062727],[-87.5204971,35.4068625],[-87.5201213,35.4079391],[-87.5196564,35.4093923],[-87.5192628,35.410716],[-87.5191812,35.4109334],[-87.5190564,35.4112235],[-87.5188164,35.4117708],[-87.5186438,35.412045],[-87.5182738,35.4125609],[-87.5178742,35.4129868],[-87.5175083,35.4133072],[-87.5170277,35.4136675],[-87.5166404,35.4139268],[-87.5160866,35.4142189],[-87.5159442,35.414294],[-87.5156587,35.4144408],[-87.5154037,35.4145474],[-87.5149258,35.4147309],[-87.5145409,35.4148558],[-87.5137732,35.4150399],[-87.5130851,35.4151238],[-87.5123719,35.4151568],[-87.5117789,35.415164],[-87.5117789,35.415164],[-87.5107768,35.4151593],[-87.5096214,35.4151539],[-87.5096214,35.4151539],[-87.5050783,35.4151449],[-87.5033509,35.4151887],[-87.5016504,35.4153198],[-87.5000572,35.4155428],[-87.4986624,35.4158925],[-87.4977719,35.4162117],[-87.4971613,35.4165261],[-87.4966937,35.4167669],[-87.4959534,35.4173046],[-87.4954384,35.4177636],[-87.4952278,35.4179983],[-87.4949884,35.418265],[-87.4940651,35.4192937],[-87.4923485,35.4211954],[-87.4910074,35.422756],[-87.4900096,35.4237964],[-87.489221,35.4245395],[-87.4883271,35.4253511],[-87.486957,35.426451],[-87.483769,35.428926],[-87.4829011,35.4296905],[-87.4826536,35.4299216],[-87.4816934,35.4310406],[-87.4811141,35.4316831],[-87.4806474,35.4323256],[-87.479832,35.4336631],[-87.4782951,35.4360026],[-87.4770933,35.4378673],[-87.4769104,35.4381015],[-87.4766829,35.4384102],[-87.4761856,35.4390766],[-87.4761856,35.4390766],[-87.4758556,35.4394559],[-87.4755771,35.4397606],[-87.4753295,35.440016],[-87.4753295,35.440016],[-87.475106,35.4402412],[-87.4748216,35.4405201],[-87.4745067,35.440825],[-87.4734558,35.4417832],[-87.4720154,35.4430688],[-87.4707942,35.4442463],[-87.4703388,35.4447729],[-87.4699715,35.4452539],[-87.469473,35.4460098],[-87.4691481,35.4466093],[-87.4689123,35.4471167],[-87.4687484,35.4475412],[-87.4686199,35.4479267],[-87.4684773,35.4484387],[-87.4683304,35.4491463],[-87.4682668,35.4496571],[-87.4682273,35.450489],[-87.46824,35.4510643],[-87.4682809,35.4514244],[-87.4683403,35.4518581],[-87.4684222,35.4522988],[-87.4684984,35.4525967],[-87.468775,35.4534846],[-87.4688516,35.4536928],[-87.4692192,35.4545584],[-87.4695867,35.4553508],[-87.4698943,35.4560276],[-87.47011,35.4564815],[-87.4703697,35.4570266],[-87.4708371,35.4580613],[-87.4712006,35.4588976],[-87.4715461,35.4599486],[-87.4717539,35.4607197],[-87.4718717,35.4613005],[-87.4719656,35.4619708],[-87.4720375,35.4626996],[-87.4720515,35.4635554],[-87.4720395,35.4642175],[-87.4719975,35.4649008],[-87.4718377,35.4655987],[-87.4717319,35.4660509],[-87.4716048,35.4664891],[-87.4714417,35.4670151],[-87.4713775,35.4671987],[-87.4712744,35.4674465],[-87.4710823,35.4678698],[-87.4708824,35.4682963],[-87.4706827,35.4686835],[-87.470427,35.4691325],[-87.46898,35.4715891],[-87.46898,35.4715891],[-87.467594,35.4740099],[-87.467594,35.4740099],[-87.4671912,35.4747608],[-87.4668796,35.4752504],[-87.4666839,35.4756099],[-87.4664822,35.4760621],[-87.4662784,35.4766411],[-87.4661566,35.4770526],[-87.466046,35.477668],[-87.4658949,35.4792452],[-87.465839,35.4802878],[-87.465835,35.4810864],[-87.465807,35.4814914],[-87.465821,35.4820542],[-87.465807,35.4827015],[-87.465829,35.4833602],[-87.465857,35.4837587],[-87.4659129,35.4845914],[-87.4659868,35.485486],[-87.4660947,35.4865545],[-87.4661506,35.487179],[-87.4662385,35.4876588],[-87.4662744,35.4880573],[-87.4662924,35.4883679],[-87.4662864,35.4887794],[-87.4662784,35.4892185],[-87.4662385,35.4897649],[-87.4661586,35.4904024],[-87.4660268,35.4912091],[-87.4658889,35.4919897],[-87.4657851,35.492419],[-87.4655793,35.4931785],[-87.4654136,35.4937948],[-87.4652118,35.4944388],[-87.465016,35.494959],[-87.4648523,35.4953544],[-87.4645507,35.4959284],[-87.4642651,35.4965415],[-87.4639455,35.4971724],[-87.4636259,35.4977432],[-87.4633143,35.4982441],[-87.462753,35.4990766],[-87.4622377,35.4997564],[-87.4618742,35.5001889],[-87.4615201,35.5005974],[-87.460869,35.5012908],[-87.4599374,35.5021808],[-87.4584827,35.5035152],[-87.4580642,35.5039038],[-87.4574151,35.5045201],[-87.4574151,35.5045201],[-87.4572046,35.5046413],[-87.4564214,35.5053662],[-87.4556275,35.5061173],[-87.455488,35.5063007],[-87.455488,35.5063007],[-87.4502631,35.5114622],[-87.448888,35.51319],[-87.446954,35.516191],[-87.4465949,35.5167017],[-87.4461757,35.517224],[-87.4461757,35.517224],[-87.4459848,35.5174199],[-87.4457631,35.5176321],[-87.4455368,35.5178102],[-87.4455368,35.5178102],[-87.4439433,35.5191222],[-87.4432997,35.5196686],[-87.4427968,35.5201991],[-87.4422777,35.520853],[-87.4408153,35.5229412],[-87.4397307,35.5248337],[-87.4392062,35.5257768],[-87.4386971,35.5267328],[-87.4384146,35.5271629],[-87.4381893,35.5274661],[-87.4378151,35.5279198],[-87.4374323,35.5283341],[-87.4370287,35.5287344],[-87.433263,35.5320463],[-87.4329459,35.5323569],[-87.4326605,35.5326625],[-87.4323749,35.533028],[-87.4321406,35.5333415],[-87.4318728,35.5338637],[-87.4317322,35.5342052],[-87.4316241,35.5345377],[-87.4315111,35.5350366],[-87.4314881,35.5352179],[-87.4314606,35.5357368],[-87.4314906,35.5361626],[-87.4315376,35.5365521],[-87.4316047,35.5368248],[-87.4317007,35.5372116],[-87.4317667,35.5374433],[-87.4333526,35.5430261],[-87.4339566,35.5452622],[-87.4343976,35.5471388],[-87.4345789,35.5489317],[-87.4346016,35.5507061],[-87.43436,35.5530164],[-87.4342306,35.5535395],[-87.4339166,35.5546776],[-87.4334997,35.555997],[-87.4329536,35.557559],[-87.4324971,35.5586515],[-87.432116,35.5597535],[-87.431552,35.562402],[-87.431405,35.562979],[-87.431291,35.564109],[-87.430902,35.5668815],[-87.4307803,35.5692867],[-87.430788,35.570033],[-87.4308855,35.5711535],[-87.4310602,35.5724905],[-87.4311659,35.5730272],[-87.431254,35.5734221],[-87.4312594,35.573442],[-87.4313637,35.5738252],[-87.4314499,35.5741175],[-87.431733,35.574956],[-87.4318976,35.5754047],[-87.4321187,35.5758962],[-87.4323765,35.5764257],[-87.4325937,35.5768473],[-87.4325937,35.5768473],[-87.4332245,35.5780674],[-87.4332245,35.5780674],[-87.4333281,35.5782958],[-87.4334947,35.5788434],[-87.4334947,35.5788434],[-87.4335258,35.5789933],[-87.433566,35.5792698],[-87.4335794,35.5795084],[-87.4335884,35.5796618],[-87.4335884,35.5796618],[-87.4335349,35.5801479],[-87.4334738,35.5804061],[-87.4333815,35.5807548],[-87.4332381,35.5811038],[-87.4331043,35.5813752],[-87.4329043,35.5817198],[-87.43272,35.581965],[-87.4324117,35.5823191],[-87.4321631,35.5825604],[-87.4318094,35.5828427],[-87.431368,35.5831502],[-87.4311087,35.5833087],[-87.4307764,35.5835058],[-87.4304386,35.583689],[-87.4300348,35.5839018],[-87.4296532,35.5840587],[-87.4294152,35.5841642],[-87.4292193,35.5842349],[-87.428941,35.5843354],[-87.4288292,35.5843757],[-87.4284946,35.584479],[-87.4280041,35.5846126],[-87.4275781,35.584687],[-87.4272366,35.5847505],[-87.4267279,35.5848206],[-87.4257923,35.5848925],[-87.4244904,35.5850086],[-87.4238222,35.5850646],[-87.4229944,35.5851384],[-87.4217429,35.58524],[-87.4211807,35.585287],[-87.4207232,35.58536],[-87.420233,35.5854666],[-87.4196995,35.5856342],[-87.4193397,35.5857754],[-87.4191448,35.5858667],[-87.4190094,35.5859301],[-87.4187698,35.5860772],[-87.4184515,35.5862999],[-87.4183472,35.5863729],[-87.4179616,35.5867047],[-87.4170973,35.5875914],[-87.4162909,35.5884456],[-87.4158864,35.5888966],[-87.4152304,35.5895702],[-87.4147531,35.590052],[-87.4143288,35.5904138],[-87.4137052,35.5908781],[-87.4131646,35.5912454],[-87.4125717,35.5915942],[-87.4120058,35.5918932],[-87.411109,35.5923047],[-87.4100982,35.5927512],[-87.4096578,35.5929652],[-87.4092501,35.593199],[-87.4089966,35.5933723],[-87.408831,35.593503],[-87.4085084,35.593776],[-87.4083486,35.5939383],[-87.4081031,35.5942318],[-87.4078781,35.5945652],[-87.4076787,35.594934],[-87.4075349,35.5952402],[-87.4073976,35.5957434],[-87.4072302,35.5964353],[-87.4070244,35.5973312],[-87.4067738,35.5984364],[-87.406528,35.5995424],[-87.4062703,35.6006323],[-87.4059951,35.6018204],[-87.4057231,35.6029819],[-87.4056283,35.6033475],[-87.4055176,35.6037342],[-87.4053316,35.604221],[-87.405168,35.6046216],[-87.4049996,35.6049801],[-87.4047851,35.605361],[-87.404599,35.6056574],[-87.4040883,35.6063532],[-87.4038891,35.6065878],[-87.4035054,35.6070301],[-87.4032611,35.6072582],[-87.4030572,35.6074574],[-87.4028248,35.6076586],[-87.4024704,35.6079539],[-87.4008684,35.6090903],[-87.3996849,35.6099257],[-87.3989826,35.6104142],[-87.3986038,35.6107047],[-87.398253,35.6110075],[-87.3978133,35.6114281],[-87.3973879,35.6118963],[-87.3968974,35.6125673],[-87.3966637,35.6129346],[-87.396433,35.6133945],[-87.3961,35.6141977],[-87.395775,35.615307],[-87.3954761,35.6164186],[-87.3953028,35.6168667],[-87.3951628,35.6171264],[-87.3950495,35.6173226],[-87.3949019,35.6175595],[-87.3947255,35.6177608],[-87.3945155,35.6179737],[-87.3943495,35.618145],[-87.3941414,35.6183086],[-87.3939321,35.618454],[-87.3937163,35.6185909],[-87.393473,35.618728],[-87.3917405,35.6195924],[-87.391104,35.6199532],[-87.3905639,35.6203739],[-87.3901787,35.6208048],[-87.3897996,35.621384],[-87.3896461,35.6216692],[-87.3894984,35.6221162],[-87.3894088,35.6224016],[-87.3894182,35.6229522],[-87.389551,35.62382],[-87.3896369,35.6243246],[-87.3897665,35.6250555],[-87.3897755,35.6256157],[-87.3897648,35.6259406],[-87.3896938,35.6263075],[-87.3895869,35.6266559],[-87.3894749,35.6269212],[-87.3892954,35.6272496],[-87.3891338,35.6275032],[-87.3889539,35.6276922],[-87.3887784,35.6278854],[-87.3884843,35.628139],[-87.3882694,35.6283113],[-87.3880186,35.6284787],[-87.3875932,35.6287622],[-87.3867137,35.6292737],[-87.3861603,35.6295985],[-87.3856879,35.6298968],[-87.3852126,35.6302397],[-87.3849275,35.6304683],[-87.384688,35.6306802],[-87.384328,35.631008],[-87.3840876,35.6312656],[-87.3837449,35.6316576],[-87.3835381,35.6319281],[-87.3831204,35.6325792],[-87.3826301,35.6335536],[-87.3822137,35.6344482],[-87.3818564,35.6353298],[-87.3813949,35.6363952],[-87.3810519,35.6371652],[-87.3808436,35.6376957],[-87.3806781,35.6380626],[-87.3805019,35.6384182],[-87.3802165,35.6388831],[-87.3798078,35.639422],[-87.3796124,35.6396534],[-87.3792913,35.6399383],[-87.3789611,35.640211],[-87.3786882,35.6404236],[-87.3782901,35.6406639],[-87.3777466,35.6409385],[-87.3774464,35.6410619],[-87.3771692,35.6411758],[-87.3768326,35.6412745],[-87.3766402,35.6413423],[-87.3764674,35.6413836],[-87.3762542,35.6414444],[-87.3759237,35.6415057],[-87.375561,35.641557],[-87.3746721,35.6416997],[-87.3744425,35.6417352],[-87.3739774,35.6418073],[-87.3737996,35.6418348],[-87.3723368,35.6420529],[-87.3716879,35.6421564],[-87.3713087,35.6422446],[-87.3708695,35.6423706],[-87.3705196,35.6424939],[-87.3702519,35.6426157],[-87.3696366,35.6429513],[-87.3693385,35.6431816],[-87.369141,35.6433337],[-87.368979,35.6434829],[-87.3685738,35.6438924],[-87.3681882,35.6443397],[-87.3677033,35.644853],[-87.3673743,35.6452092],[-87.3671357,35.6454383],[-87.3667739,35.6457679],[-87.3664572,35.6460572],[-87.3661515,35.6463097],[-87.3656203,35.6467074],[-87.365047,35.6470762],[-87.3642918,35.6475599],[-87.3635518,35.6480534],[-87.3632806,35.6482548],[-87.3631363,35.6483696],[-87.3629457,35.6485415],[-87.3627184,35.6487877],[-87.3625557,35.6489805],[-87.3624008,35.6492181],[-87.3622431,35.6494747],[-87.3621211,35.6497128],[-87.362026,35.6499862],[-87.3619407,35.6502787],[-87.361894,35.650499],[-87.3618627,35.6507344],[-87.3618585,35.6509038],[-87.3618525,35.6512505],[-87.3618478,35.6519969],[-87.3618462,35.6534998],[-87.3618172,35.6538877],[-87.3617953,35.6541746],[-87.3616989,35.6545136],[-87.3616293,35.6547505],[-87.3615251,35.6549552],[-87.3614251,35.6551912],[-87.3612903,35.6554091],[-87.3611417,35.655631],[-87.3609727,35.6558207],[-87.3608157,35.6559919],[-87.3606204,35.6561741],[-87.3604306,35.6563308],[-87.3601859,35.6565142],[-87.3599724,35.6566592],[-87.3596372,35.6568319],[-87.359372,35.656958],[-87.3589069,35.6571381],[-87.358622,35.6572146],[-87.3581385,35.6573148],[-87.3577919,35.6573705],[-87.3572785,35.6574299],[-87.3569085,35.6574708],[-87.3562806,35.6575411],[-87.3549157,35.6576832],[-87.3546141,35.6577274],[-87.3544683,35.6577495],[-87.3537687,35.6578568],[-87.3534986,35.6579238],[-87.3527621,35.6580883],[-87.3518679,35.6583346],[-87.3510783,35.658595],[-87.35029,35.6589],[-87.3496903,35.6591635],[-87.3489919,35.6595087],[-87.3485289,35.6597037],[-87.3482833,35.6597954],[-87.3480852,35.6598736],[-87.3477654,35.659957],[-87.3475036,35.6600144],[-87.3471719,35.6600556],[-87.3468817,35.6600912],[-87.3465904,35.6600989],[-87.3462384,35.6600906],[-87.3458279,35.6600387],[-87.3451631,35.6599439],[-87.3441436,35.6597699],[-87.3433223,35.6596572],[-87.3426049,35.6596021],[-87.3421774,35.659561],[-87.3409401,35.6595158],[-87.3404423,35.6594935],[-87.3398087,35.6594403],[-87.3395052,35.6594071],[-87.3390943,35.6593399],[-87.3385685,35.6592439],[-87.3383935,35.6592038],[-87.3379701,35.6590944],[-87.3375314,35.6589549],[-87.3366944,35.6586919],[-87.3361423,35.6585454],[-87.3356936,35.6584563],[-87.3353588,35.6583997],[-87.3350319,35.658371],[-87.3347351,35.6583425],[-87.334383,35.6583427],[-87.3340305,35.6583467],[-87.3336151,35.6583735],[-87.3330163,35.6584554],[-87.3322051,35.6586414],[-87.3315721,35.6588153],[-87.3310022,35.6589631],[-87.3304773,35.6590846],[-87.3301623,35.6591526],[-87.3298652,35.6592049],[-87.3293936,35.6592695],[-87.3287728,35.659335],[-87.3278768,35.6594095],[-87.3268529,35.6594264],[-87.3265174,35.6594284],[-87.3261841,35.6594473],[-87.3257874,35.6595044],[-87.3254608,35.6595638],[-87.3252092,35.6596218],[-87.3250456,35.6596769],[-87.3248221,35.6597825],[-87.3245882,35.6598862],[-87.3241927,35.6600963],[-87.3238585,35.6602842],[-87.323543,35.6605164],[-87.3227914,35.6611418],[-87.3221695,35.6615795],[-87.3218099,35.6618387],[-87.3210586,35.6623551],[-87.32066,35.6626326],[-87.3203586,35.6628423],[-87.3200273,35.6630909],[-87.3198148,35.6632824],[-87.3195708,35.6634885],[-87.3193276,35.6637518],[-87.3191369,35.6640107],[-87.3189655,35.6642474],[-87.3187461,35.664591],[-87.3184374,35.6651429],[-87.3182147,35.6656655],[-87.3180589,35.6660152],[-87.3178515,35.6664683],[-87.3177619,35.6667086],[-87.3176894,35.6670224],[-87.317632,35.6672947],[-87.3175766,35.6677396],[-87.3175681,35.6680571],[-87.3175428,35.6683771],[-87.3175821,35.6686776],[-87.3176056,35.6688571],[-87.3176604,35.6691728],[-87.3178496,35.6697482],[-87.3180009,35.6702144],[-87.3185081,35.6716066],[-87.318718,35.6722056],[-87.3189697,35.6729378],[-87.3192748,35.6739486],[-87.3193965,35.6744675],[-87.3194486,35.6747784],[-87.3195292,35.6755363],[-87.3195873,35.6765052],[-87.3195788,35.6773412],[-87.3195931,35.6781567],[-87.3196525,35.6790061],[-87.3197563,35.6797104],[-87.3198416,35.6802536],[-87.3199855,35.6809503],[-87.3202696,35.6821906],[-87.320556,35.6833566],[-87.3207164,35.6839885],[-87.3208031,35.6845495],[-87.3208116,35.685025],[-87.3208089,35.6853439],[-87.3206973,35.6858786],[-87.3205541,35.6863273],[-87.3203734,35.686672],[-87.3202285,35.6869384],[-87.3199586,35.6873305],[-87.3197563,35.6875756],[-87.319572,35.6877583],[-87.319346,35.6879758],[-87.3190175,35.6882488],[-87.3187372,35.6884254],[-87.3183765,35.6886455],[-87.3181664,35.6887419],[-87.3164435,35.6895624],[-87.3160741,35.6897335],[-87.3151996,35.6901372],[-87.3147936,35.6903234],[-87.3144745,35.6905024],[-87.3140208,35.6907691],[-87.3137386,35.6909561],[-87.3133367,35.6912404],[-87.3129546,35.691546],[-87.3125528,35.6919252],[-87.3123406,35.6921798],[-87.3120845,35.6924999],[-87.3118778,35.6927691],[-87.3117566,35.6929354],[-87.3115841,35.693136],[-87.3113807,35.6933138],[-87.3112564,35.693436],[-87.3110808,35.6935663],[-87.3108652,35.6937012],[-87.3102167,35.6940826],[-87.3097734,35.6943133],[-87.3094321,35.6945396],[-87.3093834,35.6945719],[-87.3091383,35.6947479],[-87.3088446,35.695055],[-87.3085724,35.695391],[-87.3083344,35.695682],[-87.308085,35.695992],[-87.307891,35.6962367],[-87.3076696,35.6964675],[-87.3073596,35.6967963],[-87.3070594,35.6970562],[-87.3067925,35.6972911],[-87.3064899,35.6975448],[-87.3061463,35.6978133],[-87.3058803,35.6980034],[-87.3056289,35.6981513],[-87.3051009,35.6984432],[-87.3048369,35.6985534],[-87.3045095,35.6986789],[-87.304027,35.6988372],[-87.3037911,35.6989003],[-87.3034703,35.6989774],[-87.3030943,35.6990397],[-87.3028148,35.6990659],[-87.3024678,35.6990799],[-87.3021753,35.6990641],[-87.3018339,35.6990292],[-87.3015936,35.6989907],[-87.3013723,35.6989409],[-87.3009796,35.6988282],[-87.3006506,35.6987015],[-87.3003866,35.6985776],[-87.3000423,35.698378],[-87.2995138,35.6980716],[-87.2991887,35.697897],[-87.2988143,35.6977436],[-87.298571,35.6976389],[-87.2982918,35.697556],[-87.2979923,35.6974734],[-87.2975609,35.6973941],[-87.2972053,35.6973433],[-87.2967286,35.6973269],[-87.2961212,35.6973617],[-87.2957529,35.6974095],[-87.2951497,35.6975125],[-87.2946697,35.6976258],[-87.29359,35.6979269],[-87.2931559,35.6980743],[-87.2924868,35.6982894],[-87.2916705,35.69855],[-87.2910928,35.6987148],[-87.2908198,35.6987829],[-87.290366,35.6988446],[-87.2900406,35.6988647],[-87.2897875,35.6988675],[-87.2894556,35.6988392],[-87.2890297,35.6987783],[-87.288386,35.6986234],[-87.2880618,35.698553],[-87.2879745,35.698534],[-87.2872299,35.6983914],[-87.2867475,35.6983339],[-87.2863106,35.6983014],[-87.2856901,35.6983037],[-87.2848366,35.6983247],[-87.2833112,35.6983983],[-87.282397,35.6984626],[-87.2813956,35.6985422],[-87.2792357,35.6987845],[-87.2778964,35.6989741],[-87.2766196,35.6991712],[-87.2757509,35.6993139],[-87.2748232,35.6994689],[-87.2737636,35.6996828],[-87.272349,35.6999685],[-87.2711304,35.7002315],[-87.2703388,35.7004091],[-87.2694077,35.7006372],[-87.2689689,35.700749],[-87.2683377,35.7009328],[-87.2676577,35.7011801],[-87.2670184,35.7014533],[-87.2666335,35.7016532],[-87.2659064,35.7020651],[-87.2655086,35.7023277],[-87.2652611,35.702489],[-87.264992,35.7027035],[-87.2645826,35.7030476],[-87.2643036,35.7033203],[-87.2639658,35.7036742],[-87.2635649,35.7041047],[-87.2632803,35.7044863],[-87.2631095,35.7047418],[-87.2629688,35.7049825],[-87.2627934,35.7053008],[-87.2626759,35.7055871],[-87.2625515,35.7058937],[-87.2624585,35.7062043],[-87.2624263,35.7063387],[-87.2623895,35.7064919],[-87.2623082,35.7070235],[-87.2622874,35.7072255],[-87.2622832,35.707425],[-87.2622967,35.7076097],[-87.2623089,35.7078153],[-87.2623422,35.7080416],[-87.2623806,35.7082831],[-87.2624572,35.7085534],[-87.2625279,35.7088058],[-87.2625995,35.7090108],[-87.2627136,35.7092809],[-87.2628253,35.7095152],[-87.2629947,35.7098554],[-87.2633596,35.7104978],[-87.2636504,35.7110818],[-87.2638113,35.7114311],[-87.2639286,35.7117442],[-87.2640268,35.7120247],[-87.2640999,35.7123045],[-87.2641561,35.7125862],[-87.2642107,35.7128934],[-87.2642683,35.7133379],[-87.2642917,35.7137481],[-87.2642899,35.7141132],[-87.2642701,35.7144272],[-87.2642237,35.7147871],[-87.2641986,35.7150455],[-87.264168,35.7152986],[-87.2641298,35.7155142],[-87.2640928,35.7157326],[-87.2640003,35.716125],[-87.2640003,35.716125],[-87.2637498,35.7169951],[-87.2634433,35.7179181],[-87.2631677,35.7186334],[-87.2631677,35.7186334],[-87.2629854,35.7190872],[-87.2626654,35.7197208],[-87.2624649,35.7200737],[-87.262274,35.7203832],[-87.2619013,35.7209581]]}}]}