{"type":"FeatureCollection","features":[{"type":"Feature","properties":{"segment_type":"trail","route_id":"main","region_id":"rocky-mountains","region_name":"Rocky Mountains","section_id":null,"section_name":null},"geometry":{"type":"LineString","coordinates":[[-113.65918,48.996115],[-113.659634,48.995534],[-113.659908,48.995003],[-113.660507,48.994687],[-113.661581,48.993992],[-113.662646,48.992982],[-113.663633,48.991882],[-113.664347,48.990884],[-113.664865,48.990107],[-113.665565,48.989251],[-113.666362,48.987885],[-113.666721,48.987787],[-113.667247,48.988155],[-113.667649,48.98929],[-113.667845,48.9899],[-113.668072,48.990225],[-113.668581,48.989934],[-113.668719,48.989454],[-113.668687,48.988937],[-113.66859,48.988617],[-113.669017,48.988694],[-113.669592,48.988606],[-113.669786,48.988415],[-113.670182,48.988376],[-113.670603,48.988509],[-113.670751,48.988344],[-113.671284,48.987825],[-113.671401,48.987544],[-113.671725,48.987359],[-113.672303,48.987242],[-113.672611,48.986798],[-113.672685,48.986515],[-113.672922,48.986326],[-113.67321,48.986482],[-113.673471,48.986895],[-113.6737,48.987192],[-113.674027,48.986978],[-113.674165,48.986497],[-113.674662,48.985919],[-113.674824,48.985211],[-113.675137,48.984309],[-113.675493,48.983409],[-113.675843,48.982566],[-113.675959,48.981885],[-113.676078,48.981174],[-113.676181,48.980607],[-113.676316,48.980155],[-113.676709,48.980144],[-113.67705,48.980618],[-113.677372,48.980862],[-113.677725,48.97999],[-113.67851,48.978738],[-113.679562,48.977842],[-113.679728,48.977506],[-113.679616,48.977329],[-113.679248,48.977112],[-113.678975,48.976813],[-113.678802,48.975574],[-113.678557,48.974188],[-113.678945,48.972574],[-113.67973,48.971322],[-113.680374,48.970579],[-113.680564,48.970015],[-113.680942,48.969317],[-113.681765,48.968524],[-113.682536,48.967815],[-113.683013,48.967007],[-113.683101,48.966581],[-113.682893,48.966085],[-113.682653,48.965473],[-113.682691,48.964702],[-113.68307,48.964003],[-113.683649,48.963457],[-113.684473,48.963066],[-113.685309,48.96256],[-113.686574,48.961702],[-113.689006,48.959666],[-113.693181,48.955535],[-113.693318,48.955054],[-113.693488,48.95386],[-113.693464,48.953257],[-113.693704,48.952639],[-113.693971,48.952164],[-113.693747,48.95181],[-113.693697,48.951465],[-113.694312,48.950577],[-113.69486,48.949915],[-113.694928,48.948858],[-113.695227,48.9485],[-113.696753,48.947625],[-113.697147,48.947185],[-113.697387,48.946566],[-113.697914,48.945273],[-113.698514,48.944528],[-113.699338,48.944136],[-113.700452,48.943872],[-113.701619,48.943525],[-113.702914,48.942782],[-113.704054,48.941861],[-113.704875,48.940668],[-113.705091,48.939847],[-113.705027,48.939215],[-113.70526,48.938653],[-113.705883,48.938109],[-113.706632,48.937599],[-113.70764,48.937101],[-113.708973,48.936818],[-113.709997,48.936178],[-113.71069,48.93578],[-113.711041,48.935338],[-113.711135,48.934856],[-113.711642,48.934163],[-113.712351,48.933623],[-113.712998,48.933252],[-113.713327,48.933839],[-113.71374,48.934459],[-113.714103,48.934733],[-113.714481,48.934436],[-113.71483,48.934423],[-113.715319,48.934732],[-113.715728,48.934979],[-113.716157,48.935028],[-113.718262,48.934436],[-113.719777,48.934076],[-113.721365,48.933433],[-113.723874,48.931887],[-113.725472,48.930728],[-113.726658,48.92978],[-113.727608,48.929423],[-113.728608,48.929411],[-113.729452,48.92965],[-113.730591,48.929558],[-113.731854,48.92953],[-113.732831,48.929746],[-113.733497,48.929605],[-113.734359,48.929672],[-113.73524,48.92997],[-113.73694,48.931164],[-113.737986,48.931555],[-113.739129,48.931836],[-113.739994,48.931875],[-113.740488,48.931726],[-113.740878,48.931314],[-113.741266,48.930931],[-113.74191,48.930588],[-113.743361,48.930425],[-113.745296,48.930197],[-113.746456,48.929906],[-113.747141,48.929594],[-113.74696,48.929242],[-113.746006,48.928397],[-113.746004,48.927997],[-113.746299,48.927666],[-113.747408,48.92703],[-113.748719,48.926545],[-113.750804,48.926124],[-113.753091,48.925856],[-113.755938,48.925641],[-113.756892,48.925656],[-113.757822,48.925898],[-113.758908,48.926319],[-113.759937,48.926452],[-113.761532,48.926152],[-113.763197,48.925597],[-113.765124,48.925026],[-113.767077,48.924627],[-113.768984,48.924255],[-113.771191,48.923496],[-113.772332,48.922975],[-113.772687,48.922476],[-113.773239,48.922186],[-113.774275,48.921832],[-113.775649,48.92115],[-113.776253,48.920347],[-113.776584,48.919675],[-113.776669,48.918848],[-113.776585,48.917986],[-113.776546,48.917526],[-113.776796,48.916793],[-113.77733,48.916244],[-113.777458,48.915849],[-113.777404,48.915532],[-113.777725,48.915375],[-113.778059,48.915504],[-113.779247,48.915358],[-113.780269,48.915547],[-113.781306,48.916023],[-113.782029,48.91617],[-113.782352,48.915984],[-113.782477,48.915618],[-113.782462,48.91493],[-113.782878,48.913431],[-113.783805,48.912443],[-113.784768,48.911112],[-113.786162,48.91023],[-113.787196,48.909475],[-113.787909,48.908877],[-113.788614,48.908365],[-113.789239,48.908193],[-113.789886,48.907821],[-113.792398,48.905787],[-113.794078,48.90466],[-113.794485,48.904078],[-113.79476,48.903518],[-113.795281,48.902682],[-113.795939,48.902196],[-113.796755,48.901861],[-113.797456,48.901807],[-113.798696,48.901147],[-113.800373,48.900048],[-113.801512,48.899527],[-113.802562,48.89903],[-113.803084,48.898596],[-113.804275,48.897991],[-113.805643,48.897365],[-113.806698,48.896811],[-113.807172,48.896432],[-113.807394,48.895955],[-113.808125,48.895186],[-113.80861,48.894693],[-113.808559,48.894347],[-113.808218,48.893444],[-113.808,48.892604],[-113.807759,48.891992],[-113.807985,48.891487],[-113.809032,48.891019],[-113.811087,48.890453],[-113.812756,48.88984],[-113.81338,48.889267],[-113.814124,48.888785],[-113.814724,48.88844],[-113.815879,48.888606],[-113.817212,48.889152],[-113.818233,48.889771],[-113.819334,48.88962],[-113.820245,48.889202],[-113.821459,48.888369],[-113.822595,48.887876],[-113.82474,48.886856],[-113.826263,48.885979],[-113.82741,48.885372],[-113.828209,48.884778],[-113.829005,48.884212],[-113.829625,48.883667],[-113.830567,48.883366],[-113.83193,48.883198],[-113.832925,48.882813],[-113.833668,48.882331],[-113.834386,48.882105],[-113.835135,48.881995],[-113.836104,48.881438],[-113.83884,48.879728],[-113.840938,48.878304],[-113.84152,48.878129],[-113.841426,48.877782],[-113.841158,48.877426],[-113.841726,48.877394],[-113.84124,48.877058],[-113.841724,48.876994],[-113.841583,48.876672],[-113.842021,48.876635],[-113.842125,48.876038],[-113.842485,48.875911],[-113.843156,48.876141],[-113.843864,48.876431],[-113.844377,48.876511],[-113.845172,48.876374],[-113.845683,48.875624],[-113.846383,48.87514],[-113.846827,48.874616],[-113.847899,48.87432],[-113.848242,48.873935],[-113.848265,48.873707],[-113.847963,48.873693],[-113.847808,48.873515],[-113.847292,48.873463],[-113.846935,48.873562],[-113.84669,48.873408],[-113.846794,48.873241],[-113.846192,48.873185],[-113.846173,48.872955],[-113.845784,48.872938],[-113.845556,48.873042],[-113.845352,48.872919],[-113.846453,48.872338],[-113.847355,48.872006],[-113.84785,48.871828],[-113.848478,48.871627],[-113.848461,48.871368],[-113.849267,48.871547],[-113.849895,48.871776],[-113.85018,48.871531],[-113.850802,48.871387],[-113.851715,48.87137],[-113.852389,48.871572],[-113.852979,48.87217],[-113.853678,48.872974],[-113.854239,48.873429],[-113.854279,48.873888],[-113.853774,48.874152],[-113.854281,48.874718],[-113.855061,48.875154],[-113.856557,48.876222],[-113.857639,48.8771],[-113.859171,48.877827],[-113.861572,48.878534],[-113.863326,48.878784],[-113.863695,48.879001],[-113.864095,48.879333],[-113.863273,48.879726],[-113.863167,48.879922],[-113.863895,48.880011],[-113.863492,48.880137],[-113.864336,48.880374],[-113.864897,48.880399],[-113.865286,48.880417],[-113.865116,48.88081],[-113.864605,48.88156],[-113.864185,48.881856],[-113.8636,48.882059],[-113.864979,48.882149],[-113.866307,48.882322],[-113.866549,48.882505],[-113.866402,48.88267],[-113.866045,48.882769],[-113.86495,48.882863],[-113.865589,48.882978],[-113.866041,48.883227],[-113.865413,48.883428],[-113.86628,48.883867],[-113.866965,48.883955],[-113.86647,48.884133],[-113.866501,48.884678],[-113.866032,48.8846],[-113.866003,48.884885],[-113.865614,48.884868],[-113.865072,48.885073],[-113.864824,48.885377],[-113.864662,48.885684],[-113.864786,48.886176],[-113.865396,48.886576],[-113.866577,48.886914],[-113.867666,48.887306],[-113.86834,48.887508],[-113.868916,48.887819],[-113.869768,48.888401],[-113.870594,48.88881],[-113.871853,48.889237],[-113.873074,48.889606],[-113.873745,48.889836],[-113.874099,48.890196],[-113.874817,48.890399],[-113.87556,48.890346],[-113.875361,48.890166],[-113.875595,48.890004],[-113.875396,48.889824],[-113.875713,48.889695],[-113.87607,48.889596],[-113.876989,48.889522],[-113.87779,48.889758],[-113.878801,48.89006],[-113.879807,48.88999],[-113.880386,48.889844],[-113.881296,48.889856],[-113.882097,48.889662],[-113.882621,48.889628],[-113.883604,48.889786],[-113.884226,48.890071],[-113.884981,48.890333],[-113.886081,48.890611],[-113.888192,48.891191],[-113.889391,48.891787],[-113.88969,48.892258],[-113.890454,48.892435],[-113.891914,48.893015],[-113.892778,48.893053],[-113.893271,48.893332],[-113.893732,48.893496],[-113.894337,48.893952],[-113.894345,48.894296],[-113.893965,48.894622],[-113.89402,48.89494],[-113.895022,48.894898],[-113.895394,48.895086],[-113.896059,48.895802],[-113.896273,48.895411],[-113.896624,48.895799],[-113.896875,48.895466],[-113.897215,48.895968],[-113.897405,48.895375],[-113.898082,48.895548],[-113.898998,48.895502],[-113.899595,48.895615],[-113.90022,48.895871],[-113.900911,48.896331],[-113.901764,48.896912],[-113.90228,48.896964],[-113.902787,48.896671],[-113.903193,48.896517],[-113.903816,48.896802],[-113.904761,48.89776],[-113.903942,48.898554],[-113.90351,48.899393],[-113.90347,48.900222],[-113.90387,48.900983],[-113.90453,48.901757],[-113.90544,48.902627],[-113.906017,48.903368],[-113.906089,48.903943],[-113.905999,48.904397],[-113.905455,48.90506],[-113.905579,48.905552],[-113.906077,48.906204],[-113.906956,48.906958],[-113.907587,48.907587],[-113.907907,48.908288],[-113.907812,48.908799],[-113.907402,48.909276],[-113.907172,48.909544],[-113.905964,48.910321],[-113.905175,48.910797],[-113.905348,48.911267],[-113.905861,48.911776],[-113.905717,48.912342],[-113.905316,48.913298],[-113.905399,48.914189],[-113.905659,48.915488],[-113.905938,48.916159],[-113.905719,48.916607],[-113.905076,48.916951],[-113.903955,48.917302],[-113.903067,48.917921],[-113.902329,48.918347],[-113.901969,48.918903],[-113.901683,48.919578],[-113.901427,48.919967],[-113.900426,48.92041],[-113.899769,48.920896],[-113.899308,48.921591],[-113.8991,48.922784],[-113.898858,48.92389],[-113.89848,48.924618],[-113.897811,48.925218],[-113.897113,48.925674],[-113.896669,48.926198],[-113.896698,48.926772],[-113.896848,48.927437],[-113.896193,48.928324],[-113.895097,48.929277],[-113.893987,48.929515],[-113.891107,48.929645],[-113.890216,48.929864],[-113.889832,48.930219],[-113.890172,48.93072],[-113.890529,48.93148],[-113.890431,48.932449],[-113.890301,48.934161],[-113.890289,48.935134],[-113.891145,48.936974],[-113.89158,48.937824],[-113.891424,48.938074],[-113.890654,48.938384],[-113.890628,48.93864],[-113.890936,48.939455],[-113.890893,48.939883],[-113.890817,48.940624],[-113.89116,48.941526],[-113.891812,48.942814],[-113.892279,48.943779],[-113.892298,48.944868],[-113.892439,48.946477],[-113.892603,48.947858],[-113.892796,48.948954],[-113.892804,48.950157],[-113.892833,48.95116],[-113.893144,48.951946],[-113.893282,48.952725],[-113.893115,48.953519],[-113.893031,48.954346],[-113.893316,48.954959],[-113.893538,48.955341],[-113.893489,48.955826],[-113.893065,48.95615],[-113.892707,48.956678],[-113.892498,48.957061],[-113.892897,48.957114],[-113.893258,48.95697],[-113.893548,48.956792],[-113.893885,48.956711],[-113.894502,48.956273],[-113.895021,48.956044],[-113.895877,48.955716],[-113.896233,48.9555],[-113.896503,48.955449],[-113.896806,48.955486],[-113.897348,48.955634],[-113.8974,48.955831],[-113.897574,48.955998],[-113.89846,48.9562],[-113.898505,48.956505],[-113.898633,48.956835],[-113.898946,48.957052],[-113.899779,48.957517],[-113.900852,48.958111],[-113.901066,48.958258],[-113.90124,48.958434],[-113.902372,48.958162],[-113.903562,48.957952],[-113.904435,48.95793],[-113.904651,48.958123],[-113.905186,48.958154],[-113.906114,48.957906],[-113.907011,48.957577],[-113.907441,48.957459],[-113.908179,48.957458],[-113.909053,48.957463],[-113.910255,48.95745],[-113.911235,48.957381],[-113.911626,48.95729],[-113.911753,48.957125],[-113.911577,48.956913],[-113.910848,48.956599],[-113.911042,48.956414],[-113.91151,48.956474],[-113.911995,48.956588],[-113.912236,48.956744],[-113.912316,48.956939],[-113.91271,48.95737],[-113.913,48.957894],[-113.913416,48.957991],[-113.913878,48.957962],[-113.914927,48.957908],[-113.915148,48.957705],[-113.915021,48.957402],[-113.915046,48.957131],[-113.915118,48.956734],[-113.915519,48.956103],[-113.916119,48.955386],[-113.916241,48.95514],[-113.916297,48.954913],[-113.916366,48.954471],[-113.916512,48.954152],[-113.917082,48.953391],[-113.917492,48.952913],[-113.918003,48.952549],[-113.918334,48.95236],[-113.919143,48.951944],[-113.920152,48.951217],[-113.920537,48.951027],[-113.921236,48.950829],[-113.921859,48.950508],[-113.922645,48.950155],[-113.923252,48.949788],[-113.923675,48.949553],[-113.924146,48.949433],[-113.924645,48.949312],[-113.925992,48.94899],[-113.926393,48.948845],[-113.926777,48.948637],[-113.9275,48.948151],[-113.928367,48.947553],[-113.928687,48.947419],[-113.92957,48.947568],[-113.930077,48.9476],[-113.930684,48.947476],[-113.931202,48.94722],[-113.931717,48.946919],[-113.932053,48.946821],[-113.932622,48.946743],[-113.933619,48.946736],[-113.934376,48.946824],[-113.935053,48.946969],[-113.935562,48.947019],[-113.936395,48.947016],[-113.937032,48.946937],[-113.937994,48.946804],[-113.938587,48.946654],[-113.939568,48.946161],[-113.940156,48.94593],[-113.940762,48.94578],[-113.941519,48.945652],[-113.942156,48.945564],[-113.943399,48.94556],[-113.944952,48.945259],[-113.945523,48.945217],[-113.946159,48.94512],[-113.946413,48.945024],[-113.947041,48.944783],[-113.94747,48.944646],[-113.948065,48.94454],[-113.948989,48.944229],[-113.949229,48.944133],[-113.950003,48.943582],[-113.950607,48.943171],[-113.951137,48.942887],[-113.951678,48.942567],[-113.952074,48.942332],[-113.952435,48.942215],[-113.952801,48.942161],[-113.95397,48.942068],[-113.95475,48.942093],[-113.955286,48.942142],[-113.955657,48.942177],[-113.956116,48.942094],[-113.956493,48.942003],[-113.956979,48.941901],[-113.957452,48.941816],[-113.958481,48.941664],[-113.959549,48.941475],[-113.960074,48.941353],[-113.960641,48.941231],[-113.962195,48.940948],[-113.963468,48.940762],[-113.964634,48.940615],[-113.965499,48.940467],[-113.966169,48.940252],[-113.966833,48.940154],[-113.967883,48.940127],[-113.969307,48.939955],[-113.970976,48.939777],[-113.972177,48.93953],[-113.973116,48.939479],[-113.973871,48.939306],[-113.9745,48.939092],[-113.975133,48.938941],[-113.975795,48.938816],[-113.977164,48.938645],[-113.978536,48.93852],[-113.980636,48.938466],[-113.982314,48.938422],[-113.9839,48.938453],[-113.985078,48.938504],[-113.986027,48.938614],[-113.986569,48.93878],[-113.987434,48.93909],[-113.98784,48.939251],[-113.988183,48.939269],[-113.988686,48.939229],[-113.989436,48.938993],[-113.989708,48.938959],[-113.990005,48.938907],[-113.99252,48.939624],[-113.993028,48.939674],[-113.993536,48.939706],[-113.994436,48.939682],[-113.994876,48.939743],[-113.996137,48.940043],[-113.997516,48.940493],[-113.999089,48.940983],[-113.99954,48.941214],[-113.999923,48.941447],[-114.000188,48.941548],[-114.000976,48.941636],[-114.001714,48.941853],[-114.002787,48.942187],[-114.003421,48.94232],[-114.004056,48.942427],[-114.004618,48.94263],[-114.004961,48.942828],[-114.005445,48.942958],[-114.006119,48.94311],[-114.006747,48.943342],[-114.007421,48.943945],[-114.007654,48.944158],[-114.00797,48.944355],[-114.008521,48.944513],[-114.00965,48.944821],[-114.009997,48.944947],[-114.010158,48.94523],[-114.010592,48.945737],[-114.010966,48.94589],[-114.011826,48.946353],[-114.012532,48.946651],[-114.012772,48.946756],[-114.013116,48.947395],[-114.013327,48.947517],[-114.013961,48.94765],[-114.014644,48.94765],[-114.015534,48.947619],[-114.016489,48.947644],[-114.016948,48.947728],[-114.017517,48.947814],[-114.018581,48.947842],[-114.019292,48.947815],[-114.020119,48.947693],[-114.020977,48.947508],[-114.021265,48.947488],[-114.021552,48.947496],[-114.022945,48.947955],[-114.023411,48.94794],[-114.023841,48.947816],[-114.024078,48.947516],[-114.024347,48.947127],[-114.024687,48.94692],[-114.025073,48.946858],[-114.02544,48.946894],[-114.025812,48.947066],[-114.026324,48.947412],[-114.026579,48.947491],[-114.027207,48.947498],[-114.027538,48.947443],[-114.027957,48.947517],[-114.029151,48.947881],[-114.03,48.947858],[-114.030578,48.947774],[-114.031083,48.947553],[-114.031899,48.947151],[-114.032254,48.94716],[-114.032246,48.947754],[-114.032387,48.947919],[-114.032482,48.948156],[-114.032545,48.948931],[-114.032772,48.949243],[-114.033582,48.949867],[-114.034005,48.950111],[-114.034725,48.950418],[-114.035631,48.950792],[-114.036404,48.951118],[-114.037123,48.951442],[-114.037893,48.951813],[-114.038848,48.952296],[-114.039713,48.952687],[-114.040172,48.952789],[-114.041176,48.952905],[-114.041994,48.952926],[-114.042358,48.953016],[-114.043295,48.953328],[-114.043882,48.953568],[-114.044554,48.953756],[-114.045178,48.953835],[-114.045122,48.953636],[-114.044594,48.953326],[-114.044929,48.953199],[-114.04556,48.953152],[-114.045366,48.952967],[-114.046275,48.952838],[-114.047567,48.952718],[-114.048667,48.952593],[-114.049671,48.952484],[-114.05073,48.952358],[-114.050248,48.952193],[-114.04988,48.952183],[-114.050525,48.951894],[-114.050807,48.951757],[-114.050486,48.951641],[-114.049952,48.951645],[-114.050191,48.951301],[-114.05081,48.95101],[-114.051535,48.950759],[-114.052341,48.950519],[-114.052655,48.950293],[-114.052512,48.949938],[-114.052102,48.949712],[-114.052308,48.949456],[-114.052723,48.949368],[-114.053116,48.949189],[-114.053517,48.949109],[-114.053833,48.94909],[-114.054589,48.949002],[-114.055127,48.948916],[-114.055596,48.948838],[-114.056062,48.948805],[-114.05705,48.948741],[-114.057203,48.948924],[-114.056927,48.949196],[-114.057189,48.949401],[-114.057818,48.94939],[-114.058714,48.949242],[-114.059524,48.948939],[-114.06022,48.948498],[-114.060924,48.948138],[-114.061142,48.947909],[-114.061484,48.9479],[-114.061499,48.948107],[-114.061315,48.948454],[-114.061536,48.948639],[-114.061943,48.94847],[-114.062562,48.948161],[-114.063291,48.947838],[-114.064069,48.947615],[-114.065106,48.947398],[-114.065463,48.947147],[-114.066211,48.946734],[-114.067106,48.946145],[-114.068249,48.945526],[-114.069501,48.944901],[-114.070218,48.94455],[-114.070484,48.94444],[-114.070934,48.943759],[-114.071302,48.943066],[-114.071827,48.941568],[-114.072033,48.941312],[-114.072377,48.941042],[-114.072689,48.940852],[-114.073111,48.940404],[-114.073433,48.940034],[-114.073574,48.939732],[-114.073687,48.939429],[-114.073862,48.939244],[-114.074011,48.939023],[-114.07415,48.938514],[-114.074345,48.937511],[-114.074484,48.937245],[-114.07476,48.936955],[-114.075103,48.936703],[-114.075423,48.936594],[-114.07628,48.936418],[-114.076961,48.936219],[-114.078129,48.935637],[-114.079721,48.934804],[-114.079604,48.934459],[-114.079216,48.93409],[-114.079149,48.933845],[-114.079201,48.933639],[-114.079487,48.933188],[-114.079648,48.932778],[-114.079743,48.932313],[-114.079735,48.931754],[-114.079701,48.931403],[-114.079684,48.930988],[-114.079715,48.930458],[-114.079672,48.930025],[-114.079466,48.929579],[-114.079248,48.929331],[-114.079143,48.929022],[-114.079376,48.928317],[-114.079394,48.928003],[-114.079338,48.927795],[-114.079116,48.92715],[-114.078915,48.926623],[-114.078899,48.926425],[-114.079015,48.926077],[-114.079279,48.925535],[-114.079491,48.925171],[-114.079665,48.925005],[-114.080079,48.924682],[-114.080734,48.924222],[-114.080928,48.923939],[-114.081181,48.923585],[-114.081409,48.923186],[-114.082717,48.922293],[-114.083434,48.921717],[-114.083651,48.921506],[-114.084255,48.920748],[-114.084712,48.919932],[-114.085106,48.919267],[-114.085492,48.918953],[-114.086019,48.918354],[-114.08661,48.91782],[-114.087037,48.917507],[-114.087685,48.917173],[-114.088483,48.916824],[-114.089598,48.916438],[-114.091008,48.916141],[-114.092427,48.915682],[-114.093226,48.915549],[-114.093887,48.915449],[-114.095438,48.915317],[-114.096484,48.915406],[-114.097273,48.915453],[-114.098068,48.915383],[-114.099698,48.915289],[-114.100562,48.91523],[-114.101554,48.9153],[-114.102157,48.915261],[-114.103099,48.915033],[-114.104566,48.914692],[-114.105703,48.914379],[-114.108501,48.913441],[-114.10986,48.912845],[-114.110238,48.912675],[-114.110899,48.912107],[-114.111659,48.911469],[-114.112239,48.911114],[-114.11274,48.910947],[-114.113391,48.910792],[-114.114151,48.910631],[-114.114428,48.910548],[-114.114655,48.91041],[-114.115098,48.909827],[-114.115489,48.909198],[-114.115847,48.90891],[-114.116485,48.908504],[-114.117373,48.908013],[-114.118107,48.90759],[-114.118609,48.907171],[-114.119452,48.906508],[-114.119937,48.9059],[-114.119963,48.905693],[-114.11974,48.905292],[-114.119727,48.905049],[-114.120155,48.904492],[-114.121051,48.903858],[-114.121506,48.903545],[-114.121769,48.903489],[-114.122138,48.903471],[-114.122585,48.903527],[-114.123015,48.903646],[-114.12332,48.903573],[-114.123585,48.903462],[-114.123856,48.903271],[-114.124125,48.902864],[-114.124645,48.902364],[-114.125097,48.902097],[-114.125469,48.901791],[-114.125633,48.901552],[-114.125728,48.901321],[-114.125992,48.901003],[-114.129199,48.897025],[-114.130183,48.896179],[-114.131009,48.894601],[-114.132085,48.893164],[-114.133308,48.890938],[-114.135447,48.888721],[-114.137148,48.886973],[-114.138176,48.88561],[-114.139298,48.884401],[-114.140466,48.883352],[-114.141389,48.883036],[-114.142014,48.882816],[-114.145127,48.880593],[-114.146089,48.880249],[-114.146719,48.879806],[-114.146967,48.879454],[-114.1474,48.879266],[-114.147736,48.879141],[-114.148318,48.878856],[-114.148709,48.878601],[-114.149103,48.878313],[-114.149448,48.878024],[-114.149936,48.877769],[-114.150378,48.877481],[-114.150816,48.87729],[-114.151158,48.877131],[-114.151741,48.876877],[-114.15227,48.876689],[-114.152692,48.876634],[-114.153221,48.876414],[-114.153695,48.876167],[-114.154073,48.87595],[-114.154451,48.875701],[-114.155017,48.875361],[-114.155441,48.875114],[-114.155823,48.874993],[-114.156278,48.874645],[-114.156855,48.874537],[-114.157796,48.874352],[-114.158334,48.874192],[-114.158782,48.873975],[-114.159458,48.87373],[-114.159916,48.873599],[-114.160377,48.873462],[-114.160714,48.873243],[-114.161275,48.872951],[-114.161529,48.872646],[-114.16171,48.872336],[-114.161895,48.87212],[-114.162043,48.871876],[-114.162269,48.871679],[-114.162648,48.871455],[-114.16299,48.871354],[-114.163331,48.871254],[-114.1639,48.871053],[-114.164241,48.870879],[-114.164468,48.870706],[-114.16462,48.870507],[-114.16481,48.870281],[-114.165037,48.869986],[-114.165302,48.869761],[-114.165643,48.869662],[-114.166023,48.86956],[-114.166591,48.869432],[-114.166856,48.869284],[-114.167121,48.869058],[-114.167461,48.868882],[-114.16784,48.868684],[-114.168219,48.86851],[-114.168598,48.868312],[-114.16894,48.868163],[-114.169354,48.867962],[-114.169694,48.867738],[-114.170038,48.867366],[-114.170305,48.867068],[-114.170798,48.866844],[-114.171252,48.866619],[-114.171631,48.86632],[-114.171896,48.866121],[-114.172274,48.865946],[-114.172615,48.865747],[-114.172918,48.865523],[-114.17325,48.865299],[-114.173443,48.865],[-114.173747,48.864751],[-114.174087,48.864502],[-114.174429,48.864228],[-114.174845,48.863929],[-114.175178,48.863781],[-114.175578,48.863684],[-114.175936,48.863539],[-114.176339,48.863318],[-114.176896,48.862998],[-114.177453,48.86252],[-114.177458,48.862246],[-114.177574,48.862047],[-114.177733,48.861746],[-114.177809,48.861547],[-114.177994,48.861201],[-114.178148,48.860951],[-114.178417,48.860577],[-114.178574,48.860276],[-114.178915,48.859878],[-114.179152,48.859377],[-114.179198,48.859074],[-114.179424,48.858776],[-114.179505,48.858549],[-114.179694,48.858276],[-114.180096,48.857768],[-114.180515,48.857522],[-114.180895,48.857279],[-114.181083,48.857079],[-114.181347,48.856781],[-114.181422,48.856561],[-114.181573,48.856242],[-114.181762,48.855928],[-114.181761,48.855716],[-114.181761,48.855402],[-114.181836,48.855108],[-114.181912,48.854911],[-114.181988,48.854689],[-114.182101,48.854319],[-114.182405,48.85402],[-114.182745,48.853769],[-114.183161,48.85334],[-114.183462,48.853105],[-114.183725,48.852825],[-114.183839,48.852602],[-114.184139,48.852324],[-114.184365,48.852049],[-114.184442,48.851781],[-114.18452,48.851487],[-114.184485,48.851246],[-114.1846,48.85095],[-114.184936,48.850644],[-114.185159,48.850463],[-114.185418,48.850134],[-114.185566,48.849907],[-114.185751,48.849681],[-114.185865,48.849459],[-114.186208,48.848967],[-114.186328,48.848576],[-114.186439,48.848177],[-114.186507,48.847751],[-114.186766,48.847205],[-114.186776,48.846911],[-114.186678,48.846641],[-114.186606,48.846393],[-114.186799,48.845771],[-114.187063,48.845496],[-114.187327,48.845347],[-114.187592,48.845073],[-114.187706,48.844724],[-114.187782,48.8444],[-114.18801,48.844201],[-114.188275,48.844026],[-114.188638,48.843881],[-114.189013,48.843409],[-114.189277,48.843161],[-114.189427,48.842987],[-114.189725,48.842715],[-114.190026,48.842418],[-114.190219,48.842168],[-114.190447,48.841993],[-114.190716,48.841668],[-114.190954,48.841215],[-114.191183,48.840965],[-114.191557,48.840718],[-114.191895,48.84047],[-114.192433,48.840075],[-114.192577,48.839747],[-114.19265,48.839521],[-114.192743,48.839306],[-114.193069,48.839076],[-114.193349,48.838953],[-114.193814,48.838782],[-114.194045,48.838673],[-114.194276,48.838549],[-114.194463,48.838397],[-114.194651,48.838199],[-114.194793,48.838031],[-114.195096,48.837694],[-114.195399,48.837418],[-114.19575,48.837111],[-114.195913,48.836957],[-114.196194,48.836697],[-114.196521,48.836451],[-114.196894,48.836206],[-114.197128,48.836052],[-114.19759,48.835868],[-114.198026,48.835668],[-114.198238,48.835469],[-114.198584,48.835254],[-114.198813,48.835147],[-114.199071,48.835055],[-114.19954,48.834902],[-114.19987,48.83461],[-114.200174,48.834364],[-114.200659,48.834196],[-114.201323,48.834075],[-114.201758,48.833908],[-114.201922,48.833739],[-114.202115,48.833462],[-114.202259,48.833185],[-114.202374,48.833002],[-114.20234,48.83262],[-114.202213,48.832223],[-114.20216,48.832001],[-114.202139,48.831732],[-114.202075,48.831518],[-114.202128,48.831244],[-114.202234,48.831042],[-114.202223,48.83073],[-114.202202,48.830465],[-114.202077,48.830288],[-114.201854,48.830152],[-114.201569,48.83007],[-114.201304,48.829709],[-114.200965,48.829453],[-114.200551,48.829195]]}},{"type":"Feature","properties":{"segment_type":"roadwalk","route_id":"main","region_id":"rocky-mountains","region_name":"Rocky Mountains","section_id":null,"section_name":null,"route_type":"roadwalk"},"geometry":{"type":"LineString","coordinates":[[-114.200551,48.829195],[-114.202075,48.828924],[-114.2018,48.828708],[-114.201567,48.828569],[-114.201345,48.828451],[-114.201377,48.82811],[-114.201863,48.827798],[-114.202285,48.827639],[-114.202644,48.827557],[-114.203096,48.827482],[-114.203842,48.827491],[-114.204188,48.827492],[-114.204626,48.827473],[-114.205023,48.827433],[-114.205294,48.827358],[-114.205524,48.827199],[-114.205787,48.826888],[-114.205862,48.826666],[-114.20603,48.826451],[-114.206552,48.825935],[-114.206759,48.825778],[-114.206913,48.825615],[-114.20734,48.825215],[-114.207791,48.825043],[-114.208074,48.825069],[-114.20852,48.825165],[-114.209166,48.825362],[-114.209438,48.825601],[-114.209692,48.825504],[-114.209874,48.825261],[-114.210617,48.825177],[-114.210857,48.825484],[-114.2112,48.825624],[-114.211509,48.825651],[-114.211894,48.825389],[-114.212197,48.825377],[-114.212481,48.825368],[-114.212889,48.825385],[-114.213405,48.825312],[-114.213851,48.825117],[-114.21419,48.824884],[-114.214557,48.824615],[-114.214881,48.824179],[-114.215098,48.823857],[-114.215449,48.823358],[-114.215678,48.823055],[-114.215987,48.822922],[-114.216093,48.822542],[-114.215986,48.822312],[-114.216105,48.822146],[-114.216264,48.82198],[-114.216209,48.821771],[-114.216485,48.821567],[-114.216802,48.821332],[-114.216975,48.821044],[-114.217238,48.820722],[-114.217516,48.820662],[-114.217938,48.820665],[-114.218464,48.820607],[-114.218613,48.820412],[-114.218638,48.819526],[-114.218825,48.819376],[-114.219268,48.819259],[-114.220126,48.8187],[-114.22045,48.81867],[-114.2208,48.818632],[-114.22123,48.818105],[-114.221737,48.817875],[-114.222204,48.817732],[-114.222689,48.817589],[-114.223037,48.817418],[-114.223391,48.81718],[-114.223482,48.816891],[-114.223541,48.816592],[-114.223626,48.816243],[-114.224161,48.815962],[-114.224488,48.815854],[-114.225023,48.815525],[-114.225314,48.815507],[-114.225905,48.815351],[-114.226242,48.815279],[-114.226515,48.815237],[-114.226853,48.815075],[-114.227108,48.814943],[-114.227398,48.814883],[-114.227829,48.81466],[-114.228463,48.81406],[-114.228727,48.813742],[-114.228942,48.813608],[-114.229379,48.813496],[-114.229861,48.81326],[-114.230308,48.813039],[-114.230594,48.812868],[-114.230898,48.812711],[-114.231164,48.812602],[-114.231603,48.81257],[-114.232085,48.812473],[-114.232279,48.812314],[-114.232793,48.81203],[-114.232968,48.811844],[-114.233244,48.811639],[-114.23353,48.811152],[-114.233966,48.810601],[-114.234236,48.810315],[-114.234545,48.809942],[-114.234741,48.809801],[-114.235021,48.809604],[-114.235291,48.809531],[-114.235589,48.809432],[-114.236265,48.809081],[-114.236734,48.808859],[-114.237424,48.80866],[-114.237814,48.808471],[-114.238311,48.808205],[-114.238719,48.807829],[-114.239085,48.80747],[-114.239394,48.80721],[-114.239712,48.806905],[-114.24004,48.806725],[-114.24036,48.80647],[-114.240585,48.806093],[-114.240848,48.805593],[-114.241092,48.804998],[-114.241271,48.80454],[-114.241412,48.804335],[-114.241723,48.803646],[-114.242014,48.803448],[-114.242303,48.803319],[-114.242711,48.803203],[-114.243218,48.803237],[-114.243975,48.80332],[-114.244296,48.803346],[-114.244587,48.803253],[-114.245692,48.802581],[-114.246188,48.802362],[-114.24659,48.80218],[-114.247329,48.80186],[-114.248945,48.800799],[-114.249201,48.800513],[-114.249354,48.80032],[-114.24954,48.800118],[-114.249935,48.799976],[-114.250231,48.799953],[-114.250687,48.799863],[-114.251129,48.799691],[-114.251514,48.799442],[-114.251976,48.799154],[-114.252326,48.798964],[-114.252741,48.798982],[-114.253932,48.798927],[-114.254363,48.798942],[-114.254758,48.798923],[-114.254888,48.798703],[-114.254906,48.798439],[-114.254813,48.79818],[-114.254759,48.797996],[-114.255045,48.797873],[-114.255407,48.797741],[-114.255632,48.797625],[-114.255935,48.797398],[-114.256306,48.797271],[-114.256664,48.797325],[-114.256934,48.797481],[-114.256999,48.797671],[-114.257024,48.797853],[-114.257052,48.798049],[-114.257404,48.797963],[-114.257756,48.797817],[-114.25799,48.797663],[-114.258003,48.797441],[-114.258016,48.797218],[-114.258343,48.797148],[-114.258579,48.797286],[-114.258986,48.797225],[-114.259118,48.797062],[-114.25912,48.796872],[-114.259057,48.796621],[-114.25943,48.796603],[-114.259754,48.796568],[-114.260077,48.796541],[-114.26036,48.796471],[-114.260605,48.796321],[-114.260901,48.79625],[-114.261262,48.79625],[-114.261595,48.796285],[-114.261887,48.796311],[-114.262196,48.796293],[-114.2626,48.796231],[-114.262904,48.796222],[-114.263201,48.796213],[-114.263495,48.796239],[-114.263748,48.796319],[-114.264105,48.79637],[-114.264409,48.796298],[-114.264739,48.796222],[-114.265131,48.796123],[-114.265311,48.795984],[-114.265394,48.795792],[-114.265609,48.795676],[-114.265948,48.795595],[-114.266276,48.795559],[-114.266574,48.795496],[-114.266927,48.795389],[-114.267239,48.79529],[-114.267497,48.795183],[-114.267796,48.795084],[-114.26804,48.794959],[-114.268407,48.794806],[-114.268693,48.794707],[-114.268966,48.794599],[-114.269266,48.794464],[-114.269388,48.794275],[-114.269539,48.794103],[-114.269772,48.793922],[-114.269991,48.793777],[-114.270211,48.793641],[-114.270445,48.793505],[-114.270706,48.793368],[-114.270954,48.79325],[-114.271298,48.793095],[-114.271628,48.79305],[-114.271969,48.793015],[-114.272337,48.792989],[-114.272633,48.792982],[-114.272944,48.792911],[-114.273287,48.792757],[-114.27356,48.792649],[-114.273821,48.792558],[-114.274094,48.792513],[-114.274423,48.792513],[-114.274725,48.792593],[-114.275194,48.792583],[-114.275267,48.792374],[-114.275381,48.792046],[-114.27577,48.791667],[-114.276085,48.791508],[-114.276999,48.790637],[-114.277305,48.790444],[-114.277861,48.790251],[-114.278083,48.790086],[-114.278411,48.789931],[-114.27931,48.789607],[-114.279551,48.789402],[-114.279688,48.789188],[-114.280064,48.788973],[-114.280388,48.788742],[-114.280575,48.788512],[-114.280736,48.788271],[-114.280847,48.78809],[-114.281105,48.787897],[-114.28159,48.787771],[-114.282026,48.787719],[-114.281889,48.787517],[-114.281567,48.787454],[-114.281114,48.787368],[-114.281192,48.787176],[-114.281807,48.787086],[-114.282142,48.787091],[-114.28254,48.787002],[-114.282366,48.786861],[-114.28181,48.786769],[-114.281545,48.786676],[-114.280644,48.785999],[-114.280414,48.785685],[-114.28044,48.785504],[-114.280545,48.785185],[-114.280587,48.784978],[-114.28055,48.784713],[-114.280349,48.784484],[-114.280257,48.78428],[-114.280331,48.784028],[-114.280459,48.783812],[-114.280643,48.783667],[-114.280662,48.783415],[-114.282207,48.782278],[-114.282335,48.782097],[-114.282243,48.781806],[-114.282077,48.781613],[-114.281838,48.781298],[-114.281396,48.780608],[-114.280734,48.779482],[-114.280346,48.778645],[-114.280051,48.777784],[-114.279829,48.77685],[-114.279615,48.775897],[-114.279447,48.775483],[-114.279404,48.77522],[-114.279445,48.774916],[-114.279465,48.774625],[-114.279528,48.774349],[-114.279569,48.774072],[-114.279652,48.773795],[-114.279735,48.773505],[-114.279923,48.773242],[-114.280133,48.772993],[-114.280427,48.772743],[-114.280804,48.772536],[-114.28114,48.772259],[-114.281328,48.771996],[-114.281411,48.771705],[-114.281474,48.771428],[-114.281473,48.771137],[-114.281473,48.770833],[-114.281472,48.770542],[-114.281514,48.770334],[-114.281849,48.770072],[-114.282813,48.769338],[-114.282981,48.76913],[-114.283106,48.768714],[-114.283043,48.768437],[-114.282811,48.76766],[-114.282747,48.767383],[-114.282943,48.76694],[-114.283083,48.766735],[-114.283233,48.766563],[-114.283494,48.766423],[-114.283785,48.766311],[-114.284105,48.766178],[-114.284356,48.766046],[-114.284656,48.765886],[-114.284847,48.765754],[-114.285017,48.765542],[-114.285077,48.765331],[-114.285087,48.765133],[-114.292223,48.765044],[-114.291377,48.763568],[-114.291274,48.76315],[-114.291678,48.762489],[-114.291857,48.761953],[-114.291779,48.761406],[-114.291255,48.760526],[-114.290844,48.759823],[-114.290657,48.759042],[-114.290696,48.758157],[-114.290679,48.757412],[-114.290549,48.756949],[-114.289843,48.756176],[-114.289634,48.755624],[-114.289571,48.754906],[-114.289072,48.7542],[-114.288329,48.751179],[-114.288481,48.750827],[-114.289105,48.750624],[-114.289415,48.750551],[-114.289584,48.750128],[-114.289457,48.749637],[-114.288944,48.749101],[-114.288079,48.748178],[-114.287822,48.747681],[-114.287914,48.747628]]}},{"type":"Feature","properties":{"segment_type":"trail","route_id":"main","region_id":"rocky-mountains","region_name":"Rocky Mountains","section_id":null,"section_name":null},"geometry":{"type":"LineString","coordinates":[[-114.287914,48.747628],[-114.288425,48.747834],[-114.288965,48.748415],[-114.289372,48.748689],[-114.290367,48.749159],[-114.291367,48.749571],[-114.292798,48.750002],[-114.294232,48.750253],[-114.295698,48.750463],[-114.297069,48.750605],[-114.297789,48.750777],[-114.298417,48.751003],[-114.298854,48.751421],[-114.299383,48.752244],[-114.299526,48.752565],[-114.300086,48.752691],[-114.301081,48.752599],[-114.301733,48.752569],[-114.302234,48.752761],[-114.30276,48.753154],[-114.304234,48.75453],[-114.305237,48.755372],[-114.305771,48.75568],[-114.306273,48.755872],[-114.307717,48.75616],[-114.309375,48.756485],[-114.313429,48.757565],[-114.317662,48.758595],[-114.319352,48.759035],[-114.320177,48.759469],[-114.320749,48.759836],[-114.321561,48.759954],[-114.322509,48.759993],[-114.323086,48.760302],[-114.324195,48.760948],[-114.325527,48.761517],[-114.3268,48.761797],[-114.327193,48.761756],[-114.327785,48.761437],[-114.328459,48.761178],[-114.329022,48.761172],[-114.329658,48.761312],[-114.330542,48.761577],[-114.332117,48.761869],[-114.334137,48.762188],[-114.335531,48.762507],[-114.338771,48.765413],[-114.340816,48.766093],[-114.342133,48.766365],[-114.343573,48.766709],[-114.344123,48.766846],[-114.344526,48.767325],[-114.345381,48.767755],[-114.34752,48.768499],[-114.349618,48.769213],[-114.351037,48.769785],[-114.351814,48.769817],[-114.352207,48.769775],[-114.352857,48.769773],[-114.353676,48.769806],[-114.354369,48.769805],[-114.355425,48.769618],[-114.357248,48.769091],[-114.358276,48.768731],[-114.359023,48.768618],[-114.359793,48.768249],[-114.361281,48.767593],[-114.362568,48.767244],[-114.364474,48.766291],[-114.367702,48.765331],[-114.368494,48.764935],[-114.369595,48.764722],[-114.372262,48.764428],[-114.373744,48.764316],[-114.375086,48.764312],[-114.376286,48.764446],[-114.378477,48.76462],[-114.382053,48.765278],[-114.382646,48.765416],[-114.383569,48.765739],[-114.385576,48.766053],[-114.387061,48.766365],[-114.387702,48.766447],[-114.387953,48.766543],[-114.388749,48.766833],[-114.389269,48.766825],[-114.390132,48.766859],[-114.390733,48.766912],[-114.391395,48.767253],[-114.392687,48.767791],[-114.393583,48.767941],[-114.394812,48.768219],[-114.395548,48.768219],[-114.396168,48.768072],[-114.397104,48.767766],[-114.398449,48.767734],[-114.399875,48.767762],[-114.400907,48.767832],[-114.401944,48.768331],[-114.402616,48.768558],[-114.40297,48.768944],[-114.403436,48.769535],[-114.40394,48.769698],[-114.404544,48.769722],[-114.40546,48.769644],[-114.406285,48.76962],[-114.407124,48.76991],[-114.408157,48.76998],[-114.409073,48.769902],[-114.410537,48.769989],[-114.412463,48.76975],[-114.415097,48.76934],[-114.416551,48.769054],[-114.417701,48.768785],[-114.419376,48.768451],[-114.420557,48.76784],[-114.422116,48.767358],[-114.423357,48.767035],[-114.425494,48.766376],[-114.427486,48.765882],[-114.428558,48.765524],[-114.430565,48.76486],[-114.432019,48.764574],[-114.43294,48.764439],[-114.433656,48.764181],[-114.434626,48.76399],[-114.435714,48.763919],[-114.436706,48.763958],[-114.437705,48.763912],[-114.438322,48.763793],[-114.439226,48.763371],[-114.439723,48.763133],[-114.44033,48.763128],[-114.441096,48.763273],[-114.442001,48.763305],[-114.442481,48.76327],[-114.443133,48.763239],[-114.444224,48.763139],[-114.445401,48.763042],[-114.446469,48.762712],[-114.447213,48.762627],[-114.448116,48.762691],[-114.449166,48.762561],[-114.449747,48.762355],[-114.451217,48.761898],[-114.453931,48.761547],[-114.455763,48.76139],[-114.456681,48.761283],[-114.457415,48.760825],[-114.458352,48.760033],[-114.458882,48.75991],[-114.459676,48.759741],[-114.460272,48.759851],[-114.461127,48.75997],[-114.461644,48.75999],[-114.464329,48.759495],[-114.464872,48.75923],[-114.465608,48.758744],[-114.466245,48.758397],[-114.467216,48.758178],[-114.468683,48.757262],[-114.469089,48.757078],[-114.470023,48.7568],[-114.470939,48.756721],[-114.471831,48.756899],[-114.472608,48.75693],[-114.474535,48.756662],[-114.476474,48.75628],[-114.477311,48.756113],[-114.478357,48.755549],[-114.478636,48.75547],[-114.479176,48.755509],[-114.479711,48.755602],[-114.480006,48.75565],[-114.480414,48.755648],[-114.48146,48.755509],[-114.482788,48.755255],[-114.483792,48.754971],[-114.484273,48.754756],[-114.48456,48.754587],[-114.484887,48.754277],[-114.485336,48.754114],[-114.485617,48.754018],[-114.485901,48.753885],[-114.486361,48.753597],[-114.487099,48.753249],[-114.487691,48.75302],[-114.488612,48.75275],[-114.489523,48.752588],[-114.489936,48.752532],[-114.492386,48.751891],[-114.492803,48.751781],[-114.494341,48.750997],[-114.494869,48.750568],[-114.495299,48.750315],[-114.495666,48.750167],[-114.49623,48.749938],[-114.496517,48.749769],[-114.496792,48.74942],[-114.496949,48.749193],[-114.497452,48.748727],[-114.497661,48.748519],[-114.497784,48.748057],[-114.498004,48.747418],[-114.498138,48.747136],[-114.498963,48.746413],[-114.500773,48.745009],[-114.50175,48.744418],[-114.50286,48.744198],[-114.503742,48.744041],[-114.504464,48.743697],[-114.505874,48.742922],[-114.50755,48.742558],[-114.508433,48.742364],[-114.50947,48.741889],[-114.51215,48.740935],[-114.513641,48.740706],[-114.514336,48.740676],[-114.515112,48.740706],[-114.517031,48.740523],[-114.518609,48.740298],[-114.520523,48.739686],[-114.521441,48.739092],[-114.522338,48.738726],[-114.523233,48.738389],[-114.523623,48.737889],[-114.524254,48.737113],[-114.524414,48.736776],[-114.524229,48.73656],[-114.52323,48.736472],[-114.52219,48.736489],[-114.520083,48.736837],[-114.518633,48.737095],[-114.518068,48.73713],[-114.518179,48.736849],[-114.518841,48.736703],[-114.520334,48.735959],[-114.522032,48.734852],[-114.526575,48.732883],[-114.530588,48.731035],[-114.531488,48.730641],[-114.532826,48.730178],[-114.533677,48.729839],[-114.534055,48.729481],[-114.534795,48.729424],[-114.536065,48.729244],[-114.537877,48.728313],[-114.539294,48.727452],[-114.539689,48.726895],[-114.54052,48.726784],[-114.541136,48.726665],[-114.541552,48.726367],[-114.542008,48.726098],[-114.542568,48.72612],[-114.54356,48.726644],[-114.544187,48.727384],[-114.544177,48.727984],[-114.544745,48.728407],[-114.54528,48.728713],[-114.545374,48.729117],[-114.545238,48.729684],[-114.545109,48.730166],[-114.545517,48.730439],[-114.546149,48.730635],[-114.546942,48.730952],[-114.547214,48.731306],[-114.547483,48.731688],[-114.549462,48.732794],[-114.550738,48.73353],[-114.551136,48.733917],[-114.553125,48.735395],[-114.554488,48.736621],[-114.554681,48.736886],[-114.554453,48.737506],[-114.554494,48.738023],[-114.554636,48.738178],[-114.554928,48.738497],[-114.556597,48.738705],[-114.557393,48.738993],[-114.557779,48.739036],[-114.558673,48.739069],[-114.559214,48.739191],[-114.564784,48.740779],[-114.567463,48.742381],[-114.568168,48.743383],[-114.568777,48.744322],[-114.569428,48.745777],[-114.569605,48.747215],[-114.569662,48.748046],[-114.569384,48.748751],[-114.569488,48.749041],[-114.569833,48.749054],[-114.570449,48.748935],[-114.571073,48.74873],[-114.571926,48.749363],[-114.572518,48.750015],[-114.572909,48.750488],[-114.573411,48.750679],[-114.57364,48.750545],[-114.574352,48.750315],[-114.57545,48.750128],[-114.57684,48.750067],[-114.577819,48.750247],[-114.578218,48.750634],[-114.578896,48.75129],[-114.579526,48.752],[-114.580437,48.752464],[-114.581201,48.753123],[-114.581938,48.753609],[-114.582235,48.754164],[-114.582977,48.755079],[-114.583795,48.755625],[-114.584435,48.756222],[-114.585221,48.756137],[-114.585666,48.756498],[-114.58644,48.757042],[-114.587402,48.757422],[-114.587837,48.757896],[-114.58847,48.759065],[-114.589032,48.760059],[-114.589809,48.760575],[-114.590827,48.760814],[-114.591919,48.761199],[-114.59233,48.761444],[-114.592718,48.761458],[-114.593258,48.761222],[-114.59357,48.761119],[-114.594452,48.760924],[-114.59536,48.76093],[-114.59613,48.760525],[-114.596599,48.760119],[-114.597391,48.759977],[-114.598522,48.759906],[-114.599176,48.759845],[-114.600082,48.75988],[-114.60187,48.759719],[-114.602608,48.75969],[-114.603531,48.759525],[-114.604425,48.758979],[-114.605749,48.758894],[-114.607206,48.759063],[-114.608052,48.758781],[-114.60908,48.758906],[-114.609837,48.759163],[-114.610423,48.759386],[-114.610775,48.759314],[-114.611606,48.758716],[-114.611686,48.75829],[-114.61175,48.757614],[-114.612303,48.757511],[-114.612956,48.757623],[-114.613385,48.757668],[-114.61374,48.757567],[-114.614007,48.756976],[-114.614655,48.757072],[-114.615286,48.757196],[-114.616109,48.757685],[-114.61665,48.757934],[-114.617335,48.758018],[-114.617982,48.758042],[-114.620195,48.758469],[-114.621504,48.758834],[-114.622086,48.759113],[-114.622778,48.759111],[-114.623864,48.759066],[-114.625312,48.758835],[-114.627239,48.758565],[-114.628659,48.75816],[-114.629978,48.758411],[-114.631044,48.758594],[-114.633082,48.759103],[-114.634094,48.759502],[-114.634457,48.759987],[-114.634909,48.760591],[-114.634917,48.761344],[-114.635195,48.762126],[-114.635677,48.76306],[-114.6366,48.763896],[-114.637124,48.764345],[-114.637765,48.764941],[-114.638437,48.765682],[-114.639339,48.76726],[-114.639565,48.768156],[-114.63979,48.769051],[-114.639912,48.770143],[-114.640063,48.771407],[-114.640509,48.772254],[-114.64098,48.772815],[-114.641763,48.773273],[-114.642279,48.773808],[-114.642892,48.774231],[-114.644022,48.774675],[-114.644813,48.775048],[-114.645174,48.775376],[-114.645659,48.775766],[-114.64654,48.777601],[-114.647173,48.778798],[-114.647737,48.779277],[-114.648571,48.779652],[-114.649045,48.77967],[-114.649558,48.779746],[-114.650694,48.780132],[-114.652462,48.780992],[-114.653378,48.781635],[-114.654765,48.782116],[-114.655369,48.782139],[-114.655985,48.782019],[-114.657588,48.781507],[-114.65883,48.781153],[-114.659897,48.781336],[-114.660747,48.781511],[-114.662726,48.782157],[-114.663306,48.782465],[-114.663693,48.782995],[-114.663951,48.783519],[-114.664414,48.784681],[-114.665033,48.785357],[-114.665831,48.7859],[-114.666049,48.786316],[-114.666266,48.78681],[-114.666986,48.787495],[-114.668174,48.788283],[-114.669166,48.788835],[-114.669894,48.789435],[-114.67038,48.789825],[-114.670846,48.790443],[-114.671336,48.791291],[-114.671299,48.792233],[-114.671444,48.793068],[-114.671638,48.793333],[-114.672131,48.793638],[-114.67308,48.794188],[-114.673652,48.794581],[-114.67438,48.795181],[-114.674747,48.795452],[-114.676448,48.796316],[-114.678024,48.797119],[-114.679031,48.7975],[-114.679836,48.797702],[-114.680527,48.797727],[-114.681661,48.797627],[-114.682424,48.797827],[-114.683092,48.798109],[-114.683526,48.798097],[-114.684457,48.797846],[-114.685061,48.797868],[-114.685459,48.798283],[-114.686391,48.799033],[-114.687337,48.799612],[-114.687979,48.800208],[-114.689489,48.800779],[-114.689914,48.800881],[-114.690477,48.800873],[-114.691933,48.800556],[-114.693941,48.800373],[-114.695262,48.800108],[-114.696653,48.800045],[-114.697359,48.799899],[-114.698225,48.799388],[-114.699153,48.799165],[-114.700012,48.799254],[-114.700829,48.799313],[-114.701352,48.799276],[-114.70174,48.79929],[-114.702579,48.799607],[-114.703119,48.799885],[-114.704819,48.800263],[-114.705291,48.800309],[-114.705996,48.800678],[-114.706441,48.801038],[-114.707573,48.80148],[-114.708232,48.801877],[-114.709385,48.802577],[-114.709924,48.802855],[-114.710442,48.802874],[-114.711404,48.802767],[-114.713016,48.80214],[-114.71445,48.802079],[-114.71553,48.802119],[-114.716554,48.8023],[-114.718294,48.803222],[-114.719634,48.804273],[-114.721069,48.805677],[-114.721597,48.806148],[-114.721776,48.806583],[-114.72275,48.806848],[-114.723302,48.806983],[-114.724273,48.807276],[-114.725937,48.807567],[-114.727489,48.807653],[-114.728647,48.807781],[-114.730014,48.808003],[-114.731156,48.808331],[-114.732151,48.808854],[-114.731949,48.809705],[-114.731385,48.811258],[-114.731041,48.812246],[-114.731108,48.812992],[-114.731268,48.814171],[-114.73105,48.814706],[-114.730596,48.815462],[-114.730056,48.816214],[-114.729926,48.816724],[-114.729996,48.816927],[-114.730741,48.817327],[-114.731228,48.817716],[-114.731082,48.817911],[-114.730688,48.817954],[-114.729537,48.81774],[-114.728897,48.81763],[-114.728544,48.817703],[-114.728479,48.817958],[-114.729095,48.818353],[-114.729074,48.818609],[-114.728634,48.818679],[-114.728042,48.819029],[-114.727807,48.819249],[-114.727864,48.819595],[-114.727945,48.82017],[-114.727861,48.820653],[-114.727798,48.820879],[-114.727302,48.821118],[-114.726798,48.821443],[-114.726776,48.8217],[-114.726927,48.821963],[-114.727654,48.82259],[-114.727625,48.822932],[-114.726948,48.823251],[-114.72643,48.823232],[-114.724966,48.82312],[-114.723474,48.823351],[-114.722902,48.82376],[-114.722775,48.823926],[-114.72318,48.824256],[-114.723915,48.824283],[-114.724786,48.824229],[-114.725918,48.824157],[-114.726599,48.824296],[-114.726448,48.824548],[-114.725831,48.824668],[-114.725155,48.824987],[-114.725301,48.825307],[-114.725915,48.82573],[-114.726639,48.825871],[-114.726442,48.82615],[-114.726073,48.826422],[-114.726742,48.826704],[-114.726948,48.826826],[-114.727037,48.827316],[-114.727051,48.82766],[-114.72666,48.828189],[-114.725978,48.828564],[-114.725131,48.828847],[-114.724545,48.829112],[-114.72424,48.829644],[-114.724031,48.830065],[-114.723652,48.830452],[-114.722711,48.830817],[-114.720383,48.831189],[-114.720409,48.831905],[-114.720495,48.832423],[-114.721306,48.833083],[-114.721658,48.833525],[-114.721566,48.834093],[-114.721137,48.834564],[-114.720082,48.835755],[-114.719561,48.836279],[-114.718601,48.836873],[-114.718226,48.837202],[-114.718065,48.837568],[-114.717157,48.838237],[-114.716351,48.839836],[-114.715735,48.840514],[-114.715702,48.841122],[-114.715864,48.841548],[-114.715657,48.841941],[-114.715306,48.8425],[-114.715013,48.843405],[-114.714429,48.844156],[-114.713903,48.844692],[-114.71312,48.84528],[-114.712596,48.845833],[-114.71224,48.846449],[-114.711628,48.847027],[-114.711099,48.847636],[-114.71101,48.848177],[-114.710604,48.848877],[-114.709813,48.849505],[-114.709335,48.850031],[-114.708989,48.850018],[-114.708565,48.849917],[-114.708066,48.849669],[-114.707256,48.850011],[-114.706531,48.850385],[-114.705815,48.851159],[-114.705004,48.853046],[-114.704191,48.856992],[-114.70414,48.858105],[-114.704328,48.863672],[-114.704238,48.865088],[-114.704788,48.867798],[-114.705313,48.868761],[-114.706255,48.870426],[-114.707548,48.872048],[-114.708008,48.872751],[-114.70873,48.873436],[-114.70964,48.873956],[-114.70999,48.874426],[-114.710701,48.875254],[-114.711934,48.876043],[-114.715564,48.878237],[-114.717132,48.879182],[-114.71863,48.879923],[-114.719682,48.880306],[-114.720974,48.880925],[-114.721997,48.881135],[-114.723017,48.881373],[-114.723438,48.881531],[-114.724057,48.881897],[-114.724665,48.881891],[-114.725575,48.881896],[-114.727967,48.882843],[-114.73053,48.883309],[-114.7334,48.883729],[-114.734219,48.883788],[-114.735817,48.883875],[-114.737229,48.884614],[-114.738199,48.884936],[-114.738977,48.884964],[-114.740654,48.88514],[-114.742965,48.885511],[-114.745115,48.885733],[-114.746948,48.886115],[-114.749242,48.886686],[-114.751221,48.887387],[-114.753585,48.888161],[-114.757832,48.889746],[-114.75862,48.890176],[-114.75937,48.890546],[-114.760722,48.890968],[-114.763476,48.891755],[-114.765275,48.892536],[-114.766688,48.893274],[-114.768524,48.893627],[-114.769571,48.894065],[-114.770129,48.894658],[-114.77024,48.894891],[-114.771006,48.895062],[-114.771991,48.895212],[-114.772635,48.895293],[-114.773022,48.895336],[-114.773214,48.895629],[-114.773294,48.896232],[-114.773364,48.896435],[-114.77377,48.896764],[-114.774582,48.896908]]}},{"type":"Feature","properties":{"segment_type":"roadwalk","route_id":"main","region_id":"rocky-mountains","region_name":"Rocky Mountains","section_id":null,"section_name":null,"route_type":"roadwalk"},"geometry":{"type":"LineString","coordinates":[[-114.774582,48.896908],[-114.774563,48.897136],[-114.774493,48.897963],[-114.774648,48.898713],[-114.775431,48.900229],[-114.775583,48.901006],[-114.775499,48.902005],[-114.774959,48.903272],[-114.774311,48.904278],[-114.7722,48.907204],[-114.771758,48.907818],[-114.77101,48.908448],[-114.77053,48.909003],[-114.770405,48.909456],[-114.770319,48.909967],[-114.770115,48.910332],[-114.766618,48.912178],[-114.76582,48.912892],[-114.765092,48.91381],[-114.764023,48.915687],[-114.763134,48.91697],[-114.762281,48.917826],[-114.760122,48.919749],[-114.756469,48.923963],[-114.754142,48.926853],[-114.75337,48.928283],[-114.752699,48.928516],[-114.751992,48.929331],[-114.751785,48.929569],[-114.751773,48.930227],[-114.751718,48.930883],[-114.751927,48.932006],[-114.752285,48.932906],[-114.752631,48.933948],[-114.752982,48.935448],[-114.752841,48.937131],[-114.753067,48.937539],[-114.753543,48.938072],[-114.753891,48.938571],[-114.754062,48.93912],[-114.754178,48.939811],[-114.754322,48.94016],[-114.756054,48.941513],[-114.756488,48.941817],[-114.757508,48.942206],[-114.757747,48.942506],[-114.757909,48.943247],[-114.75804,48.943471],[-114.758732,48.94365],[-114.759171,48.943861],[-114.760199,48.944675],[-114.760299,48.944953],[-114.760652,48.945827],[-114.761295,48.946486],[-114.761701,48.946825],[-114.762443,48.947154],[-114.763274,48.947373],[-114.763547,48.947525],[-114.763418,48.94791],[-114.761836,48.948175],[-114.760617,48.948502]]}},{"type":"Feature","properties":{"segment_type":"trail","route_id":"main","region_id":"rocky-mountains","region_name":"Rocky Mountains","section_id":null,"section_name":null},"geometry":{"type":"LineString","coordinates":[[-114.760617,48.948502],[-114.76878,48.948609],[-114.770324,48.948565],[-114.772035,48.948524],[-114.773606,48.948481],[-114.774365,48.94844],[-114.775219,48.948143],[-114.775785,48.948024],[-114.776042,48.947919],[-114.776135,48.947699],[-114.77587,48.947362],[-114.775357,48.947268],[-114.774607,48.947236],[-114.773614,48.947154],[-114.772235,48.947127],[-114.770746,48.947134],[-114.76907,48.947039],[-114.767603,48.946867],[-114.766482,48.946584],[-114.766072,48.94627],[-114.765006,48.945368],[-114.76485,48.945203],[-114.765359,48.945123],[-114.766166,48.94539],[-114.767504,48.945722],[-114.769078,48.945951],[-114.770357,48.946056],[-114.771273,48.946029],[-114.772125,48.945928],[-114.772966,48.945747],[-114.773646,48.945499],[-114.774771,48.945386],[-114.775853,48.945317],[-114.776225,48.945243],[-114.776839,48.944949],[-114.777504,48.944755],[-114.777957,48.944701],[-114.778526,48.944496],[-114.778875,48.944322],[-114.779814,48.944098],[-114.780831,48.943937],[-114.782266,48.943929],[-114.783057,48.943962],[-114.784723,48.943949],[-114.785666,48.943949],[-114.786033,48.943668],[-114.786442,48.943082],[-114.787047,48.942365],[-114.787405,48.941985],[-114.788025,48.941556],[-114.788475,48.941277],[-114.789082,48.941136],[-114.789645,48.941057],[-114.789943,48.941125],[-114.790288,48.941042],[-114.790436,48.940784],[-114.790217,48.940474],[-114.789697,48.939888],[-114.789518,48.939606],[-114.790288,48.939485],[-114.790544,48.939571],[-114.791015,48.939733],[-114.79139,48.939588],[-114.791693,48.939224],[-114.792129,48.939251],[-114.792584,48.939457],[-114.793721,48.939686],[-114.794304,48.940093],[-114.794819,48.94049],[-114.795307,48.940877],[-114.795783,48.941246],[-114.796207,48.941524],[-114.796707,48.941974],[-114.796919,48.942104],[-114.797446,48.942249],[-114.797858,48.942491],[-114.798343,48.942968],[-114.79876,48.943417],[-114.79902,48.94371],[-114.79935,48.944283],[-114.799508,48.944727],[-114.799552,48.945286],[-114.799914,48.946057],[-114.800495,48.94713],[-114.801355,48.948379],[-114.802168,48.949293],[-114.803516,48.949479],[-114.804188,48.949612],[-114.804889,48.949838],[-114.80516,48.950056],[-114.805512,48.950375],[-114.805855,48.951147],[-114.806155,48.951824],[-114.806571,48.952658],[-114.806899,48.953122],[-114.8071,48.95331],[-114.807405,48.953499],[-114.807608,48.95364],[-114.808056,48.95374],[-114.808625,48.953775],[-114.808959,48.953781],[-114.809384,48.953694],[-114.810023,48.953371],[-114.810252,48.953117],[-114.811125,48.952327],[-114.811392,48.952957],[-114.811592,48.952613],[-114.811498,48.951946],[-114.811458,48.951612],[-114.811142,48.951345],[-114.810368,48.950925],[-114.809603,48.950317],[-114.808963,48.949639],[-114.808921,48.949342],[-114.809095,48.949129],[-114.809595,48.949246],[-114.810755,48.949898],[-114.811311,48.949981],[-114.811985,48.949886],[-114.812337,48.949631],[-114.812985,48.94887],[-114.813173,48.948316],[-114.813557,48.94736],[-114.813826,48.94652],[-114.81412,48.946039],[-114.814525,48.945822],[-114.815542,48.94568],[-114.816352,48.945596],[-114.816828,48.945632],[-114.817179,48.945738],[-114.817736,48.945793],[-114.81796,48.94568],[-114.818327,48.945399],[-114.818455,48.944961],[-114.818605,48.944343],[-114.818578,48.944028],[-114.81817,48.943372],[-114.818156,48.942742],[-114.818273,48.942573],[-114.818644,48.942508],[-114.819083,48.942472],[-114.819874,48.942802],[-114.820668,48.943078],[-114.821942,48.943318],[-114.822919,48.943462],[-114.82416,48.943503],[-114.825544,48.9437],[-114.826127,48.94381],[-114.826383,48.943887],[-114.827128,48.944333],[-114.82745,48.944483],[-114.827816,48.944535],[-114.828146,48.944496],[-114.828499,48.944845],[-114.82886,48.94504],[-114.829506,48.945242],[-114.829156,48.945766],[-114.8284,48.946507],[-114.828036,48.947022],[-114.827749,48.947665],[-114.827824,48.94844],[-114.827544,48.949541],[-114.827631,48.950361],[-114.827468,48.951285],[-114.827176,48.952035],[-114.82689,48.95328],[-114.826876,48.954549],[-114.827067,48.955506],[-114.827258,48.95613],[-114.827521,48.95636],[-114.827928,48.956422],[-114.828955,48.956369],[-114.829181,48.956517],[-114.829297,48.956681],[-114.830219,48.956944],[-114.832226,48.958598],[-114.832184,48.959115],[-114.831227,48.961134],[-114.83068,48.962288],[-114.830682,48.962789],[-114.830555,48.964208],[-114.830652,48.964813],[-114.830813,48.965039]]}},{"type":"Feature","properties":{"segment_type":"roadwalk","route_id":"main","region_id":"rocky-mountains","region_name":"Rocky Mountains","section_id":null,"section_name":null,"route_type":"roadwalk"},"geometry":{"type":"LineString","coordinates":[[-114.830813,48.965039],[-114.830719,48.965462],[-114.83066,48.965875],[-114.830527,48.966736],[-114.830536,48.967104],[-114.830483,48.967446],[-114.830277,48.96809],[-114.830019,48.968679],[-114.829573,48.969516],[-114.829018,48.970342],[-114.828386,48.971356],[-114.82763,48.972412],[-114.827273,48.972756],[-114.826694,48.97351],[-114.826487,48.973857],[-114.826528,48.974191],[-114.826666,48.974463],[-114.826697,48.974698],[-114.826545,48.975055],[-114.826205,48.975327],[-114.825577,48.975621],[-114.825304,48.97594],[-114.825359,48.976229],[-114.825808,48.976282],[-114.826524,48.97617],[-114.827075,48.976054],[-114.827645,48.97584],[-114.828665,48.975634],[-114.82905,48.975588],[-114.830689,48.975601],[-114.83131,48.975783],[-114.831495,48.975931],[-114.831717,48.976169],[-114.831937,48.976452],[-114.832047,48.976742],[-114.832214,48.977618],[-114.832179,48.978427],[-114.832615,48.977832],[-114.832893,48.977414],[-114.833143,48.977005],[-114.833334,48.976703],[-114.833661,48.976088],[-114.834171,48.97536],[-114.834686,48.974524],[-114.836029,48.972219],[-114.836204,48.971971],[-114.836574,48.971627],[-114.837071,48.971186],[-114.837338,48.971011],[-114.838402,48.970437],[-114.840821,48.969151],[-114.841955,48.968534],[-114.84226,48.968422],[-114.842701,48.96835],[-114.843434,48.968147],[-114.843889,48.968048],[-114.844245,48.968019],[-114.845433,48.967726],[-114.846538,48.967468],[-114.848678,48.966941],[-114.849298,48.966827],[-114.849903,48.96673],[-114.850191,48.966708],[-114.850531,48.966751],[-114.851454,48.966885],[-114.853733,48.967278],[-114.853959,48.967435],[-114.854018,48.967643],[-114.854191,48.968393],[-114.85443,48.968542],[-114.856529,48.968671],[-114.856982,48.968616],[-114.857527,48.968662],[-114.858991,48.968626],[-114.860827,48.968498],[-114.862539,48.968413],[-114.863906,48.968403],[-114.865425,48.968359],[-114.865795,48.968321],[-114.866419,48.968116],[-114.867417,48.967784],[-114.868248,48.96752],[-114.86909,48.967329],[-114.869901,48.9672],[-114.870324,48.967208],[-114.870688,48.967331],[-114.870908,48.967614],[-114.870921,48.967956],[-114.870772,48.968574],[-114.870422,48.969099],[-114.870014,48.969352],[-114.869439,48.96971],[-114.869199,48.969886],[-114.868871,48.970204],[-114.868572,48.970504],[-114.868295,48.970895],[-114.868272,48.97111],[-114.868657,48.971063],[-114.869407,48.97078],[-114.869658,48.970659],[-114.870061,48.970496],[-114.870516,48.970405],[-114.870817,48.970402],[-114.871472,48.970414],[-114.87182,48.970276],[-114.872181,48.970139],[-114.872678,48.970013],[-114.873188,48.969915],[-114.873793,48.969818],[-114.874218,48.969799],[-114.874861,48.969774],[-114.875474,48.969831],[-114.875754,48.96998],[-114.875841,48.970193],[-114.875621,48.970535],[-114.875071,48.970939],[-114.874483,48.971288],[-114.87391,48.971574],[-114.873536,48.971702],[-114.871112,48.972791],[-114.869242,48.973683],[-114.86863,48.973951],[-114.868281,48.974115],[-114.867642,48.974355],[-114.867129,48.974517],[-114.866578,48.974633],[-114.865599,48.97483],[-114.864217,48.975192],[-114.863319,48.975409],[-114.862174,48.975676],[-114.860972,48.975977],[-114.860694,48.976071],[-114.860306,48.976208],[-114.859915,48.976399],[-114.859525,48.97658],[-114.859061,48.976886],[-114.858779,48.97707],[-114.858346,48.977287],[-114.857998,48.977443],[-114.857445,48.977594],[-114.856892,48.977737],[-114.856258,48.977869],[-114.855304,48.978121],[-114.854307,48.978409],[-114.854043,48.978512],[-114.853735,48.978686],[-114.853383,48.97894],[-114.853017,48.979176],[-114.852436,48.979345],[-114.851785,48.97954],[-114.850727,48.979988],[-114.850223,48.980267],[-114.849913,48.980477],[-114.849645,48.98067],[-114.849003,48.980991],[-114.84822,48.981399],[-114.847506,48.981782],[-114.847198,48.981965],[-114.846985,48.982132],[-114.846715,48.98237],[-114.846392,48.98257],[-114.84611,48.982772],[-114.845604,48.983105],[-114.845254,48.983287],[-114.844921,48.983407],[-114.844625,48.983608],[-114.844233,48.983826],[-114.844161,48.983919]]}},{"type":"Feature","properties":{"segment_type":"trail","route_id":"main","region_id":"rocky-mountains","region_name":"Rocky Mountains","section_id":null,"section_name":null},"geometry":{"type":"LineString","coordinates":[[-114.844161,48.983919],[-114.845,48.983804],[-114.847182,48.983278],[-114.852378,48.981604],[-114.849748,48.983056],[-114.848636,48.983791],[-114.84733,48.984612],[-114.848299,48.984324],[-114.850068,48.983548],[-114.851068,48.983179],[-114.85472,48.982516],[-114.855564,48.98257],[-114.856299,48.981999],[-114.85818,48.981476],[-114.859908,48.981353],[-114.863445,48.981412],[-114.864988,48.981135],[-114.866813,48.980962],[-114.868914,48.981055],[-114.869984,48.980975],[-114.87127,48.980612],[-114.873309,48.980551],[-114.874533,48.98048],[-114.876013,48.980304],[-114.877081,48.980242],[-114.878489,48.980241],[-114.879758,48.980292],[-114.880491,48.980404],[-114.883683,48.9812],[-114.885517,48.981783],[-114.886236,48.981922],[-114.887255,48.982067],[-114.888239,48.982058],[-114.889415,48.982043],[-114.890628,48.982128],[-114.891994,48.982153],[-114.893416,48.982152],[-114.895223,48.982086],[-114.8964,48.982045],[-114.898644,48.981987],[-114.900802,48.982026],[-114.90342,48.982173],[-114.905313,48.982333],[-114.907443,48.982723],[-114.909042,48.983048],[-114.909624,48.983185],[-114.910459,48.983164],[-114.911296,48.983089],[-114.912231,48.982944],[-114.913107,48.982924],[-114.913948,48.98275],[-114.914794,48.982442],[-114.915874,48.982111],[-114.916916,48.981641],[-114.922857,48.978863],[-114.924702,48.97847],[-114.925034,48.978119],[-114.925126,48.977878],[-114.925221,48.977556],[-114.925459,48.977092],[-114.925645,48.976574],[-114.92594,48.975724],[-114.926217,48.975298],[-114.926574,48.974935],[-114.926986,48.974547],[-114.927217,48.974245],[-114.927324,48.973968],[-114.927324,48.973653],[-114.927113,48.972804],[-114.926958,48.97227],[-114.927084,48.971859],[-114.927153,48.9715],[-114.927093,48.970977],[-114.927069,48.970248],[-114.927139,48.96988],[-114.927219,48.969594],[-114.927291,48.969181],[-114.927286,48.968956],[-114.927358,48.968553],[-114.927661,48.967829],[-114.927953,48.967376],[-114.92812,48.966965],[-114.928521,48.966198],[-114.92886,48.965611],[-114.929096,48.965174],[-114.929366,48.964927],[-114.929611,48.964635],[-114.929805,48.964224],[-114.929675,48.963736],[-114.929241,48.963332],[-114.928992,48.963076],[-114.928919,48.962868],[-114.928892,48.962517],[-114.928745,48.962118],[-114.929306,48.962178],[-114.930045,48.962051],[-114.930425,48.961788],[-114.930529,48.961268],[-114.930606,48.960397],[-114.93055,48.959766],[-114.930413,48.959116],[-114.930245,48.958555],[-114.930115,48.958391],[-114.929836,48.958206],[-114.929379,48.958009],[-114.928532,48.957679],[-114.928156,48.957528],[-114.927827,48.957234],[-114.927455,48.956976],[-114.927015,48.956716],[-114.926479,48.956454],[-114.925957,48.956202],[-114.925869,48.956012],[-114.926219,48.955811],[-114.926068,48.955502],[-114.925758,48.955407],[-114.925559,48.955259],[-114.926078,48.955251],[-114.926579,48.955368],[-114.926546,48.955169],[-114.92625,48.955056],[-114.925976,48.954763],[-114.926702,48.954713],[-114.927327,48.954796],[-114.927628,48.954784],[-114.928319,48.954598],[-114.92877,48.954579],[-114.929036,48.954431],[-114.929129,48.954172],[-114.929232,48.953661],[-114.929344,48.953267],[-114.929439,48.952936],[-114.929479,48.95264],[-114.92941,48.952333],[-114.92921,48.95187],[-114.928969,48.951425],[-114.928722,48.951115],[-114.928549,48.950689],[-114.928628,48.950429],[-114.92891,48.950209],[-114.929133,48.949782],[-114.929456,48.94923],[-114.929679,48.948802],[-114.929825,48.948562],[-114.92989,48.948311],[-114.929888,48.948041],[-114.92991,48.947843],[-114.930113,48.947541],[-114.9305,48.947098],[-114.930784,48.946851],[-114.930846,48.946673],[-114.930816,48.946402],[-114.930987,48.945901],[-114.930975,48.945199],[-114.931069,48.944913],[-114.931263,48.944521],[-114.931403,48.94411],[-114.931405,48.943714],[-114.931291,48.943496],[-114.931002,48.943239],[-114.930398,48.942715],[-114.929881,48.942265],[-114.929435,48.941825],[-114.929097,48.941405],[-114.928709,48.940885],[-114.928429,48.940386],[-114.928087,48.940082],[-114.92756,48.939605],[-114.926904,48.939288],[-114.926432,48.939144],[-114.925833,48.939106],[-114.924594,48.939003],[-114.924368,48.938864],[-114.92424,48.938646],[-114.92392,48.938145],[-114.923674,48.937817],[-114.922921,48.93721],[-114.92234,48.937055],[-114.920785,48.937009],[-114.918414,48.936885],[-114.917518,48.93677],[-114.917207,48.936684],[-114.916944,48.936445],[-114.916725,48.936117],[-114.916317,48.935759],[-114.916064,48.935592],[-114.915556,48.93534],[-114.914878,48.935229],[-114.914291,48.935218],[-114.913784,48.935263],[-114.912852,48.935336],[-114.910644,48.93589],[-114.909765,48.936009],[-114.909529,48.936113],[-114.909164,48.936358],[-114.908827,48.936568],[-114.908589,48.936692],[-114.908302,48.936711],[-114.907974,48.936714],[-114.907493,48.936463],[-114.907298,48.936243],[-114.907252,48.936036],[-114.907266,48.935694],[-114.907361,48.935381],[-114.907538,48.93506],[-114.907966,48.934303],[-114.908128,48.934009],[-114.908259,48.933832],[-114.908803,48.933554],[-114.909068,48.933415],[-114.909287,48.933086],[-114.909473,48.932882],[-114.90995,48.932576],[-114.910083,48.932335],[-114.909885,48.93217],[-114.909371,48.932053],[-114.908983,48.931857],[-114.909023,48.931551],[-114.90925,48.931034],[-114.909343,48.930757],[-114.909326,48.930504],[-114.909212,48.929962],[-114.908948,48.929427],[-114.908505,48.928915],[-114.908677,48.92872],[-114.909256,48.92892],[-114.90993,48.92913],[-114.910324,48.929164],[-114.910666,48.92917],[-114.910503,48.928807],[-114.910124,48.928396],[-114.909852,48.928058],[-114.909708,48.927893],[-114.910023,48.927872],[-114.910676,48.927929],[-114.911467,48.92797],[-114.911961,48.927898],[-114.912262,48.927885],[-114.911904,48.927618],[-114.911247,48.927345],[-114.910807,48.927085],[-114.910582,48.926919],[-114.910673,48.926696],[-114.910992,48.926243],[-114.911298,48.925799],[-114.911614,48.925427],[-114.912013,48.92502],[-114.912319,48.924549],[-114.912548,48.923968],[-114.91256,48.923689],[-114.912505,48.923374],[-114.912343,48.923002],[-114.912094,48.922421],[-114.912097,48.922017],[-114.91195,48.921627],[-114.911907,48.921329],[-114.912645,48.920983],[-114.913203,48.920714],[-114.913747,48.920427],[-114.914127,48.920164],[-114.915372,48.919107],[-114.916113,48.918356],[-114.916786,48.917927],[-114.917562,48.91732],[-114.918132,48.916755],[-114.918622,48.916125],[-114.91889,48.915581],[-114.919059,48.915143],[-114.919121,48.914955],[-114.919258,48.914625],[-114.919672,48.914174],[-114.919804,48.913636],[-114.919917,48.912873],[-114.919794,48.912232],[-114.919529,48.911706],[-114.919417,48.911443],[-114.919453,48.911246],[-114.919624,48.91106],[-114.920309,48.910658],[-114.921234,48.910423],[-114.922075,48.910213],[-114.922775,48.910118],[-114.923383,48.909949],[-114.923846,48.909642],[-114.924393,48.909274],[-114.924699,48.909145],[-114.925095,48.909125],[-114.925888,48.909112],[-114.926494,48.908979],[-114.927255,48.908732],[-114.928002,48.908485],[-114.928465,48.908502],[-114.929373,48.908671],[-114.929933,48.908654],[-114.930333,48.908554],[-114.930749,48.908381],[-114.931216,48.908308],[-114.932832,48.908193],[-114.933176,48.908119],[-114.933547,48.90772],[-114.933617,48.907362],[-114.933303,48.906699],[-114.933152,48.906382],[-114.933257,48.90615],[-114.933506,48.906064],[-114.934454,48.90591],[-114.935473,48.905695],[-114.936399,48.905405],[-114.936812,48.905332],[-114.938201,48.90506],[-114.938427,48.904893],[-114.938987,48.904543],[-114.939354,48.904244],[-114.93949,48.903931],[-114.939561,48.903537],[-114.939534,48.903176],[-114.939342,48.902885],[-114.938979,48.902402],[-114.938955,48.901996],[-114.939047,48.90108],[-114.938971,48.900611],[-114.938721,48.900067],[-114.938371,48.899602],[-114.93784,48.898918],[-114.93746,48.8982],[-114.9372,48.897566],[-114.937168,48.897349],[-114.937596,48.897213],[-114.938239,48.897179],[-114.939189,48.897304],[-114.939867,48.897406],[-114.940801,48.897603],[-114.94148,48.897669],[-114.942008,48.897769],[-114.942574,48.897959],[-114.942908,48.897785],[-114.943074,48.897401],[-114.943207,48.891177],[-114.943365,48.890982],[-114.943429,48.89074]]}},{"type":"Feature","properties":{"segment_type":"roadwalk","route_id":"main","region_id":"rocky-mountains","region_name":"Rocky Mountains","section_id":null,"section_name":null,"route_type":"roadwalk"},"geometry":{"type":"LineString","coordinates":[[-114.943429,48.89074],[-114.943618,48.890123],[-114.94356,48.889555],[-114.943623,48.889017],[-114.943815,48.888642],[-114.943744,48.888389],[-114.943541,48.888016],[-114.943841,48.887023],[-114.943833,48.886222],[-114.943609,48.885364],[-114.94355,48.884481],[-114.943792,48.883891],[-114.944026,48.883518],[-114.944827,48.883716],[-114.9451,48.88357],[-114.94538,48.883248],[-114.945724,48.883229],[-114.947063,48.883102],[-114.94794,48.883093],[-114.948771,48.883283],[-114.949493,48.883346],[-114.95003,48.883255],[-114.950354,48.882784],[-114.95034,48.882206],[-114.949775,48.881115],[-114.949642,48.880636],[-114.950536,48.881129],[-114.951298,48.882072],[-114.951801,48.882835],[-114.952151,48.883595],[-114.952334,48.883774],[-114.952867,48.883783],[-114.953641,48.883495],[-114.953913,48.883375],[-114.954232,48.883029],[-114.954294,48.882452],[-114.954117,48.881193],[-114.953949,48.880637],[-114.9537,48.88018],[-114.953613,48.879719],[-114.954056,48.880412],[-114.954265,48.88065],[-114.954743,48.881035],[-114.954938,48.881193],[-114.957757,48.883321],[-114.958523,48.883946],[-114.958878,48.884268],[-114.959295,48.884719],[-114.959721,48.885335],[-114.960246,48.886172],[-114.960616,48.886484],[-114.961188,48.886845],[-114.961841,48.887208],[-114.962966,48.887745],[-114.963367,48.887937],[-114.964819,48.88879],[-114.965458,48.889188],[-114.965954,48.889395],[-114.969176,48.890377],[-114.974755,48.892078],[-114.975212,48.89213],[-114.978344,48.892149],[-114.979069,48.892154],[-114.980552,48.892162],[-114.983701,48.892181],[-114.984089,48.892034],[-114.986156,48.890847],[-114.986496,48.890778],[-114.986856,48.890742],[-114.99025,48.890478],[-114.99079,48.890271],[-114.991056,48.890096],[-114.991341,48.889813],[-114.991694,48.889513],[-114.991982,48.889473],[-114.992309,48.889479],[-114.992671,48.889647],[-114.993204,48.889953],[-114.993688,48.890124],[-114.994148,48.890222],[-114.995018,48.890318],[-114.995606,48.890274],[-114.996138,48.889932],[-114.996721,48.889358],[-114.997098,48.889139],[-114.997715,48.888709],[-114.998302,48.888351],[-114.998573,48.888076],[-114.99897,48.887336],[-114.999176,48.88698],[-114.999347,48.886785],[-114.99967,48.886557],[-115.000369,48.886146],[-115.000992,48.885896],[-115.001612,48.885763],[-115.002218,48.885611],[-115.002483,48.885472],[-115.002695,48.885278],[-115.002952,48.885003],[-115.003293,48.88464],[-115.003549,48.884393],[-115.003872,48.884165],[-115.004729,48.883865],[-115.005337,48.883677],[-115.006098,48.883061],[-115.006507,48.882717],[-115.006871,48.882498],[-115.007167,48.88226],[-115.007436,48.882004],[-115.007596,48.881746],[-115.007687,48.88119],[-115.007997,48.88025],[-115.008075,48.88],[-115.008333,48.87969],[-115.00868,48.879192],[-115.008994,48.878837],[-115.009269,48.878437],[-115.009619,48.878209],[-115.009901,48.877647],[-115.00999,48.87746],[-115.010285,48.876898],[-115.010446,48.87651],[-115.010735,48.875871],[-115.010939,48.875191],[-115.010949,48.874957],[-115.011284,48.874396],[-115.011716,48.873828],[-115.012129,48.873403],[-115.012589,48.873141],[-115.013187,48.872837],[-115.013932,48.872634],[-115.014426,48.872561],[-115.015067,48.872545],[-115.015487,48.872625],[-115.01601,48.872858],[-115.016366,48.873152],[-115.01675,48.873465],[-115.017108,48.873714],[-115.017392,48.873773],[-115.017761,48.873743],[-115.018343,48.873519],[-115.018679,48.8733],[-115.018851,48.873096],[-115.018901,48.872854],[-115.018929,48.872495],[-115.019828,48.872519],[-115.020275,48.872599],[-115.020783,48.87286],[-115.021798,48.873408],[-115.0227,48.874044],[-115.022816,48.874217],[-115.023414,48.874965],[-115.023773,48.875205],[-115.024217,48.875348],[-115.025222,48.875473],[-115.026292,48.87532],[-115.026757,48.875292],[-115.027314,48.875329],[-115.028385,48.875491],[-115.029387,48.875679],[-115.030361,48.875885],[-115.031475,48.876003],[-115.032414,48.876064],[-115.034621,48.876119],[-115.036107,48.87615],[-115.036391,48.876256],[-115.036528,48.876689],[-115.036588,48.877095],[-115.036611,48.8775],[-115.03705,48.878065],[-115.037234,48.878298],[-115.037709,48.878899],[-115.03789,48.879168],[-115.037979,48.879359],[-115.038116,48.879779],[-115.038205,48.879958],[-115.038671,48.88032],[-115.038937,48.880388],[-115.039174,48.880215],[-115.039673,48.880223],[-115.040314,48.880551],[-115.040597,48.880669],[-115.041092,48.880767],[-115.041515,48.880774],[-115.044646,48.880751],[-115.044677,48.881561],[-115.046061,48.881558],[-115.048039,48.881555],[-115.049431,48.881337],[-115.050023,48.881244],[-115.050861,48.881112],[-115.052087,48.88092],[-115.052728,48.880804],[-115.053447,48.880673],[-115.053132,48.879767],[-115.052796,48.878803],[-115.052573,48.87816],[-115.05241,48.877798],[-115.052554,48.877593],[-115.053622,48.877134],[-115.054104,48.877007],[-115.054273,48.876978]]}},{"type":"Feature","properties":{"segment_type":"trail","route_id":"main","region_id":"rocky-mountains","region_name":"Rocky Mountains","section_id":null,"section_name":null},"geometry":{"type":"LineString","coordinates":[[-115.054273,48.876978],[-115.06415,48.882204],[-115.067707,48.884285],[-115.071815,48.886349],[-115.073976,48.887387],[-115.07672,48.888525],[-115.080923,48.8903],[-115.085605,48.892295],[-115.088984,48.893787],[-115.090981,48.894396],[-115.091862,48.894534],[-115.092331,48.894586],[-115.093763,48.89467],[-115.104045,48.894741],[-115.111529,48.894944],[-115.112377,48.895044],[-115.114113,48.895438],[-115.115239,48.895704],[-115.115589,48.895821],[-115.117447,48.896256],[-115.118094,48.89646],[-115.118338,48.896646],[-115.118674,48.896732],[-115.120031,48.896837],[-115.120601,48.896772],[-115.121457,48.896765],[-115.122717,48.896723],[-115.123637,48.896586],[-115.126303,48.896014],[-115.127566,48.895697],[-115.128168,48.895441],[-115.128402,48.895232],[-115.128553,48.894697],[-115.128723,48.894379],[-115.129421,48.893814],[-115.129968,48.893568],[-115.130755,48.893522],[-115.131234,48.893442],[-115.131666,48.893277],[-115.132029,48.893049],[-115.132361,48.892988],[-115.132665,48.893058],[-115.132894,48.893161],[-115.133187,48.893375],[-115.13353,48.893651],[-115.133983,48.893918],[-115.134336,48.894062],[-115.134852,48.894223],[-115.135741,48.894265],[-115.136304,48.894272],[-115.13662,48.894198],[-115.137019,48.893971],[-115.137517,48.893652],[-115.137688,48.893321],[-115.137768,48.892988],[-115.138019,48.892804],[-115.138645,48.892717],[-115.139207,48.892748],[-115.139749,48.89279],[-115.140137,48.892854],[-115.140964,48.893334],[-115.141489,48.893604],[-115.141953,48.893727],[-115.142417,48.893851],[-115.142709,48.894077],[-115.143198,48.894597],[-115.143927,48.895054],[-115.144671,48.89557],[-115.145067,48.89586],[-115.14609,48.89653],[-115.146811,48.896866],[-115.147287,48.897062],[-115.147755,48.897137],[-115.148404,48.897219],[-115.149293,48.897261],[-115.150108,48.897312],[-115.150807,48.897467],[-115.151493,48.897538],[-115.152229,48.897682],[-115.152996,48.897888],[-115.153759,48.898141],[-115.154604,48.898517],[-115.154875,48.898732],[-115.15532,48.898925],[-115.155732,48.899105],[-115.156049,48.899153],[-115.156536,48.899208],[-115.157233,48.898905],[-115.157895,48.898818],[-115.158225,48.89886],[-115.158544,48.8989],[-115.159062,48.899037],[-115.159448,48.89923],[-115.159688,48.899418],[-115.159663,48.899753],[-115.15961,48.899968],[-115.15976,48.900153],[-115.160061,48.900259],[-115.160399,48.900366],[-115.160696,48.900532],[-115.160755,48.900714],[-115.160702,48.900928],[-115.16047,48.901112],[-115.160361,48.901337],[-115.160795,48.901615],[-115.161208,48.901701],[-115.161687,48.901861],[-115.16221,48.901926],[-115.162735,48.901968],[-115.163036,48.902074],[-115.16376,48.902134],[-115.164181,48.902112],[-115.164559,48.90216],[-115.164804,48.9023],[-115.165074,48.902573],[-115.166101,48.902715],[-115.166897,48.90279],[-115.167473,48.902869],[-115.167818,48.902892],[-115.168203,48.903085],[-115.16857,48.903289],[-115.168982,48.903627],[-115.169186,48.903814],[-115.169816,48.903906],[-115.170205,48.903927],[-115.170708,48.903912],[-115.171039,48.903863],[-115.171348,48.903393],[-115.171326,48.903212],[-115.171618,48.902718],[-115.171849,48.902557],[-115.172127,48.902494],[-115.172601,48.902486],[-115.172869,48.902555],[-115.173074,48.90273],[-115.173301,48.902857],[-115.173602,48.902963],[-115.174048,48.902846],[-115.175044,48.902447],[-115.175753,48.902218],[-115.176706,48.902129],[-115.176973,48.90197],[-115.177466,48.90195],[-115.178509,48.902129],[-115.179027,48.902266],[-115.179524,48.902186],[-115.179917,48.902055],[-115.180594,48.901765],[-115.180958,48.901525],[-115.181178,48.901268],[-115.181412,48.90106],[-115.181796,48.900556],[-115.18203,48.900348],[-115.182227,48.900163],[-115.18206,48.899965],[-115.181831,48.89985],[-115.181554,48.899672],[-115.181596,48.89935],[-115.181952,48.899217],[-115.18319,48.898502],[-115.183568,48.898322],[-115.184042,48.898074],[-115.184339,48.897759],[-115.184408,48.897558],[-115.184425,48.897344],[-115.184541,48.895348]]}},{"type":"Feature","properties":{"segment_type":"roadwalk","route_id":"main","region_id":"rocky-mountains","region_name":"Rocky Mountains","section_id":null,"section_name":null,"route_type":"roadwalk"},"geometry":{"type":"LineString","coordinates":[[-115.184541,48.895348],[-115.184486,48.894847],[-115.18439,48.894634],[-115.18371,48.89399],[-115.183225,48.893591],[-115.182541,48.893308],[-115.181996,48.892936],[-115.181473,48.89258],[-115.18388,48.89179],[-115.185474,48.891183],[-115.18649,48.890748],[-115.187346,48.89026],[-115.188227,48.889677],[-115.189087,48.888901],[-115.19064,48.887139],[-115.1908,48.886917],[-115.191008,48.886695],[-115.192081,48.885317],[-115.192371,48.884845],[-115.192907,48.883972],[-115.19307,48.883615],[-115.193149,48.88331],[-115.193609,48.881509],[-115.193778,48.881095],[-115.193925,48.880764],[-115.194163,48.880546],[-115.194764,48.880123],[-115.196161,48.879201],[-115.196709,48.878759],[-115.197158,48.878416],[-115.197386,48.87814],[-115.197586,48.877892],[-115.197748,48.87757],[-115.197919,48.876979],[-115.198537,48.875333],[-115.198659,48.874984],[-115.198819,48.874699],[-115.199145,48.874362],[-115.199678,48.873948],[-115.201026,48.873192],[-115.201348,48.873011],[-115.206595,48.870079],[-115.207108,48.869835],[-115.207689,48.869619],[-115.208842,48.869236],[-115.209993,48.868854],[-115.210339,48.868734],[-115.210687,48.868532],[-115.211868,48.867534],[-115.213052,48.866446],[-115.216077,48.862687],[-115.216391,48.862269],[-115.216509,48.862019],[-115.216585,48.861822],[-115.216999,48.860911],[-115.218178,48.858419],[-115.218489,48.8581],[-115.218959,48.857541],[-115.219509,48.857018],[-115.220255,48.856373],[-115.220604,48.856145],[-115.221742,48.855569],[-115.222976,48.854985],[-115.224931,48.854052],[-115.226094,48.853557],[-115.227576,48.852914],[-115.229102,48.852164],[-115.231267,48.851073],[-115.23356,48.849839],[-115.233688,48.84968],[-115.234028,48.849316],[-115.235079,48.848108],[-115.235464,48.847638],[-115.235889,48.847176],[-115.236655,48.846315],[-115.236944,48.845861],[-115.237169,48.845253],[-115.237562,48.843774],[-115.237855,48.843203],[-115.238406,48.842249],[-115.239373,48.840707],[-115.240019,48.839385],[-115.24016,48.838875],[-115.240148,48.838443],[-115.240111,48.837543],[-115.239643,48.836141],[-115.239455,48.83567],[-115.239008,48.835187],[-115.238544,48.834811],[-115.237755,48.834403],[-115.237048,48.834125],[-115.2368,48.834028],[-115.236255,48.833651],[-115.235754,48.833176],[-115.235509,48.832767],[-115.235278,48.831981],[-115.235312,48.831774],[-115.235643,48.831285],[-115.23614,48.830707],[-115.23664,48.830445],[-115.238609,48.829855],[-115.239588,48.829519],[-115.240198,48.829231],[-115.241824,48.828338],[-115.242086,48.828234],[-115.242662,48.828126],[-115.243291,48.828082],[-115.2436,48.828104],[-115.244691,48.828184],[-115.245385,48.828186],[-115.245983,48.828116],[-115.246537,48.827978],[-115.246991,48.82785],[-115.247731,48.827735],[-115.249884,48.827723],[-115.251071,48.827696],[-115.251792,48.827734],[-115.252366,48.827671],[-115.25323,48.827522],[-115.25429,48.827205],[-115.255089,48.826956],[-115.255588,48.826703],[-115.255936,48.826501],[-115.256293,48.826408],[-115.257064,48.826195],[-115.258303,48.825808],[-115.258885,48.825547],[-115.259386,48.825231],[-115.259612,48.825001],[-115.260707,48.824459],[-115.261305,48.824126],[-115.261776,48.823882],[-115.262181,48.823609],[-115.271025,48.827925],[-115.271342,48.827822],[-115.271933,48.82766],[-115.272456,48.827506],[-115.273315,48.827105],[-115.273608,48.826902],[-115.274316,48.826526],[-115.274633,48.826423],[-115.275016,48.826356],[-115.276589,48.8262],[-115.277151,48.826083],[-115.277678,48.82582],[-115.278386,48.825435],[-115.278819,48.825136],[-115.279236,48.82489],[-115.27975,48.82461],[-115.280621,48.824245],[-115.281228,48.824002],[-115.281548,48.823827],[-115.281941,48.823491],[-115.282445,48.823085],[-115.282834,48.822857],[-115.28307,48.822743],[-115.283297,48.822486],[-115.283521,48.822309],[-115.283899,48.821991],[-115.284518,48.821424],[-115.284981,48.821026],[-115.285272,48.820905],[-115.2857,48.820731],[-115.286083,48.820674],[-115.287147,48.820645],[-115.28803,48.820721],[-115.288786,48.820912],[-115.289434,48.82111],[-115.289675,48.821213],[-115.290015,48.821236],[-115.290371,48.821196],[-115.290803,48.820906],[-115.290907,48.820646],[-115.290956,48.820422],[-115.290801,48.820159],[-115.290616,48.820003],[-115.290085,48.819573],[-115.289897,48.819111],[-115.289977,48.818743],[-115.290305,48.818393]]}},{"type":"Feature","properties":{"segment_type":"trail","route_id":"main","region_id":"rocky-mountains","region_name":"Rocky Mountains","section_id":null,"section_name":null},"geometry":{"type":"LineString","coordinates":[[-115.290305,48.818393],[-115.290712,48.818367],[-115.291216,48.818375],[-115.291458,48.818477],[-115.292047,48.818387],[-115.292349,48.818293],[-115.292648,48.818333],[-115.29289,48.818436],[-115.293288,48.818343],[-115.293486,48.818516],[-115.293583,48.818878],[-115.293876,48.819467],[-115.294275,48.818951],[-115.294986,48.818467],[-115.295344,48.818364],[-115.295345,48.819156],[-115.295617,48.819547],[-115.296086,48.818987],[-115.296424,48.818659],[-115.29657,48.819579],[-115.297309,48.819068],[-115.297534,48.818882],[-115.297565,48.81917],[-115.297877,48.820408],[-115.29867,48.81871],[-115.298984,48.818688],[-115.300222,48.82037],[-115.300709,48.819658],[-115.301056,48.819051],[-115.301393,48.81875],[-115.301811,48.818495],[-115.30207,48.819696],[-115.302171,48.819931],[-115.303015,48.819143],[-115.303251,48.819002],[-115.303378,48.819292],[-115.303781,48.819856],[-115.304009,48.819976],[-115.304206,48.81979],[-115.304461,48.819488],[-115.304719,48.819105],[-115.304904,48.818883],[-115.305139,48.818778],[-115.305604,48.818722],[-115.305605,48.819082],[-115.305696,48.819632],[-115.305913,48.820067],[-115.30603,48.819817],[-115.30695,48.818814],[-115.307648,48.818311],[-115.30802,48.818164],[-115.308499,48.818108],[-115.308262,48.81868],[-115.308285,48.819202],[-115.308546,48.819557],[-115.309011,48.8187],[-115.309247,48.818542],[-115.311035,48.818064],[-115.312145,48.817441],[-115.311929,48.818608],[-115.312264,48.819593],[-115.313397,48.818314],[-115.314274,48.817733],[-115.314982,48.817348],[-115.314737,48.818154],[-115.314756,48.81882],[-115.314782,48.819243],[-115.315018,48.819535],[-115.315245,48.818845],[-115.315997,48.818352],[-115.317256,48.817777],[-115.316964,48.819176],[-115.317336,48.819865],[-115.317685,48.81961],[-115.317856,48.818991],[-115.318564,48.818201],[-115.318925,48.81799],[-115.319407,48.818654],[-115.319689,48.81918],[-115.320221,48.819548],[-115.320365,48.819325],[-115.320445,48.818957],[-115.320674,48.818637],[-115.320826,48.818999],[-115.321275,48.819401],[-115.32174,48.81975],[-115.321476,48.819107],[-115.321532,48.818658],[-115.321821,48.818158],[-115.322873,48.818057],[-115.323706,48.817997],[-115.323439,48.818254],[-115.322865,48.818713],[-115.323157,48.818934],[-115.323513,48.818885],[-115.325007,48.818214],[-115.32542,48.818085],[-115.325775,48.818054],[-115.326148,48.819112],[-115.326293,48.819285],[-115.326802,48.819112],[-115.328035,48.818096],[-115.328312,48.817947],[-115.328929,48.817848],[-115.328766,48.818241],[-115.328762,48.819186],[-115.32897,48.819486],[-115.32914,48.819272],[-115.329682,48.818551],[-115.330167,48.818307],[-115.330647,48.818197],[-115.331046,48.818103],[-115.331783,48.818051],[-115.332109,48.818065],[-115.333014,48.81913],[-115.333708,48.819563],[-115.334056,48.819748],[-115.334035,48.819559],[-115.334081,48.819002],[-115.334432,48.818287],[-115.334852,48.817942],[-115.335146,48.8181],[-115.335606,48.818601],[-115.33591,48.818902],[-115.336303,48.818962],[-115.336657,48.818967],[-115.337399,48.818366],[-115.338322,48.818064],[-115.33926,48.8177],[-115.339293,48.818357],[-115.33958,48.819135],[-115.34026,48.818371],[-115.340476,48.818006],[-115.340688,48.817766],[-115.340879,48.818578],[-115.341063,48.819201],[-115.34116,48.819572],[-115.341408,48.819485],[-115.34155,48.818912],[-115.341757,48.818393],[-115.34222,48.818004],[-115.342988,48.817844],[-115.343304,48.818163],[-115.343506,48.818321]]}},{"type":"Feature","properties":{"segment_type":"roadwalk","route_id":"main","region_id":"rocky-mountains","region_name":"Rocky Mountains","section_id":null,"section_name":null,"route_type":"roadwalk"},"geometry":{"type":"LineString","coordinates":[[-115.343506,48.818321],[-115.343511,48.818517],[-115.343504,48.818706],[-115.344195,48.818824],[-115.344592,48.818784],[-115.344933,48.818753],[-115.345236,48.818668],[-115.345734,48.818441],[-115.346122,48.818249],[-115.346396,48.818189],[-115.346724,48.818158],[-115.347033,48.818224]]}},{"type":"Feature","properties":{"segment_type":"trail","route_id":"main","region_id":"rocky-mountains","region_name":"Rocky Mountains","section_id":null,"section_name":null},"geometry":{"type":"LineString","coordinates":[[-115.347033,48.818224],[-115.347535,48.818092],[-115.348099,48.817687],[-115.349898,48.817378],[-115.350374,48.817395],[-115.351369,48.817507],[-115.351752,48.817625],[-115.352122,48.817633],[-115.352479,48.817762],[-115.352942,48.817945],[-115.35369,48.818079],[-115.354165,48.818203],[-115.354634,48.818306],[-115.355258,48.818471],[-115.356046,48.818559],[-115.358001,48.818792],[-115.359077,48.818878],[-115.35978,48.818954],[-115.36003,48.818877],[-115.360305,48.818611],[-115.360675,48.818674],[-115.360971,48.818655],[-115.361266,48.818661],[-115.361715,48.818822],[-115.362254,48.818879],[-115.362634,48.818871],[-115.362867,48.819017],[-115.363331,48.819301],[-115.363925,48.819335],[-115.364322,48.819362],[-115.365125,48.819492],[-115.365591,48.81943],[-115.365866,48.819408],[-115.366175,48.819481],[-115.366667,48.819472],[-115.367439,48.819534],[-115.368084,48.819586],[-115.370014,48.81981],[-115.371602,48.820029],[-115.373295,48.82022],[-115.374805,48.820241],[-115.376108,48.820188],[-115.37873,48.819628],[-115.380423,48.819149],[-115.38163,48.818455],[-115.383916,48.817563],[-115.384355,48.817141],[-115.384708,48.816726],[-115.384982,48.816345],[-115.385121,48.815998],[-115.385485,48.815695],[-115.386063,48.815364]]}},{"type":"Feature","properties":{"segment_type":"trail","route_id":"main","region_id":"rocky-mountains","region_name":"Rocky Mountains","section_id":null,"section_name":null,"route_type":"cross-country"},"geometry":{"type":"LineString","coordinates":[[-115.386063,48.815364],[-115.391666,48.81654]]}},{"type":"Feature","properties":{"segment_type":"trail","route_id":"main","region_id":"rocky-mountains","region_name":"Rocky Mountains","section_id":null,"section_name":null},"geometry":{"type":"LineString","coordinates":[[-115.391666,48.81654],[-115.391872,48.816278],[-115.391954,48.816099],[-115.392076,48.815907],[-115.392227,48.815731],[-115.392346,48.815538],[-115.392466,48.815325],[-115.392556,48.815136],[-115.392676,48.81494],[-115.392785,48.81475],[-115.392955,48.814534],[-115.393014,48.814329],[-115.392961,48.814105],[-115.392949,48.813907],[-115.393188,48.812598],[-115.393204,48.812362],[-115.393256,48.812146],[-115.393533,48.812152],[-115.39376,48.812301],[-115.393972,48.812441],[-115.39419,48.812635],[-115.394311,48.812839],[-115.394432,48.813056],[-115.394555,48.81328],[-115.394692,48.813477],[-115.394787,48.813675],[-115.394995,48.813872],[-115.395218,48.814065],[-115.395418,48.814319],[-115.395596,48.814515],[-115.395798,48.814698],[-115.395772,48.814922],[-115.395697,48.815127],[-115.395707,48.815371],[-115.395689,48.815609],[-115.395649,48.815823],[-115.395736,48.816041],[-115.395892,48.816249],[-115.396063,48.816453],[-115.396203,48.816665],[-115.39629,48.816871],[-115.396601,48.817309],[-115.396768,48.817606],[-115.396983,48.817934],[-115.397149,48.818246],[-115.39722,48.81845],[-115.397316,48.818622],[-115.397411,48.81881],[-115.397506,48.818998],[-115.397843,48.819249],[-115.398349,48.819499],[-115.398566,48.819625],[-115.398646,48.819865],[-115.3993,48.820398],[-115.399614,48.820537],[-115.399803,48.820709],[-115.400017,48.820867],[-115.400283,48.820993],[-115.400695,48.821183],[-115.401059,48.821405],[-115.401279,48.821517],[-115.401693,48.821724],[-115.402048,48.821944],[-115.402287,48.82207],[-115.402694,48.822291],[-115.402986,48.822482],[-115.403604,48.822735],[-115.40402,48.822871],[-115.404252,48.822993],[-115.404534,48.823226],[-115.404651,48.823396],[-115.404862,48.823703],[-115.404978,48.823871],[-115.405163,48.824146],[-115.405279,48.824314],[-115.405597,48.824568],[-115.406007,48.824713],[-115.406284,48.824803],[-115.406538,48.824893],[-115.406865,48.825171],[-115.407075,48.825324],[-115.407401,48.82557],[-115.407655,48.825842],[-115.407817,48.826134],[-115.407872,48.826317],[-115.408004,48.82661],[-115.408051,48.826979],[-115.408076,48.827303],[-115.408461,48.827899],[-115.408844,48.828382],[-115.409056,48.828697],[-115.410575,48.829357],[-115.410979,48.829515],[-115.411767,48.82958],[-115.412496,48.829797],[-115.413819,48.830202],[-115.414725,48.830403],[-115.415699,48.830633],[-115.416251,48.830838],[-115.418611,48.831626],[-115.419365,48.831934],[-115.419752,48.8322],[-115.420644,48.832869],[-115.421567,48.833394],[-115.421752,48.833595],[-115.421881,48.833812],[-115.421955,48.834074],[-115.421905,48.834343],[-115.421886,48.834523],[-115.421986,48.835235],[-115.422059,48.835524],[-115.422245,48.836102],[-115.422873,48.836498],[-115.423527,48.836966],[-115.423534,48.837164],[-115.423619,48.837507],[-115.423749,48.837679],[-115.424681,48.838385],[-115.42502,48.838443],[-115.425388,48.838439],[-115.42576,48.83831],[-115.42616,48.838171],[-115.426528,48.838167],[-115.42688,48.838253],[-115.42723,48.838393],[-115.428394,48.839074],[-115.428854,48.839462],[-115.42942,48.839875],[-115.429813,48.840024],[-115.430533,48.840129],[-115.431256,48.840163],[-115.432422,48.839892],[-115.433448,48.839477],[-115.434798,48.839089],[-115.436248,48.839014],[-115.43824,48.838921],[-115.439835,48.838824],[-115.440892,48.838552],[-115.442359,48.837927],[-115.443921,48.837547],[-115.445056,48.837271],[-115.448005,48.836667],[-115.449063,48.836371],[-115.448984,48.836837],[-115.44903,48.837129],[-115.449751,48.837054],[-115.450288,48.836988],[-115.450787,48.836922],[-115.45125,48.836855],[-115.451077,48.837084],[-115.450906,48.837264],[-115.451407,48.837149],[-115.451945,48.837035],[-115.452447,48.836883],[-115.452583,48.836654],[-115.453079,48.836114],[-115.453393,48.836081],[-115.453855,48.836247],[-115.454163,48.835575],[-115.455622,48.834701],[-115.456702,48.83457],[-115.457089,48.834575],[-115.457707,48.834838],[-115.458629,48.835228],[-115.459546,48.834778],[-115.45981,48.834587],[-115.460446,48.834255],[-115.460527,48.834633],[-115.462256,48.834753],[-115.463798,48.834932],[-115.464489,48.834888],[-115.465229,48.834771],[-115.465987,48.83472],[-115.466496,48.834742],[-115.466909,48.834692],[-115.467309,48.834595],[-115.467874,48.834496],[-115.46832,48.83454],[-115.468897,48.834657],[-115.469155,48.834752],[-115.469832,48.83512],[-115.470156,48.835168],[-115.470457,48.835084],[-115.470868,48.835067],[-115.471537,48.834966],[-115.471826,48.835039],[-115.472248,48.835159],[-115.472851,48.835354],[-115.473312,48.835501],[-115.473758,48.8356],[-115.474318,48.835699],[-115.474849,48.835825],[-115.475191,48.835977],[-115.475868,48.836205],[-115.476101,48.836332],[-115.476542,48.836523],[-115.477394,48.836707],[-115.477994,48.83697],[-115.478286,48.837047],[-115.478915,48.836994],[-115.479473,48.836819],[-115.480045,48.836778],[-115.481592,48.836823],[-115.483375,48.836992],[-115.484553,48.837087],[-115.485437,48.83723],[-115.486667,48.837572],[-115.487952,48.837734],[-115.491567,48.837624],[-115.494723,48.837483],[-115.496691,48.837407],[-115.497818,48.837324],[-115.498193,48.837098],[-115.499208,48.836443],[-115.500079,48.835664],[-115.500627,48.835184],[-115.501186,48.834985],[-115.50147,48.834746],[-115.501836,48.834203],[-115.502432,48.833384],[-115.502888,48.832916],[-115.503225,48.832726],[-115.504418,48.832267],[-115.505441,48.831964],[-115.50751,48.831668],[-115.508032,48.833028],[-115.508324,48.834041],[-115.507976,48.836267],[-115.508367,48.837999],[-115.50892,48.839732],[-115.509454,48.840722],[-115.510238,48.841422],[-115.510596,48.841586],[-115.512078,48.841844],[-115.513,48.841962],[-115.513438,48.842127],[-115.513751,48.84245],[-115.513988,48.842612],[-115.514467,48.842751],[-115.515184,48.843],[-115.51597,48.843647],[-115.516848,48.843924],[-115.51796,48.844443],[-115.518899,48.844603],[-115.520482,48.845591],[-115.520502,48.845825],[-115.520524,48.846014],[-115.520682,48.846178],[-115.520811,48.84645],[-115.52069,48.846853],[-115.520712,48.847033],[-115.520808,48.847457],[-115.52103,48.847784],[-115.521295,48.848048],[-115.521474,48.848455],[-115.521631,48.848691],[-115.522078,48.848787],[-115.52354,48.848644],[-115.524564,48.848585],[-115.525285,48.848666],[-115.525743,48.848852],[-115.525654,48.849067],[-115.52502,48.84932],[-115.524321,48.849455],[-115.523351,48.849532],[-115.52208,48.849624],[-115.521546,48.849716],[-115.520968,48.849906],[-115.520701,48.850155],[-115.520257,48.850428],[-115.519474,48.850634],[-115.518776,48.850733],[-115.518579,48.850937],[-115.518484,48.851404],[-115.518669,48.851595],[-115.518981,48.851635],[-115.519052,48.852014],[-115.518909,48.852246],[-115.518822,48.852425],[-115.5186,48.852539],[-115.518311,48.852625],[-115.518031,48.852892],[-115.517728,48.852978],[-115.517239,48.853052],[-115.517036,48.853347],[-115.516524,48.854042],[-115.516323,48.85439],[-115.516276,48.854614],[-115.516377,48.854867],[-115.516642,48.85515],[-115.517268,48.855635],[-115.517454,48.855817],[-115.517567,48.856115],[-115.517472,48.856591],[-115.517225,48.857091],[-115.517259,48.857344],[-115.517211,48.857568],[-115.517056,48.857737],[-115.516942,48.857916],[-115.516894,48.85814],[-115.516881,48.858571],[-115.516876,48.858769],[-115.516567,48.859062],[-115.516368,48.859339],[-115.51599,48.860116],[-115.51587,48.860511],[-115.516094,48.860765],[-115.51658,48.860925],[-115.516891,48.861028],[-115.516994,48.861209],[-115.517048,48.861686],[-115.517078,48.862083],[-115.517761,48.862496],[-115.518054,48.862725],[-115.51813,48.862933],[-115.518077,48.863328],[-115.517914,48.863758],[-115.517719,48.863899],[-115.517481,48.864121],[-115.517327,48.864272],[-115.51732,48.864479],[-115.517383,48.864678],[-115.517647,48.86496],[-115.517751,48.865132],[-115.517676,48.865356],[-115.517586,48.865661],[-115.517346,48.865928],[-115.517409,48.866558],[-115.517769,48.867291],[-115.518383,48.868208],[-115.518535,48.868588],[-115.519063,48.869647],[-115.51924,48.870126],[-115.519271,48.87045],[-115.519187,48.870998],[-115.518637,48.871621],[-115.518006,48.872189],[-115.517528,48.872686],[-115.517013,48.873507],[-115.516465,48.874058],[-115.516088,48.874341],[-115.515928,48.87469],[-115.51592,48.874942],[-115.515695,48.875182],[-115.51638,48.875523],[-115.516606,48.875742],[-115.51669,48.876112],[-115.516541,48.876542],[-115.516339,48.876908],[-115.51684,48.877059],[-115.517145,48.877323],[-115.517691,48.877798],[-115.518081,48.877965],[-115.518472,48.878123],[-115.518987,48.878238],[-115.519312,48.878323],[-115.519581,48.878452],[-115.519887,48.87869],[-115.520254,48.878749],[-115.520845,48.879521],[-115.521362,48.88004],[-115.521383,48.88023],[-115.520732,48.880563],[-115.520523,48.880713],[-115.521267,48.881416],[-115.521567,48.881851],[-115.521724,48.882096],[-115.521689,48.882339],[-115.520813,48.882462],[-115.52059,48.882613],[-115.520561,48.883125],[-115.520518,48.883655],[-115.520449,48.884149],[-115.521008,48.884156],[-115.521283,48.884106],[-115.521967,48.884043],[-115.522404,48.884021],[-115.522717,48.884052],[-115.52297,48.884712],[-115.523212,48.884841],[-115.523938,48.884248],[-115.524433,48.883651],[-115.524838,48.883342],[-115.525609,48.883091],[-115.526525,48.883021],[-115.527155,48.88293],[-115.52761,48.882774],[-115.52905,48.882064],[-115.529903,48.881787],[-115.531224,48.881408],[-115.53267,48.88095],[-115.533675,48.880602],[-115.534706,48.880328],[-115.535857,48.880171],[-115.536585,48.880001],[-115.537515,48.879896],[-115.53797,48.879721],[-115.538907,48.879391],[-115.539324,48.879127],[-115.540226,48.878598],[-115.541074,48.87806],[-115.541706,48.877439],[-115.542193,48.877103],[-115.542957,48.876618],[-115.543395,48.876101],[-115.543504,48.875626],[-115.543374,48.874932],[-115.543129,48.873975],[-115.543065,48.873389],[-115.542871,48.873018],[-115.54276,48.872621],[-115.542811,48.872253],[-115.543063,48.87204],[-115.543966,48.871467],[-115.544488,48.87132],[-115.545005,48.871381],[-115.545368,48.871538],[-115.545527,48.871702],[-115.545789,48.872074],[-115.546066,48.87242],[-115.546812,48.873014],[-115.54728,48.873344],[-115.547822,48.873926],[-115.548844,48.87492],[-115.549247,48.875132],[-115.549594,48.87537],[-115.549862,48.875553],[-115.551155,48.875632],[-115.551611,48.87544],[-115.55213,48.874934],[-115.553312,48.874607],[-115.553918,48.874426],[-115.554478,48.874388],[-115.554928,48.874393],[-115.555242,48.87437],[-115.555804,48.874269],[-115.55789,48.874295],[-115.558266,48.87403],[-115.558589,48.873692],[-115.558839,48.873561],[-115.559087,48.873465],[-115.559773,48.873311],[-115.560063,48.87318],[-115.560626,48.873061],[-115.561873,48.872834],[-115.563167,48.872427],[-115.564142,48.872205],[-115.564626,48.87195],[-115.564921,48.871657],[-115.565134,48.871345],[-115.565347,48.870583],[-115.565781,48.869734],[-115.565943,48.869286],[-115.566113,48.869081],[-115.56661,48.868871],[-115.5677,48.868408],[-115.568075,48.868179],[-115.568401,48.86776],[-115.568778,48.867441],[-115.568999,48.867259],[-115.569702,48.867056],[-115.570364,48.866804],[-115.57117,48.866283],[-115.571795,48.865895],[-115.572483,48.86566],[-115.573442,48.865492],[-115.57478,48.865428],[-115.575697,48.865304],[-115.576256,48.865338],[-115.576497,48.865476],[-115.57701,48.865662],[-115.577295,48.865693],[-115.577899,48.865574],[-115.578351,48.865499],[-115.578786,48.865558],[-115.579663,48.865857],[-115.580581,48.86621],[-115.581096,48.866324],[-115.581654,48.866358],[-115.582256,48.866285],[-115.583021,48.866213],[-115.583409,48.866011],[-115.583793,48.865935],[-115.584267,48.866049],[-115.584364,48.866949],[-115.58459,48.867206],[-115.584556,48.867402],[-115.584198,48.867532],[-115.58386,48.867897],[-115.583164,48.868419],[-115.582673,48.86889],[-115.582336,48.869228],[-115.58173,48.869454],[-115.580705,48.869999],[-115.580385,48.870238],[-115.580215,48.87047],[-115.580208,48.870713],[-115.580408,48.870868],[-115.580842,48.870954],[-115.58101,48.870795],[-115.581365,48.870781],[-115.58148,48.871043],[-115.581639,48.871207],[-115.582161,48.871079],[-115.582371,48.870892],[-115.582775,48.870582],[-115.583074,48.870136],[-115.58364,48.8699],[-115.58384,48.870065],[-115.583791,48.870334],[-115.58358,48.870592],[-115.583574,48.870781],[-115.58361,48.870962],[-115.58389,48.871181],[-115.583926,48.871361],[-115.583878,48.871631],[-115.583287,48.87273],[-115.582692,48.87355],[-115.582643,48.87381],[-115.582543,48.874475],[-115.582503,48.874924],[-115.58239,48.876003],[-115.582214,48.876927],[-115.582205,48.877269],[-115.58196,48.877716],[-115.581839,48.878146],[-115.581852,48.879136],[-115.581803,48.879414],[-115.581726,48.879728],[-115.581568,48.880473],[-115.581494,48.880697],[-115.581325,48.880874],[-115.581584,48.881354],[-115.581645,48.881607],[-115.581558,48.882299],[-115.581616,48.882641],[-115.581814,48.882896],[-115.582264,48.882901],[-115.582705,48.882745],[-115.583132,48.882093],[-115.58347,48.881243],[-115.583745,48.880184],[-115.584033,48.879639],[-115.584314,48.879355],[-115.584695,48.879404],[-115.584991,48.879543],[-115.585222,48.880041],[-115.585476,48.880719],[-115.585572,48.881178],[-115.585478,48.882104],[-115.585528,48.882734],[-115.585656,48.883033],[-115.585919,48.883396],[-115.586591,48.883746],[-115.587847,48.884193],[-115.588768,48.884429],[-115.589616,48.884845],[-115.590124,48.885193],[-115.590729,48.885992],[-115.591271,48.88661],[-115.591698,48.886948],[-115.592004,48.887249],[-115.592517,48.887417],[-115.593235,48.887606],[-115.593945,48.887587],[-115.594505,48.887549],[-115.595259,48.887423],[-115.595871,48.887503],[-115.598367,48.888001],[-115.598676,48.888167],[-115.599216,48.888353],[-115.599665,48.888404],[-115.601005,48.888285],[-115.601241,48.888153],[-115.601492,48.887949],[-115.602307,48.887122],[-115.602694,48.886929],[-115.603903,48.886602],[-115.604175,48.886632],[-115.60447,48.886833],[-115.604641,48.88706],[-115.604634,48.887312],[-115.60409,48.888214],[-115.603371,48.889555],[-115.603366,48.889744],[-115.603497,48.889943],[-115.603936,48.890336],[-115.604159,48.890635],[-115.604761,48.891587],[-115.605882,48.891987],[-115.606639,48.891745],[-115.606981,48.891704],[-115.607389,48.891754],[-115.607739,48.89192],[-115.607828,48.892146],[-115.607926,48.892552],[-115.608197,48.892627],[-115.608725,48.892292],[-115.609205,48.892207],[-115.609547,48.892167],[-115.609795,48.89208],[-115.610167,48.891949],[-115.610547,48.892017],[-115.611219,48.892367],[-115.611636,48.892579],[-115.611933,48.892717],[-115.612573,48.893247],[-115.613411,48.894021],[-115.613852,48.894369],[-115.614214,48.89458],[-115.614727,48.894784],[-115.615751,48.895237],[-115.616132,48.895305],[-115.616441,48.895326]]}},{"type":"Feature","properties":{"segment_type":"roadwalk","route_id":"main","region_id":"rocky-mountains","region_name":"Rocky Mountains","section_id":null,"section_name":null,"route_type":"roadwalk"},"geometry":{"type":"LineString","coordinates":[[-115.616441,48.895326],[-115.616304,48.895972],[-115.615846,48.896494],[-115.615349,48.896701],[-115.61469,48.896907],[-115.614159,48.89718],[-115.613196,48.897652],[-115.612796,48.898084],[-115.612466,48.898345],[-115.6119,48.898566],[-115.611413,48.898752],[-115.6109,48.899038],[-115.610397,48.899173],[-115.609941,48.899185],[-115.609459,48.899284],[-115.609072,48.899397],[-115.608585,48.899571],[-115.607899,48.899614],[-115.605997,48.899646],[-115.604647,48.899669],[-115.604276,48.899678]]}},{"type":"Feature","properties":{"segment_type":"trail","route_id":"main","region_id":"rocky-mountains","region_name":"Rocky Mountains","section_id":null,"section_name":null},"geometry":{"type":"LineString","coordinates":[[-115.604276,48.899678],[-115.604681,48.899827],[-115.605167,48.90004],[-115.605942,48.900139],[-115.606729,48.900283],[-115.607518,48.900383],[-115.608377,48.900411],[-115.608716,48.900487],[-115.609024,48.900698],[-115.609802,48.901157],[-115.610236,48.90127],[-115.611854,48.901479],[-115.613119,48.901602],[-115.613389,48.90174],[-115.613493,48.901921],[-115.613614,48.902212],[-115.613749,48.902536],[-115.613908,48.9027],[-115.614901,48.902802],[-115.615172,48.902868],[-115.615441,48.903033],[-115.616519,48.904018],[-115.616856,48.904157],[-115.617226,48.904222],[-115.61917,48.904373],[-115.619713,48.90447],[-115.620115,48.904726],[-115.62075,48.905454],[-115.621015,48.905754],[-115.62098,48.906545],[-115.621081,48.906825],[-115.621346,48.907107],[-115.621871,48.907383],[-115.622791,48.907682],[-115.623659,48.907864],[-115.624259,48.907889],[-115.625011,48.907853],[-115.625957,48.907693],[-115.627814,48.907157],[-115.629036,48.906884],[-115.630082,48.906537],[-115.630957,48.90598],[-115.631467,48.905303],[-115.632319,48.905079],[-115.633944,48.904492],[-115.635408,48.903901],[-115.636282,48.903389],[-115.636708,48.903277],[-115.637206,48.903004],[-115.637836,48.902445],[-115.638324,48.902046],[-115.638887,48.901936],[-115.640103,48.901869],[-115.64023,48.901709],[-115.640607,48.901389],[-115.64123,48.901073],[-115.642152,48.900769],[-115.642404,48.900529],[-115.642792,48.899805],[-115.64317,48.899222],[-115.643649,48.898903],[-115.644363,48.898782],[-115.646426,48.898642],[-115.648564,48.898481]]}},{"type":"Feature","properties":{"segment_type":"roadwalk","route_id":"main","region_id":"rocky-mountains","region_name":"Rocky Mountains","section_id":null,"section_name":null,"route_type":"roadwalk"},"geometry":{"type":"LineString","coordinates":[[-115.648564,48.898481],[-115.648861,48.89889],[-115.64913,48.899174],[-115.649533,48.899539],[-115.64982,48.899846],[-115.649983,48.900117],[-115.650057,48.900417],[-115.650053,48.900907],[-115.649994,48.90133],[-115.649807,48.901926],[-115.64975,48.90244],[-115.649838,48.904316],[-115.649869,48.90475],[-115.649725,48.905352],[-115.649479,48.906083],[-115.64938,48.906404],[-115.649368,48.907327],[-115.649658,48.907837],[-115.649776,48.908429],[-115.650036,48.909185],[-115.650212,48.909714],[-115.650405,48.910176],[-115.650541,48.910622],[-115.650582,48.911056],[-115.65062,48.911383],[-115.650659,48.911761],[-115.650706,48.912061],[-115.650786,48.912253],[-115.651104,48.912405],[-115.65128,48.912118],[-115.651299,48.911798],[-115.651543,48.911537],[-115.651723,48.911244],[-115.651994,48.911022],[-115.652226,48.910778],[-115.652323,48.910463],[-115.652425,48.910231],[-115.652557,48.910041],[-115.652704,48.909872],[-115.652993,48.909855],[-115.653008,48.910061],[-115.653024,48.91046],[-115.653084,48.91102],[-115.653103,48.911433],[-115.653079,48.911633],[-115.653262,48.912044],[-115.653504,48.912362],[-115.653724,48.912623],[-115.654037,48.912786],[-115.654339,48.912719],[-115.654785,48.912652],[-115.655351,48.912561],[-115.6558,48.912495],[-115.656237,48.912464],[-115.656655,48.912433],[-115.657505,48.909145],[-115.657602,48.908974],[-115.657829,48.90887],[-115.65817,48.908813],[-115.659867,48.908675],[-115.660407,48.908535],[-115.660843,48.908251],[-115.661662,48.907593],[-115.661741,48.907417],[-115.661809,48.907204],[-115.661912,48.906592],[-115.662344,48.905476],[-115.663109,48.903919],[-115.663292,48.903732],[-115.663681,48.903449],[-115.663887,48.903937],[-115.664098,48.904201],[-115.664496,48.90461],[-115.664775,48.904919],[-115.664878,48.905136],[-115.665115,48.905472],[-115.665641,48.906092],[-115.666471,48.906819],[-115.666793,48.907021],[-115.667373,48.90727],[-115.668173,48.907468],[-115.669205,48.907669],[-115.66987,48.907821],[-115.670112,48.907932],[-115.670474,48.908206],[-115.670658,48.90846],[-115.670908,48.908786],[-115.670943,48.909021],[-115.670957,48.909525],[-115.670991,48.910317],[-115.670969,48.911153],[-115.67094,48.912214],[-115.670975,48.913501],[-115.671047,48.913844],[-115.670987,48.914041],[-115.670842,48.91439],[-115.670221,48.915157],[-115.670092,48.91538],[-115.670113,48.915614],[-115.670284,48.921509],[-115.670346,48.922575],[-115.670506,48.925319],[-115.670584,48.926667],[-115.670546,48.927063],[-115.670495,48.927476],[-115.670246,48.928598],[-115.670243,48.929245],[-115.670214,48.930846],[-115.670529,48.931309],[-115.671139,48.932018],[-115.671674,48.932438],[-115.672476,48.933058],[-115.672662,48.93325],[-115.672808,48.93344],[-115.672923,48.933729],[-115.672947,48.934089],[-115.673144,48.935162],[-115.673235,48.935352],[-115.673502,48.935571],[-115.673944,48.935882],[-115.674692,48.935999],[-115.675904,48.936157],[-115.676809,48.936518],[-115.677716,48.936825],[-115.67841,48.936914],[-115.67901,48.936921],[-115.679981,48.936887],[-115.681447,48.936706],[-115.683145,48.936509],[-115.68391,48.936482],[-115.684946,48.936548],[-115.686229,48.936572],[-115.687079,48.936446],[-115.687781,48.936256],[-115.688817,48.9358],[-115.689383,48.935537],[-115.689996,48.935085],[-115.690579,48.934741],[-115.691116,48.934558],[-115.691473,48.934481],[-115.692859,48.934209],[-115.693793,48.934004],[-115.694357,48.933848],[-115.694864,48.933791],[-115.695436,48.933842],[-115.696413,48.934078],[-115.697917,48.934527],[-115.699041,48.934872],[-115.699544,48.934968],[-115.700458,48.934996],[-115.701279,48.934925],[-115.702017,48.934888],[-115.702411,48.934955],[-115.70379,48.935493],[-115.704897,48.935469],[-115.707067,48.935493],[-115.707438,48.935417],[-115.708397,48.935283],[-115.709001,48.935182],[-115.709411,48.935169],[-115.710966,48.935222],[-115.711243,48.935081],[-115.711833,48.93444],[-115.712028,48.93428],[-115.712374,48.934113],[-115.713434,48.933756],[-115.714675,48.933284],[-115.715117,48.933082],[-115.715437,48.932861],[-115.716186,48.932411],[-115.716475,48.932324],[-115.717109,48.932088],[-115.717397,48.932028],[-115.717958,48.93199],[-115.720154,48.931555],[-115.720977,48.931375],[-115.72151,48.931381],[-115.721894,48.931436],[-115.722323,48.931597],[-115.722669,48.931952],[-115.723099,48.932235],[-115.723477,48.93242],[-115.723859,48.932424],[-115.724243,48.932365],[-115.725197,48.931881],[-115.725685,48.93149],[-115.725937,48.931259],[-115.725652,48.931193],[-115.724864,48.931022],[-115.724359,48.930999],[-115.723486,48.930989],[-115.72323,48.930851],[-115.723488,48.930378],[-115.724073,48.929907],[-115.72419,48.929081],[-115.72432,48.928785],[-115.724905,48.928351],[-115.725585,48.9279],[-115.725716,48.927568],[-115.725873,48.9273],[-115.726293,48.926891],[-115.726831,48.92615],[-115.727348,48.925679],[-115.728151,48.924725],[-115.728421,48.924288],[-115.728621,48.923921],[-115.728917,48.923564],[-115.729359,48.92338],[-115.730131,48.923083],[-115.730476,48.922943],[-115.730699,48.922729],[-115.730894,48.922587],[-115.731344,48.922592],[-115.731588,48.922694],[-115.73151,48.923053],[-115.731201,48.923401],[-115.731126,48.923679],[-115.73121,48.924129],[-115.731124,48.924839],[-115.730925,48.925152],[-115.73075,48.925582],[-115.730759,48.92578],[-115.731295,48.926694],[-115.731934,48.927871],[-115.732246,48.927982],[-115.73309,48.928072],[-115.733783,48.928206],[-115.734447,48.928384],[-115.735162,48.928716],[-115.735632,48.929036],[-115.735995,48.929274],[-115.736287,48.92961],[-115.736523,48.929963],[-115.736758,48.930389],[-115.736966,48.930265],[-115.737067,48.929528],[-115.737235,48.92828],[-115.737379,48.927454],[-115.737443,48.927058],[-115.737449,48.926843],[-115.737253,48.925932],[-115.737424,48.925655],[-115.737937,48.925328],[-115.738232,48.925007],[-115.738578,48.924813],[-115.73883,48.924573],[-115.738835,48.924384],[-115.739089,48.923514],[-115.739258,48.923282],[-115.739532,48.92324],[-115.740103,48.923354],[-115.740194,48.923544],[-115.739848,48.923702],[-115.739613,48.923835],[-115.739499,48.924562],[-115.739451,48.926478],[-115.739662,48.926786],[-115.740318,48.927279],[-115.740973,48.927826],[-115.741184,48.928134],[-115.741295,48.928603],[-115.741496,48.929289],[-115.741704,48.929705],[-115.742071,48.930321],[-115.743756,48.932813],[-115.744023,48.933068],[-115.744336,48.933107],[-115.744437,48.932901],[-115.744153,48.932233],[-115.743751,48.931392],[-115.743682,48.930887],[-115.743662,48.930041],[-115.743722,48.929286],[-115.743943,48.928641],[-115.744161,48.928121],[-115.744744,48.927174],[-115.745011,48.926862],[-115.745625,48.926347],[-115.746288,48.926048],[-115.747033,48.925742],[-115.747352,48.925538],[-115.747859,48.925463],[-115.748965,48.925448],[-115.749838,48.925484],[-115.75056,48.925546],[-115.750979,48.925694],[-115.751457,48.92623],[-115.751681,48.926584],[-115.751893,48.926829],[-115.752243,48.926974],[-115.753716,48.92764],[-115.754863,48.928174],[-115.755417,48.928405],[-115.755605,48.928551],[-115.756163,48.929138],[-115.756444,48.929379],[-115.756973,48.929511],[-115.757614,48.929563],[-115.758134,48.929523],[-115.758545,48.929456],[-115.758819,48.929432],[-115.759117,48.929507],[-115.75944,48.929708],[-115.759852,48.930162],[-115.763311,48.934401],[-115.764876,48.936828],[-115.765168,48.937155],[-115.766128,48.93811],[-115.766578,48.938115],[-115.766995,48.937823],[-115.767819,48.936518],[-115.768238,48.936154],[-115.768671,48.935763],[-115.768974,48.93564],[-115.769302,48.935643],[-115.7696,48.935718],[-115.769828,48.935892],[-115.770369,48.936644],[-115.770899,48.936749],[-115.771231,48.936581],[-115.771318,48.936402],[-115.771497,48.935642],[-115.771561,48.935371],[-115.771801,48.935076],[-115.772177,48.934783],[-115.772463,48.934247],[-115.772757,48.934097],[-115.773263,48.933904],[-115.773525,48.933808],[-115.773871,48.933614],[-115.774395,48.933421],[-115.774805,48.933381],[-115.775256,48.933359],[-115.77564,48.9333],[-115.776012,48.933151],[-115.776481,48.9324],[-115.776759,48.932214],[-115.777527,48.932096],[-115.777791,48.931892],[-115.778109,48.930609],[-115.778056,48.929439],[-115.777922,48.928745],[-115.777749,48.927996],[-115.777647,48.927177],[-115.777524,48.926617],[-115.777238,48.926012],[-115.777291,48.924978],[-115.777146,48.924175],[-115.777233,48.923969],[-115.7775,48.923657],[-115.777695,48.923507],[-115.778035,48.923546],[-115.778223,48.924241],[-115.778545,48.924487],[-115.7793,48.924864],[-115.779555,48.925038],[-115.779808,48.925337],[-115.78166,48.927741],[-115.78197,48.927924],[-115.782537,48.928173],[-115.783251,48.928594],[-115.78337,48.928757],[-115.783632,48.929174],[-115.784141,48.929602],[-115.784565,48.930686],[-115.785091,48.93151],[-115.785377,48.932107],[-115.785685,48.932371],[-115.785815,48.932634],[-115.786071,48.932789],[-115.786211,48.93262],[-115.786383,48.931713],[-115.786415,48.931524],[-115.786702,48.931509],[-115.787166,48.93209],[-115.787491,48.932485],[-115.787647,48.932792],[-115.787756,48.933233],[-115.787852,48.933471],[-115.787962,48.933677],[-115.78802,48.933922],[-115.788102,48.934184],[-115.788198,48.934422],[-115.788367,48.934662],[-115.788517,48.93482],[-115.788902,48.934977],[-115.789212,48.934999],[-115.789529,48.934886],[-115.789888,48.934748],[-115.790185,48.93455],[-115.790448,48.934476],[-115.790744,48.934476],[-115.791226,48.934449],[-115.791608,48.934443],[-115.79211,48.934303],[-115.793319,48.933882],[-115.794158,48.933669],[-115.794508,48.933574],[-115.794904,48.933552],[-115.795311,48.933539],[-115.795756,48.933519],[-115.796573,48.933452],[-115.797153,48.933428],[-115.797644,48.933466],[-115.798019,48.933506],[-115.798172,48.933412]]}},{"type":"Feature","properties":{"segment_type":"trail","route_id":"main","region_id":"rocky-mountains","region_name":"Rocky Mountains","section_id":null,"section_name":null},"geometry":{"type":"LineString","coordinates":[[-115.798172,48.933412],[-115.798616,48.933468],[-115.799235,48.933615],[-115.79962,48.93375],[-115.800012,48.933916],[-115.800719,48.934022],[-115.802203,48.934226],[-115.802572,48.934203],[-115.80312,48.934137],[-115.803624,48.93416],[-115.804128,48.934219],[-115.805234,48.934231],[-115.806108,48.934222],[-115.806707,48.934291],[-115.808641,48.934509],[-115.809088,48.93463],[-115.809591,48.934762],[-115.810586,48.934826],[-115.811963,48.934885],[-115.813207,48.934853],[-115.813806,48.934922],[-115.814785,48.935076],[-115.815437,48.935254],[-115.815775,48.935365],[-115.816252,48.935406],[-115.816565,48.935463],[-115.816835,48.935583],[-115.81743,48.93585],[-115.818123,48.935983],[-115.818831,48.936071],[-115.819622,48.936115],[-115.820441,48.936141],[-115.821437,48.936152],[-115.821941,48.936211],[-115.822417,48.936288],[-115.822783,48.936426],[-115.823174,48.936637],[-115.824621,48.937821],[-115.826084,48.938898],[-115.826474,48.939145],[-115.826806,48.939535],[-115.827219,48.939971],[-115.828219,48.941591],[-115.828603,48.942117],[-115.829488,48.942801],[-115.830875,48.944227],[-115.830896,48.944506],[-115.830835,48.944767],[-115.830695,48.944954],[-115.830404,48.945131],[-115.8298,48.945242],[-115.829317,48.945444],[-115.828746,48.945951],[-115.828456,48.946083],[-115.827794,48.946337],[-115.827254,48.946665],[-115.826736,48.947181],[-115.826355,48.947717],[-115.826212,48.947976],[-115.825969,48.949035],[-115.825992,48.949216],[-115.826578,48.949276],[-115.827203,48.949399],[-115.827924,48.94955],[-115.828358,48.949654],[-115.828781,48.949676],[-115.829315,48.949645],[-115.829601,48.949666],[-115.829899,48.949759],[-115.830855,48.950363],[-115.831274,48.950556],[-115.831911,48.950769],[-115.832113,48.950897],[-115.832291,48.951475],[-115.832518,48.951684],[-115.832882,48.951876],[-115.833381,48.95216],[-115.833581,48.952351],[-115.833946,48.952535],[-115.834662,48.952875],[-115.834863,48.95303],[-115.834994,48.953274],[-115.835577,48.954045],[-115.836017,48.954535],[-115.8363,48.954664],[-115.836627,48.954739],[-115.837113,48.954969],[-115.837382,48.955161],[-115.83794,48.955814],[-115.837925,48.956488],[-115.83772,48.957044],[-115.837769,48.957306],[-115.837927,48.957568],[-115.838495,48.957799],[-115.838917,48.957893],[-115.839259,48.957842],[-115.839824,48.957641],[-115.840906,48.957508],[-115.841388,48.957342],[-115.841583,48.9572],[-115.841987,48.956844]]}},{"type":"Feature","properties":{"segment_type":"roadwalk","route_id":"main","region_id":"rocky-mountains","region_name":"Rocky Mountains","section_id":null,"section_name":null,"route_type":"roadwalk"},"geometry":{"type":"LineString","coordinates":[[-115.841987,48.956844],[-115.84294,48.957564],[-115.843122,48.957962],[-115.84309,48.958178],[-115.842976,48.958401],[-115.842458,48.958936],[-115.842303,48.959123],[-115.842129,48.959571],[-115.841562,48.959881],[-115.841349,48.960229],[-115.84137,48.96049],[-115.841643,48.961087],[-115.841663,48.961384],[-115.841628,48.961744],[-115.841444,48.962021],[-115.841136,48.96235],[-115.840415,48.962784],[-115.839988,48.962933],[-115.839465,48.963107],[-115.838714,48.963657],[-115.838614,48.963881],[-115.838606,48.964214],[-115.838715,48.9648],[-115.838845,48.965116],[-115.839431,48.965752],[-115.839587,48.966086],[-115.839633,48.966464],[-115.839507,48.967165],[-115.839805,48.967879],[-115.840322,48.968577],[-115.840423,48.96891],[-115.840467,48.96937],[-115.840516,48.970133],[-115.840645,48.970568],[-115.841005,48.970958],[-115.842586,48.971712],[-115.842788,48.97184],[-115.843105,48.972293],[-115.843361,48.972448],[-115.843727,48.972596],[-115.84599,48.972826],[-115.846554,48.97266],[-115.847298,48.972407],[-115.847984,48.972288],[-115.84923,48.972183],[-115.849626,48.972169],[-115.850398,48.971862],[-115.851391,48.971503],[-115.852849,48.971068],[-115.854126,48.970802],[-115.854898,48.970512],[-115.856028,48.970074],[-115.856499,48.969782],[-115.857303,48.969286],[-115.857926,48.968923],[-115.858359,48.968653],[-115.859299,48.968064],[-115.859676,48.96769],[-115.860108,48.967325],[-115.863863,48.963845],[-115.866433,48.961342],[-115.867304,48.960307],[-115.86801,48.959288],[-115.869216,48.957879],[-115.869714,48.957623],[-115.870309,48.957278],[-115.870546,48.957091],[-115.871492,48.9563],[-115.871838,48.956123],[-115.872183,48.955974],[-115.872894,48.955333],[-115.873911,48.954443],[-115.874718,48.953785],[-115.875113,48.953317],[-115.876018,48.952782],[-115.876635,48.952501],[-115.877646,48.952259],[-115.879146,48.951954],[-115.880088,48.951735],[-115.881244,48.951243],[-115.882438,48.950638],[-115.883848,48.949692],[-115.884902,48.949108],[-115.886622,48.948211],[-115.889006,48.947137],[-115.8937,48.945195],[-115.895346,48.944502],[-115.895873,48.94421],[-115.896821,48.94374],[-115.897453,48.943403],[-115.898119,48.943112],[-115.899236,48.942803],[-115.900109,48.942583],[-115.900943,48.942499],[-115.90202,48.942441],[-115.902439,48.942354],[-115.903102,48.942154],[-115.904174,48.9416],[-115.905085,48.941221],[-115.906206,48.940751],[-115.907258,48.940236],[-115.90845,48.939699],[-115.909148,48.939477],[-115.909636,48.93939],[-115.911726,48.939022]]}},{"type":"Feature","properties":{"segment_type":"trail","route_id":"main","region_id":"rocky-mountains","region_name":"Rocky Mountains","section_id":null,"section_name":null},"geometry":{"type":"LineString","coordinates":[[-115.911726,48.939022],[-115.910673,48.938533],[-115.909856,48.938029],[-115.909412,48.937738],[-115.909109,48.937654],[-115.908732,48.937517],[-115.908476,48.937307],[-115.908488,48.937105],[-115.908781,48.936732],[-115.909042,48.936232],[-115.908992,48.935799],[-115.90894,48.935392],[-115.909277,48.934918],[-115.909451,48.934593],[-115.909285,48.934157],[-115.909249,48.933497],[-115.909363,48.932891],[-115.909662,48.932417],[-115.909411,48.932106],[-115.908786,48.930998],[-115.908379,48.930733],[-115.907767,48.930666],[-115.906223,48.930727],[-115.905257,48.930777],[-115.904874,48.930741],[-115.904823,48.930309],[-115.904297,48.929483],[-115.902918,48.928101],[-115.902067,48.927546],[-115.901633,48.927077],[-115.899726,48.925529],[-115.899142,48.925006],[-115.898427,48.924124],[-115.897603,48.923113],[-115.896677,48.92253],[-115.895944,48.921927],[-115.895397,48.92143],[-115.895646,48.921132],[-115.896055,48.920921],[-115.896149,48.920391],[-115.896185,48.920005],[-115.896068,48.919743],[-115.895736,48.919308],[-115.895687,48.919038],[-115.895801,48.918814],[-115.89612,48.918619],[-115.896725,48.918418],[-115.897179,48.918224],[-115.897775,48.917825],[-115.898673,48.917339],[-115.899282,48.916967],[-115.899695,48.916782],[-115.900252,48.91631],[-115.900563,48.915827],[-115.900819,48.915362],[-115.900911,48.914895],[-115.900883,48.91431],[-115.900784,48.913805],[-115.900438,48.912785],[-115.900288,48.912172],[-115.900255,48.911785],[-115.900317,48.911453],[-115.900682,48.910989],[-115.901297,48.910356],[-115.90187,48.90974],[-115.902535,48.909279],[-115.902909,48.909022],[-115.903542,48.908785],[-115.904092,48.908601],[-115.905203,48.908351],[-115.90623,48.90818],[-115.906763,48.908149],[-115.907418,48.908165],[-115.907921,48.908232],[-115.908274,48.908335],[-115.908964,48.908602],[-115.909806,48.908817],[-115.910363,48.908921],[-115.910908,48.908971],[-115.912628,48.908943],[-115.913311,48.908913],[-115.913882,48.908999],[-115.914467,48.909095],[-115.915198,48.909363],[-115.916361,48.909877],[-115.917186,48.910209],[-115.917996,48.910639],[-115.918885,48.911178],[-115.91983,48.911655],[-115.92044,48.911841],[-115.920941,48.912034],[-115.921294,48.912101],[-115.921649,48.912095],[-115.922331,48.912101],[-115.923206,48.912056],[-115.9246,48.911979],[-115.925805,48.911783],[-115.926695,48.911647],[-115.927121,48.911489],[-115.927547,48.911376],[-115.927907,48.911119],[-115.928545,48.910675],[-115.929113,48.910257],[-115.929833,48.90976],[-115.930121,48.9097],[-115.93042,48.909766],[-115.930922,48.909914],[-115.93243,48.910225],[-115.933068,48.910402],[-115.933757,48.910732],[-115.934557,48.910982],[-115.935289,48.911187],[-115.935848,48.91121],[-115.936368,48.911179],[-115.937107,48.911087],[-115.937749,48.911066],[-115.938552,48.911136],[-115.939874,48.911256],[-115.940705,48.911327],[-115.941401,48.911297],[-115.942333,48.911153],[-115.943265,48.910964],[-115.944117,48.910683],[-115.944969,48.910412],[-115.945908,48.909863],[-115.946433,48.909562],[-115.948006,48.908731],[-115.948653,48.908268],[-115.948962,48.908013],[-115.949376,48.907373],[-115.949867,48.906811],[-115.950315,48.906647],[-115.951762,48.905985],[-115.952067,48.905754],[-115.952478,48.905695],[-115.952831,48.905761],[-115.95313,48.905827],[-115.953886,48.906211],[-115.954453,48.906504],[-115.954843,48.906805],[-115.955496,48.907539],[-115.955805,48.907776],[-115.956335,48.907871],[-115.957753,48.907938],[-115.959086,48.908157],[-115.960063,48.908435],[-115.960806,48.908793],[-115.961643,48.909268],[-115.962558,48.909888],[-115.963174,48.910424],[-115.963734,48.911095],[-115.964388,48.911803],[-115.964865,48.912509],[-115.965628,48.913865],[-115.965883,48.914749],[-115.966444,48.915339],[-115.966834,48.915582],[-115.969529,48.916662],[-115.971719,48.917698],[-115.973704,48.918732],[-115.975652,48.919604],[-115.977388,48.920159],[-115.978716,48.920612],[-115.980583,48.921474],[-115.981071,48.92164],[-115.98439,48.922893],[-115.984847,48.923248],[-115.985313,48.923819],[-115.98656,48.924271],[-115.987965,48.924328],[-115.989357,48.92434],[-115.990282,48.924519],[-115.991399,48.925276],[-115.992179,48.92656],[-115.993401,48.928271],[-115.994512,48.929378],[-115.995878,48.930667],[-115.996871,48.931549],[-115.998319,48.932218],[-116.00017,48.932495],[-116.000973,48.932637],[-116.00141,48.932614],[-116.001931,48.932492],[-116.002593,48.932156],[-116.003048,48.931944],[-116.003472,48.93193],[-116.00396,48.932078],[-116.005041,48.932645],[-116.005528,48.93291],[-116.006299,48.933232],[-116.006744,48.933532],[-116.007037,48.933904],[-116.007318,48.934185],[-116.007738,48.93436],[-116.008675,48.934602],[-116.009193,48.934669],[-116.009808,48.934656],[-116.010657,48.934511],[-116.012646,48.93406],[-116.01366,48.933871],[-116.015648,48.933438],[-116.016923,48.933197],[-116.01825,48.933037],[-116.01914,48.932919],[-116.02007,48.932864],[-116.020751,48.932932],[-116.021212,48.933107],[-116.021467,48.933343],[-116.021342,48.932739],[-116.021284,48.93219],[-116.021265,48.931776],[-116.020917,48.931413],[-116.020855,48.931134],[-116.021,48.930685],[-116.021168,48.930471],[-116.022101,48.930929],[-116.022449,48.9313],[-116.02268,48.930637],[-116.022762,48.929936],[-116.022655,48.929116],[-116.022663,48.928738],[-116.023516,48.929771],[-116.023953,48.930459],[-116.024203,48.930946],[-116.024363,48.931146],[-116.024248,48.930074],[-116.02412,48.928922],[-116.024094,48.928166],[-116.024173,48.927618],[-116.024346,48.927142],[-116.024577,48.926469],[-116.025013,48.925816],[-116.02528,48.925432],[-116.027081,48.924619],[-116.028392,48.923281],[-116.030453,48.921126],[-116.031383,48.920963],[-116.030643,48.919958],[-116.032719,48.920938],[-116.033818,48.921388],[-116.034741,48.921701],[-116.035841,48.921942],[-116.035864,48.920737],[-116.035054,48.919226],[-116.034061,48.917827],[-116.034496,48.916401],[-116.036122,48.915366],[-116.038014,48.914059],[-116.040173,48.912737],[-116.043622,48.911628],[-116.044797,48.911511],[-116.04694,48.912015],[-116.049923,48.911964],[-116.050725,48.911803],[-116.052022,48.912466],[-116.053208,48.913349],[-116.054227,48.914351],[-116.055401,48.915044],[-116.058161,48.917051],[-116.059135,48.918463],[-116.060695,48.918736],[-116.061995,48.91876],[-116.06289,48.918888],[-116.065107,48.919311],[-116.066312,48.919105],[-116.06758,48.918836],[-116.0695,48.918681],[-116.070385,48.918814],[-116.070807,48.91906],[-116.071384,48.920891],[-116.071817,48.921111],[-116.072237,48.921267],[-116.072531,48.921346],[-116.074744,48.921503],[-116.076308,48.921763],[-116.076941,48.92171],[-116.077986,48.92116],[-116.078635,48.920954],[-116.080031,48.920407],[-116.080519,48.920002],[-116.08081,48.919743],[-116.081399,48.91964],[-116.081837,48.919581],[-116.082126,48.919475],[-116.082475,48.919055],[-116.082792,48.918877],[-116.083124,48.918637],[-116.0835,48.918235],[-116.083788,48.918148],[-116.083942,48.917942],[-116.084299,48.917801],[-116.084693,48.917903],[-116.084994,48.917887],[-116.086227,48.917627],[-116.086435,48.917458],[-116.086945,48.917165],[-116.088018,48.916733],[-116.088201,48.916401],[-116.088476,48.916287],[-116.088803,48.916325],[-116.089335,48.916365],[-116.090484,48.916203],[-116.090965,48.916036],[-116.091443,48.916049],[-116.092303,48.916002],[-116.092744,48.915762],[-116.093132,48.915487],[-116.093301,48.915173],[-116.093578,48.914932],[-116.09403,48.914837],[-116.094388,48.914678],[-116.09457,48.914427],[-116.094588,48.914185],[-116.094469,48.913959],[-116.094461,48.913689],[-116.094642,48.913465],[-116.094633,48.913204],[-116.094992,48.913],[-116.095042,48.912506],[-116.095169,48.912246],[-116.095376,48.912113],[-116.096003,48.912171],[-116.096385,48.912174],[-116.096834,48.912286],[-116.097264,48.912649],[-116.097643,48.912805],[-116.098404,48.912991],[-116.098745,48.913003],[-116.099102,48.912888],[-116.099731,48.91283],[-116.100101,48.912752],[-116.100619,48.912774],[-116.101148,48.912958],[-116.101817,48.912937],[-116.102297,48.912823],[-116.102831,48.912738],[-116.102983,48.912586],[-116.103384,48.912328],[-116.104303,48.912047],[-116.104688,48.911924],[-116.105019,48.911684],[-116.105382,48.911228],[-116.105612,48.910582],[-116.105897,48.909955],[-116.106024,48.909713],[-116.106443,48.909167],[-116.106693,48.908935],[-116.107118,48.908785],[-116.107169,48.908264],[-116.107339,48.907897],[-116.10766,48.907503],[-116.107704,48.907306],[-116.107643,48.906918],[-116.107865,48.906704],[-116.108317,48.906627],[-116.108781,48.906585],[-116.109029,48.906479],[-116.109332,48.906329],[-116.110167,48.906182],[-116.111081,48.906207],[-116.11168,48.906257],[-116.112061,48.90635],[-116.112772,48.906247],[-116.113357,48.906378],[-116.113712,48.906335],[-116.114189,48.906366],[-116.114668,48.906334],[-116.115135,48.906166],[-116.115275,48.905951],[-116.115657,48.905936],[-116.115634,48.905702],[-116.115938,48.905471],[-116.116123,48.905076],[-116.116546,48.905044],[-116.11682,48.905019],[-116.117383,48.904825],[-116.117851,48.904541],[-116.118759,48.904125],[-116.11909,48.903956],[-116.119526,48.903978],[-116.120088,48.903847],[-116.120364,48.903642],[-116.120892,48.903134],[-116.121171,48.902758],[-116.121368,48.902462],[-116.121642,48.902366],[-116.122245,48.902235],[-116.122986,48.902007],[-116.123755,48.901698],[-116.124195,48.901503],[-116.124909,48.901293],[-116.125375,48.901161],[-116.125624,48.900938],[-116.125791,48.900778],[-116.125986,48.900545],[-116.126328,48.900494],[-116.126468,48.900315],[-116.126865,48.90021],[-116.127254,48.899808],[-116.127014,48.899519],[-116.126948,48.899338],[-116.126996,48.898988],[-116.127162,48.898809],[-116.127853,48.898346],[-116.128362,48.898062],[-116.128849,48.898354],[-116.129214,48.898501],[-116.129348,48.898691],[-116.129684,48.898945],[-116.129953,48.899208],[-116.130345,48.899418],[-116.130818,48.899664],[-116.131209,48.899928],[-116.131678,48.900399],[-116.132377,48.901025],[-116.132646,48.901252],[-116.132916,48.901452],[-116.133151,48.901274],[-116.133292,48.900969],[-116.133692,48.900747],[-116.133872,48.900578],[-116.134281,48.899825],[-116.134112,48.899311],[-116.133901,48.898905],[-116.133892,48.898617],[-116.133909,48.898419],[-116.134144,48.898286],[-116.134485,48.898288],[-116.135218,48.898474],[-116.135555,48.898737],[-116.135701,48.898945],[-116.135902,48.89919],[-116.136172,48.899372],[-116.136766,48.899709],[-116.137058,48.899423],[-116.136984,48.898955],[-116.1368,48.898549],[-116.136791,48.898243],[-116.136797,48.897928],[-116.137233,48.897949],[-116.13795,48.898296],[-116.138316,48.898479],[-116.138873,48.898591],[-116.139213,48.898684],[-116.139524,48.898839],[-116.13982,48.899057],[-116.139761,48.898526],[-116.139819,48.89831],[-116.139635,48.897931],[-116.139395,48.897587],[-116.139643,48.897463],[-116.140334,48.897738],[-116.140672,48.897912],[-116.141035,48.898202],[-116.141372,48.898448],[-116.141342,48.897827],[-116.141253,48.897448],[-116.141732,48.897362],[-116.142577,48.897404],[-116.143095,48.897453],[-116.143422,48.897482],[-116.143739,48.897305],[-116.144163,48.897236],[-116.144667,48.897285],[-116.145051,48.89718],[-116.145544,48.897048],[-116.146363,48.897009],[-116.146964,48.896978],[-116.147264,48.89698],[-116.147673,48.897028],[-116.147986,48.897066],[-116.148642,48.897008],[-116.14912,48.896967],[-116.149733,48.897016],[-116.150236,48.897173],[-116.150534,48.897247],[-116.150943,48.897313],[-116.151297,48.897361],[-116.151704,48.89749],[-116.152108,48.897763],[-116.152568,48.898036],[-116.152818,48.897777],[-116.153148,48.897599],[-116.153086,48.897221],[-116.152968,48.89695],[-116.153068,48.896663],[-116.153249,48.896484],[-116.153241,48.896169],[-116.153353,48.895981],[-116.153494,48.895713],[-116.153993,48.89523],[-116.154105,48.895051],[-116.154247,48.894719],[-116.15439,48.894379],[-116.154614,48.893984],[-116.154808,48.893815],[-116.154676,48.893589],[-116.154762,48.893347],[-116.155554,48.893281],[-116.155737,48.892976],[-116.155851,48.892689],[-116.155787,48.892401],[-116.156712,48.892578],[-116.156432,48.89218],[-116.15603,48.891782],[-116.155558,48.891418],[-116.155125,48.891235],[-116.154757,48.891206],[-116.154251,48.891274],[-116.153772,48.891378],[-116.153442,48.891484],[-116.153492,48.890962],[-116.153577,48.890774],[-116.153869,48.89047],[-116.154365,48.890168],[-116.154669,48.889918],[-116.154989,48.889588],[-116.155197,48.889347],[-116.155474,48.889124],[-116.155923,48.88919],[-116.156509,48.889212],[-116.157255,48.889461],[-116.158157,48.890223],[-116.15936,48.891689],[-116.16004,48.892603],[-116.160897,48.893571],[-116.161281,48.894258],[-116.161366,48.894897],[-116.161682,48.896429],[-116.161995,48.89806],[-116.162224,48.897468],[-116.162378,48.896389],[-116.162992,48.897203],[-116.163577,48.898125],[-116.164102,48.898588],[-116.164267,48.897644],[-116.16444,48.896287],[-116.16467,48.895605],[-116.165009,48.895688],[-116.166159,48.896318],[-116.166689,48.89723],[-116.166752,48.897581],[-116.167302,48.898098],[-116.167951,48.898499],[-116.169316,48.899282],[-116.170754,48.899787],[-116.171335,48.899315]]}},{"type":"Feature","properties":{"segment_type":"roadwalk","route_id":"main","region_id":"rocky-mountains","region_name":"Rocky Mountains","section_id":null,"section_name":null,"route_type":"roadwalk"},"geometry":{"type":"LineString","coordinates":[[-116.171335,48.899315],[-116.171521,48.899577],[-116.171771,48.900136],[-116.171862,48.900443],[-116.171883,48.90083],[-116.171803,48.901495],[-116.171524,48.903562],[-116.171573,48.903905],[-116.171797,48.904392],[-116.172035,48.904816],[-116.172301,48.905223],[-116.172418,48.905584],[-116.172597,48.90635],[-116.172797,48.90744],[-116.172956,48.90853],[-116.174283,48.90835],[-116.175158,48.908275],[-116.177451,48.908265],[-116.17793,48.908279],[-116.177957,48.910652],[-116.178106,48.911571],[-116.178381,48.913103]]}},{"type":"Feature","properties":{"segment_type":"trail","route_id":"main","region_id":"rocky-mountains","region_name":"Rocky Mountains","section_id":null,"section_name":null},"geometry":{"type":"LineString","coordinates":[[-116.178381,48.913103],[-116.179296,48.913064],[-116.183323,48.913039],[-116.183721,48.912889],[-116.183889,48.912638],[-116.1842,48.912001],[-116.184394,48.911769],[-116.184902,48.911592],[-116.18538,48.911578],[-116.185737,48.911445],[-116.18604,48.911286],[-116.186136,48.91109],[-116.186016,48.910639],[-116.185985,48.910449],[-116.186025,48.910198],[-116.186288,48.910351],[-116.186525,48.910662],[-116.18669,48.910855],[-116.187162,48.911087],[-116.187043,48.910888],[-116.186653,48.910552],[-116.186493,48.910299],[-116.186483,48.910038],[-116.1865,48.909831],[-116.186737,48.909581],[-116.186985,48.90943],[-116.187101,48.909809],[-116.18726,48.910134],[-116.187597,48.910352],[-116.188072,48.910562],[-116.188534,48.910691],[-116.188474,48.910187],[-116.188518,48.909981],[-116.188672,48.909712],[-116.188839,48.909506],[-116.189081,48.909733],[-116.18932,48.910157],[-116.189606,48.910231],[-116.189705,48.909989],[-116.189966,48.909856],[-116.190093,48.909605],[-116.190448,48.909598],[-116.190387,48.909166],[-116.190419,48.908851],[-116.190732,48.908917],[-116.190968,48.908693],[-116.191239,48.908785],[-116.191392,48.908615],[-116.191478,48.908382],[-116.191661,48.908014],[-116.191803,48.90771],[-116.19182,48.907503],[-116.192144,48.907685],[-116.192276,48.907947],[-116.192429,48.907777],[-116.192532,48.907346],[-116.192634,48.906924],[-116.192611,48.906645],[-116.192577,48.90624],[-116.192649,48.906015],[-116.192959,48.906224],[-116.193167,48.906055],[-116.193367,48.906308],[-116.193605,48.906769],[-116.19387,48.906456],[-116.194099,48.906655],[-116.19428,48.906413],[-116.194615,48.906785],[-116.194858,48.906948],[-116.194959,48.906589],[-116.195009,48.906068],[-116.195322,48.906124],[-116.195353,48.905863],[-116.19533,48.905584],[-116.195679,48.905955],[-116.195692,48.905173],[-116.195752,48.90484],[-116.196013,48.904161],[-116.196218,48.903809],[-116.196528,48.904072],[-116.197067,48.903662],[-116.197718,48.903082],[-116.198339,48.902645],[-116.19882,48.902433],[-116.199089,48.902632],[-116.198812,48.902927],[-116.19871,48.903305],[-116.198785,48.90371],[-116.198851,48.90389],[-116.199007,48.903504],[-116.199208,48.903767],[-116.199258,48.904001],[-116.199702,48.903563],[-116.200118,48.903134],[-116.200313,48.902884],[-116.200548,48.902741],[-116.20054,48.9032],[-116.200453,48.903568],[-116.201034,48.90306],[-116.201285,48.902684],[-116.201411,48.902514],[-116.201924,48.902004],[-116.202251,48.902007],[-116.202397,48.902295],[-116.202822,48.902154],[-116.203277,48.901834],[-116.203786,48.901621],[-116.203961,48.900876],[-116.204026,48.90022],[-116.204106,48.899509],[-116.204391,48.89961],[-116.2047,48.899064],[-116.204897,48.898669],[-116.205054,48.899066],[-116.205051,48.899255],[-116.20537,48.898978],[-116.205648,48.898629],[-116.205855,48.898505],[-116.205848,48.898928],[-116.205818,48.899107],[-116.206078,48.899028],[-116.206301,48.899579],[-116.206557,48.899805],[-116.207069,48.900241],[-116.207893,48.901614],[-116.208267,48.902138],[-116.208332,48.902318],[-116.209325,48.902514],[-116.209688,48.902022],[-116.209996,48.901502],[-116.21019,48.901315],[-116.210576,48.901074],[-116.211181,48.900782],[-116.211443,48.900612],[-116.211815,48.900372],[-116.212185,48.900258],[-116.212691,48.900234],[-116.213112,48.900309],[-116.21338,48.900626],[-116.213386,48.901156],[-116.213363,48.901705],[-116.213425,48.902101],[-116.213674,48.901905],[-116.213935,48.901808],[-116.213861,48.902185],[-116.213729,48.90276],[-116.213805,48.903147],[-116.213923,48.9034],[-116.21414,48.903537],[-116.214446,48.903161],[-116.214737,48.902884],[-116.215152,48.902491],[-116.215434,48.902763],[-116.215623,48.902944],[-116.215832,48.902666],[-116.216081,48.902461],[-116.216342,48.902346],[-116.216548,48.902204],[-116.216742,48.902061],[-116.217109,48.902153],[-116.217472,48.90248],[-116.217786,48.902473],[-116.218105,48.902133],[-116.218491,48.901884],[-116.219069,48.901573],[-116.219631,48.901397],[-116.220097,48.901283],[-116.220362,48.90088],[-116.220546,48.900512],[-116.220945,48.900272],[-116.221506,48.900177],[-116.222025,48.900126],[-116.222748,48.900158],[-116.222917,48.899809],[-116.223208,48.899496],[-116.223378,48.899137],[-116.223545,48.898895],[-116.223687,48.898527],[-116.223834,48.897845],[-116.223988,48.897594],[-116.224578,48.896987],[-116.224683,48.89678],[-116.224964,48.896242],[-116.225134,48.895883],[-116.225151,48.895631],[-116.225116,48.895244],[-116.225701,48.89451],[-116.226117,48.894045],[-116.226545,48.893697],[-116.227179,48.893288],[-116.227633,48.89303],[-116.227869,48.892825],[-116.228159,48.892584],[-116.228626,48.892371],[-116.229175,48.892177],[-116.229807,48.892144],[-116.230717,48.892097],[-116.231836,48.892104],[-116.232587,48.892037],[-116.233173,48.892086],[-116.234222,48.89221],[-116.234696,48.892438],[-116.235251,48.89273],[-116.23583,48.893219],[-116.236466,48.893557],[-116.236913,48.893748],[-116.237565,48.893951],[-116.238173,48.894324],[-116.238074,48.894557],[-116.238071,48.894746],[-116.238638,48.895163],[-116.238895,48.895291],[-116.239439,48.895456],[-116.239259,48.895626],[-116.239503,48.895718],[-116.240088,48.895821],[-116.239894,48.896017],[-116.241512,48.896388],[-116.242271,48.896699],[-116.242746,48.896882],[-116.243925,48.897447],[-116.244539,48.897581],[-116.245364,48.897712],[-116.245764,48.897818],[-116.246148,48.897934],[-116.246515,48.89805],[-116.246791,48.898057],[-116.247376,48.898071],[-116.247781,48.898091],[-116.248185,48.898133],[-116.248634,48.89825],[-116.249033,48.898378],[-116.249449,48.898495],[-116.249945,48.898657],[-116.250582,48.898897],[-116.251126,48.899049],[-116.251883,48.899185],[-116.25232,48.899217],[-116.252852,48.899293],[-116.253485,48.899308],[-116.254038,48.899311],[-116.254632,48.899469],[-116.255389,48.899942],[-116.256202,48.900166],[-116.256621,48.900229],[-116.257005,48.900346],[-116.257435,48.900495],[-116.257996,48.900648],[-116.25843,48.900744],[-116.258783,48.900816],[-116.259222,48.900827],[-116.259812,48.900733],[-116.260141,48.900655],[-116.260663,48.90039],[-116.261585,48.899919],[-116.261806,48.899731],[-116.262394,48.8996],[-116.263486,48.899562],[-116.264402,48.899451],[-116.265112,48.899419],[-116.266,48.899389],[-116.2666,48.899375],[-116.267063,48.899432],[-116.267895,48.8995],[-116.268657,48.899622],[-116.269092,48.899715],[-116.269635,48.899898],[-116.270042,48.900098],[-116.270503,48.900254],[-116.270856,48.900427],[-116.271247,48.900763],[-116.271529,48.901061],[-116.271851,48.90145],[-116.272374,48.90202],[-116.272549,48.902219],[-116.272957,48.902303],[-116.273324,48.902413],[-116.273782,48.902812],[-116.274135,48.902967],[-116.274556,48.903051],[-116.275021,48.903018],[-116.275336,48.902939],[-116.275586,48.902625],[-116.27559,48.902356],[-116.275513,48.90204],[-116.275861,48.901539],[-116.275918,48.901359],[-116.27588,48.901152],[-116.27583,48.900819],[-116.275888,48.900621],[-116.27638,48.900561],[-116.276573,48.900419],[-116.276387,48.900093],[-116.276198,48.899939],[-116.275873,48.899739],[-116.275548,48.899602],[-116.276176,48.899579],[-116.27683,48.89961],[-116.277197,48.899721],[-116.27755,48.899867],[-116.277553,48.899651],[-116.277055,48.899198],[-116.276798,48.899016],[-116.276816,48.898711],[-116.277148,48.898398],[-116.277368,48.898282],[-116.27797,48.898169],[-116.277712,48.89806],[-116.27751,48.897878],[-116.277446,48.897635],[-116.277531,48.897393],[-116.278287,48.896975],[-116.278685,48.896842],[-116.279363,48.89619],[-116.279448,48.895983],[-116.279464,48.895776],[-116.279159,48.894272],[-116.279066,48.894065],[-116.278438,48.893125],[-116.278319,48.892854],[-116.278058,48.892061],[-116.277759,48.891025],[-116.277655,48.8907],[-116.277671,48.89052],[-116.278097,48.890334],[-116.278437,48.890345],[-116.278937,48.890717],[-116.279085,48.89088],[-116.279487,48.891386],[-116.279835,48.891811],[-116.280175,48.891912],[-116.280302,48.891571],[-116.280184,48.891292],[-116.280356,48.890672],[-116.280402,48.890322],[-116.280434,48.88998],[-116.280574,48.889756],[-116.280822,48.889622],[-116.281146,48.889822],[-116.281445,48.889923],[-116.281933,48.890124],[-116.282274,48.890162],[-116.282956,48.89014],[-116.283258,48.890033],[-116.283547,48.889837],[-116.283715,48.889523],[-116.284009,48.888995],[-116.284288,48.888582],[-116.284524,48.888296],[-116.284595,48.888099],[-116.284451,48.887639],[-116.284358,48.887467],[-116.284349,48.887134],[-116.28419,48.886872],[-116.283964,48.886412],[-116.283804,48.886132],[-116.283645,48.885861],[-116.284016,48.88563],[-116.284403,48.885308],[-116.284515,48.885129],[-116.284587,48.884806],[-116.284699,48.884609],[-116.284797,48.884438],[-116.284787,48.884186],[-116.284601,48.883834],[-116.284454,48.883608],[-116.284198,48.883427],[-116.284064,48.883246],[-116.284094,48.883039],[-116.284193,48.882815],[-116.284265,48.882573],[-116.284215,48.882212],[-116.284124,48.881906],[-116.284226,48.881466],[-116.284162,48.881178],[-116.284083,48.88097],[-116.283777,48.878539],[-116.283889,48.878324]]}},{"type":"Feature","properties":{"segment_type":"roadwalk","route_id":"main","region_id":"rocky-mountains","region_name":"Rocky Mountains","section_id":null,"section_name":null,"route_type":"roadwalk"},"geometry":{"type":"LineString","coordinates":[[-116.283889,48.878324],[-116.284547,48.879012],[-116.285072,48.879492],[-116.285232,48.879745],[-116.285435,48.879917],[-116.285733,48.880045],[-116.286738,48.880357],[-116.287009,48.880466],[-116.287263,48.880855],[-116.287648,48.881595],[-116.287768,48.881776],[-116.28801,48.882002],[-116.288443,48.882284],[-116.289172,48.882774],[-116.28955,48.883091],[-116.290102,48.883553],[-116.290559,48.884051],[-116.29095,48.88435],[-116.291507,48.884507],[-116.293062,48.884534],[-116.295764,48.884461],[-116.296147,48.884355],[-116.296491,48.884159],[-116.297027,48.883902],[-116.297726,48.883645],[-116.298177,48.883612],[-116.298529,48.883794],[-116.299392,48.884474],[-116.29954,48.884655],[-116.299794,48.885007],[-116.300036,48.88526],[-116.300415,48.885506],[-116.301401,48.886168],[-116.30171,48.886485],[-116.30225,48.88692],[-116.303277,48.887601],[-116.303574,48.887864],[-116.30387,48.888109],[-116.304206,48.888488],[-116.304595,48.88895],[-116.305845,48.890298],[-116.306047,48.890524],[-116.307167,48.892366],[-116.308238,48.893848],[-116.308482,48.894248]]}},{"type":"Feature","properties":{"segment_type":"trail","route_id":"main","region_id":"rocky-mountains","region_name":"Rocky Mountains","section_id":null,"section_name":null,"route_type":"cross-country"},"geometry":{"type":"LineString","coordinates":[[-116.308482,48.894248],[-116.326547,48.894874],[-116.327161,48.894877],[-116.327558,48.894781],[-116.329416,48.893595]]}},{"type":"Feature","properties":{"segment_type":"roadwalk","route_id":"main","region_id":"rocky-mountains","region_name":"Rocky Mountains","section_id":null,"section_name":null,"route_type":"roadwalk"},"geometry":{"type":"LineString","coordinates":[[-116.329416,48.893595],[-116.329194,48.893908],[-116.329629,48.894019],[-116.329889,48.893931],[-116.330109,48.893806],[-116.330428,48.893421],[-116.330786,48.893198],[-116.331458,48.89295],[-116.331884,48.89271],[-116.332418,48.892569],[-116.333048,48.892374],[-116.334147,48.891805],[-116.334368,48.891608],[-116.334508,48.891348],[-116.334538,48.891106],[-116.33513,48.890704],[-116.335386,48.890531],[-116.335819,48.890177],[-116.335932,48.889899],[-116.336211,48.889442],[-116.336499,48.889282],[-116.337003,48.889338],[-116.337698,48.889396],[-116.338121,48.889417],[-116.339164,48.890017],[-116.339664,48.890343],[-116.339892,48.890642],[-116.339908,48.891469],[-116.340096,48.891731],[-116.340256,48.892029],[-116.340782,48.892437],[-116.341254,48.892898],[-116.342775,48.89449],[-116.343018,48.894636],[-116.343304,48.894691],[-116.343685,48.894811],[-116.344586,48.895778],[-116.344703,48.89622],[-116.344512,48.897298],[-116.344359,48.897946],[-116.34428,48.898278],[-116.343924,48.899436],[-116.343999,48.899931],[-116.344118,48.900247],[-116.344252,48.900464],[-116.344725,48.900799],[-116.345251,48.901288],[-116.345439,48.901523],[-116.345544,48.90182],[-116.345755,48.902782],[-116.345869,48.903073],[-116.346576,48.904291],[-116.34736,48.905924],[-116.347771,48.906826],[-116.348241,48.907413],[-116.348648,48.907946],[-116.348952,48.908344],[-116.349424,48.908788],[-116.349763,48.908987],[-116.350089,48.909106],[-116.350484,48.909162],[-116.350907,48.909165],[-116.351625,48.907468],[-116.352531,48.906025],[-116.353847,48.904467],[-116.355258,48.903018],[-116.3561,48.902249],[-116.35715,48.901274],[-116.357745,48.900593],[-116.357858,48.900279],[-116.357862,48.899955],[-116.357735,48.899217],[-116.357635,48.898533],[-116.357748,48.898254],[-116.358038,48.897959],[-116.358533,48.897674],[-116.359274,48.897327],[-116.359495,48.897158],[-116.359634,48.896942],[-116.359691,48.896736],[-116.359641,48.896403],[-116.359321,48.895816],[-116.358695,48.894571],[-116.358513,48.893868],[-116.35841,48.893391],[-116.358604,48.893212],[-116.359056,48.893062],[-116.363515,48.896424],[-116.365866,48.898245],[-116.366175,48.898616],[-116.366484,48.89904],[-116.366617,48.899284],[-116.366695,48.89959],[-116.366798,48.900077],[-116.366932,48.900257],[-116.367135,48.900438],[-116.367459,48.900719],[-116.367988,48.900965],[-116.368626,48.901202],[-116.369211,48.901341],[-116.369522,48.90154],[-116.369738,48.901784],[-116.370072,48.902335],[-116.370486,48.903075],[-116.370877,48.903772],[-116.371255,48.903772],[-116.371787,48.903793],[-116.372238,48.903714],[-116.372854,48.90352],[-116.373691,48.903173],[-116.374282,48.902862],[-116.374654,48.902531],[-116.375841,48.901458],[-116.376803,48.900905],[-116.377532,48.900468],[-116.378177,48.900148],[-116.378438,48.900014],[-116.379054,48.899847],[-116.379478,48.899741],[-116.380558,48.899612],[-116.3815,48.899599],[-116.381813,48.899601],[-116.38214,48.899683],[-116.386159,48.901288],[-116.38658,48.901479],[-116.38761,48.902042],[-116.38822,48.902388],[-116.388695,48.902579],[-116.389415,48.902835],[-116.389754,48.903007],[-116.389957,48.903144],[-116.393511,48.904739],[-116.394361,48.905072],[-116.395087,48.905289],[-116.396293,48.90543],[-116.398418,48.90542],[-116.400361,48.905416],[-116.400833,48.905396],[-116.401801,48.905339],[-116.402154,48.905423],[-116.402719,48.90523],[-116.404753,48.904313],[-116.405007,48.904145],[-116.405105,48.903701],[-116.405282,48.903184],[-116.406481,48.901641],[-116.406707,48.901455],[-116.407381,48.901163],[-116.417339,48.897843],[-116.418171,48.898048],[-116.419753,48.898351],[-116.420261,48.89842],[-116.421461,48.898359],[-116.429616,48.898279],[-116.430427,48.898538],[-116.433866,48.900123],[-116.434159,48.900335],[-116.434238,48.900523],[-116.434348,48.901596],[-116.434631,48.901705],[-116.43636,48.90174],[-116.439736,48.901716],[-116.440204,48.901651],[-116.440836,48.901534],[-116.441142,48.901401],[-116.441388,48.901242],[-116.441635,48.900975],[-116.441902,48.900722],[-116.442351,48.900576],[-116.442776,48.90082],[-116.442923,48.901012],[-116.443101,48.901244],[-116.443181,48.901443],[-116.443452,48.901606],[-116.445088,48.901695],[-116.445456,48.901742],[-116.44611,48.901853],[-116.446477,48.901998],[-116.446816,48.902171],[-116.447046,48.902388],[-116.447723,48.902859],[-116.447965,48.90313],[-116.448423,48.903735],[-116.449188,48.904881],[-116.44968,48.90599],[-116.449958,48.906819],[-116.450073,48.907521],[-116.450261,48.909034],[-116.450214,48.909555],[-116.450142,48.909906],[-116.449765,48.910723],[-116.449679,48.9111],[-116.449496,48.911594],[-116.449368,48.912061],[-116.449473,48.912422],[-116.451389,48.915732],[-116.45151,48.915895],[-116.451712,48.916085],[-116.451682,48.916363],[-116.451053,48.918933],[-116.450993,48.91941],[-116.450963,48.922181],[-116.451078,48.92291],[-116.451348,48.923199],[-116.45166,48.923318],[-116.467141,48.9233],[-116.475237,48.923256],[-116.475809,48.923358],[-116.476108,48.923521],[-116.476596,48.923838],[-116.476866,48.924073],[-116.477176,48.924516],[-116.47805,48.925779],[-116.478171,48.925969],[-116.478483,48.92615],[-116.485474,48.92207],[-116.485952,48.921991],[-116.48628,48.921984],[-116.487981,48.921191],[-116.488229,48.92094],[-116.488438,48.920518],[-116.488745,48.919863],[-116.488979,48.919693],[-116.489514,48.919398],[-116.490104,48.919122],[-116.490325,48.918907],[-116.490411,48.91843],[-116.489966,48.917979],[-116.490239,48.917944],[-116.490566,48.918035],[-116.4907,48.918225],[-116.490955,48.918685],[-116.491321,48.918875],[-116.491676,48.918859],[-116.491951,48.918743],[-116.492105,48.918357],[-116.492393,48.918196],[-116.493102,48.918253],[-116.493605,48.918427],[-116.493993,48.918731]]}},{"type":"Feature","properties":{"segment_type":"trail","route_id":"main","region_id":"rocky-mountains","region_name":"Rocky Mountains","section_id":null,"section_name":null},"geometry":{"type":"LineString","coordinates":[[-116.493993,48.918731],[-116.494504,48.918751],[-116.494543,48.918398],[-116.494607,48.918211],[-116.494939,48.918382],[-116.494862,48.917754],[-116.49479,48.917448],[-116.495102,48.917541],[-116.495083,48.917312],[-116.495072,48.917037],[-116.495165,48.916836],[-116.495818,48.916216],[-116.496387,48.915682],[-116.496481,48.91598],[-116.496416,48.916269],[-116.496498,48.916457],[-116.49673,48.91621],[-116.49708,48.915928],[-116.497619,48.915687],[-116.497568,48.915916],[-116.497929,48.915977],[-116.498486,48.915952],[-116.498675,48.91582],[-116.498758,48.915419],[-116.498997,48.915223],[-116.499242,48.915073],[-116.49959,48.915038],[-116.49933,48.915279],[-116.499361,48.91571],[-116.499539,48.915922],[-116.499765,48.915639],[-116.500066,48.915452],[-116.500399,48.915527],[-116.500843,48.915717],[-116.501332,48.916154],[-116.501569,48.916372],[-116.502069,48.916539],[-116.50181,48.916007],[-116.501563,48.915231],[-116.501626,48.914513],[-116.502926,48.913045],[-116.503182,48.912641],[-116.503215,48.912144],[-116.503134,48.911849],[-116.503656,48.912735],[-116.503735,48.913215],[-116.503559,48.914061],[-116.503358,48.914594],[-116.504035,48.913989],[-116.504602,48.913163],[-116.504918,48.912336],[-116.504837,48.912096],[-116.504728,48.911782],[-116.505255,48.912153],[-116.505231,48.911821],[-116.504901,48.911286],[-116.504794,48.910715],[-116.504937,48.910384],[-116.50536,48.910109],[-116.50606,48.90991],[-116.50617,48.910094],[-116.505718,48.91059],[-116.505688,48.910866],[-116.506391,48.910408],[-116.506783,48.9103],[-116.50782,48.910065],[-116.508099,48.910084],[-116.50706,48.910559],[-116.507058,48.910835],[-116.507507,48.910616],[-116.507873,48.910396],[-116.508461,48.910251],[-116.508207,48.910563],[-116.507924,48.910857],[-116.507753,48.911243],[-116.507694,48.911464],[-116.508089,48.911152],[-116.508651,48.910805],[-116.508904,48.910732],[-116.508872,48.911082],[-116.508531,48.911633],[-116.508501,48.911854],[-116.508555,48.912093],[-116.508923,48.911598],[-116.509431,48.911121],[-116.509796,48.910994],[-116.509511,48.91149],[-116.509367,48.911968],[-116.509929,48.911657],[-116.510182,48.911548],[-116.509668,48.912632],[-116.509381,48.913386],[-116.509291,48.913956],[-116.510685,48.914441],[-116.512247,48.914779],[-116.512639,48.914762],[-116.512336,48.914245],[-116.511842,48.913286],[-116.512101,48.912569],[-116.51227,48.912404],[-116.513356,48.91285],[-116.514025,48.913019],[-116.513861,48.91265],[-116.513724,48.912336],[-116.514814,48.912451],[-116.51551,48.912712],[-116.515816,48.912879],[-116.51582,48.912511],[-116.516572,48.912735],[-116.516407,48.912421],[-116.517161,48.912608],[-116.517527,48.912297],[-116.517974,48.912354],[-116.518976,48.912782],[-116.51973,48.912822],[-116.520011,48.912749],[-116.519873,48.912583],[-116.519513,48.912139],[-116.519488,48.911918],[-116.519798,48.912022],[-116.520389,48.912095],[-116.520963,48.912069],[-116.521386,48.912065],[-116.52169,48.912025],[-116.522059,48.911671],[-116.522457,48.911472],[-116.522596,48.911278],[-116.523186,48.910931],[-116.523939,48.910579],[-116.524245,48.910306],[-116.524481,48.909986],[-116.524683,48.909722],[-116.524956,48.909568],[-116.52535,48.909455],[-116.525792,48.9094],[-116.526115,48.90926],[-116.526636,48.908921],[-116.527217,48.908685],[-116.527549,48.908655],[-116.527975,48.908564],[-116.529159,48.908497],[-116.529871,48.908511],[-116.530517,48.908558],[-116.531214,48.90865],[-116.531818,48.908741],[-116.532287,48.908739],[-116.532739,48.908674],[-116.533286,48.908623],[-116.533925,48.908386],[-116.534369,48.908215],[-116.534588,48.907905],[-116.534804,48.907676],[-116.535253,48.907416],[-116.536116,48.90703],[-116.537057,48.906589],[-116.537921,48.906341],[-116.538936,48.906201],[-116.539599,48.906037],[-116.540297,48.905979],[-116.541631,48.906082],[-116.54275,48.906068],[-116.543645,48.905943],[-116.544739,48.90556],[-116.545609,48.90514],[-116.547351,48.904226],[-116.548136,48.903879],[-116.550488,48.903465],[-116.551355,48.903376],[-116.55229,48.903294],[-116.553782,48.903014],[-116.554706,48.902719],[-116.555067,48.902441],[-116.555547,48.902365],[-116.556111,48.902349],[-116.556945,48.902138],[-116.557437,48.901834],[-116.558033,48.90116],[-116.558749,48.90069],[-116.55968,48.900252],[-116.560046,48.89986],[-116.560294,48.899208],[-116.560661,48.898787],[-116.561373,48.898402],[-116.562249,48.89822],[-116.563267,48.897784],[-116.563758,48.89748],[-116.56485,48.897303],[-116.565291,48.897269],[-116.566353,48.89696],[-116.567615,48.896375],[-116.568219,48.896121],[-116.569939,48.895124],[-116.570909,48.893887],[-116.571636,48.892274],[-116.572107,48.890598],[-116.572318,48.88958],[-116.572356,48.889144],[-116.572584,48.888703],[-116.573095,48.888179],[-116.573712,48.887923],[-116.573881,48.887721],[-116.574867,48.886804],[-116.575317,48.886493],[-116.575487,48.886199],[-116.575877,48.885191],[-116.576609,48.884377],[-116.577144,48.883818],[-116.577388,48.882799],[-116.577529,48.882542],[-116.577955,48.881825],[-116.578328,48.881149],[-116.578644,48.880046],[-116.578734,48.879291],[-116.578854,48.878352],[-116.578889,48.877542],[-116.578925,48.876511],[-116.579185,48.875573],[-116.579469,48.874966],[-116.57985,48.87464],[-116.580862,48.874231],[-116.581065,48.874072],[-116.580605,48.873579],[-116.580228,48.872872],[-116.57987,48.872312],[-116.579933,48.871954],[-116.580177,48.871688],[-116.581896,48.871216],[-116.583705,48.87101],[-116.584495,48.870798],[-116.584902,48.870435],[-116.584966,48.870008],[-116.584992,48.869465],[-116.585098,48.869067],[-116.585512,48.868868],[-116.586565,48.868407],[-116.587151,48.868209],[-116.587818,48.868079],[-116.588283,48.868054],[-116.589172,48.867884],[-116.591071,48.867364],[-116.59214,48.866933],[-116.592719,48.866244],[-116.593177,48.865299],[-116.593275,48.863302],[-116.593531,48.86199],[-116.593664,48.86155],[-116.594153,48.860926],[-116.594316,48.860714],[-116.593611,48.860712],[-116.593247,48.860777],[-116.593831,48.860308],[-116.594885,48.859862],[-116.595501,48.859805],[-116.596531,48.859328],[-116.596855,48.859183],[-116.597239,48.859024],[-116.597602,48.858973],[-116.598268,48.859041],[-116.599557,48.859285],[-116.600342,48.859408],[-116.600685,48.859409],[-116.601413,48.859185],[-116.601919,48.858961],[-116.60293,48.858672],[-116.604377,48.858247],[-116.605185,48.858051],[-116.606335,48.858028],[-116.607303,48.858071],[-116.607767,48.858059],[-116.608555,48.857836],[-116.609525,48.857653],[-116.609909,48.857495],[-116.610052,48.857336],[-116.610821,48.857059],[-116.611954,48.856504],[-116.613208,48.856029],[-116.614322,48.855435],[-116.614526,48.855236],[-116.615139,48.854147],[-116.615245,48.853509],[-116.615454,48.85277],[-116.615317,48.852224],[-116.615381,48.851719],[-116.615484,48.85144],[-116.615586,48.851228],[-116.615588,48.851015],[-116.615411,48.850389],[-116.615357,48.849644],[-116.614993,48.849656],[-116.614731,48.849722],[-116.614494,48.849109],[-116.614201,48.847584],[-116.614045,48.846799],[-116.613649,48.845853],[-116.613174,48.844708],[-116.612857,48.844002],[-116.612686,48.84305],[-116.612732,48.842345],[-116.612857,48.841814],[-116.613001,48.841482],[-116.613285,48.841177],[-116.614195,48.840874],[-116.614458,48.840782],[-116.614681,48.84061],[-116.615191,48.840378],[-116.615737,48.840061],[-116.616264,48.83981],[-116.616729,48.839559],[-116.617033,48.83932],[-116.6175,48.838949],[-116.617683,48.838751],[-116.617991,48.838073],[-116.618258,48.837422],[-116.6183,48.83713],[-116.618182,48.836744],[-116.617943,48.836371],[-116.617624,48.835917],[-116.617184,48.835504],[-116.616762,48.835223],[-116.616385,48.834517],[-116.616066,48.834024],[-116.615465,48.833476],[-116.615286,48.833156],[-116.615108,48.832783],[-116.615008,48.832241],[-116.614789,48.831908],[-116.614449,48.831534],[-116.61439,48.831321],[-116.613892,48.830204],[-116.613694,48.829804],[-116.613334,48.829499],[-116.613209,48.829173],[-116.613312,48.827046],[-116.613055,48.826703],[-116.612712,48.826341],[-116.612628,48.826055],[-116.612633,48.825371],[-116.612837,48.825087],[-116.613443,48.824899],[-116.613648,48.824539],[-116.613708,48.824197],[-116.613684,48.823513],[-116.613686,48.823285],[-116.614094,48.822602],[-116.615109,48.82177],[-116.615463,48.821337],[-116.615777,48.820955],[-116.61633,48.820216],[-116.616502,48.819863],[-116.616496,48.81827],[-116.616272,48.817523],[-116.616315,48.816609],[-116.616439,48.815812],[-116.616896,48.815307],[-116.617106,48.815037],[-116.616984,48.814276],[-116.616956,48.814067],[-116.616525,48.813989],[-116.616267,48.813798],[-116.616183,48.813608],[-116.616214,48.813228],[-116.615551,48.813378],[-116.615699,48.812866],[-116.615212,48.812472],[-116.614367,48.812055],[-116.613516,48.811751],[-116.613275,48.811346],[-116.613229,48.810488],[-116.61301,48.809626],[-116.613143,48.808658],[-116.612991,48.808197],[-116.610853,48.808484],[-116.611347,48.808027],[-116.61139,48.807793],[-116.611161,48.807523],[-116.612132,48.806905],[-116.612365,48.806717],[-116.612462,48.806546],[-116.612438,48.806159],[-116.612114,48.805691],[-116.611503,48.805455],[-116.61096,48.805327],[-116.61073,48.80511],[-116.610732,48.804858],[-116.61057,48.804615],[-116.611322,48.804239],[-116.611514,48.804024],[-116.611516,48.80379],[-116.611327,48.803601],[-116.611003,48.803195],[-116.610938,48.802898],[-116.611036,48.802466],[-116.611644,48.801398],[-116.612002,48.800904],[-116.612004,48.800607],[-116.611911,48.800247],[-116.612133,48.79978],[-116.61249,48.799331],[-116.612913,48.799225],[-116.613363,48.799145],[-116.613597,48.79884],[-116.613669,48.798373],[-116.613861,48.798166],[-116.614572,48.797827],[-116.614641,48.797611],[-116.614248,48.797421],[-116.614549,48.797251],[-116.615258,48.797082],[-116.615123,48.796911],[-116.61477,48.796802],[-116.614512,48.79672],[-116.615057,48.796632],[-116.615453,48.796615],[-116.615263,48.796462],[-116.61574,48.796418],[-116.615456,48.79621],[-116.616491,48.796151],[-116.617064,48.795982],[-116.61753,48.795614],[-116.617942,48.795085],[-116.618248,48.794339],[-116.618565,48.793747],[-116.618866,48.793577],[-116.619291,48.793173],[-116.619484,48.792895],[-116.619772,48.79268],[-116.620127,48.792555],[-116.620617,48.792557],[-116.620687,48.792269],[-116.620554,48.791909],[-116.619947,48.791142],[-116.619311,48.790537],[-116.619272,48.790303],[-116.619247,48.789988],[-116.619316,48.789863]]}},{"type":"Feature","properties":{"segment_type":"trail","route_id":"main","region_id":"rocky-mountains","region_name":"Rocky Mountains","section_id":null,"section_name":null,"route_type":"cross-country"},"geometry":{"type":"LineString","coordinates":[[-116.619316,48.789863],[-116.619933,48.789352],[-116.620247,48.789263],[-116.622102,48.789166],[-116.622775,48.789131],[-116.623829,48.789077],[-116.625805,48.788759],[-116.626706,48.788537],[-116.62754,48.788063],[-116.628073,48.787669],[-116.628609,48.787068],[-116.628763,48.786519],[-116.628888,48.786196],[-116.629231,48.785828],[-116.629383,48.785505],[-116.629457,48.784704],[-116.62927,48.7842],[-116.629124,48.783678],[-116.62906,48.783156],[-116.628832,48.782651],[-116.628793,48.782354],[-116.62903,48.781698],[-116.642431,48.782703],[-116.644421,48.780442],[-116.649117,48.776597],[-116.652616,48.77246],[-116.653366,48.770321],[-116.654171,48.768083],[-116.654499,48.765853],[-116.655431,48.764866],[-116.655745,48.764647],[-116.656702,48.763978],[-116.65807,48.763021],[-116.65878,48.762735],[-116.663833,48.761994],[-116.667392,48.760844],[-116.673189,48.762974],[-116.675768,48.763998],[-116.681695,48.764941],[-116.685136,48.765131],[-116.692928,48.763964],[-116.696441,48.763568]]}},{"type":"Feature","properties":{"segment_type":"trail","route_id":"main","region_id":"rocky-mountains","region_name":"Rocky Mountains","section_id":null,"section_name":null},"geometry":{"type":"LineString","coordinates":[[-116.696441,48.763568],[-116.696794,48.76365],[-116.697037,48.764029],[-116.697267,48.764209],[-116.697661,48.764255],[-116.6989,48.764196],[-116.699934,48.764306],[-116.7023,48.764627],[-116.702694,48.764646],[-116.703021,48.764557],[-116.703935,48.764253],[-116.704248,48.764191],[-116.704655,48.764354],[-116.705036,48.764382],[-116.706479,48.76426],[-116.706889,48.76409],[-116.70761,48.763838]]}},{"type":"Feature","properties":{"segment_type":"roadwalk","route_id":"main","region_id":"rocky-mountains","region_name":"Rocky Mountains","section_id":null,"section_name":null,"route_type":"roadwalk"},"geometry":{"type":"LineString","coordinates":[[-116.70761,48.763838],[-116.709072,48.763631],[-116.710322,48.763392],[-116.710778,48.763392],[-116.711509,48.763604],[-116.711999,48.763783],[-116.712374,48.763897],[-116.712836,48.763916],[-116.713244,48.764043],[-116.713652,48.764008],[-116.714167,48.76404],[-116.714577,48.764073],[-116.714849,48.764137],[-116.715256,48.764345],[-116.716018,48.76432],[-116.716446,48.764351],[-116.716872,48.764388],[-116.717411,48.764427],[-116.717696,48.764432],[-116.718097,48.764393],[-116.718413,48.764316],[-116.719137,48.763967],[-116.720243,48.763295],[-116.720846,48.762834],[-116.721669,48.761931],[-116.721819,48.761764],[-116.722582,48.761572],[-116.723086,48.76145],[-116.723979,48.761242],[-116.724644,48.761019],[-116.725232,48.760918],[-116.725689,48.760889],[-116.726157,48.760857],[-116.726856,48.760711],[-116.727688,48.760344],[-116.72788,48.76021],[-116.728536,48.759545],[-116.729165,48.759115],[-116.72952,48.758846],[-116.729765,48.758739],[-116.730269,48.758596],[-116.731006,48.758346],[-116.731334,48.758164],[-116.731688,48.757969],[-116.73252,48.757602],[-116.733283,48.757379],[-116.73361,48.757362],[-116.73467,48.757508],[-116.737471,48.757947],[-116.737974,48.757975],[-116.738191,48.758137],[-116.738598,48.758282],[-116.739824,48.75815],[-116.740056,48.757952],[-116.740126,48.757494],[-116.741024,48.757586],[-116.741432,48.757587],[-116.742412,48.757427],[-116.743134,48.757357],[-116.74387,48.757151],[-116.744688,48.756802],[-116.744933,48.756677],[-116.745219,48.756641],[-116.745696,48.756615],[-116.745982,48.756517],[-116.746663,48.756285],[-116.74793,48.756018],[-116.748584,48.755794],[-116.749157,48.755579],[-116.749566,48.755373],[-116.74992,48.755293],[-116.750887,48.755187],[-116.751691,48.754919],[-116.751904,48.754833]]}},{"type":"Feature","properties":{"segment_type":"trail","route_id":"main","region_id":"rocky-mountains","region_name":"Rocky Mountains","section_id":null,"section_name":null},"geometry":{"type":"LineString","coordinates":[[-116.751904,48.754833],[-116.751854,48.755094],[-116.751402,48.755431],[-116.750707,48.755781],[-116.75019,48.755825],[-116.74974,48.755896],[-116.748785,48.756379],[-116.748117,48.75663],[-116.746796,48.757041],[-116.746278,48.757184],[-116.746794,48.757356],[-116.747297,48.757357],[-116.748536,48.757233],[-116.749258,48.757199],[-116.749857,48.757137],[-116.75066,48.756941],[-116.751178,48.756789],[-116.751477,48.756772],[-116.752131,48.756701],[-116.753083,48.756793],[-116.75364,48.756866],[-116.754266,48.756796],[-116.75496,48.756851],[-116.755789,48.75697],[-116.758851,48.757021],[-116.759899,48.756898],[-116.760416,48.756809],[-116.761493,48.756352],[-116.762106,48.756209],[-116.762406,48.756111],[-116.762747,48.756004],[-116.762923,48.756157],[-116.762568,48.756309],[-116.762131,48.756623],[-116.761777,48.756793],[-116.761408,48.757063],[-116.761312,48.757305],[-116.761188,48.75753],[-116.760494,48.757708],[-116.759839,48.757941],[-116.759104,48.758137],[-116.757728,48.758521],[-116.75676,48.758825],[-116.756311,48.758932],[-116.755521,48.759003],[-116.755235,48.759128],[-116.755016,48.759253],[-116.755383,48.759398],[-116.756363,48.759355],[-116.757152,48.759357],[-116.757696,48.759403],[-116.757996,48.759377],[-116.75884,48.759252],[-116.759521,48.759182],[-116.759983,48.759183],[-116.75971,48.759389],[-116.758852,48.759603],[-116.758375,48.759809],[-116.757979,48.76006],[-116.75731,48.760482],[-116.756805,48.76085],[-116.756285,48.761325],[-116.755683,48.762053],[-116.755327,48.762547],[-116.75485,48.762627],[-116.754126,48.762784],[-116.753194,48.762878],[-116.752609,48.762909],[-116.752326,48.762961],[-116.752144,48.763158],[-116.752156,48.763356],[-116.752343,48.763501],[-116.752373,48.76378],[-116.752163,48.763955],[-116.751557,48.764218],[-116.750631,48.764628],[-116.74993,48.764829],[-116.749251,48.765044],[-116.74883,48.765265],[-116.74865,48.765761],[-116.74864,48.765962],[-116.748591,48.766293],[-116.749434,48.766749],[-116.750073,48.767061],[-116.751009,48.767569],[-116.75157,48.768004],[-116.75224,48.768491],[-116.752662,48.768678],[-116.753302,48.768804],[-116.753865,48.768836],[-116.7544,48.769092],[-116.754683,48.769236],[-116.754645,48.769606],[-116.754709,48.769823],[-116.755004,48.770384],[-116.755378,48.770561],[-116.757328,48.770044],[-116.758207,48.769718],[-116.758673,48.769427],[-116.758832,48.769259],[-116.759061,48.768978],[-116.759372,48.768769],[-116.7599,48.768565],[-116.760298,48.768373],[-116.760747,48.767982],[-116.761003,48.767587],[-116.761592,48.766969],[-116.762049,48.766407],[-116.762328,48.765955],[-116.762599,48.765703],[-116.762932,48.765495],[-116.763565,48.76535],[-116.76437,48.765223],[-116.765258,48.765197],[-116.766297,48.765146],[-116.767603,48.764943],[-116.768426,48.764766],[-116.767892,48.765189],[-116.768597,48.765035],[-116.769129,48.764891],[-116.76872,48.765345],[-116.77005,48.765338],[-116.769439,48.765626],[-116.768608,48.765913],[-116.768091,48.766253],[-116.767652,48.766438],[-116.76895,48.76642],[-116.769232,48.766452],[-116.768839,48.766823],[-116.769431,48.767279],[-116.768585,48.767629],[-116.768396,48.767793],[-116.769067,48.768146],[-116.768647,48.768452],[-116.768518,48.768617],[-116.768158,48.769149],[-116.767937,48.769745],[-116.767876,48.769949],[-116.768213,48.769955],[-116.768513,48.769901],[-116.768892,48.77014],[-116.769237,48.770232],[-116.769235,48.76965],[-116.769315,48.769319],[-116.769302,48.768679],[-116.770617,48.768485],[-116.77121,48.768672],[-116.771491,48.768786],[-116.771182,48.767959],[-116.771059,48.76767],[-116.772652,48.768014],[-116.773184,48.768066],[-116.773527,48.768201],[-116.773918,48.768409],[-116.774229,48.768657],[-116.774635,48.768782],[-116.775198,48.768825],[-116.775589,48.768991],[-116.776055,48.76955],[-116.776304,48.769819],[-116.776601,48.769964],[-116.777053,48.770275],[-116.777161,48.770626],[-116.777762,48.771426],[-116.778292,48.771799],[-116.778916,48.772152],[-116.77915,48.77239],[-116.77954,48.772721],[-116.779914,48.772991],[-116.780382,48.773219],[-116.781428,48.773748],[-116.782362,48.77409],[-116.782874,48.774229],[-116.783183,48.774277],[-116.783483,48.77424],[-116.783597,48.774003],[-116.783811,48.773861],[-116.784075,48.774037],[-116.784448,48.774404],[-116.784826,48.774651],[-116.785323,48.774824],[-116.78589,48.774912],[-116.786343,48.774929],[-116.786676,48.774873],[-116.787315,48.774613],[-116.787776,48.774143],[-116.787949,48.77376],[-116.788249,48.773115],[-116.788385,48.772664],[-116.788404,48.772236],[-116.788468,48.771663],[-116.788478,48.771424],[-116.788729,48.771326],[-116.788943,48.771475],[-116.789201,48.771789],[-116.789412,48.771998],[-116.789855,48.771947],[-116.789803,48.771663],[-116.789681,48.77119],[-116.789707,48.770882],[-116.790093,48.770949],[-116.790459,48.77117],[-116.790818,48.771443],[-116.791352,48.772082],[-116.791728,48.772375],[-116.79211,48.772525],[-116.792587,48.772505],[-116.793114,48.772315],[-116.793653,48.77184],[-116.793983,48.771218],[-116.794263,48.770737],[-116.794668,48.770374],[-116.795107,48.770211],[-116.795583,48.77022],[-116.796525,48.770409],[-116.797173,48.770421],[-116.797763,48.770222],[-116.798247,48.769773],[-116.798703,48.769205],[-116.799159,48.768524],[-116.799677,48.767946],[-116.800258,48.76742],[-116.800729,48.766175],[-116.801186,48.765612],[-116.802165,48.764973],[-116.802338,48.76479],[-116.802557,48.764657],[-116.803062,48.764219],[-116.803253,48.763794],[-116.803396,48.763482],[-116.803968,48.763265],[-116.804618,48.76322],[-116.80532,48.762976],[-116.806038,48.762361],[-116.806837,48.76189],[-116.807674,48.761506],[-116.808595,48.761209],[-116.809417,48.761196],[-116.810401,48.761415],[-116.811513,48.761693],[-116.812031,48.761703],[-116.812514,48.761512],[-116.812823,48.761375],[-116.813166,48.761439],[-116.813197,48.761725],[-116.81327,48.762041],[-116.813746,48.762021],[-116.814236,48.761688],[-116.815039,48.761103],[-116.816401,48.760586],[-116.817287,48.760088],[-116.817778,48.759726],[-116.817974,48.759594],[-116.818293,48.759334],[-116.819098,48.758945],[-116.820297,48.758431],[-116.821479,48.758081],[-116.822806,48.757363],[-116.823345,48.756888],[-116.823526,48.756691],[-116.824343,48.756792],[-116.824775,48.7568],[-116.825475,48.756585],[-116.826097,48.756197],[-116.826454,48.755946],[-116.826799,48.755953],[-116.827177,48.756217],[-116.82757,48.75611],[-116.828083,48.755234],[-116.8285,48.754585],[-116.828684,48.754331],[-116.828948,48.754222],[-116.83002,48.754391]]}},{"type":"Feature","properties":{"segment_type":"roadwalk","route_id":"main","region_id":"rocky-mountains","region_name":"Rocky Mountains","section_id":null,"section_name":null,"route_type":"roadwalk"},"geometry":{"type":"LineString","coordinates":[[-116.83002,48.754391],[-116.830002,48.754584],[-116.829863,48.754941],[-116.829852,48.755202],[-116.83012,48.755289],[-116.83037,48.755212],[-116.83043,48.754984],[-116.830671,48.754548],[-116.830864,48.754078],[-116.830938,48.753491],[-116.831287,48.753416],[-116.83147,48.753762],[-116.831582,48.754026],[-116.831766,48.754356],[-116.831978,48.754605],[-116.832118,48.754787],[-116.832131,48.755065],[-116.832043,48.75539],[-116.831898,48.755894],[-116.831696,48.75656],[-116.831119,48.75735],[-116.830771,48.757827],[-116.829702,48.758696],[-116.829543,48.758954],[-116.829656,48.759201],[-116.830286,48.759474],[-116.830523,48.759707],[-116.830534,48.760034],[-116.830492,48.760442],[-116.830505,48.760704],[-116.830747,48.760823],[-116.831021,48.760779],[-116.831327,48.760556],[-116.832068,48.76057],[-116.832354,48.76082],[-116.832627,48.761348],[-116.832803,48.761858],[-116.832811,48.762266],[-116.83274,48.762755],[-116.832574,48.763177],[-116.832365,48.763434],[-116.831778,48.763864],[-116.831139,48.764375],[-116.830703,48.764726],[-116.830307,48.764751],[-116.830055,48.764861],[-116.829408,48.765551],[-116.829064,48.766068],[-116.829431,48.766156],[-116.829837,48.765902],[-116.83017,48.765631],[-116.830449,48.765473],[-116.830745,48.765478],[-116.831263,48.765504],[-116.831832,48.765499],[-116.832308,48.765344],[-116.833044,48.764901],[-116.833874,48.764541],[-116.834984,48.764022],[-116.835836,48.763744],[-116.83703,48.76357],[-116.838269,48.763479],[-116.83882,48.763443],[-116.839704,48.763287],[-116.840194,48.763099],[-116.841175,48.762704],[-116.843574,48.761493],[-116.844141,48.760876],[-116.84437,48.760443],[-116.844371,48.760142],[-116.844201,48.759935],[-116.843603,48.759576],[-116.843518,48.759369],[-116.843662,48.759143],[-116.843948,48.758785],[-116.844492,48.75792],[-116.844881,48.756898],[-116.844964,48.756277],[-116.845075,48.755692],[-116.845185,48.755117],[-116.845067,48.754768],[-116.844956,48.754528],[-116.844845,48.754269],[-116.844959,48.753568],[-116.84496,48.753328],[-116.844905,48.752848],[-116.844795,48.752516],[-116.844489,48.752017],[-116.844017,48.751223],[-116.843516,48.750576],[-116.843293,48.750317],[-116.843184,48.750221]]}},{"type":"Feature","properties":{"segment_type":"trail","route_id":"main","region_id":"rocky-mountains","region_name":"Rocky Mountains","section_id":null,"section_name":null},"geometry":{"type":"LineString","coordinates":[[-116.843184,48.750221],[-116.844328,48.750366],[-116.844756,48.750433],[-116.845203,48.750948],[-116.84562,48.751609],[-116.84592,48.752105],[-116.846324,48.752488],[-116.846579,48.752868],[-116.846808,48.753297],[-116.846918,48.75361],[-116.84697,48.75389],[-116.84774,48.754034],[-116.848425,48.754193],[-116.849129,48.7545],[-116.84973,48.754887],[-116.850189,48.755141],[-116.850472,48.75544],[-116.850657,48.755738],[-116.850547,48.756013],[-116.850488,48.756241],[-116.850504,48.756437],[-116.85019,48.757428],[-116.8504,48.758461],[-116.850549,48.758632],[-116.850984,48.758687],[-116.851815,48.75858],[-116.852331,48.758779],[-116.852792,48.759319],[-116.853061,48.759857],[-116.853619,48.760364],[-116.853944,48.76076],[-116.85408,48.761012],[-116.854445,48.761723],[-116.854905,48.762614],[-116.855095,48.762938],[-116.855285,48.763199],[-116.855597,48.763344],[-116.855978,48.763506],[-116.856304,48.763705],[-116.856684,48.764092],[-116.856832,48.76456],[-116.856599,48.765018],[-116.856354,48.76527],[-116.855999,48.765746],[-116.855943,48.765998],[-116.855943,48.76625],[-116.856077,48.766817],[-116.856403,48.767123],[-116.856987,48.767421],[-116.857041,48.767799],[-116.856876,48.768104],[-116.856644,48.768383],[-116.85648,48.768599],[-116.856451,48.769184],[-116.856341,48.769885],[-116.856394,48.770074],[-116.856666,48.770272],[-116.856924,48.770507],[-116.857384,48.771308],[-116.857588,48.771668],[-116.858322,48.771957],[-116.859178,48.772318],[-116.860306,48.77303],[-116.861461,48.773706],[-116.862616,48.774508],[-116.863648,48.775274],[-116.864069,48.77558],[-116.86453,48.776147],[-116.865576,48.777093],[-116.86597,48.777427],[-116.866159,48.777697],[-116.866404,48.777913],[-116.866934,48.778084],[-116.867723,48.778337],[-116.867981,48.778535],[-116.868144,48.778715],[-116.869015,48.77877],[-116.869464,48.779032],[-116.869545,48.779302],[-116.869653,48.779518],[-116.870088,48.779716],[-116.870387,48.779753],[-116.870728,48.779699],[-116.871803,48.779844],[-116.872591,48.780196],[-116.873067,48.78052],[-116.873175,48.780754],[-116.873256,48.781087],[-116.873501,48.781285],[-116.873773,48.781448],[-116.87429,48.781556],[-116.874521,48.781664],[-116.87452,48.782069],[-116.874286,48.783157],[-116.874284,48.783598],[-116.874406,48.784012],[-116.874623,48.78439],[-116.874786,48.784561],[-116.875086,48.784085],[-116.87525,48.783887],[-116.875618,48.783798],[-116.875918,48.783672],[-116.875946,48.783483],[-116.876218,48.78351],[-116.876734,48.783754],[-116.876884,48.783952],[-116.877019,48.784168],[-116.877278,48.784312],[-116.877522,48.784519],[-116.877725,48.785005],[-116.877874,48.785536],[-116.878267,48.786094],[-116.877913,48.786031],[-116.877845,48.786265],[-116.878035,48.786562],[-116.878292,48.786922],[-116.878428,48.787282],[-116.878549,48.787705],[-116.878643,48.788272],[-116.878697,48.788659],[-116.878655,48.789136],[-116.878599,48.789756],[-116.878503,48.790026],[-116.87838,48.790215],[-116.878597,48.790332],[-116.879386,48.790774],[-116.879685,48.790918],[-116.880352,48.791198],[-116.881086,48.791558],[-116.881752,48.791982],[-116.882296,48.792423],[-116.882786,48.792558],[-116.883112,48.792496],[-116.883575,48.79255],[-116.883902,48.792533],[-116.884896,48.792489],[-116.885576,48.792642],[-116.885889,48.792813],[-116.88627,48.792985],[-116.886719,48.793066],[-116.887645,48.793193],[-116.888284,48.793409],[-116.888855,48.793806],[-116.889114,48.793932],[-116.889576,48.794112],[-116.889957,48.794293],[-116.890175,48.794473],[-116.890433,48.794761],[-116.890731,48.795328],[-116.891125,48.795697],[-116.891723,48.796309],[-116.892335,48.79658],[-116.892689,48.796652],[-116.893587,48.796716],[-116.894827,48.796501],[-116.895495,48.796376],[-116.895958,48.796358],[-116.89623,48.796421],[-116.896594,48.796495],[-116.897074,48.796593],[-116.897414,48.796656],[-116.897904,48.796801],[-116.898448,48.79699],[-116.898734,48.797161],[-116.898924,48.79744],[-116.898991,48.797737],[-116.898963,48.798088],[-116.899153,48.798619],[-116.899438,48.799042],[-116.899846,48.799348],[-116.900336,48.799601],[-116.901002,48.800006],[-116.901315,48.80024],[-116.902186,48.800466],[-116.902853,48.800556],[-116.903112,48.800638],[-116.903343,48.800953],[-116.903369,48.801474],[-116.903463,48.801834],[-116.903789,48.802653],[-116.903979,48.802977],[-116.904196,48.803103],[-116.904768,48.803374],[-116.90538,48.803734],[-116.905897,48.804211],[-116.906318,48.804653],[-116.906821,48.80495],[-116.907243,48.805283],[-116.907678,48.805643],[-116.908141,48.805841],[-116.908712,48.806004],[-116.909026,48.806004],[-116.909407,48.806013],[-116.909897,48.80614],[-116.910414,48.806266],[-116.910945,48.806437],[-116.911231,48.806555],[-116.91168,48.806645],[-116.912647,48.806942],[-116.913259,48.80724],[-116.914089,48.807753],[-116.914633,48.808149],[-116.915231,48.808896],[-116.915394,48.809301],[-116.91568,48.809491],[-116.916006,48.809806],[-116.91625,48.810283],[-116.916291,48.810643],[-116.916181,48.811146],[-116.916085,48.811551],[-116.916098,48.811848],[-116.916055,48.813071],[-116.916123,48.813395],[-116.916313,48.813584],[-116.917116,48.81417],[-116.91781,48.814701],[-116.918272,48.815088],[-116.918911,48.815808],[-116.919332,48.816546],[-116.91993,48.817419],[-116.920542,48.818238],[-116.92114,48.819066],[-116.921412,48.819336],[-116.921848,48.81958],[-116.922869,48.819994],[-116.923427,48.8203],[-116.924148,48.820805],[-116.924502,48.821138],[-116.925454,48.822092],[-116.925903,48.822434],[-116.926502,48.822758],[-116.927183,48.823199],[-116.928081,48.823902],[-116.928911,48.824559],[-116.92936,48.825108],[-116.929877,48.825891],[-116.930217,48.826251],[-116.931088,48.826845],[-116.931428,48.827124],[-116.93185,48.827394],[-116.93234,48.827566],[-116.932817,48.827737],[-116.933103,48.827908],[-116.934028,48.828709],[-116.93509,48.829717],[-116.936533,48.831104],[-116.936723,48.831517],[-116.936981,48.831904],[-116.937457,48.832579],[-116.937798,48.83284],[-116.937974,48.83311],[-116.93807,48.83338],[-116.938328,48.833956],[-116.939226,48.835099],[-116.940192,48.836314],[-116.941171,48.838042],[-116.942164,48.839536],[-116.942545,48.840022],[-116.94294,48.840247],[-116.943131,48.840436],[-116.943212,48.840742],[-116.943919,48.842218],[-116.944559,48.843297],[-116.945754,48.843269],[-116.946836,48.843081],[-116.948463,48.842659],[-116.950034,48.842162],[-116.9515,48.841698],[-116.952927,48.841246]]}},{"type":"Feature","properties":{"segment_type":"roadwalk","route_id":"main","region_id":"rocky-mountains","region_name":"Rocky Mountains","section_id":null,"section_name":null,"route_type":"roadwalk"},"geometry":{"type":"LineString","coordinates":[[-116.952927,48.841246],[-116.954055,48.847413],[-116.954653,48.850349],[-116.955588,48.855483],[-116.95609,48.858119],[-116.956158,48.858398],[-116.956512,48.859082],[-116.957996,48.861529],[-116.958146,48.861907],[-116.958227,48.862222],[-116.958254,48.862627],[-116.958029,48.871461],[-116.958083,48.872352],[-116.958164,48.872594],[-116.9589,48.873926],[-116.95894,48.874196],[-116.958927,48.874394],[-116.958763,48.874646],[-116.958544,48.874925],[-116.95834,48.875113],[-116.958366,48.87586],[-116.958611,48.877012],[-116.958801,48.877776],[-116.95876,48.878019],[-116.95861,48.878316],[-116.958378,48.87855],[-116.957777,48.878946],[-116.95682,48.879339],[-116.95584,48.879674],[-116.95524,48.879961],[-116.954612,48.880294],[-116.95438,48.880546],[-116.954107,48.881013],[-116.953984,48.881301],[-116.953888,48.881985],[-116.953942,48.882363],[-116.954146,48.882759],[-116.954459,48.883092],[-116.954977,48.883425],[-116.955673,48.883893],[-116.955959,48.884082],[-116.956068,48.884262],[-116.956218,48.884649],[-116.956463,48.885296],[-116.956667,48.885575],[-116.956994,48.885845],[-116.959585,48.887753],[-116.960471,48.888545],[-116.96107,48.889184],[-116.961452,48.889733],[-116.961643,48.890111],[-116.961656,48.890435],[-116.961642,48.890903],[-116.961245,48.892549],[-116.961218,48.892891],[-116.961327,48.893179],[-116.961517,48.893539],[-116.961872,48.893971],[-116.966671,48.898281]]}},{"type":"Feature","properties":{"segment_type":"trail","route_id":"main","region_id":"rocky-mountains","region_name":"Rocky Mountains","section_id":null,"section_name":null},"geometry":{"type":"LineString","coordinates":[[-116.966671,48.898281],[-116.966835,48.897894],[-116.966986,48.897705],[-116.967859,48.897751],[-116.967845,48.89722],[-116.967941,48.896977],[-116.968173,48.896851],[-116.968473,48.896806],[-116.968869,48.896905],[-116.968992,48.897193],[-116.969073,48.897607],[-116.969195,48.898722],[-116.969236,48.899235],[-116.969372,48.900063],[-116.969549,48.900657],[-116.969644,48.901044],[-116.969603,48.90161],[-116.969507,48.902114],[-116.969603,48.902447],[-116.969797,48.902694],[-116.970566,48.902494],[-116.97158,48.902343],[-116.972548,48.902404],[-116.973562,48.902708],[-116.974529,48.903315],[-116.974898,48.903437],[-116.975267,48.902738],[-116.975267,48.902556],[-116.975129,48.901706],[-116.974899,48.900916],[-116.974761,48.899944],[-116.974577,48.899367],[-116.974301,48.899215],[-116.974162,48.899033],[-116.974024,48.898365],[-116.973748,48.89794],[-116.973057,48.897424],[-116.972781,48.896846],[-116.972735,48.896178],[-116.972736,48.895024],[-116.972598,48.893992],[-116.972645,48.893324],[-116.972745,48.892449],[-116.972791,48.891902],[-116.972607,48.891477],[-116.972008,48.890748],[-116.971732,48.890262],[-116.971686,48.890019],[-116.972193,48.89011],[-116.972654,48.89008],[-116.973207,48.889776],[-116.973576,48.889473],[-116.97415,48.889297],[-116.974469,48.889148],[-116.974872,48.889092],[-116.97521,48.889067],[-116.975697,48.889228],[-116.976222,48.889228],[-116.976691,48.889327],[-116.977084,48.889537],[-116.97744,48.889587],[-116.977853,48.889562],[-116.978527,48.889649],[-116.978977,48.889772],[-116.979258,48.889982],[-116.979614,48.890291],[-116.980345,48.89065],[-116.980832,48.890884],[-116.981357,48.89102],[-116.981545,48.891156],[-116.981957,48.891379],[-116.982388,48.891428],[-116.982707,48.89186],[-116.98295,48.892219],[-116.983119,48.892478],[-116.98325,48.89275],[-116.983461,48.893181],[-116.983611,48.893589],[-116.983798,48.893873],[-116.984267,48.894145],[-116.98451,48.894392],[-116.98466,48.894688],[-116.985747,48.894973],[-116.986516,48.895269],[-116.987228,48.895504],[-116.987472,48.895702],[-116.987603,48.895912],[-116.988034,48.895875],[-116.988728,48.896048],[-116.989346,48.896097],[-116.989684,48.896221],[-116.990509,48.896554],[-116.991184,48.896764],[-116.991727,48.89716],[-116.992102,48.897555],[-116.992233,48.897901],[-116.992308,48.898333],[-116.992271,48.898963],[-116.992083,48.89963],[-116.991952,48.900075],[-116.991989,48.900432],[-116.992064,48.900704],[-116.992063,48.901087],[-116.991763,48.901766],[-116.991426,48.902507],[-116.991107,48.902902],[-116.991182,48.903619],[-116.991294,48.904212],[-116.991257,48.904508],[-116.991144,48.904904],[-116.991163,48.905188],[-116.991482,48.905583],[-116.99135,48.906003],[-116.991294,48.906238],[-116.991275,48.906608],[-116.991125,48.906905],[-116.991013,48.907362],[-116.991181,48.907584],[-116.991388,48.90772],[-116.9915,48.907929],[-116.991688,48.908077],[-116.992063,48.908324],[-116.992194,48.908658],[-116.992307,48.909473],[-116.992532,48.909708],[-116.992925,48.909881],[-116.993244,48.910202],[-116.993657,48.910746],[-116.993863,48.911116],[-116.993938,48.911808],[-116.99405,48.912969],[-116.994332,48.912994],[-116.994688,48.912796],[-116.995048,48.912211],[-116.995648,48.910963],[-116.996549,48.90974],[-116.996905,48.909555],[-116.997786,48.90974],[-116.998086,48.909765],[-116.998761,48.909542],[-116.999268,48.909579],[-116.999624,48.909567],[-116.999924,48.909505],[-117.00088,48.908999],[-117.001387,48.908863],[-117.001705,48.9089],[-117.001143,48.909382],[-117.000487,48.909925],[-117.00013,48.910123],[-116.999661,48.910271],[-116.998443,48.910333],[-116.998086,48.910345],[-116.997805,48.910456],[-116.99761,48.91072],[-116.997447,48.911257],[-116.997081,48.912437],[-116.996999,48.913402],[-116.997122,48.913724],[-116.997366,48.913965],[-116.997773,48.913885],[-116.997692,48.913429],[-116.997325,48.912973],[-116.997325,48.912651],[-116.997488,48.912249],[-116.997773,48.911793],[-116.998099,48.911578],[-116.998831,48.911874],[-116.999524,48.911874],[-117.000216,48.911847],[-117.000541,48.91182],[-117.000948,48.911605],[-117.001419,48.911211],[-117.001777,48.911034],[-117.002247,48.91102],[-117.002895,48.911211],[-117.003946,48.911491],[-117.005199,48.911697],[-117.006496,48.911918],[-117.006809,48.911948],[-117.007055,48.912095],[-117.007525,48.912316],[-117.008195,48.912463],[-117.008934,48.912463],[-117.009694,48.912331],[-117.010096,48.912286],[-117.010074,48.912728],[-117.009649,48.912831],[-117.009068,48.912935],[-117.008285,48.912846],[-117.007614,48.912846],[-117.007323,48.912846],[-117.006608,48.912625],[-117.006026,48.912508],[-117.005557,48.912463],[-117.005087,48.912463],[-117.003745,48.912552],[-117.003365,48.912537],[-117.002694,48.91236],[-117.002314,48.912331],[-117.002023,48.912346],[-117.001822,48.912567],[-117.001732,48.914069],[-117.001956,48.914305],[-117.002269,48.914187],[-117.002582,48.913598],[-117.00294,48.913524],[-117.003432,48.914555],[-117.00388,48.91457],[-117.004148,48.91404],[-117.004595,48.913966],[-117.004953,48.913996],[-117.005356,48.91429],[-117.005937,48.914821],[-117.006273,48.914997],[-117.007704,48.915424],[-117.008219,48.91569],[-117.008308,48.915969],[-117.008398,48.916971],[-117.008487,48.917708],[-117.008608,48.918093],[-117.008868,48.918371],[-117.009293,48.918503],[-117.009449,48.918872],[-117.009718,48.919034],[-117.010098,48.919137],[-117.010612,48.919196],[-117.011037,48.919299],[-117.011395,48.919446],[-117.011463,48.919667],[-117.011485,48.920079],[-117.011284,48.920974],[-117.01106,48.921519],[-117.010747,48.921769],[-117.010255,48.921946],[-117.009964,48.922093],[-117.010143,48.92283],[-117.010345,48.923802],[-117.010591,48.924937],[-117.010681,48.925511],[-117.01086,48.925865],[-117.011195,48.92641],[-117.011039,48.92666],[-117.010905,48.926999],[-117.010571,48.928056],[-117.010213,48.928925],[-117.00999,48.929146],[-117.009744,48.929529],[-117.009431,48.930148],[-117.009073,48.930914],[-117.008894,48.931577],[-117.008693,48.932167],[-117.008693,48.932609],[-117.008671,48.933065],[-117.00885,48.933507],[-117.00885,48.933772],[-117.008716,48.934008],[-117.008512,48.934242],[-117.00869,48.934449],[-117.008922,48.935015],[-117.009072,48.935213],[-117.009318,48.935339],[-117.009728,48.935384],[-117.01052,48.935321],[-117.010752,48.935492],[-117.010902,48.935861],[-117.011066,48.93632],[-117.011435,48.936823],[-117.011913,48.9373],[-117.012254,48.937804],[-117.012323,48.937984],[-117.011886,48.937885],[-117.011722,48.938155],[-117.011858,48.938389],[-117.012446,48.938901],[-117.012801,48.939468],[-117.012897,48.939738],[-117.012924,48.940143],[-117.013115,48.940449],[-117.013211,48.940656],[-117.013211,48.940889],[-117.013334,48.941141],[-117.013689,48.941699],[-117.013744,48.941888],[-117.014004,48.94241],[-117.014154,48.94285],[-117.01425,48.943372],[-117.014537,48.9442],[-117.014755,48.944416],[-117.015192,48.944767],[-117.015356,48.944946],[-117.015397,48.945279],[-117.015425,48.945468],[-117.015671,48.945747],[-117.015862,48.946053],[-117.015985,48.946575],[-117.016395,48.946889],[-117.016873,48.947564],[-117.017379,48.948419],[-117.017789,48.948769],[-117.018171,48.949147],[-117.018636,48.949138],[-117.018923,48.949543],[-117.019141,48.94975],[-117.019401,48.949624],[-117.019865,48.949723],[-117.020029,48.950055],[-117.020535,48.950352],[-117.020753,48.950577],[-117.021013,48.950685],[-117.021546,48.950748],[-117.021983,48.950865],[-117.022311,48.951081],[-117.022803,48.951764],[-117.023131,48.952277],[-117.023254,48.952448],[-117.023759,48.95261],[-117.024019,48.952762],[-117.024401,48.953086],[-117.02477,48.953095],[-117.024866,48.952888],[-117.024988,48.952285],[-117.025152,48.951926],[-117.025029,48.951467],[-117.025001,48.951026],[-117.025097,48.950594],[-117.025397,48.95009],[-117.025725,48.950045],[-117.026012,48.950342],[-117.026162,48.950846],[-117.026381,48.950963],[-117.026695,48.950531],[-117.027022,48.94991],[-117.027391,48.949649],[-117.027814,48.949379],[-117.028032,48.949154],[-117.028155,48.94892],[-117.028537,48.948461],[-117.029001,48.948137],[-117.029698,48.947795],[-117.029957,48.947633],[-117.030053,48.947462],[-117.030339,48.947004],[-117.030749,48.946698],[-117.031308,48.946383],[-117.031855,48.94613]]}},{"type":"Feature","properties":{"segment_type":"trail","route_id":"main","region_id":"okanogan-highlands","region_name":"Okanogan Highlands","section_id":null,"section_name":null},"geometry":{"type":"LineString","coordinates":[[-117.031855,48.94613],[-117.032252,48.945978],[-117.032961,48.945824],[-117.033657,48.94586],[-117.034408,48.94586],[-117.034695,48.94568],[-117.034886,48.945545],[-117.035446,48.945221],[-117.035637,48.944843],[-117.0358,48.944087],[-117.036018,48.943718],[-117.036305,48.943628],[-117.036674,48.943655],[-117.037056,48.943673],[-117.037821,48.943502],[-117.038189,48.943277],[-117.038517,48.943214],[-117.039172,48.943169],[-117.03991,48.942988],[-117.040524,48.942898],[-117.040824,48.942817],[-117.04092,48.942421],[-117.041329,48.942313],[-117.042108,48.942376],[-117.042545,48.94234],[-117.043323,48.942222],[-117.043896,48.941637],[-117.04421,48.941349],[-117.044783,48.940953],[-117.045056,48.940665],[-117.045315,48.940377],[-117.045656,48.940242],[-117.046093,48.940116],[-117.046325,48.939981],[-117.046516,48.939702],[-117.046857,48.939558],[-117.047171,48.939],[-117.047102,48.938461],[-117.047006,48.938263],[-117.047238,48.937867],[-117.047429,48.937561],[-117.047988,48.936814],[-117.048479,48.936436],[-117.048834,48.93631],[-117.049176,48.936292],[-117.0505,48.936372],[-117.050814,48.936327],[-117.050473,48.936165],[-117.050787,48.936066],[-117.05136,48.935958],[-117.052084,48.935976],[-117.051988,48.935733],[-117.052028,48.935472],[-117.052028,48.935274],[-117.051741,48.935211],[-117.050977,48.935148],[-117.050007,48.934852],[-117.049584,48.93469],[-117.049269,48.93442],[-117.04905,48.934043],[-117.048859,48.933521],[-117.04879,48.932792],[-117.048571,48.932334],[-117.048475,48.932064],[-117.048447,48.931542],[-117.04846,48.930867],[-117.048337,48.930598],[-117.048541,48.93031],[-117.048637,48.930058],[-117.048664,48.929806],[-117.049551,48.929724],[-117.050043,48.929625],[-117.050452,48.929535],[-117.050807,48.929535],[-117.051162,48.929499],[-117.051626,48.929166],[-117.051844,48.92895],[-117.052076,48.928788],[-117.052608,48.928554],[-117.052949,48.928346],[-117.053426,48.927699],[-117.053808,48.927015],[-117.054053,48.926619],[-117.054244,48.926466],[-117.054844,48.926052],[-117.054817,48.925818],[-117.054366,48.925494],[-117.05412,48.925287],[-117.054174,48.925089],[-117.054748,48.924945],[-117.05487,48.924783],[-117.054201,48.924433],[-117.053668,48.924037],[-117.053927,48.923866],[-117.054487,48.923704],[-117.054664,48.923515],[-117.053954,48.923434],[-117.053353,48.923335],[-117.053053,48.923246],[-117.052234,48.922994],[-117.052971,48.922832],[-117.053353,48.922706],[-117.052929,48.922535],[-117.052206,48.922373],[-117.05196,48.922212],[-117.052342,48.922005],[-117.052778,48.921788],[-117.053051,48.921518],[-117.052491,48.921348],[-117.052778,48.921168],[-117.052928,48.920952],[-117.052586,48.92088],[-117.052518,48.920619],[-117.052736,48.920412],[-117.053213,48.920124],[-117.053527,48.919872],[-117.053691,48.919665],[-117.053717,48.919332],[-117.053553,48.919107],[-117.053403,48.91881],[-117.0547,48.919044],[-117.055901,48.919142],[-117.056693,48.919124],[-117.057949,48.918979],[-117.059586,48.918699],[-117.060883,48.918456],[-117.061729,48.918204],[-117.062342,48.917969],[-117.062997,48.917555],[-117.062751,48.917186],[-117.062464,48.916746],[-117.062245,48.916476],[-117.062081,48.916206],[-117.062081,48.915936],[-117.062189,48.915091],[-117.062454,48.914757],[-117.062979,48.914083],[-117.063361,48.913669],[-117.063524,48.913399],[-117.063837,48.912715],[-117.063987,48.912436],[-117.064246,48.91231],[-117.065529,48.912183],[-117.066129,48.912039],[-117.066798,48.911939],[-117.068312,48.911876],[-117.068667,48.911794],[-117.069472,48.911668],[-117.070618,48.911523],[-117.071437,48.911289],[-117.072105,48.910938],[-117.072787,48.910514],[-117.07355,48.909884],[-117.074218,48.909092],[-117.074804,48.908525],[-117.075185,48.908255],[-117.07554,48.908111],[-117.076045,48.907939],[-117.07655,48.907885],[-117.077341,48.90784],[-117.078024,48.90792],[-117.078542,48.907875],[-117.079074,48.907811]]}},{"type":"Feature","properties":{"segment_type":"roadwalk","route_id":"main","region_id":"okanogan-highlands","region_name":"Okanogan Highlands","section_id":null,"section_name":null,"route_type":"roadwalk"},"geometry":{"type":"LineString","coordinates":[[-117.079074,48.907811],[-117.07936,48.907667],[-117.079415,48.907424]]}},{"type":"Feature","properties":{"segment_type":"trail","route_id":"main","region_id":"okanogan-highlands","region_name":"Okanogan Highlands","section_id":null,"section_name":null},"geometry":{"type":"LineString","coordinates":[[-117.079415,48.907424],[-117.080541,48.907781],[-117.081603,48.908341],[-117.082746,48.909046],[-117.08336,48.909467],[-117.084663,48.909935],[-117.08553,48.90992],[-117.086571,48.909909],[-117.087261,48.909977],[-117.087816,48.910215],[-117.088106,48.910563],[-117.088391,48.911053],[-117.088551,48.911349],[-117.089086,48.912977],[-117.089279,48.913723],[-117.089443,48.914011],[-117.08943,48.914281],[-117.089254,48.914785],[-117.089336,48.915055],[-117.089664,48.915621],[-117.090006,48.915657],[-117.089978,48.915243],[-117.089909,48.914703],[-117.090153,48.914208],[-117.090479,48.91339],[-117.090914,48.912067],[-117.091102,48.910816],[-117.091196,48.909926],[-117.091305,48.909395],[-117.091522,48.909134],[-117.091904,48.908962],[-117.09275,48.908836],[-117.093419,48.908817],[-117.094142,48.908898],[-117.094866,48.908996],[-117.095153,48.909122],[-117.095535,48.909373],[-117.096014,48.909895],[-117.096807,48.910506],[-117.097408,48.910892],[-117.098104,48.911188],[-117.099265,48.911565],[-117.100016,48.911834],[-117.100863,48.912184],[-117.101779,48.912723],[-117.102544,48.913155],[-117.1032,48.913406],[-117.103841,48.913549],[-117.105726,48.913925],[-117.106245,48.914132],[-117.106927,48.914293],[-117.107433,48.914509],[-117.107843,48.914715],[-117.108034,48.91494],[-117.108418,48.915398],[-117.108855,48.915713],[-117.109265,48.915874],[-117.109606,48.915928],[-117.110753,48.916008],[-117.111831,48.916088],[-117.112596,48.916276],[-117.113853,48.916688],[-117.114413,48.916814],[-117.114795,48.916795],[-117.115204,48.916687],[-117.115558,48.916453],[-117.115722,48.91621],[-117.115748,48.916021],[-117.115612,48.91585],[-117.115202,48.915733],[-117.114096,48.915474],[-117.113727,48.915267],[-117.113412,48.915088],[-117.112934,48.914665],[-117.112496,48.914333],[-117.112209,48.914189],[-117.111731,48.913983],[-117.110433,48.913543],[-117.109859,48.913193],[-117.109162,48.912609],[-117.108533,48.912151],[-117.108219,48.911773],[-117.106987,48.910425],[-117.107083,48.910254],[-117.107492,48.910217],[-117.107847,48.910442],[-117.108216,48.910801],[-117.108723,48.911341],[-117.109133,48.911736],[-117.10942,48.91188],[-117.109925,48.912068],[-117.110663,48.912256],[-117.111345,48.912382],[-117.111919,48.912561],[-117.112547,48.912839],[-117.113053,48.913127],[-117.11349,48.91327],[-117.114187,48.913458],[-117.115197,48.913619],[-117.116275,48.913789],[-117.11704,48.913815],[-117.117886,48.913896],[-117.118637,48.913976],[-117.119156,48.914074],[-117.121668,48.914323],[-117.123429,48.914403],[-117.124889,48.914527],[-117.125476,48.914526],[-117.126049,48.914481],[-117.127291,48.914245],[-117.12901,48.913929],[-117.130388,48.913756],[-117.130975,48.913773],[-117.131562,48.913854],[-117.132272,48.914069],[-117.133092,48.914482],[-117.13357,48.914589],[-117.134922,48.914902],[-117.135537,48.915181],[-117.136016,48.915549],[-117.136563,48.916052],[-117.137206,48.916717],[-117.137768,48.917517],[-117.13781,48.917778],[-117.137743,48.918147],[-117.137607,48.918516],[-117.137635,48.918741],[-117.138019,48.919496],[-117.138198,48.919738],[-117.138444,48.919846],[-117.138867,48.919891],[-117.139153,48.919665],[-117.138865,48.919216],[-117.13881,48.918982],[-117.138863,48.918568],[-117.138943,48.917974],[-117.13897,48.917659],[-117.139049,48.917395],[-117.139464,48.917372],[-117.139931,48.917403],[-117.140217,48.917473],[-117.140279,48.917723],[-117.14027,48.917966],[-117.14028,48.918186],[-117.140393,48.918538],[-117.140613,48.918672],[-117.141077,48.91878],[-117.141586,48.918658],[-117.141849,48.918359],[-117.142026,48.91819],[-117.14237,48.918136],[-117.142545,48.918507],[-117.142663,48.918722],[-117.142837,48.918897],[-117.143157,48.919015],[-117.143561,48.919039],[-117.144026,48.918869],[-117.144301,48.918487],[-117.144628,48.918161],[-117.144886,48.918005],[-117.145348,48.917923],[-117.145823,48.918002],[-117.145987,48.918244],[-117.146834,48.918486],[-117.147258,48.918693],[-117.147464,48.919079],[-117.148079,48.919267],[-117.148421,48.919636],[-117.148981,48.919725],[-117.151287,48.919335],[-117.151436,48.91911],[-117.150726,48.91894],[-117.150303,48.918869],[-117.15056,48.918329],[-117.151064,48.917815],[-117.151486,48.91759],[-117.152236,48.91731],[-117.152712,48.916868],[-117.153285,48.916607],[-117.153926,48.916489],[-117.154404,48.916506],[-117.154609,48.916641],[-117.155306,48.917099],[-117.15599,48.917584],[-117.15692,48.918086],[-117.158013,48.9184],[-117.158982,48.918434],[-117.159679,48.918451],[-117.158752,48.918857],[-117.159544,48.919009],[-117.160554,48.919062],[-117.161182,48.919097],[-117.162026,48.918502],[-117.162585,48.918204],[-117.163458,48.917942],[-117.163798,48.917735],[-117.164383,48.917122],[-117.165201,48.916734],[-117.166019,48.916571],[-117.167138,48.916309],[-117.168543,48.9161],[-117.169415,48.915783],[-117.170015,48.91545],[-117.170519,48.91508],[-117.17094,48.914522],[-117.171306,48.91382],[-117.171441,48.91354],[-117.171591,48.913387],[-117.172545,48.912999],[-117.173636,48.91279],[-117.174959,48.912402],[-117.176199,48.912013],[-117.177126,48.911598],[-117.178174,48.910966],[-117.178365,48.910741],[-117.178554,48.910192],[-117.178676,48.909949],[-117.178974,48.909445],[-117.179149,48.908761],[-117.179256,48.908221],[-117.179785,48.907347],[-117.180207,48.906861],[-117.180274,48.906582],[-117.180164,48.906402],[-117.181241,48.906176],[-117.181268,48.905996],[-117.181143,48.905438],[-117.181345,48.904781],[-117.181739,48.904115],[-117.181874,48.903692],[-117.181789,48.903026],[-117.181418,48.902244],[-117.181336,48.902037],[-117.181526,48.901776],[-117.182767,48.901558],[-117.183503,48.901332],[-117.183775,48.901197],[-117.18432,48.90098],[-117.185574,48.900681],[-117.186065,48.900581],[-117.186365,48.900437],[-117.186732,48.900229],[-117.187046,48.900193],[-117.187415,48.900237],[-117.188071,48.900686],[-117.188346,48.901072],[-117.188456,48.901441],[-117.188431,48.902071],[-117.188406,48.902557],[-117.188325,48.902998],[-117.188411,48.903834],[-117.188617,48.904302],[-117.188945,48.904391],[-117.189371,48.905353],[-117.189824,48.905892],[-117.190275,48.90617],[-117.191271,48.906186],[-117.192077,48.906275],[-117.19302,48.906606],[-117.194031,48.906883],[-117.195329,48.907241],[-117.19694,48.907409],[-117.200202,48.90753],[-117.199559,48.907234],[-117.200432,48.907196],[-117.201074,48.907213],[-117.200458,48.906881],[-117.20099,48.906791],[-117.201973,48.906843],[-117.201685,48.906636],[-117.202108,48.906465],[-117.201683,48.906133],[-117.203103,48.906229],[-117.204673,48.906442],[-117.205684,48.906782],[-117.207325,48.907535],[-117.208118,48.907884],[-117.208406,48.90828],[-117.208339,48.908595],[-117.208068,48.909],[-117.207987,48.909189],[-117.208574,48.90926],[-117.208766,48.909404],[-117.209052,48.909295],[-117.209611,48.909168],[-117.210007,48.909167],[-117.211837,48.909551],[-117.211782,48.909326],[-117.211329,48.908787],[-117.211218,48.908401],[-117.211586,48.908382],[-117.212257,48.908821],[-117.21305,48.909117],[-117.213925,48.909619],[-117.214212,48.909619],[-117.214458,48.909726],[-117.214745,48.909914],[-117.21506,48.90995],[-117.216578,48.910766],[-117.217193,48.911043],[-117.218095,48.911222],[-117.219134,48.911651],[-117.220324,48.912243],[-117.221826,48.912366],[-117.222673,48.912661],[-117.223385,48.91311],[-117.223492,48.912759],[-117.224558,48.912954],[-117.225324,48.913349],[-117.226172,48.913842],[-117.22631,48.914066],[-117.22657,48.914192],[-117.227158,48.914533],[-117.227418,48.91473],[-117.228525,48.91498],[-117.229658,48.915049],[-117.230723,48.915029],[-117.231295,48.914839],[-117.23169,48.914632],[-117.232303,48.914432],[-117.232889,48.91426],[-117.233707,48.914093],[-117.234144,48.914087],[-117.236028,48.914218],[-117.237325,48.914287],[-117.238622,48.914285],[-117.239809,48.914165],[-117.241283,48.914171],[-117.241939,48.914314],[-117.242307,48.914358],[-117.242662,48.914276],[-117.242894,48.914375],[-117.243209,48.914536],[-117.243632,48.914553],[-117.244014,48.914426],[-117.24419,48.914165],[-117.244463,48.91411],[-117.244804,48.914164],[-117.246279,48.914421],[-117.246893,48.914366],[-117.247793,48.914085],[-117.24861,48.913751],[-117.249482,48.913506],[-117.249987,48.913406],[-117.250245,48.913297],[-117.250571,48.912946],[-117.251075,48.912756],[-117.251744,48.912682],[-117.252275,48.912582],[-117.252821,48.912428],[-117.253421,48.912328],[-117.253829,48.912165],[-117.254006,48.911985],[-117.254182,48.911831],[-117.254455,48.91175],[-117.25463,48.911281],[-117.254806,48.910966],[-117.255146,48.910768],[-117.25535,48.910587],[-117.255496,48.909759],[-117.255671,48.909372],[-117.256269,48.908876],[-117.256826,48.908407],[-117.257969,48.90773],[-117.25884,48.907296],[-117.260298,48.906798],[-117.261251,48.906481],[-117.262313,48.906064],[-117.262763,48.905928],[-117.263118,48.905946],[-117.263798,48.905512],[-117.264465,48.905178],[-117.265746,48.904797],[-117.266576,48.904381],[-117.267174,48.904029],[-117.267855,48.90373],[-117.268727,48.903432],[-117.269557,48.903061],[-117.270361,48.90278],[-117.270986,48.902772],[-117.271432,48.90292],[-117.272083,48.9033],[-117.272809,48.903362],[-117.273329,48.90357],[-117.273571,48.903951],[-117.273627,48.904577],[-117.273645,48.905633],[-117.273478,48.906738],[-117.27305,48.908113],[-117.27305,48.909022],[-117.272939,48.909341],[-117.272065,48.910348],[-117.27186,48.911048],[-117.272139,48.911662],[-117.272362,48.912165],[-117.272641,48.912399],[-117.272846,48.912755],[-117.273441,48.913197],[-117.274148,48.913295],[-117.275412,48.913332],[-117.27623,48.913491],[-117.276937,48.913651],[-117.278555,48.914277],[-117.27915,48.914388],[-117.279764,48.914707],[-117.27995,48.915296],[-117.279857,48.915652],[-117.280303,48.915726],[-117.280731,48.915652],[-117.281475,48.915603],[-117.282088,48.915812],[-117.282535,48.916303],[-117.282628,48.916831],[-117.282442,48.917396],[-117.282163,48.917642],[-117.282795,48.917789],[-117.283427,48.917961],[-117.283855,48.918378],[-117.284078,48.918857],[-117.284097,48.919164],[-117.284469,48.919422],[-117.28525,48.919753],[-117.285157,48.920846],[-117.285343,48.921129],[-117.285789,48.921227],[-117.286719,48.921399],[-117.287853,48.921767],[-117.289248,48.92232],[-117.289806,48.922897],[-117.28962,48.923523],[-117.29068,48.923437],[-117.291312,48.923977],[-117.292149,48.924149],[-117.292484,48.924456],[-117.292614,48.92523],[-117.2936,48.926359],[-117.293934,48.927563],[-117.294455,48.927931],[-117.295218,48.926887],[-117.295013,48.925868],[-117.295032,48.924358],[-117.295348,48.924002],[-117.296017,48.923904],[-117.296798,48.924063],[-117.29704,48.923695],[-117.299123,48.924653],[-117.30048,48.924775],[-117.300964,48.92507],[-117.301187,48.925586],[-117.30115,48.926445],[-117.301392,48.927747],[-117.301894,48.928263],[-117.302563,48.928557],[-117.303772,48.928655],[-117.304627,48.928447],[-117.306004,48.927514],[-117.307343,48.92701],[-117.307491,48.927538],[-117.308812,48.926544],[-117.310932,48.925893],[-117.312847,48.924432]]}},{"type":"Feature","properties":{"segment_type":"roadwalk","route_id":"main","region_id":"okanogan-highlands","region_name":"Okanogan Highlands","section_id":null,"section_name":null,"route_type":"roadwalk"},"geometry":{"type":"LineString","coordinates":[[-117.312847,48.924432],[-117.313386,48.924726],[-117.309258,48.927906],[-117.307622,48.928545],[-117.307194,48.928913],[-117.307175,48.929318],[-117.307436,48.929601],[-117.307938,48.929724],[-117.308551,48.929662],[-117.309742,48.929085],[-117.310913,48.929048],[-117.312605,48.929846],[-117.312959,48.930767],[-117.316269,48.932462],[-117.320081,48.937042],[-117.319914,48.942174],[-117.317757,48.945624],[-117.316102,48.951444],[-117.316139,48.952771],[-117.316864,48.955902],[-117.317757,48.96026],[-117.312643,48.966744],[-117.311638,48.968364],[-117.311248,48.970795],[-117.31149,48.972392],[-117.311434,48.974737],[-117.311862,48.975314],[-117.313331,48.976272],[-117.313535,48.979083],[-117.312048,48.981171],[-117.312345,48.982202],[-117.313089,48.983172],[-117.313386,48.984437],[-117.312531,48.985738],[-117.311471,48.986389],[-117.310281,48.986844],[-117.30777,48.98747],[-117.308031,48.987801],[-117.311322,48.98855],[-117.313517,48.988587],[-117.316157,48.988096],[-117.317943,48.988784],[-117.319505,48.988366],[-117.322796,48.988857],[-117.325735,48.988955],[-117.327241,48.98817],[-117.328338,48.98715],[-117.33189,48.9865],[-117.332876,48.986119],[-117.333806,48.986131],[-117.335182,48.987089],[-117.336595,48.987077],[-117.339478,48.98634],[-117.340798,48.986844],[-117.341226,48.987887],[-117.342862,48.987949],[-117.343922,48.988587],[-117.344759,48.989508],[-117.345336,48.989766],[-117.348162,48.989299],[-117.348144,48.98812],[-117.347493,48.987728],[-117.347976,48.987175],[-117.348813,48.987077],[-117.349241,48.987789],[-117.350301,48.987899],[-117.352045,48.988741],[-117.352514,48.988968],[-117.353183,48.991804],[-117.353035,48.993167],[-117.353146,48.993597],[-117.353555,48.993916],[-117.354113,48.994026],[-117.354652,48.993879],[-117.35495,48.993597],[-117.35482,48.992516],[-117.354039,48.989913],[-117.354745,48.987593],[-117.352979,48.98537],[-117.353016,48.983135],[-117.351026,48.980802],[-117.351156,48.979771],[-117.352811,48.978838],[-117.355303,48.978396],[-117.355787,48.978126],[-117.357591,48.976087],[-117.360101,48.974626],[-117.362943,48.97375],[-117.363207,48.973669],[-117.364341,48.972146],[-117.366164,48.97028],[-117.366777,48.967357],[-117.367689,48.96527],[-117.367763,48.964533],[-117.367261,48.963907],[-117.36529,48.962937],[-117.364788,48.962507],[-117.36356,48.960604],[-117.361831,48.954649],[-117.360064,48.953593],[-117.35986,48.953249],[-117.360231,48.950683],[-117.358874,48.949013],[-117.358353,48.948731],[-117.356512,48.948584],[-117.355768,48.948191],[-117.355303,48.947589],[-117.35521,48.947086],[-117.356326,48.944077],[-117.355136,48.942137],[-117.355136,48.941609],[-117.35575,48.940173],[-117.355787,48.936477],[-117.352086,48.932057],[-117.351175,48.930399],[-117.351008,48.929871],[-117.351138,48.929282],[-117.353388,48.928103],[-117.353983,48.927378],[-117.353946,48.926777],[-117.353518,48.926249],[-117.352105,48.925365],[-117.351844,48.924923],[-117.35216,48.923805],[-117.353202,48.92286],[-117.354355,48.922099],[-117.356494,48.921706],[-117.360027,48.919901],[-117.360585,48.919127],[-117.360492,48.917212],[-117.359171,48.913418],[-117.359246,48.911883],[-117.36012,48.909599],[-117.36211,48.907377],[-117.362407,48.906677],[-117.362333,48.906173],[-117.361403,48.905424],[-117.360455,48.905179],[-117.359711,48.9047],[-117.359618,48.903791],[-117.360008,48.903374],[-117.362537,48.901999],[-117.364974,48.90136],[-117.372096,48.901422],[-117.373584,48.901115],[-117.374886,48.900611],[-117.37628,48.89899],[-117.377285,48.898782],[-117.378307,48.898831],[-117.380887,48.898089],[-117.381018,48.898399],[-117.381049,48.89892],[-117.381269,48.899073],[-117.383157,48.899768],[-117.383431,48.899911],[-117.383763,48.90045],[-117.384568,48.902228],[-117.384624,48.9026],[-117.384545,48.902795],[-117.383875,48.904381],[-117.383849,48.904606],[-117.383878,48.904839],[-117.383949,48.905163],[-117.384258,48.906385],[-117.38433,48.906835],[-117.384307,48.907357],[-117.384295,48.907555],[-117.384174,48.907861],[-117.384028,48.908338],[-117.384126,48.90868],[-117.384346,48.908904],[-117.384922,48.909253],[-117.38513,48.909657],[-117.385104,48.909882],[-117.384874,48.910135],[-117.384753,48.910324],[-117.384688,48.910774],[-117.384364,48.911279],[-117.383726,48.911758],[-117.383401,48.91202],[-117.382913,48.912525],[-117.382399,48.91313],[-117.382251,48.913364],[-117.382225,48.913562],[-117.382232,48.914525],[-117.382303,48.914701],[-117.382427,48.914965],[-117.38306,48.9157],[-117.384312,48.917001],[-117.384752,48.917341],[-117.385053,48.917484],[-117.385326,48.917501],[-117.385804,48.917481],[-117.386267,48.917399],[-117.388413,48.917724],[-117.388756,48.917948],[-117.389114,48.91837],[-117.38912,48.919188],[-117.389097,48.919701],[-117.389196,48.920142],[-117.389348,48.920429],[-117.3895,48.920663],[-117.38972,48.920824],[-117.390048,48.920922],[-117.39039,48.920956],[-117.390511,48.920758],[-117.390494,48.920362],[-117.390533,48.920119],[-117.390737,48.919957],[-117.390953,48.919704],[-117.391349,48.919694],[-117.392007,48.92006],[-117.392472,48.920194],[-117.39295,48.920228],[-117.393647,48.920333],[-117.393922,48.920548],[-117.393653,48.921089],[-117.393507,48.921548],[-117.393181,48.921828],[-117.392855,48.922054],[-117.392857,48.92227],[-117.393185,48.922287],[-117.394003,48.922212],[-117.394345,48.922211],[-117.395044,48.922569],[-117.395455,48.922801],[-117.396193,48.922979],[-117.396684,48.922905],[-117.396914,48.922643],[-117.396952,48.922184],[-117.397209,48.92194],[-117.397221,48.921698],[-117.397205,48.921482],[-117.397122,48.921239],[-117.39697,48.921015],[-117.396597,48.92044],[-117.396512,48.920099],[-117.396715,48.919873],[-117.396999,48.919575],[-117.396956,48.919261],[-117.397117,48.918909],[-117.397211,48.91872],[-117.3968,48.918541],[-117.396267,48.918498],[-117.395993,48.9184],[-117.395801,48.918221],[-117.395401,48.917764],[-117.39507,48.917234],[-117.394889,48.916866],[-117.394832,48.916515],[-117.394898,48.916218],[-117.395367,48.915182],[-117.396069,48.914127],[-117.396541,48.91345],[-117.396758,48.913279],[-117.397126,48.913134],[-117.397142,48.913484],[-117.396767,48.914439],[-117.396662,48.914862],[-117.396555,48.915142],[-117.39645,48.915736],[-117.396453,48.916042],[-117.396509,48.916221],[-117.39666,48.916428],[-117.396935,48.916616],[-117.397236,48.916705],[-117.397659,48.916766],[-117.397974,48.916873],[-117.397977,48.917179],[-117.398223,48.917295],[-117.398619,48.917285],[-117.399178,48.917247],[-117.399398,48.91739],[-117.399413,48.917579],[-117.39932,48.917867],[-117.399078,48.918381],[-117.399176,48.918722],[-117.399575,48.919116],[-117.399919,48.919448],[-117.400112,48.919663],[-117.400455,48.919923],[-117.400934,48.920047],[-117.401266,48.920523],[-117.40139,48.920702],[-117.401884,48.921097],[-117.402191,48.921842],[-117.402562,48.922183],[-117.404059,48.92332],[-117.404331,48.923247],[-117.404166,48.923059],[-117.403768,48.922736],[-117.403575,48.922512],[-117.403395,48.922243],[-117.403229,48.921946],[-117.403185,48.921623],[-117.403087,48.921218],[-117.402755,48.920707],[-117.402712,48.920491],[-117.402668,48.920104],[-117.402241,48.919593],[-117.401976,48.918847],[-117.401821,48.918308],[-117.401806,48.91811],[-117.401777,48.91793],[-117.402005,48.917381],[-117.40203,48.917129],[-117.401918,48.916787],[-117.401942,48.916409],[-117.40209,48.916112],[-117.402073,48.915671],[-117.402126,48.915464],[-117.402138,48.915284],[-117.401903,48.914844],[-117.40175,48.914512],[-117.401734,48.914197],[-117.401731,48.913918],[-117.401797,48.913603],[-117.402311,48.912981],[-117.402852,48.912412],[-117.403339,48.91187],[-117.403705,48.911536],[-117.404126,48.91131],[-117.404561,48.911083],[-117.404874,48.911028],[-117.405229,48.911027],[-117.405122,48.911261],[-117.404754,48.91138],[-117.404416,48.911696],[-117.404309,48.912002],[-117.404189,48.912407],[-117.40441,48.912631],[-117.404832,48.91254],[-117.405198,48.912269],[-117.405647,48.912105],[-117.406056,48.911996],[-117.406424,48.911985],[-117.407038,48.911983],[-117.407285,48.912072],[-117.407983,48.912358],[-117.408095,48.912654],[-117.407809,48.912763],[-117.407182,48.912909],[-117.406898,48.913171],[-117.406779,48.91364],[-117.406461,48.914819],[-117.406559,48.915152],[-117.406752,48.915421],[-117.406809,48.91561],[-117.40676,48.91632],[-117.40706,48.91631],[-117.407341,48.915671],[-117.407665,48.915238],[-117.40803,48.914742],[-117.408315,48.914615],[-117.408984,48.914558],[-117.410006,48.914411],[-117.410838,48.914372],[-117.411262,48.91437],[-117.411058,48.91456],[-117.410609,48.914633],[-117.410337,48.914805],[-117.409483,48.915546],[-117.408684,48.916314],[-117.408523,48.916638],[-117.408525,48.916935],[-117.40861,48.917222],[-117.408858,48.917518],[-117.409754,48.918586],[-117.411048,48.91994],[-117.411336,48.920091],[-117.411596,48.920189],[-117.41232,48.920295],[-117.412662,48.920339],[-117.412908,48.920446],[-117.413416,48.920723],[-117.413731,48.920892],[-117.414254,48.921439],[-117.414666,48.921654],[-117.415692,48.921956],[-117.416527,48.922187],[-117.417006,48.922356],[-117.417184,48.922499],[-117.417544,48.923038],[-117.417695,48.923226],[-117.417982,48.923189],[-117.417785,48.922551],[-117.417796,48.922218],[-117.417398,48.921869],[-117.417191,48.921681],[-117.417067,48.921465],[-117.416942,48.921205],[-117.41694,48.92098],[-117.417046,48.920682]]}},{"type":"Feature","properties":{"segment_type":"trail","route_id":"main","region_id":"okanogan-highlands","region_name":"Okanogan Highlands","section_id":null,"section_name":null},"geometry":{"type":"LineString","coordinates":[[-117.417046,48.920682],[-117.417334,48.920762],[-117.417788,48.921247],[-117.418036,48.921552],[-117.418613,48.921972],[-117.420001,48.923074],[-117.420359,48.923405],[-117.420647,48.923557],[-117.42092,48.923628],[-117.42129,48.92369],[-117.421986,48.92375],[-117.423297,48.923826],[-117.424021,48.923895],[-117.425033,48.924],[-117.426059,48.924266],[-117.427785,48.925015],[-117.427992,48.925221],[-117.428239,48.925445],[-117.428406,48.92575],[-117.428437,48.926182],[-117.428563,48.926613],[-117.429152,48.926818],[-117.42982,48.926762],[-117.430405,48.926499],[-117.430705,48.926398],[-117.431988,48.926385],[-117.432288,48.926392],[-117.433189,48.926308],[-117.433748,48.926297],[-117.434787,48.926446],[-117.435868,48.926739],[-117.4371,48.927139],[-117.437429,48.927255],[-117.437798,48.927289],[-117.438207,48.927252],[-117.43956,48.927408],[-117.439888,48.927443],[-117.44098,48.927421],[-117.441389,48.927356],[-117.441785,48.927364],[-117.442057,48.927273],[-117.442734,48.926641],[-117.44306,48.926495],[-117.443455,48.926359],[-117.444041,48.92624],[-117.444574,48.926247],[-117.445776,48.926431],[-117.446419,48.926527],[-117.446897,48.926561],[-117.447402,48.926514],[-117.448084,48.926422],[-117.448452,48.926411],[-117.448793,48.926419],[-117.449094,48.9264],[-117.449434,48.9263],[-117.449924,48.926118],[-117.44979,48.926442],[-117.449369,48.926651],[-117.449015,48.926814],[-117.448539,48.926951],[-117.447913,48.927196],[-117.447627,48.927251],[-117.447369,48.927396],[-117.447138,48.927532],[-117.446744,48.927812],[-117.446239,48.927796],[-117.445898,48.927789],[-117.445462,48.927907],[-117.445068,48.928143],[-117.444743,48.928423],[-117.444541,48.928703],[-117.443985,48.929191],[-117.443673,48.929408],[-117.443347,48.929589],[-117.443076,48.92986],[-117.44346,48.929966],[-117.443814,48.929866],[-117.444319,48.929846],[-117.444576,48.929638],[-117.444874,48.929385],[-117.445324,48.929248],[-117.445855,48.92912],[-117.446495,48.928956],[-117.446795,48.928937],[-117.447779,48.929041],[-117.448229,48.928922],[-117.448529,48.928867],[-117.448938,48.928865],[-117.449553,48.928962],[-117.449936,48.928951],[-117.450208,48.928914],[-117.450562,48.928805],[-117.450931,48.928831],[-117.451627,48.928837],[-117.451547,48.929053],[-117.45095,48.929451],[-117.45057,48.929687],[-117.450353,48.929831],[-117.449836,48.930049],[-117.448883,48.930305],[-117.448516,48.930504],[-117.448545,48.930711],[-117.44901,48.93079],[-117.449911,48.930823],[-117.450731,48.930873],[-117.451127,48.930908],[-117.451455,48.930907],[-117.451809,48.930824],[-117.452844,48.930496],[-117.45347,48.930305],[-117.453673,48.930142],[-117.453863,48.929988],[-117.454189,48.929825],[-117.45528,48.929605],[-117.456327,48.929169],[-117.457129,48.928851],[-117.457604,48.928453],[-117.457793,48.9283],[-117.458068,48.928424],[-117.458463,48.928351],[-117.45877,48.927585],[-117.458942,48.927027],[-117.459131,48.926765],[-117.459374,48.926512],[-117.459877,48.926213],[-117.460378,48.925842],[-117.460812,48.925472],[-117.461159,48.925127],[-117.461677,48.924497],[-117.462068,48.923982],[-117.462268,48.923478],[-117.462482,48.923009],[-117.462669,48.922613],[-117.463402,48.922079],[-117.463645,48.921862],[-117.463999,48.921717],[-117.464519,48.921831],[-117.465124,48.922288],[-117.465303,48.922494],[-117.46567,48.922366],[-117.465654,48.922034],[-117.465717,48.921548],[-117.465839,48.921376],[-117.466206,48.921258],[-117.466563,48.921472],[-117.466951,48.922064],[-117.467705,48.922439],[-117.46835,48.922832],[-117.468679,48.922948],[-117.469101,48.922838],[-117.469303,48.922505],[-117.469475,48.921991],[-117.469568,48.921721],[-117.470062,48.921953],[-117.470434,48.922356],[-117.470821,48.922804],[-117.471152,48.923163],[-117.471427,48.923369],[-117.471781,48.923313],[-117.471929,48.923124],[-117.471941,48.922944],[-117.47172,48.92263],[-117.471553,48.922297],[-117.471798,48.922171],[-117.472196,48.922457],[-117.472648,48.922554],[-117.473003,48.922561],[-117.473508,48.922649],[-117.473425,48.922461],[-117.473807,48.922468],[-117.474315,48.922727],[-117.474931,48.922958],[-117.475248,48.923227],[-117.475524,48.923577],[-117.475773,48.92398],[-117.475886,48.924376],[-117.475878,48.924897],[-117.475815,48.9255],[-117.475832,48.925815],[-117.475929,48.925986],[-117.476831,48.92609],[-117.477213,48.926052],[-117.477512,48.925916],[-117.477946,48.925645],[-117.478544,48.925309],[-117.479155,48.925019],[-117.47985,48.924827],[-117.480571,48.924608],[-117.480967,48.924588],[-117.481096,48.924389],[-117.481285,48.924203],[-117.481753,48.924012],[-117.4821,48.924012],[-117.482447,48.924007],[-117.482746,48.924034],[-117.483384,48.924082],[-117.48373,48.9241],[-117.484075,48.924172],[-117.4844,48.924212],[-117.4847,48.924207],[-117.485116,48.924172],[-117.486106,48.924055],[-117.486891,48.923944],[-117.487602,48.923918],[-117.488077,48.923954],[-117.48862,48.924052],[-117.489235,48.924113],[-117.49034,48.924099],[-117.491638,48.924228],[-117.492633,48.924071],[-117.494147,48.923867],[-117.494695,48.924071],[-117.494788,48.923855],[-117.494485,48.923586],[-117.494184,48.923489],[-117.493911,48.923463],[-117.493364,48.923366],[-117.492436,48.923278],[-117.492693,48.923135],[-117.493237,48.92298],[-117.49385,48.922842],[-117.494935,48.922574],[-117.494486,48.922257],[-117.493939,48.922185],[-117.493544,48.922259],[-117.493882,48.92197],[-117.494741,48.921674],[-117.495449,48.92163],[-117.497827,48.92189],[-117.498318,48.921914],[-117.499018,48.921962],[-117.499885,48.922215],[-117.500576,48.922507],[-117.501072,48.922792],[-117.501346,48.92299],[-117.501588,48.923218],[-117.501646,48.923006],[-117.501851,48.922568],[-117.502505,48.92285],[-117.502657,48.923074],[-117.503208,48.923521],[-117.50339,48.923945],[-117.503703,48.923897],[-117.504092,48.923275],[-117.504311,48.92309],[-117.504731,48.922948],[-117.505201,48.922823],[-117.505587,48.922539],[-117.505586,48.922252],[-117.505443,48.921928],[-117.504567,48.921599],[-117.503429,48.921136],[-117.501538,48.920398],[-117.500989,48.920233],[-117.500736,48.920087],[-117.499495,48.919645],[-117.499043,48.919347],[-117.498809,48.919115],[-117.498396,48.918756],[-117.498066,48.918461],[-117.497534,48.91825],[-117.497165,48.917963],[-117.496827,48.91791],[-117.495845,48.917526],[-117.494515,48.916902],[-117.493845,48.916761],[-117.494403,48.916606],[-117.495154,48.916638],[-117.495853,48.91679],[-117.496144,48.916843],[-117.496393,48.916931],[-117.497006,48.917128],[-117.497358,48.917183],[-117.497895,48.91722],[-117.498227,48.917242],[-117.498779,48.917218],[-117.499226,48.917282],[-117.49955,48.917353],[-117.500034,48.917552],[-117.500443,48.917755],[-117.500667,48.917883],[-117.50108,48.918241],[-117.501314,48.918456],[-117.501641,48.918485],[-117.502028,48.918448],[-117.502645,48.918487],[-117.503154,48.918529],[-117.503838,48.918637],[-117.504285,48.918692],[-117.504672,48.918491],[-117.50493,48.918279],[-117.505655,48.917967],[-117.506221,48.917724],[-117.507568,48.917304],[-117.509596,48.916755],[-117.510456,48.916492],[-117.511115,48.916336],[-117.511459,48.916298],[-117.510956,48.916226],[-117.511363,48.916022],[-117.511669,48.915954],[-117.511957,48.915909],[-117.512812,48.915844],[-117.513492,48.915976],[-117.513451,48.91567],[-117.513189,48.915457],[-117.512778,48.915251],[-117.513474,48.915192],[-117.513782,48.915228],[-117.513556,48.91502],[-117.513127,48.914814],[-117.51359,48.914708],[-117.513235,48.91455],[-117.5129,48.914521],[-117.512621,48.914516],[-117.513131,48.914367],[-117.513429,48.914335],[-117.513158,48.914257],[-117.512767,48.914216],[-117.51312,48.91414],[-117.513407,48.914078],[-117.513769,48.914021],[-117.513471,48.913906],[-117.512447,48.913856],[-117.512873,48.913694],[-117.513425,48.913491],[-117.51393,48.913416],[-117.513452,48.913382],[-117.513192,48.913321],[-117.514022,48.913083],[-117.514348,48.912974],[-117.513925,48.912913],[-117.51301,48.912926],[-117.512478,48.912937],[-117.513158,48.9127],[-117.515594,48.912032],[-117.513985,48.91213],[-117.516542,48.911255],[-117.518828,48.910669],[-117.519787,48.910432],[-117.519588,48.910295],[-117.518276,48.910077],[-117.51739,48.910113],[-117.516885,48.910102],[-117.51767,48.909513],[-117.518933,48.908941],[-117.517801,48.908946],[-117.517204,48.908981],[-117.516261,48.909142],[-117.517808,48.908334],[-117.517002,48.908266],[-117.517941,48.907956],[-117.517272,48.907995],[-117.517863,48.907755],[-117.518032,48.907599],[-117.518424,48.90746],[-117.518792,48.907433],[-117.51911,48.907469],[-117.519521,48.907618],[-117.519823,48.907734],[-117.520077,48.907876],[-117.520359,48.908027],[-117.520352,48.907803],[-117.5201,48.90758],[-117.519801,48.907339],[-117.519587,48.907219],[-117.519233,48.907077],[-117.518892,48.906895],[-117.518831,48.906619],[-117.518945,48.906381],[-117.518802,48.906107],[-117.518778,48.905769],[-117.519074,48.905626]]}},{"type":"Feature","properties":{"segment_type":"roadwalk","route_id":"main","region_id":"okanogan-highlands","region_name":"Okanogan Highlands","section_id":null,"section_name":null,"route_type":"roadwalk"},"geometry":{"type":"LineString","coordinates":[[-117.519074,48.905626],[-117.519815,48.905806],[-117.520554,48.905929],[-117.521306,48.906069],[-117.521976,48.906282],[-117.52232,48.906488],[-117.522664,48.906828],[-117.522885,48.907016],[-117.523132,48.907213],[-117.523258,48.907437],[-117.523359,48.908003],[-117.523854,48.908388],[-117.524278,48.908467],[-117.524742,48.908447],[-117.525547,48.908425],[-117.526066,48.908459],[-117.527202,48.908723],[-117.527776,48.908856],[-117.528227,48.908916],[-117.528787,48.908968],[-117.529157,48.909065],[-117.529458,48.909172],[-117.529761,48.909395],[-117.530408,48.909932],[-117.530956,48.91019],[-117.531463,48.91035],[-117.5319,48.910348],[-117.532405,48.910346],[-117.53268,48.910569],[-117.533908,48.910563],[-117.535056,48.910639],[-117.536148,48.910688],[-117.537322,48.910718],[-117.537853,48.910653],[-117.53833,48.910516],[-117.539025,48.91045],[-117.539324,48.910286],[-117.540004,48.910121],[-117.540563,48.910092],[-117.541206,48.910179],[-117.541781,48.910329],[-117.542068,48.910363],[-117.543159,48.910295],[-117.54348,48.910307],[-117.544019,48.910327],[-117.546231,48.910479],[-117.547542,48.910544],[-117.54824,48.910703],[-117.548787,48.910799],[-117.54921,48.910779],[-117.549686,48.910597],[-117.550174,48.910325],[-117.550732,48.910205],[-117.55196,48.910118],[-117.552948,48.910029],[-117.553459,48.909949],[-117.553839,48.909723],[-117.554219,48.909595],[-117.554874,48.90952],[-117.555966,48.90955],[-117.556751,48.908971],[-117.556968,48.908853],[-117.55855,48.9088],[-117.559228,48.908383],[-117.560169,48.908297],[-117.560426,48.908116],[-117.560656,48.907917],[-117.561362,48.90759],[-117.562081,48.9072],[-117.562624,48.906918],[-117.563276,48.906654],[-117.564282,48.906325],[-117.565219,48.905916],[-117.565884,48.905634],[-117.566266,48.905587],[-117.566852,48.905548],[-117.567193,48.905483],[-117.567587,48.905328],[-117.568023,48.905263],[-117.568541,48.905225],[-117.569275,48.904951],[-117.569655,48.904832],[-117.570199,48.904686],[-117.570648,48.904495],[-117.571068,48.904295],[-117.571435,48.904167],[-117.571925,48.904056],[-117.572648,48.903972],[-117.574354,48.903981],[-117.575542,48.904083],[-117.576034,48.904153],[-117.576241,48.904314],[-117.576736,48.904689],[-117.577038,48.904814],[-117.577475,48.904892],[-117.578035,48.904889],[-117.578316,48.904888],[-117.578717,48.904886],[-117.579456,48.905044],[-117.580235,48.905139],[-117.580878,48.905307],[-117.581484,48.905754],[-117.582617,48.906953],[-117.582839,48.907294],[-117.582953,48.907671],[-117.582992,48.907857],[-117.583097,48.908345],[-117.583104,48.908975],[-117.583434,48.909189],[-117.583748,48.909197],[-117.584881,48.909227],[-117.586182,48.910095],[-117.584547,48.910974],[-117.58315,48.911791],[-117.582855,48.911963],[-117.582093,48.912408],[-117.581417,48.912933],[-117.580864,48.913493],[-117.580447,48.914098],[-117.580193,48.914522],[-117.580128,48.914784],[-117.58009,48.915063],[-117.580027,48.916691],[-117.579978,48.919543],[-117.580182,48.920613],[-117.580406,48.921124],[-117.580671,48.9216],[-117.581183,48.922182],[-117.58212,48.922978],[-117.582607,48.923427],[-117.58477,48.92542],[-117.585168,48.925643],[-117.585511,48.925785],[-117.585826,48.925838],[-117.586305,48.925925],[-117.587205,48.925921],[-117.589144,48.92592],[-117.589637,48.926061],[-117.589898,48.926222],[-117.590381,48.92666],[-117.590522,48.926974],[-117.590525,48.927244],[-117.590382,48.927875],[-117.590172,48.928595],[-117.590178,48.929081],[-117.590221,48.929279],[-117.590347,48.929503],[-117.591165,48.93041],[-117.592656,48.931956],[-117.593209,48.932547],[-117.593553,48.932806],[-117.593651,48.933021],[-117.59371,48.933336],[-117.596515,48.933349],[-117.600919,48.93337],[-117.601247,48.933324],[-117.601585,48.933097],[-117.601938,48.932879],[-117.602426,48.932607],[-117.602462,48.932229],[-117.60257,48.932057],[-117.602828,48.931939],[-117.603155,48.931955],[-117.603826,48.932051],[-117.604369,48.931832],[-117.604762,48.931587],[-117.605033,48.931415],[-117.605278,48.931306],[-117.605669,48.931167],[-117.605982,48.931044],[-117.60641,48.931049],[-117.606658,48.931159],[-117.607272,48.931371],[-117.60768,48.93159],[-117.608148,48.931751],[-117.608783,48.931857],[-117.609431,48.931796],[-117.609905,48.931724],[-117.610145,48.9316],[-117.610544,48.931585],[-117.611036,48.931628],[-117.611832,48.931379],[-117.612703,48.931158],[-117.613143,48.931013],[-117.613855,48.930895],[-117.614476,48.930864],[-117.615095,48.93092],[-117.615728,48.930996],[-117.616358,48.931149],[-117.617001,48.931419],[-117.617383,48.931472],[-117.6179,48.931469],[-117.618143,48.931754],[-117.618405,48.931903],[-117.618698,48.931965],[-117.619197,48.932068],[-117.619653,48.932161],[-117.620295,48.932431],[-117.620647,48.932504],[-117.621222,48.93253],[-117.622728,48.932538],[-117.623672,48.932559],[-117.624339,48.932489],[-117.624842,48.932437],[-117.625318,48.932306],[-117.625752,48.932087],[-117.626097,48.931897],[-117.626425,48.931774],[-117.626692,48.931719],[-117.627785,48.93189],[-117.628153,48.931804],[-117.629142,48.931159],[-117.629401,48.931086],[-117.629768,48.930958],[-117.630122,48.930911],[-117.631037,48.930906],[-117.631351,48.930886],[-117.632154,48.930693],[-117.632533,48.930421],[-117.634587,48.929861],[-117.635214,48.929741],[-117.635622,48.929639],[-117.636246,48.929357],[-117.636804,48.929219],[-117.63818,48.928987],[-117.638493,48.928895],[-117.638942,48.928721],[-117.639457,48.92844],[-117.639903,48.928122],[-117.640502,48.928002],[-117.640774,48.927902],[-117.641235,48.927611],[-117.641559,48.927366],[-117.641666,48.927177],[-117.641769,48.92688],[-117.641832,48.926499],[-117.64186,48.926303],[-117.641992,48.926015],[-117.642612,48.92539],[-117.642814,48.925146],[-117.642988,48.924885],[-117.643094,48.92465],[-117.643186,48.924353],[-117.643334,48.924199],[-117.643672,48.923873],[-117.643842,48.923297],[-117.643942,48.922594],[-117.644004,48.922117],[-117.644096,48.921811],[-117.644215,48.921576],[-117.644416,48.921278],[-117.64514,48.921021],[-117.645703,48.92095],[-117.646267,48.92085],[-117.646535,48.920736],[-117.646659,48.920533],[-117.647011,48.920061],[-117.647199,48.919654],[-117.647176,48.919421],[-117.647056,48.918933],[-117.647224,48.91874],[-117.647587,48.918394],[-117.648075,48.917797],[-117.648495,48.917578],[-117.64903,48.917419],[-117.649385,48.917384],[-117.649857,48.917419],[-117.650419,48.917386],[-117.650763,48.917215],[-117.651033,48.917034],[-117.65261,48.916239],[-117.653344,48.916001],[-117.653833,48.915863],[-117.654705,48.915724],[-117.65585,48.915627],[-117.656477,48.915525],[-117.656879,48.915386],[-117.657359,48.915151],[-117.658104,48.914751],[-117.658983,48.914089],[-117.65978,48.913455],[-117.660495,48.912848],[-117.661213,48.912412],[-117.661931,48.911994],[-117.662214,48.911758],[-117.662249,48.911254],[-117.66219,48.910958],[-117.662824,48.910667],[-117.663682,48.910274],[-117.664362,48.909047],[-117.664524,48.908866],[-117.66474,48.908748],[-117.665598,48.908626],[-117.666445,48.908648],[-117.667319,48.908661],[-117.667673,48.908614],[-117.668121,48.90845],[-117.668405,48.90825],[-117.668715,48.908005],[-117.669011,48.907635],[-117.669226,48.907382],[-117.669441,48.907182],[-117.669753,48.906974],[-117.669942,48.906829],[-117.670089,48.906603],[-117.670465,48.906151],[-117.670639,48.905907],[-117.671258,48.905265],[-117.671595,48.904912],[-117.671811,48.904767],[-117.672125,48.904747],[-117.672148,48.904486],[-117.672296,48.904287],[-117.67254,48.904187],[-117.672278,48.90399],[-117.67245,48.903593],[-117.672639,48.903403],[-117.672444,48.903126],[-117.672753,48.902764],[-117.672928,48.902547],[-117.672882,48.902188],[-117.672933,48.901953],[-117.673178,48.901853],[-117.673093,48.901629],[-117.672846,48.90154],[-117.672504,48.901497],[-117.672218,48.901562],[-117.671933,48.901653],[-117.671624,48.901979],[-117.671287,48.902287],[-117.671002,48.902441],[-117.670513,48.902615],[-117.66996,48.903059],[-117.669486,48.903332],[-117.669106,48.903496],[-117.668723,48.903435],[-117.668475,48.903266],[-117.668746,48.903147],[-117.669088,48.903172],[-117.669166,48.90292],[-117.669122,48.902686],[-117.669187,48.902452],[-117.669253,48.902254],[-117.669319,48.902064],[-117.669562,48.901928],[-117.669574,48.901748],[-117.669557,48.901514],[-117.669704,48.901253],[-117.669794,48.900847],[-117.66987,48.900433],[-117.66996,48.900037],[-117.670036,48.899613],[-117.670238,48.899387],[-117.67078,48.899132],[-117.671675,48.89865],[-117.672626,48.898339],[-117.673441,48.898109],[-117.674215,48.897853],[-117.674978,48.897713],[-117.675617,48.897575],[-117.676513,48.897227],[-117.676933,48.897],[-117.677339,48.8968],[-117.677716,48.89642],[-117.677999,48.89613],[-117.678256,48.895994],[-117.678487,48.895893],[-117.680076,48.895353],[-117.681175,48.894888],[-117.681989,48.894541],[-117.682368,48.89435],[-117.6828,48.893961],[-117.683353,48.893553],[-117.683988,48.893054],[-117.684651,48.892672],[-117.685246,48.8923],[-117.685802,48.892027],[-117.68614,48.891836],[-117.686463,48.891474],[-117.686827,48.891166],[-117.68703,48.89103],[-117.687356,48.890929],[-117.68776,48.890914],[-117.688625,48.890939],[-117.689736,48.891409],[-117.690025,48.891543],[-117.690324,48.891523],[-117.690787,48.891448],[-117.691853,48.891532],[-117.692753,48.891508],[-117.693421,48.891468],[-117.694237,48.89131],[-117.695161,48.891071],[-117.695569,48.890979],[-117.695938,48.890976],[-117.696293,48.891046],[-117.6974,48.891192],[-117.698028,48.891189],[-117.698764,48.89113],[-117.699512,48.890973],[-117.70003,48.890969],[-117.700411,48.890886],[-117.702975,48.889863],[-117.703586,48.889643],[-117.704021,48.889533],[-117.704362,48.889504],[-117.705466,48.889425],[-117.706283,48.889339],[-117.707508,48.889116],[-117.708692,48.888937],[-117.70925,48.888844],[-117.709657,48.888688],[-117.714702,48.886836],[-117.71728,48.88589],[-117.717873,48.885672],[-117.717776,48.884995],[-117.718516,48.885242],[-117.719091,48.885355],[-117.719527,48.885371],[-117.720168,48.885331],[-117.720713,48.885282],[-117.721705,48.885033],[-117.722277,48.884967],[-117.722685,48.88491],[-117.723027,48.884944],[-117.723465,48.885022],[-117.725535,48.885729],[-117.72581,48.88588],[-117.726154,48.886112],[-117.726446,48.88647],[-117.726779,48.886854],[-117.727781,48.888278],[-117.728406,48.889021],[-117.728958,48.88944],[-117.730226,48.890368],[-117.732829,48.892043],[-117.734105,48.892803],[-117.738073,48.895167],[-117.738623,48.895451],[-117.747157,48.899543],[-117.747753,48.89988],[-117.748238,48.900138],[-117.748369,48.9003],[-117.749442,48.90184],[-117.749474,48.902128],[-117.749382,48.902335],[-117.748628,48.903951],[-117.748604,48.904194],[-117.748718,48.904526],[-117.749308,48.906564],[-117.749748,48.907695],[-117.750196,48.90842],[-117.750612,48.908912],[-117.75114,48.909512],[-117.752839,48.910841],[-117.753335,48.911144],[-117.754037,48.91158],[-117.757222,48.913071],[-117.758765,48.913753],[-117.75945,48.913946],[-117.760669,48.914235],[-117.763489,48.914738],[-117.763954,48.914843],[-117.764201,48.914932],[-117.764917,48.915305],[-117.765676,48.915866],[-117.766005,48.915972],[-117.766526,48.916131],[-117.766936,48.916164],[-117.768123,48.91612],[-117.772415,48.915632],[-117.773574,48.915535],[-117.776479,48.915371],[-117.777009,48.91526],[-117.777905,48.914948],[-117.778529,48.914665],[-117.778894,48.914428],[-117.78,48.913629],[-117.780581,48.913257],[-117.781162,48.912866],[-117.781323,48.912703],[-117.781993,48.911871],[-117.783544,48.909807],[-117.783919,48.909339],[-117.784324,48.909066],[-117.784649,48.908902],[-117.785165,48.908772],[-117.785682,48.90867],[-117.785997,48.908686],[-117.786352,48.908728],[-117.786546,48.908889],[-117.786633,48.909248],[-117.786582,48.909482],[-117.786313,48.909736],[-117.785856,48.910162],[-117.783346,48.912023],[-117.783213,48.912186],[-117.783025,48.912421],[-117.783028,48.912607],[-117.783032,48.912871],[-117.783199,48.913095],[-117.783122,48.913383],[-117.782934,48.913564],[-117.780867,48.914919],[-117.780836,48.915103],[-117.780982,48.915314],[-117.78165,48.916164],[-117.780288,48.916671],[-117.778953,48.917168],[-117.777688,48.917639],[-117.777322,48.917822],[-117.776918,48.918157],[-117.776473,48.918565],[-117.776248,48.918989],[-117.776202,48.919556],[-117.776396,48.920626],[-117.777215,48.924119],[-117.777421,48.925081],[-117.777482,48.925539],[-117.777464,48.926088],[-117.777361,48.926529],[-117.777139,48.927161],[-117.776684,48.927784],[-117.776322,48.928192],[-117.776134,48.928382],[-117.776727,48.928747],[-117.777909,48.929251],[-117.778238,48.929339],[-117.778716,48.929354],[-117.779112,48.929369],[-117.779697,48.929257],[-117.784779,48.928335],[-117.785213,48.928356],[-117.785527,48.928372],[-117.785801,48.92846],[-117.786709,48.928913],[-117.787325,48.92899],[-117.787624,48.928925],[-117.788636,48.928671],[-117.788958,48.928664],[-117.7893,48.928697],[-117.790399,48.929113],[-117.790991,48.929441],[-117.791322,48.929619],[-117.791502,48.929807],[-117.792844,48.930031],[-117.793092,48.930165],[-117.793712,48.930565],[-117.794772,48.931227],[-117.794968,48.931384],[-117.795108,48.931626],[-117.795248,48.931859],[-117.79549,48.932469],[-117.795656,48.93263],[-117.79604,48.932862],[-117.796252,48.933148],[-117.797019,48.93415],[-117.797159,48.934374],[-117.797312,48.934535],[-117.79756,48.934677],[-117.79804,48.934862],[-117.798492,48.934895],[-117.799297,48.934854],[-117.799801,48.934814],[-117.80028,48.934883],[-117.800982,48.935211],[-117.801625,48.935314],[-117.801996,48.93542],[-117.803034,48.936321],[-117.803241,48.936446],[-117.803517,48.936606],[-117.80378,48.936883],[-117.804402,48.937319],[-117.805087,48.938295],[-117.805065,48.938628],[-117.805069,48.938898],[-117.805319,48.939139],[-117.805762,48.939383],[-117.806352,48.939725],[-117.806573,48.93985],[-117.806603,48.940039],[-117.80701,48.940674],[-117.807361,48.941284],[-117.807503,48.941652],[-117.807706,48.942343],[-117.808049,48.943053],[-117.808609,48.944145],[-117.808724,48.944513],[-117.808758,48.944917],[-117.808819,48.945358],[-117.808881,48.94578],[-117.80886,48.946149],[-117.808823,48.947256],[-117.808771,48.947454],[-117.808724,48.947931],[-117.80868,48.949389],[-117.808738,48.949595],[-117.809069,48.949845],[-117.809367,48.949982],[-117.809717,48.950191],[-117.810284,48.950646],[-117.810936,48.951235],[-117.81094,48.951469],[-117.810861,48.951659],[-117.81062,48.951993],[-117.810571,48.952344],[-117.810546,48.952588],[-117.810501,48.953037],[-117.810625,48.953981],[-117.810554,48.954674],[-117.810485,48.955448],[-117.810429,48.956204],[-117.810505,48.956663],[-117.810728,48.95694],[-117.811128,48.95718],[-117.811407,48.957547],[-117.811536,48.957915],[-117.811731,48.958174],[-117.812037,48.958523],[-117.812276,48.95889],[-117.813049,48.960225],[-117.813188,48.960386],[-117.813614,48.960554],[-117.813929,48.96057],[-117.814339,48.960585],[-117.81476,48.960456],[-117.815291,48.960317],[-117.817129,48.959954],[-117.817496,48.959825],[-117.817984,48.959624],[-117.818351,48.959486],[-117.818964,48.959356],[-117.819468,48.95928],[-117.819865,48.959313],[-117.820614,48.959173],[-117.820914,48.959135],[-117.821337,48.959114],[-117.822267,48.959224],[-117.822595,48.959222],[-117.823045,48.959156],[-117.82374,48.959043],[-117.824245,48.959039],[-117.824992,48.958782],[-117.82544,48.95859],[-117.826056,48.958658],[-117.826783,48.958841],[-117.827125,48.958893],[-117.827412,48.958855],[-117.827929,48.958734],[-117.828352,48.958731],[-117.828855,48.958548],[-117.829493,48.958332],[-117.82986,48.958207],[-117.830295,48.958096],[-117.830609,48.958058],[-117.831031,48.958001],[-117.83162,48.958078],[-117.832619,48.958325],[-117.832923,48.958383],[-117.833469,48.958361],[-117.833784,48.958413],[-117.834622,48.958722],[-117.835393,48.959067],[-117.835984,48.959279],[-117.836285,48.959295],[-117.836955,48.959326],[-117.837213,48.959234],[-117.837634,48.959105],[-117.83815,48.958894],[-117.838463,48.958838],[-117.838886,48.958781],[-117.839691,48.958721],[-117.840601,48.958751],[-117.84103,48.958765],[-117.841509,48.958798],[-117.843646,48.959151],[-117.844178,48.959075],[-117.844708,48.958954],[-117.845171,48.958843],[-117.845594,48.958804],[-117.846208,48.958763],[-117.84685,48.958795],[-117.847357,48.958881],[-117.847865,48.959012],[-117.848457,48.959278],[-117.848996,48.959661],[-117.849356,48.959937],[-117.849732,48.960357],[-117.849899,48.960527],[-117.850352,48.960631],[-117.851101,48.960536],[-117.851947,48.960448],[-117.852535,48.960507],[-117.852809,48.960559],[-117.85329,48.960681],[-117.85363,48.960625],[-117.853955,48.960416],[-117.85424,48.960342],[-117.854799,48.960283],[-117.855156,48.960353],[-117.855663,48.960457],[-117.856168,48.960417],[-117.856915,48.960196],[-117.857974,48.95981],[-117.859113,48.959307],[-117.859328,48.959089],[-117.859444,48.958702],[-117.859388,48.957829],[-117.859588,48.95754],[-117.859912,48.957277],[-117.860277,48.957076],[-117.860722,48.956722],[-117.860993,48.956603],[-117.861892,48.95647],[-117.862833,48.956391],[-117.863337,48.956298],[-117.863839,48.956069],[-117.864054,48.955852],[-117.864227,48.955607],[-117.864083,48.955168],[-117.863898,48.954728],[-117.864003,48.95452],[-117.864339,48.954185],[-117.865451,48.953718],[-117.865846,48.953643],[-117.866309,48.953568],[-117.866705,48.953565],[-117.867156,48.953579],[-117.867541,48.95372],[-117.86783,48.953871],[-117.868106,48.953995],[-117.868613,48.954099],[-117.869352,48.954201],[-117.869899,48.954224],[-117.870349,48.954194],[-117.870608,48.95412],[-117.871043,48.953991],[-117.871652,48.953689],[-117.872888,48.953257],[-117.873579,48.952937],[-117.874081,48.952753],[-117.874407,48.952679],[-117.874802,48.952604],[-117.875129,48.952557],[-117.875497,48.952518],[-117.876196,48.952665],[-117.877872,48.953183],[-117.878297,48.953243],[-117.879447,48.953396],[-117.879964,48.953311],[-117.880535,48.953163],[-117.881231,48.953122],[-117.881802,48.952956],[-117.882497,48.952869],[-117.882919,48.952794],[-117.884577,48.952278],[-117.884849,48.95224],[-117.885313,48.952191],[-117.885668,48.952188],[-117.886065,48.952266],[-117.886559,48.952379],[-117.88686,48.952422],[-117.887188,48.952419],[-117.88746,48.952372],[-117.888614,48.951968],[-117.888884,48.951804],[-117.889236,48.951603],[-117.889505,48.951385],[-117.889926,48.951238],[-117.890349,48.951217],[-117.890788,48.951312],[-117.89239,48.951543],[-117.892733,48.951594],[-117.893488,48.951831],[-117.893709,48.951946],[-117.894164,48.952204],[-117.894412,48.952319],[-117.894769,48.952442],[-117.895661,48.952633],[-117.896647,48.952817],[-117.897607,48.952996],[-117.897962,48.952993],[-117.898302,48.952927],[-117.898927,48.952706],[-117.90005,48.952158],[-117.900281,48.952057],[-117.900703,48.951973],[-117.901575,48.951885],[-117.902027,48.951927],[-117.902644,48.952057],[-117.903002,48.952216],[-117.903348,48.952474],[-117.903904,48.953027],[-117.90418,48.95316],[-117.904565,48.953283],[-117.904961,48.953298],[-117.905629,48.953194],[-117.905997,48.953173],[-117.9065,48.953348],[-117.907005,48.953777],[-117.907485,48.953899],[-117.908005,48.953949],[-117.908621,48.954025],[-117.9099,48.954474],[-117.910423,48.954667],[-117.910782,48.954908],[-117.911557,48.955441],[-117.912262,48.95593],[-117.912513,48.956171],[-117.912666,48.956368],[-117.912753,48.95661],[-117.912758,48.956889],[-117.912832,48.957221],[-117.912986,48.957382],[-117.913509,48.957603],[-117.915018,48.958018],[-117.915514,48.958199],[-117.915913,48.958375],[-117.91652,48.958676],[-117.917197,48.959085],[-117.917777,48.959404],[-117.918176,48.959599],[-117.919829,48.960323],[-117.922727,48.961919],[-117.922948,48.962053],[-117.92356,48.962632],[-117.923866,48.962909],[-117.924391,48.963202],[-117.924763,48.963379],[-117.925404,48.963638],[-117.926468,48.964004],[-117.927224,48.964213],[-117.927896,48.964352],[-117.929024,48.964784],[-117.929245,48.964899],[-117.929676,48.965291],[-117.930049,48.965513],[-117.930807,48.965867],[-117.931509,48.966158],[-117.933957,48.966993],[-117.934354,48.967071],[-117.934779,48.967112],[-117.935163,48.967226],[-117.935633,48.967483],[-117.935935,48.967544],[-117.939367,48.968109],[-117.939824,48.968043],[-117.940491,48.967884],[-117.940968,48.967836],[-117.94181,48.967742],[-117.9421,48.967709],[-117.942358,48.967608],[-117.942724,48.967488],[-117.94312,48.96744],[-117.943601,48.96758],[-117.943942,48.967595],[-117.944217,48.967647],[-117.94452,48.967789],[-117.944825,48.968029],[-117.945357,48.968717],[-117.945812,48.968893],[-117.946085,48.968909],[-117.946684,48.96876],[-117.947525,48.968457],[-117.948232,48.968289],[-117.948559,48.968232],[-117.948982,48.968184],[-117.94935,48.968127],[-117.950122,48.967779],[-117.950936,48.967493],[-117.951396,48.967264],[-117.951993,48.967043],[-117.952441,48.966878],[-117.952739,48.96674],[-117.95305,48.96654],[-117.953369,48.966114],[-117.953585,48.965933],[-117.953819,48.966048],[-117.953827,48.966471],[-117.953926,48.966668],[-117.954297,48.966746],[-117.95487,48.966705],[-117.955468,48.966556],[-117.955862,48.966418],[-117.956461,48.966305],[-117.958431,48.965731],[-117.95894,48.965187],[-117.959551,48.964309],[-117.959724,48.964029],[-117.959885,48.963865],[-117.960779,48.96348],[-117.961042,48.962938],[-117.961336,48.962639],[-117.962242,48.96211],[-117.962998,48.96168],[-117.963296,48.961499],[-117.963563,48.961217],[-117.963655,48.961],[-117.963704,48.960739],[-117.963584,48.960182],[-117.963635,48.959984],[-117.963727,48.959803],[-117.964145,48.959521],[-117.964736,48.958994],[-117.965095,48.958451],[-117.965386,48.957954],[-117.965505,48.957755],[-117.965821,48.957496],[-117.966708,48.957088],[-117.968431,48.956507],[-117.968774,48.956439],[-117.969669,48.956218],[-117.970115,48.955971],[-117.970923,48.955389],[-117.971513,48.954799],[-117.971727,48.954581],[-117.972021,48.954219],[-117.972259,48.953857],[-117.972501,48.953657],[-117.972773,48.953574],[-117.974973,48.952935],[-117.97564,48.952794],[-117.975966,48.95271],[-117.976181,48.952511],[-117.97715,48.952502],[-117.977429,48.952797],[-117.977688,48.952732],[-117.97768,48.952336],[-117.97777,48.952056],[-117.977944,48.951875],[-117.978458,48.951628],[-117.978756,48.95149],[-117.979338,48.951207],[-117.979787,48.951104],[-117.980115,48.951119],[-117.980635,48.951169],[-117.980857,48.951347],[-117.981467,48.9518],[-117.981797,48.951905],[-117.982222,48.952019],[-117.982445,48.952215],[-117.982875,48.952571],[-117.983148,48.952551],[-117.98332,48.952288],[-117.984053,48.952039],[-117.984677,48.951836],[-117.984977,48.951797],[-117.985564,48.951792],[-117.98604,48.951644],[-117.986805,48.951656],[-117.987104,48.951617],[-117.98773,48.951468],[-117.987993,48.950971],[-117.988139,48.950754],[-117.98845,48.950571],[-117.988622,48.950309],[-117.98892,48.95018],[-117.989413,48.950221],[-117.989744,48.950416],[-117.990051,48.950719],[-117.990298,48.950798],[-117.990514,48.950652],[-117.99084,48.950578],[-117.990775,48.950038],[-117.991215,48.949513],[-117.991508,48.949132],[-117.991627,48.948907],[-117.991713,48.948447],[-117.991763,48.948195],[-117.992005,48.948031],[-117.992429,48.948027],[-117.992409,48.948441],[-117.992496,48.948647],[-117.992569,48.948925],[-117.993442,48.948873],[-117.993714,48.94879],[-117.993983,48.948589],[-117.994256,48.948569],[-117.994503,48.948648],[-117.994777,48.948664],[-117.995142,48.94848],[-117.995497,48.948459],[-117.995597,48.948701],[-117.995614,48.949556],[-117.995867,48.949896],[-117.996102,48.950028],[-117.996349,48.950125],[-117.996677,48.95014],[-117.997414,48.950098],[-117.998503,48.949927],[-117.999105,48.94994],[-117.999434,48.950018],[-117.999781,48.950276],[-117.999936,48.950535],[-118.000172,48.951415],[-118.000479,48.951709],[-118.001136,48.951811],[-118.00182,48.951832],[-118.002159,48.951825],[-118.002388,48.95205],[-118.002754,48.952212],[-118.003471,48.951923],[-118.003937,48.951816],[-118.004208,48.951698],[-118.004807,48.951385],[-118.005194,48.951214],[-118.005796,48.951029],[-118.006688,48.950726],[-118.007387,48.950527],[-118.007775,48.950382],[-118.008301,48.950352],[-118.008654,48.950413],[-118.009067,48.950538],[-118.009515,48.950496],[-118.009903,48.950376],[-118.01025,48.950155],[-118.01048,48.949973],[-118.010768,48.949713],[-118.010901,48.94952],[-118.01119,48.949324],[-118.011478,48.949103],[-118.01163,48.948871],[-118.011664,48.948613],[-118.011561,48.948396],[-118.011456,48.948011],[-118.011412,48.947767],[-118.011601,48.947445],[-118.012289,48.946942],[-118.01275,48.946552],[-118.01321,48.946124],[-118.01342,48.945904],[-118.013608,48.945568],[-118.013739,48.945246],[-118.013908,48.944949],[-118.014195,48.944625],[-118.014692,48.944132],[-118.015132,48.943692],[-118.015535,48.943341],[-118.016015,48.942938],[-118.016224,48.942667],[-118.016376,48.94246],[-118.016507,48.942159],[-118.016558,48.941816],[-118.016585,48.941211],[-118.01659,48.940697],[-118.016526,48.940402],[-118.016384,48.940134],[-118.016299,48.939839],[-118.016271,48.939377],[-118.016109,48.939121],[-118.016045,48.938826],[-118.016093,48.938337],[-118.016045,48.937875],[-118.015979,48.937503],[-118.016288,48.937359],[-118.016576,48.937125],[-118.016725,48.936764],[-118.01674,48.93652],[-118.016795,48.936339],[-118.016979,48.935981],[-118.017289,48.93568],[-118.017628,48.935268],[-118.017954,48.934983],[-118.018086,48.934776],[-118.018199,48.934556],[-118.018368,48.934246],[-118.018458,48.933886],[-118.018548,48.933512],[-118.018579,48.933114],[-118.018672,48.932882],[-118.019057,48.932596],[-118.019867,48.932126],[-118.020506,48.931863],[-118.021028,48.93164],[-118.02132,48.931573],[-118.02164,48.931505],[-118.022388,48.931345],[-118.022836,48.931264],[-118.023263,48.93117],[-118.023671,48.931064],[-118.024174,48.930854],[-118.024908,48.9305],[-118.025738,48.930043],[-118.026355,48.929665],[-118.026871,48.929337],[-118.027141,48.92918],[-118.027432,48.929049],[-118.027742,48.928982],[-118.028112,48.928902],[-118.02856,48.928872],[-118.029164,48.928828],[-118.029634,48.92886],[-118.029985,48.928885],[-118.03063,48.928918],[-118.031177,48.928938],[-118.031723,48.928921],[-118.032307,48.928851],[-118.032774,48.928783],[-118.03324,48.928689],[-118.03361,48.928647],[-118.034311,48.928576],[-118.034935,48.928545],[-118.035578,48.928501],[-118.035948,48.928459],[-118.036317,48.928378],[-118.036687,48.928311],[-118.037306,48.928074],[-118.037713,48.927929],[-118.038023,48.92781],[-118.038392,48.92773],[-118.038742,48.927662],[-118.039248,48.927606],[-118.040047,48.927535],[-118.041042,48.9275],[-118.042584,48.927525],[-118.043209,48.927532],[-118.043975,48.92761],[-118.044504,48.927682],[-118.045287,48.927817],[-118.045778,48.927928],[-118.046073,48.928041],[-118.046486,48.92823],[-118.046862,48.928458],[-118.047217,48.928647],[-118.047611,48.928798],[-118.047885,48.928847],[-118.048709,48.929045],[-118.049493,48.929192],[-118.049885,48.929304],[-118.050376,48.929415],[-118.0511,48.929524],[-118.051433,48.929572],[-118.051845,48.929659],[-118.052297,48.929765],[-118.05308,48.929917],[-118.053511,48.930029],[-118.053786,48.930078],[-118.054175,48.93001],[-118.054524,48.929904],[-118.054892,48.929798],[-118.055439,48.929806],[-118.055711,48.929739],[-118.056001,48.929595],[-118.05645,48.929642],[-118.056784,48.929703],[-118.057094,48.929598],[-118.057246,48.929439],[-118.057457,48.92927],[-118.057764,48.929023],[-118.058053,48.928802],[-118.058265,48.928672],[-118.058496,48.928541],[-118.058747,48.928423],[-118.059328,48.928215],[-118.059738,48.928211],[-118.060054,48.928362],[-118.060632,48.928036],[-118.060864,48.927905],[-118.061191,48.927722],[-118.061558,48.927709],[-118.061765,48.928064],[-118.061814,48.928539],[-118.061881,48.92895],[-118.062022,48.929141],[-118.062278,48.929254],[-118.06277,48.92943],[-118.063162,48.929542],[-118.063479,48.929744],[-118.063756,48.929909],[-118.063974,48.930087],[-118.06425,48.930213],[-118.064603,48.930312],[-118.064936,48.930361],[-118.06521,48.930371],[-118.065461,48.930279],[-118.06547,48.929752],[-118.065543,48.929545],[-118.066373,48.929101],[-118.066683,48.928969],[-118.06713,48.928914],[-118.067405,48.928976],[-118.067679,48.929037],[-118.067992,48.929034],[-118.068381,48.928992],[-118.068691,48.928861],[-118.069,48.928742],[-118.069231,48.928573],[-118.06948,48.928339],[-118.069689,48.928068],[-118.069899,48.92786],[-118.070167,48.927639],[-118.070709,48.927429],[-118.07106,48.927387],[-118.071507,48.927305],[-118.071955,48.92725],[-118.072265,48.927183],[-118.072673,48.927063],[-118.073021,48.926944],[-118.073332,48.926864],[-118.073682,48.926823],[-118.074034,48.926832],[-118.074307,48.926842],[-118.074641,48.926916],[-118.074918,48.927114],[-118.075138,48.927344],[-118.075337,48.927547],[-118.075634,48.927755],[-118.07593,48.927907],[-118.076226,48.928032],[-118.076728,48.928154],[-118.077203,48.928162],[-118.077624,48.928055],[-118.078438,48.927804],[-118.079214,48.927565],[-118.07968,48.927458],[-118.080301,48.927311],[-118.08069,48.927268],[-118.081081,48.92729],[-118.08159,48.927363],[-118.082335,48.927484],[-118.083158,48.927644],[-118.083648,48.927755],[-118.084195,48.927775],[-118.084721,48.927719],[-118.085421,48.927622],[-118.085882,48.927595],[-118.086318,48.927588],[-118.086769,48.927661],[-118.088004,48.927945],[-118.088691,48.928105],[-118.089161,48.928178],[-118.089767,48.928211],[-118.090077,48.928144],[-118.090484,48.927986],[-118.090773,48.927803],[-118.091141,48.927697],[-118.091512,48.927706],[-118.092178,48.92779],[-118.092472,48.927851],[-118.093038,48.927884],[-118.093354,48.928035],[-118.093592,48.9282],[-118.093967,48.928066],[-118.09425,48.927613],[-118.094412,48.927332],[-118.094654,48.927136],[-118.095003,48.927056],[-118.095316,48.927066],[-118.095744,48.927036],[-118.09619,48.926878],[-118.096614,48.926668],[-118.096983,48.926562],[-118.097373,48.926558],[-118.098408,48.926587],[-118.099052,48.926593],[-118.099364,48.926565],[-118.099636,48.926524],[-118.099907,48.926392],[-118.100356,48.926401],[-118.100629,48.926386],[-118.101114,48.926252],[-118.101407,48.926288],[-118.101722,48.926388],[-118.102136,48.926602],[-118.102451,48.926715],[-118.102922,48.926852],[-118.103198,48.926952],[-118.103634,48.927243],[-118.104167,48.92756],[-118.104505,48.9278],[-118.104705,48.928017],[-118.104922,48.928156],[-118.105435,48.928395],[-118.105888,48.928558],[-118.106241,48.928658],[-118.106712,48.928756],[-118.107379,48.928942],[-118.107879,48.929044],[-118.109113,48.929326],[-118.109634,48.929422],[-118.110459,48.929658],[-118.111049,48.929845],[-118.111738,48.930108],[-118.112275,48.930365],[-118.112768,48.930617],[-118.113222,48.930857],[-118.113558,48.931008],[-118.113853,48.931134],[-118.114383,48.931257],[-118.114715,48.931279],[-118.115184,48.931288],[-118.115749,48.931231],[-118.116274,48.931162],[-118.116663,48.931094],[-118.117168,48.930973],[-118.117664,48.93087],[-118.118159,48.930809],[-118.118706,48.930817],[-118.119137,48.93089],[-118.119568,48.93095],[-118.119901,48.930998],[-118.120174,48.931021],[-118.120565,48.931017],[-118.121109,48.930935],[-118.121693,48.930865],[-118.122161,48.930834],[-118.122725,48.930752],[-118.123094,48.930671],[-118.123463,48.930565],[-118.12381,48.930407],[-118.124234,48.930159],[-118.124754,48.92982],[-118.125158,48.929559],[-118.125564,48.929388],[-118.125988,48.929165],[-118.126592,48.928842],[-118.127039,48.928599],[-118.127304,48.928328],[-118.12741,48.927969],[-118.127356,48.927583],[-118.127302,48.927196],[-118.127499,48.926911],[-118.12824,48.92665],[-118.128827,48.926585],[-118.129141,48.926492],[-118.129478,48.926355],[-118.129695,48.925965],[-118.129768,48.92519],[-118.129944,48.92498],[-118.130389,48.924647],[-118.130792,48.924435],[-118.131038,48.924313],[-118.131897,48.92426],[-118.13228,48.924212],[-118.132828,48.924079],[-118.13307,48.923905],[-118.13326,48.923763],[-118.133584,48.923684],[-118.134056,48.923845],[-118.134355,48.923962],[-118.134675,48.924004],[-118.135041,48.92406],[-118.135568,48.92419],[-118.136051,48.924336],[-118.136671,48.92454],[-118.136879,48.924658],[-118.13711,48.924806],[-118.137363,48.924923],[-118.137894,48.925173],[-118.138539,48.925482],[-118.139346,48.925864],[-118.139942,48.926024],[-118.140239,48.926051],[-118.14097,48.926103],[-118.142202,48.926136],[-118.143159,48.926127],[-118.144116,48.926072],[-118.145118,48.926017],[-118.146096,48.925932],[-118.146823,48.925805],[-118.147301,48.925785],[-118.147964,48.925854],[-118.148581,48.925923],[-118.148878,48.925935],[-118.149516,48.925943],[-118.150292,48.925951],[-118.150725,48.925931],[-118.151111,48.925867],[-118.151861,48.925785],[-118.152261,48.925735],[-118.152817,48.925715],[-118.154893,48.925739],[-118.155236,48.925781],[-118.155693,48.925851],[-118.156286,48.925861],[-118.156993,48.925853],[-118.157421,48.925624],[-118.157688,48.925351],[-118.157934,48.925153],[-118.158251,48.92503],[-118.158798,48.925055],[-118.15946,48.925093],[-118.159869,48.925029],[-118.16057,48.924767],[-118.160956,48.924688],[-118.161432,48.924593],[-118.161933,48.924558],[-118.162412,48.924553],[-118.162845,48.924533],[-118.163147,48.924581],[-118.163785,48.924779],[-118.164154,48.924956],[-118.164407,48.925028],[-118.164705,48.9251],[-118.165071,48.925156],[-118.165871,48.925268],[-118.166763,48.925364],[-118.167746,48.92549],[-118.16834,48.925559],[-118.168797,48.925584],[-118.169345,48.925593],[-118.170099,48.925661],[-118.170579,48.925716],[-118.170967,48.925742],[-118.171446,48.925767],[-118.171904,48.925823],[-118.172247,48.925879],[-118.172934,48.926007],[-118.173509,48.926227],[-118.173808,48.926329],[-118.174129,48.9264],[-118.174702,48.92653],[-118.17546,48.926762],[-118.176011,48.926937],[-118.176308,48.926964],[-118.176582,48.926976],[-118.176877,48.926913],[-118.177171,48.926835],[-118.177624,48.92668],[-118.177964,48.926586],[-118.178395,48.926522],[-118.178965,48.926501],[-118.179354,48.926587],[-118.179793,48.926823],[-118.180139,48.927],[-118.180393,48.927117],[-118.180854,48.927323],[-118.181178,48.927529],[-118.181477,48.927646],[-118.181799,48.927748],[-118.18228,48.927863],[-118.182762,48.927979],[-118.183196,48.928019],[-118.18379,48.928073],[-118.184406,48.928097],[-118.185501,48.9281],[-118.185774,48.928083],[-118.186092,48.928034],[-118.186636,48.927894],[-118.187404,48.927585],[-118.187902,48.927415],[-118.188286,48.927261],[-118.188556,48.927123],[-118.18878,48.926956],[-118.189139,48.926712],[-118.189431,48.926514],[-118.189859,48.926299],[-118.190153,48.926191],[-118.19033,48.925964],[-118.190313,48.925273],[-118.190351,48.924958],[-118.190526,48.924626],[-118.190679,48.924369],[-118.190925,48.924141],[-118.191259,48.923838],[-118.191729,48.923457],[-118.191861,48.923246],[-118.191992,48.922989],[-118.192137,48.922402],[-118.192307,48.92186],[-118.192343,48.921469],[-118.192377,48.921004],[-118.192524,48.920462],[-118.192653,48.920115],[-118.19285,48.919783],[-118.193049,48.91954],[-118.193297,48.919403],[-118.19366,48.919339],[-118.19416,48.919274],[-118.194545,48.919165],[-118.194814,48.918967],[-118.194806,48.918636],[-118.194892,48.91841],[-118.195571,48.918223],[-118.195912,48.918175],[-118.19616,48.918082],[-118.196453,48.917929],[-118.196903,48.917684],[-118.197217,48.917455],[-118.197441,48.917303],[-118.197619,48.917121],[-118.197907,48.916773],[-118.198108,48.916575],[-118.19831,48.916438],[-118.19867,48.916254],[-118.19917,48.916204],[-118.199511,48.91614],[-118.199783,48.916093],[-118.200145,48.915984],[-118.200393,48.915861],[-118.200639,48.915663],[-118.20084,48.915511],[-118.201289,48.915221],[-118.201714,48.914886],[-118.202031,48.914793],[-118.202322,48.914565],[-118.202569,48.914382],[-118.203109,48.914121],[-118.203494,48.914012],[-118.203834,48.913919],[-118.204128,48.913825],[-118.204508,48.913521],[-118.204709,48.913324],[-118.204886,48.913112],[-118.205065,48.91296],[-118.205469,48.91273],[-118.205786,48.912622],[-118.205991,48.91242],[-118.20745,48.912404],[-118.207788,48.9124],[-118.208284,48.912464],[-118.20873,48.912613],[-118.209354,48.912624],[-118.209743,48.912568],[-118.210079,48.912445],[-118.210334,48.912254],[-118.21059,48.912063],[-118.210842,48.911717],[-118.21099,48.911407],[-118.211111,48.911029],[-118.211286,48.910719],[-118.211488,48.91046],[-118.211587,48.910253],[-118.211686,48.910046],[-118.211889,48.909873],[-118.212351,48.909611],[-118.212891,48.909314],[-118.213274,48.909019],[-118.213551,48.908673],[-118.213954,48.90812],[-118.215162,48.906428],[-118.215466,48.906117],[-118.215763,48.905992],[-118.216138,48.905938],[-118.216658,48.905899],[-118.217489,48.905873],[-118.217853,48.905869],[-118.21819,48.90578],[-118.218447,48.905674],[-118.218729,48.905517],[-118.219063,48.905342],[-118.219395,48.905064],[-118.219729,48.904924],[-118.220323,48.904746],[-118.220554,48.904589],[-118.220755,48.904313],[-118.220907,48.904157],[-118.221319,48.903982],[-118.221656,48.90391],[-118.222019,48.903889],[-118.222802,48.903966],[-118.223608,48.903992],[-118.224649,48.903998],[-118.224995,48.90401],[-118.225458,48.904109],[-118.226083,48.904137],[-118.2265,48.904166],[-118.227128,48.904297],[-118.227545,48.904327],[-118.227936,48.904391],[-118.228312,48.90485],[-118.228602,48.905035],[-118.228662,48.90536],[-118.228669,48.905634],[-118.228935,48.905854],[-118.229534,48.905899],[-118.230158,48.905892],[-118.230885,48.905816],[-118.231433,48.905913],[-118.231912,48.906319],[-118.232046,48.906489],[-118.232488,48.906501],[-118.232901,48.906377],[-118.233474,48.906388],[-118.233815,48.906487],[-118.234211,48.906757],[-118.235071,48.906816],[-118.235409,48.906813],[-118.235775,48.906877],[-118.236018,48.907217],[-118.236899,48.908133],[-118.237482,48.908572],[-118.237852,48.908791],[-118.238427,48.908922],[-118.238791,48.908918],[-118.239207,48.908879],[-118.239699,48.908788],[-118.240087,48.908716],[-118.240556,48.908728],[-118.240895,48.908793],[-118.241369,48.908993],[-118.241752,48.909114],[-118.242168,48.909092],[-118.242583,48.90907],[-118.242921,48.909067],[-118.243287,48.909114],[-118.243833,48.909125],[-118.244147,48.909191],[-118.244435,48.909256],[-118.245063,48.909403],[-118.245589,48.90962],[-118.245955,48.909702],[-118.24624,48.909682],[-118.246526,48.909645],[-118.246865,48.909692],[-118.247075,48.909863],[-118.24747,48.909943],[-118.247865,48.910144],[-118.248051,48.910313],[-118.248445,48.910463],[-118.248889,48.910544],[-118.249307,48.910591],[-118.249673,48.910673],[-118.250195,48.910753],[-118.250486,48.910921],[-118.250753,48.911227],[-118.250917,48.911422],[-118.251098,48.911573],[-118.251628,48.912035],[-118.251905,48.912211],[-118.252705,48.912527],[-118.252941,48.912686],[-118.253402,48.913122],[-118.253638,48.913254],[-118.253872,48.913369],[-118.254391,48.913894],[-118.254628,48.914098],[-118.255112,48.914372],[-118.255657,48.914842],[-118.256073,48.915135],[-118.256612,48.915381],[-118.257384,48.915705],[-118.257946,48.915789],[-118.258478,48.915765],[-118.259065,48.915759],[-118.259393,48.9158],[-118.26016,48.9159],[-118.260542,48.915878],[-118.261304,48.915779],[-118.262566,48.915487],[-118.262947,48.915428],[-118.263383,48.915424],[-118.263917,48.91549],[-118.264246,48.915531],[-118.264861,48.91556],[-118.267072,48.915554],[-118.267605,48.915566],[-118.267961,48.915625],[-118.268223,48.915739],[-118.26838,48.916007],[-118.268688,48.916319],[-118.269186,48.916565],[-118.26957,48.916651],[-118.270049,48.916691],[-118.27061,48.916739],[-118.27105,48.916851],[-118.271614,48.917042],[-118.271974,48.917245],[-118.27236,48.917385],[-118.272611,48.917589],[-118.273057,48.917953],[-118.273907,48.917557],[-118.273854,48.917108],[-118.273738,48.916821],[-118.273425,48.916321],[-118.273447,48.916122],[-118.273685,48.915796],[-118.274212,48.915592],[-118.274524,48.915535],[-118.274824,48.915514],[-118.275769,48.915638],[-118.276359,48.915748],[-118.276686,48.915745],[-118.277148,48.915659],[-118.277675,48.915437],[-118.278077,48.915145],[-118.278289,48.914908],[-118.278461,48.914673],[-118.278837,48.914434],[-118.279541,48.914229],[-118.280779,48.914044],[-118.281715,48.913818],[-118.282296,48.913613],[-118.282769,48.913419],[-118.283292,48.913044],[-118.283841,48.912625],[-118.284122,48.912432],[-118.284446,48.912276],[-118.284878,48.912109],[-118.285378,48.911915],[-118.285906,48.911756],[-118.287697,48.911322],[-118.289243,48.910936],[-118.290207,48.910754],[-118.290766,48.910712],[-118.291243,48.91068],[-118.29168,48.910702],[-118.292134,48.910831],[-118.292808,48.911031],[-118.295025,48.91231],[-118.295469,48.912593],[-118.296105,48.912919],[-118.296603,48.913165],[-118.297346,48.913391],[-118.297954,48.91369],[-118.298658,48.913997],[-118.299296,48.914376],[-118.300199,48.915005],[-118.300794,48.915313],[-118.301445,48.915675],[-118.303626,48.916621],[-118.305524,48.917662],[-118.305881,48.917774],[-118.30698,48.918041],[-118.310915,48.918671],[-118.312831,48.918883],[-118.31425,48.918867],[-118.315682,48.918787],[-118.316891,48.918585],[-118.318509,48.918314],[-118.3195,48.918105],[-118.320084,48.918026],[-118.320644,48.91802],[-118.321355,48.918066],[-118.321944,48.91814],[-118.322834,48.918265],[-118.324002,48.918595],[-118.324695,48.918792],[-118.326314,48.91925],[-118.327346,48.919571],[-118.328118,48.919832],[-118.329499,48.920446],[-118.330159,48.920609],[-118.330542,48.92065],[-118.331127,48.92058],[-118.332887,48.92002],[-118.333291,48.919817],[-118.333543,48.919545],[-118.333833,48.919136],[-118.334109,48.918764],[-118.334351,48.9186],[-118.334634,48.918461],[-118.334987,48.918403],[-118.335436,48.918335],[-118.335928,48.918356],[-118.337407,48.918528],[-118.337941,48.918621],[-118.338475,48.918669],[-118.338884,48.918646],[-118.339262,48.918507],[-118.339557,48.918287],[-118.33981,48.91805],[-118.3399,48.917842],[-118.339917,48.917473],[-118.340117,48.917291],[-118.340551,48.917196],[-118.341029,48.917169],[-118.342446,48.917093],[-118.343848,48.916942],[-118.345171,48.916908],[-118.345553,48.916904],[-118.34591,48.91699],[-118.346241,48.917103],[-118.347071,48.917525],[-118.347734,48.917805],[-118.348505,48.918048],[-118.34996,48.918355],[-118.350993,48.918693],[-118.351502,48.91884],[-118.351857,48.918818],[-118.352564,48.918738],[-118.353028,48.918733],[-118.35359,48.918798],[-118.354182,48.919007],[-118.356139,48.920189],[-118.356673,48.920237],[-118.357632,48.920864],[-118.358077,48.921174],[-118.358466,48.921403],[-118.359185,48.921746],[-118.359476,48.921931],[-118.359876,48.922079],[-118.360676,48.922349],[-118.361474,48.922591],[-118.361955,48.922703],[-118.362489,48.922768],[-118.362805,48.922845],[-118.364009,48.923434],[-118.364567,48.923364],[-118.364792,48.92311],[-118.365047,48.922954],[-118.3656,48.922713],[-118.366807,48.922411],[-118.367419,48.922323],[-118.367924,48.922335],[-118.368485,48.922391],[-118.369307,48.922498],[-118.370462,48.922791],[-118.371201,48.922863],[-118.37209,48.922906],[-118.372804,48.923042],[-118.373104,48.923038],[-118.373583,48.923104],[-118.374448,48.923256],[-118.375131,48.923302],[-118.376142,48.923308],[-118.377198,48.923067],[-118.378107,48.923158],[-118.37867,48.923189],[-118.379105,48.923106],[-118.379797,48.923196],[-118.380401,48.923427],[-118.381829,48.923606],[-118.382868,48.923697],[-118.383862,48.92396],[-118.384337,48.924076],[-118.384857,48.924108],[-118.385421,48.924054],[-118.386332,48.923973],[-118.38685,48.924147],[-118.387109,48.924205],[-118.387586,48.924236],[-118.387979,48.923982],[-118.388198,48.923811],[-118.388892,48.923758],[-118.389414,48.923589],[-118.389677,48.923334],[-118.390199,48.923136],[-118.390682,48.922653],[-118.390645,48.922111],[-118.390388,48.921852],[-118.389703,48.92122],[-118.389104,48.92056],[-118.388461,48.919957],[-118.387817,48.91944],[-118.387362,48.917638],[-118.386726,48.916521],[-118.385657,48.915373],[-118.384452,48.914652],[-118.38355,48.914228],[-118.383286,48.914082],[-118.382798,48.913719],[-118.382274,48.913014],[-118.382362,48.912743],[-118.38308,48.912069],[-118.383501,48.911965],[-118.384617,48.911853],[-118.38534,48.911844],[-118.385802,48.911785],[-118.386481,48.911632],[-118.386902,48.911555],[-118.387201,48.911543],[-118.387502,48.911566],[-118.388299,48.911745],[-118.388778,48.911803],[-118.389899,48.911843],[-118.391428,48.911888],[-118.392483,48.91201],[-118.393126,48.912065],[-118.393656,48.912046],[-118.394172,48.911908],[-118.394371,48.91169],[-118.394364,48.911438],[-118.394124,48.911144],[-118.393595,48.910764],[-118.392846,48.910341],[-118.392398,48.909951],[-118.392148,48.909783],[-118.391871,48.909624],[-118.391224,48.909425],[-118.390768,48.909233],[-118.389387,48.908665],[-118.387855,48.908053],[-118.38744,48.907842],[-118.387214,48.907548],[-118.38697,48.907146],[-118.386874,48.906617],[-118.386887,48.906122],[-118.38724,48.905542],[-118.387449,48.905224],[-118.387706,48.905122],[-118.388271,48.904828],[-118.388851,48.904596],[-118.389475,48.904435],[-118.389881,48.904331],[-118.390233,48.904228],[-118.390575,48.903756],[-118.390435,48.903155],[-118.390197,48.902915],[-118.389425,48.902655],[-118.388872,48.902391],[-118.388662,48.902214],[-118.388452,48.902019],[-118.388088,48.901672],[-118.387834,48.901387],[-118.387719,48.901173],[-118.387434,48.900726],[-118.386915,48.90022],[-118.386341,48.899696],[-118.385927,48.899539],[-118.385267,48.899349],[-118.384402,48.899144],[-118.38381,48.898962],[-118.383102,48.899006],[-118.382852,48.898856],[-118.382606,48.898364],[-118.382211,48.897865],[-118.381875,48.897573],[-118.381625,48.897414],[-118.381388,48.897228],[-118.380705,48.896219],[-118.380239,48.895658],[-118.379944,48.89532],[-118.379712,48.894837],[-118.37956,48.89429],[-118.379386,48.893887],[-118.379017,48.893397],[-118.378679,48.893005],[-118.378582,48.892466],[-118.37824,48.891913],[-118.377876,48.891566],[-118.377388,48.891185],[-118.377124,48.891026],[-118.377571,48.890418],[-118.377812,48.890253],[-118.378191,48.89015],[-118.378491,48.890128],[-118.378903,48.890222],[-118.37929,48.890416],[-118.379543,48.890682],[-118.379812,48.891057],[-118.380321,48.891186],[-118.380625,48.891317],[-118.380976,48.891214],[-118.381062,48.890862],[-118.381085,48.890682],[-118.380926,48.890378],[-118.380917,48.890045],[-118.380727,48.889571],[-118.380798,48.889183],[-118.380179,48.888992],[-118.379706,48.889178],[-118.379523,48.888964],[-118.379489,48.888713],[-118.379334,48.888535],[-118.378846,48.888154],[-118.378487,48.887996],[-118.378046,48.887831],[-118.377566,48.887755],[-118.376938,48.887718],[-118.376379,48.887742],[-118.375631,48.88785],[-118.374489,48.887981],[-118.37377,48.888116],[-118.37342,48.888309],[-118.373136,48.888393],[-118.372714,48.888434],[-118.372267,48.888538],[-118.371956,48.888623],[-118.371506,48.888646],[-118.371622,48.888393],[-118.371948,48.888344],[-118.372202,48.88817],[-118.3724,48.887916],[-118.372614,48.887751],[-118.373246,48.887429],[-118.373457,48.887175],[-118.373655,48.88692],[-118.374208,48.88668],[-118.374558,48.886496],[-118.374811,48.886297],[-118.374973,48.886068],[-118.376052,48.885602],[-118.377106,48.884918],[-118.377873,48.884531],[-118.378777,48.884169],[-118.379151,48.883877],[-118.379143,48.88358],[-118.37949,48.883306],[-118.380009,48.883336],[-118.380884,48.882894],[-118.38149,48.882616],[-118.382381,48.882291],[-118.383164,48.881985],[-118.38358,48.881728],[-118.383986,48.881642],[-118.384615,48.881697],[-118.385024,48.881674],[-118.385921,48.881565],[-118.386983,48.881489],[-118.387459,48.881447],[-118.387771,48.88138],[-118.388486,48.881075],[-118.38932,48.880678],[-118.390134,48.880497],[-118.391343,48.880321],[-118.392535,48.880018],[-118.393615,48.879627],[-118.393881,48.87939],[-118.394191,48.879252],[-118.394665,48.879111],[-118.394866,48.878982],[-118.395215,48.878789],[-118.395599,48.878389],[-118.39574,48.878036],[-118.39581,48.877622],[-118.395746,48.87729],[-118.395735,48.876903],[-118.395522,48.876573],[-118.39514,48.876091],[-118.394748,48.875718],[-118.394426,48.874957],[-118.393966,48.874099],[-118.393568,48.873528],[-118.393445,48.873008],[-118.393458,48.872486],[-118.393637,48.872088],[-118.394258,48.871361],[-118.395069,48.870604],[-118.395821,48.870172],[-118.396325,48.86969],[-118.396696,48.869289],[-118.396962,48.869034],[-118.3977,48.868602],[-118.39852,48.868197],[-118.399682,48.867805],[-118.399979,48.867675],[-118.399926,48.867253],[-118.400146,48.866827],[-118.400138,48.866531],[-118.400047,48.866235],[-118.399781,48.865959],[-118.399282,48.865695],[-118.398898,48.865601],[-118.398556,48.865551],[-118.397996,48.865531],[-118.39768,48.865436],[-118.396235,48.864986],[-118.396147,48.864753],[-118.395883,48.864585],[-118.395608,48.864507],[-118.395047,48.864415],[-118.394542,48.863927],[-118.394255,48.863876]]}},{"type":"Feature","properties":{"segment_type":"trail","route_id":"main","region_id":"okanogan-highlands","region_name":"Okanogan Highlands","section_id":null,"section_name":null},"geometry":{"type":"LineString","coordinates":[[-118.394255,48.863876],[-118.393728,48.863586],[-118.394441,48.863226],[-118.395436,48.862728],[-118.396655,48.861931],[-118.397577,48.861245],[-118.398398,48.86038],[-118.399661,48.858736],[-118.400786,48.85704],[-118.401431,48.855728],[-118.401555,48.855295],[-118.401544,48.854881],[-118.401418,48.854298],[-118.401282,48.853823],[-118.400955,48.853332],[-118.400942,48.852855],[-118.401401,48.85123],[-118.401846,48.850586],[-118.40222,48.850294],[-118.403544,48.849873],[-118.403881,48.849725],[-118.40398,48.849382],[-118.403987,48.849139],[-118.403973,48.848644],[-118.404334,48.84837],[-118.404982,48.848164],[-118.406288,48.848085],[-118.408155,48.848044],[-118.410373,48.8479],[-118.411814,48.847783],[-118.412884,48.847527],[-118.41522,48.846725],[-118.416837,48.846075],[-118.41736,48.845763],[-118.417623,48.845427],[-118.417718,48.844931],[-118.417597,48.843529],[-118.417469,48.843369],[-118.417213,48.843444],[-118.417033,48.844337],[-118.416721,48.844853],[-118.416483,48.844172],[-118.416414,48.843157],[-118.416103,48.843736],[-118.415909,48.844099],[-118.415667,48.844209],[-118.415687,48.843499],[-118.415415,48.842053],[-118.415136,48.840842],[-118.415334,48.840147],[-118.415306,48.839653],[-118.41541,48.839454],[-118.415742,48.839162],[-118.415942,48.839006],[-118.416235,48.83876],[-118.416692,48.838538],[-118.417148,48.838272],[-118.417466,48.837953],[-118.418155,48.836766],[-118.418276,48.835244],[-118.418531,48.83417],[-118.418776,48.833654],[-118.419745,48.832266],[-118.420081,48.831614],[-118.420211,48.830929],[-118.420151,48.830636],[-118.420006,48.829933],[-118.419914,48.82907],[-118.419771,48.828361],[-118.419654,48.827607],[-118.419343,48.827215],[-118.419065,48.82702],[-118.417652,48.82666],[-118.417416,48.826528],[-118.416813,48.825447],[-118.417683,48.825841],[-118.41815,48.825988],[-118.419207,48.826245],[-118.419886,48.826165],[-118.420992,48.825782],[-118.421872,48.825573],[-118.422521,48.825394],[-118.42232,48.825019],[-118.421296,48.824465],[-118.421082,48.824126],[-118.421157,48.823891],[-118.421316,48.823727],[-118.422162,48.823303],[-118.423357,48.822694],[-118.424995,48.821828],[-118.425596,48.821407],[-118.42583,48.821017],[-118.426434,48.820209],[-118.426755,48.81998],[-118.427173,48.819858],[-118.427832,48.819535],[-118.428233,48.819269],[-118.428684,48.818841],[-118.42894,48.818271],[-118.428987,48.817029],[-118.429214,48.816414],[-118.429583,48.815969],[-118.430077,48.815612],[-118.430601,48.815353],[-118.431225,48.815246],[-118.431553,48.815296],[-118.432584,48.816111],[-118.432155,48.814911],[-118.431582,48.813937],[-118.431407,48.813508],[-118.431696,48.813144],[-118.432035,48.813077],[-118.432453,48.812946],[-118.432707,48.812772],[-118.432836,48.812518],[-118.432912,48.81232],[-118.432892,48.812086],[-118.432689,48.811675],[-118.431423,48.809315],[-118.431005,48.808484],[-118.430686,48.807354],[-118.430766,48.806337],[-118.431025,48.805362],[-118.431519,48.804546],[-118.432184,48.803998],[-118.433074,48.803672],[-118.433467,48.803604],[-118.432744,48.804045],[-118.433721,48.803925],[-118.434751,48.803741],[-118.43498,48.803639],[-118.435039,48.803342],[-118.435013,48.802424],[-118.434905,48.801004],[-118.434754,48.800502],[-118.434701,48.799585],[-118.434732,48.798289],[-118.435381,48.797175],[-118.436011,48.796348],[-118.436208,48.796085],[-118.436113,48.797076],[-118.436096,48.797886],[-118.43619,48.798343],[-118.436432,48.7987],[-118.437098,48.799141],[-118.438928,48.800243],[-118.439919,48.800609],[-118.440104,48.800444],[-118.439839,48.800214],[-118.439224,48.799646],[-118.439132,48.799314],[-118.439159,48.798819],[-118.439507,48.798131],[-118.439958,48.79772],[-118.441311,48.79693],[-118.442207,48.796343],[-118.443141,48.795674],[-118.443777,48.795063],[-118.444528,48.794181],[-118.445383,48.793136],[-118.445694,48.792601],[-118.445605,48.792333],[-118.445252,48.791896],[-118.443875,48.790411],[-118.443061,48.789594],[-118.442322,48.788973],[-118.441107,48.788386],[-118.440064,48.788093],[-118.439635,48.787864],[-118.439494,48.787677],[-118.439305,48.787274],[-118.440073,48.787463],[-118.439896,48.78652],[-118.439606,48.784959],[-118.439933,48.783992],[-118.440167,48.78362],[-118.440379,48.783869],[-118.440626,48.784433],[-118.441019,48.783906],[-118.441419,48.783595],[-118.442227,48.783288],[-118.443866,48.782989],[-118.445391,48.782547],[-118.447443,48.781945],[-118.448667,48.781435],[-118.449187,48.781051],[-118.44993,48.780376],[-118.450043,48.78005],[-118.450061,48.779735],[-118.44981,48.779028],[-118.449608,48.778634],[-118.450441,48.7792],[-118.450665,48.778963],[-118.450868,48.777971],[-118.451099,48.777005],[-118.45125,48.77658],[-118.451505,48.776332],[-118.452019,48.775726],[-118.452794,48.774674],[-118.453192,48.774013],[-118.453533,48.77343],[-118.453572,48.773226],[-118.453561,48.773007],[-118.453417,48.772684],[-118.453106,48.772324],[-118.452997,48.772132],[-118.45415,48.771682],[-118.454729,48.771563],[-118.455274,48.771461],[-118.454503,48.771367],[-118.453907,48.771359],[-118.454442,48.771164],[-118.455004,48.771051],[-118.455375,48.770868],[-118.454455,48.770797],[-118.453966,48.770772],[-118.453527,48.770714],[-118.45384,48.770586],[-118.454623,48.770335],[-118.455052,48.77019],[-118.454687,48.77012],[-118.453669,48.770159],[-118.453032,48.770151],[-118.452684,48.770126],[-118.452385,48.77004],[-118.452069,48.769937],[-118.453341,48.76965],[-118.45443,48.76937],[-118.45542,48.769008],[-118.456227,48.768697],[-118.457538,48.768196],[-118.458452,48.767807],[-118.459011,48.767485],[-118.459224,48.767265],[-118.459445,48.767017],[-118.459466,48.76672],[-118.45959,48.766459],[-118.459668,48.766253],[-118.459856,48.766104],[-118.460715,48.765188],[-118.461345,48.764504],[-118.461803,48.764036],[-118.462235,48.763506],[-118.46247,48.763028],[-118.462862,48.76262],[-118.463172,48.762239],[-118.463277,48.761981],[-118.463274,48.761751],[-118.463363,48.761569],[-118.463426,48.761289],[-118.463166,48.760983],[-118.463055,48.760709],[-118.46286,48.760255],[-118.462815,48.759959],[-118.462975,48.759475],[-118.463316,48.758958],[-118.463513,48.758776],[-118.463776,48.758598],[-118.4647,48.75833],[-118.465913,48.758038],[-118.466523,48.757821],[-118.46696,48.75767],[-118.466758,48.757408],[-118.466149,48.757005],[-118.465539,48.756515],[-118.465313,48.756275],[-118.465202,48.756001],[-118.465191,48.755771],[-118.465288,48.7556],[-118.465468,48.755402],[-118.465895,48.755081],[-118.466282,48.754964],[-118.467118,48.754932],[-118.467789,48.754972],[-118.469197,48.755079],[-118.469892,48.755081],[-118.470446,48.755034],[-118.470924,48.754878],[-118.471551,48.754682],[-118.472279,48.754333],[-118.472614,48.754281],[-118.473196,48.754497],[-118.473209,48.754157],[-118.473452,48.753728],[-118.473615,48.753535],[-118.473604,48.753299],[-118.473428,48.753157],[-118.473252,48.752922],[-118.47315,48.752709],[-118.473197,48.752451],[-118.473276,48.752209],[-118.473382,48.752038],[-118.473413,48.751841],[-118.473353,48.751649],[-118.473118,48.75137],[-118.473046,48.750893],[-118.473051,48.750647],[-118.473007,48.750411],[-118.473111,48.750119],[-118.473201,48.749861],[-118.473452,48.74965],[-118.473848,48.749474],[-118.474305,48.749431],[-118.475049,48.749402],[-118.475651,48.749432],[-118.476283,48.749481],[-118.476918,48.749662],[-118.477321,48.749733],[-118.477637,48.749767],[-118.47812,48.749628],[-118.47865,48.749148],[-118.478785,48.748843],[-118.47895,48.748633],[-118.479544,48.748379],[-118.480113,48.748221],[-118.48042,48.747952],[-118.480557,48.747742],[-118.480634,48.747438],[-118.480626,48.747173],[-118.480356,48.746741],[-118.479999,48.746292],[-118.479877,48.746047],[-118.479785,48.74584],[-118.479807,48.745613],[-118.479858,48.745385],[-118.479844,48.744912],[-118.479716,48.744478],[-118.479589,48.744045],[-118.479665,48.743722],[-118.479889,48.74353],[-118.480452,48.743201],[-118.480847,48.742988],[-118.481155,48.742756],[-118.481605,48.742486],[-118.481827,48.742237],[-118.481934,48.741971],[-118.481917,48.741611],[-118.481411,48.740747],[-118.481087,48.740448],[-118.480911,48.740299],[-118.480476,48.740116],[-118.4799,48.739991],[-118.479152,48.739887],[-118.478773,48.739645],[-118.478138,48.739483],[-118.475556,48.739346],[-118.474324,48.739286],[-118.473691,48.7392],[-118.473343,48.739072],[-118.47311,48.738923],[-118.472901,48.738642],[-118.472624,48.737964],[-118.471887,48.73627],[-118.47162,48.735952],[-118.471413,48.735728],[-118.471167,48.735144],[-118.470845,48.733937],[-118.470598,48.733297],[-118.470582,48.732748],[-118.470845,48.73195],[-118.471116,48.731416],[-118.471436,48.730636],[-118.471536,48.730124],[-118.471608,48.72965],[-118.471745,48.729421],[-118.472225,48.728241],[-118.472657,48.727327],[-118.472809,48.726644],[-118.473024,48.726168],[-118.473144,48.725391],[-118.473038,48.724692],[-118.472825,48.72424],[-118.472321,48.723679],[-118.472089,48.723568],[-118.471482,48.723368],[-118.469228,48.722659],[-118.468588,48.722418],[-118.468302,48.722311],[-118.467981,48.722088],[-118.467799,48.72175],[-118.467323,48.721131],[-118.46711,48.72068],[-118.466978,48.720095],[-118.466847,48.71951],[-118.466513,48.71887],[-118.466277,48.718627],[-118.465488,48.718051],[-118.464848,48.717718],[-118.464407,48.717307],[-118.464193,48.716837],[-118.464036,48.716366],[-118.464027,48.716034],[-118.464199,48.715077],[-118.4646,48.714088],[-118.465096,48.713419],[-118.465312,48.713],[-118.465749,48.712256],[-118.466063,48.711249],[-118.466131,48.710624],[-118.466167,48.709904],[-118.466154,48.70945],[-118.466083,48.708978],[-118.465138,48.709936],[-118.464805,48.7103],[-118.464668,48.71051],[-118.464407,48.710418],[-118.464397,48.710078],[-118.464483,48.709093],[-118.464357,48.708678],[-118.464052,48.708019],[-118.463866,48.70753],[-118.463737,48.707039],[-118.463747,48.706377],[-118.46387,48.705713],[-118.463988,48.704822],[-118.46423,48.704308],[-118.464622,48.704],[-118.464957,48.703712],[-118.46518,48.703501],[-118.465788,48.702755],[-118.466233,48.702333],[-118.466515,48.702178],[-118.466996,48.701982],[-118.467192,48.701847],[-118.467383,48.701523],[-118.467403,48.701239],[-118.467386,48.700634],[-118.467293,48.700408],[-118.466671,48.699658],[-118.466201,48.699248],[-118.465939,48.6991],[-118.465534,48.698954],[-118.465301,48.698786],[-118.464832,48.698414],[-118.463133,48.697073],[-118.462659,48.696492],[-118.462299,48.695929],[-118.461776,48.694649],[-118.461649,48.694234],[-118.461699,48.693968],[-118.461881,48.693341],[-118.462061,48.692658],[-118.462159,48.69207],[-118.462137,48.691332],[-118.462095,48.69084],[-118.462229,48.690555],[-118.461975,48.689896],[-118.461998,48.689601],[-118.461387,48.689627],[-118.461153,48.689531],[-118.460685,48.689321],[-118.461021,48.689191],[-118.46126,48.689008],[-118.461458,48.688789],[-118.461479,48.6886],[-118.461004,48.688606],[-118.460606,48.688458],[-118.460923,48.68813],[-118.46137,48.687765],[-118.461587,48.687345],[-118.462134,48.686487],[-118.462486,48.685782],[-118.463126,48.685168],[-118.463816,48.684308],[-118.464284,48.683658],[-118.464836,48.68297],[-118.465056,48.682664],[-118.465245,48.682284],[-118.465445,48.681278],[-118.465595,48.680538],[-118.465583,48.680141],[-118.46551,48.679593],[-118.465447,48.679385],[-118.46527,48.679198],[-118.464968,48.678653],[-118.464729,48.678297],[-118.464603,48.67792],[-118.464567,48.677636],[-118.464583,48.67722],[-118.46446,48.676937],[-118.464224,48.676675],[-118.464295,48.676164],[-118.464432,48.675954],[-118.464424,48.675689],[-118.464469,48.675253],[-118.464606,48.675043],[-118.464739,48.674701],[-118.464963,48.674528],[-118.465241,48.674259],[-118.46529,48.673974],[-118.46562,48.673535],[-118.466084,48.672753],[-118.466358,48.672352],[-118.46646,48.671934],[-118.466481,48.671669],[-118.466354,48.671217],[-118.466368,48.670705],[-118.466459,48.669909],[-118.466449,48.669588],[-118.465981,48.669196],[-118.46586,48.66899],[-118.46553,48.668464],[-118.465548,48.668085],[-118.465738,48.667742],[-118.466197,48.666809],[-118.466569,48.665839],[-118.466951,48.66519],[-118.46717,48.664866],[-118.467335,48.664637],[-118.467435,48.664124],[-118.467535,48.663631],[-118.467622,48.663415],[-118.467807,48.663154],[-118.468301,48.662429],[-118.468459,48.661973],[-118.468702,48.661496],[-118.469038,48.661246],[-118.470017,48.660495],[-118.470347,48.660056],[-118.470567,48.65975],[-118.470618,48.659541],[-118.470613,48.659352],[-118.470424,48.658768],[-118.470113,48.657882],[-118.469931,48.657525],[-118.470132,48.656576],[-118.470211,48.656348],[-118.470406,48.656175],[-118.470829,48.655962],[-118.471166,48.655768],[-118.471646,48.655554],[-118.472353,48.655299],[-118.472866,48.655235],[-118.473892,48.655128],[-118.47466,48.654985],[-118.475138,48.654714],[-118.475558,48.654406],[-118.476513,48.653845],[-118.477164,48.653609],[-118.47775,48.653129],[-118.478307,48.652629],[-118.479066,48.652184],[-118.479715,48.651873],[-118.48028,48.651658],[-118.480821,48.651575],[-118.481558,48.651595],[-118.482339,48.651669],[-118.482686,48.651816],[-118.483548,48.651975],[-118.483952,48.652103],[-118.484296,48.652117],[-118.484638,48.652094],[-118.48498,48.652051],[-118.485431,48.651837],[-118.48593,48.65132],[-118.486324,48.651107],[-118.486634,48.650951],[-118.487884,48.65067],[-118.488223,48.650533],[-118.48839,48.65038],[-118.48867,48.650206],[-118.489039,48.650106],[-118.489656,48.649701],[-118.490184,48.649183],[-118.490293,48.648992],[-118.490103,48.64837],[-118.490032,48.647917],[-118.490285,48.647762],[-118.490856,48.647736],[-118.49111,48.647638],[-118.491104,48.647411],[-118.491154,48.647183],[-118.491282,48.64667],[-118.491354,48.646196],[-118.491839,48.646171],[-118.492127,48.646243],[-118.492232,48.645939],[-118.492434,48.645028],[-118.492596,48.644808],[-118.492935,48.644942],[-118.493535,48.645351],[-118.493967,48.64579],[-118.494098,48.645955],[-118.494474,48.645895],[-118.494696,48.644892],[-118.495077,48.644998],[-118.495509,48.645437],[-118.495796,48.645211],[-118.495694,48.644573],[-118.495473,48.644215],[-118.494998,48.643749],[-118.494315,48.643369],[-118.493762,48.643098],[-118.492751,48.642972],[-118.492415,48.642949],[-118.493267,48.642768],[-118.493643,48.642628],[-118.4938,48.642437],[-118.494036,48.642137],[-118.494934,48.641583],[-118.496015,48.641263],[-118.496599,48.641144],[-118.496798,48.64078],[-118.496709,48.640587],[-118.4963,48.640953],[-118.494244,48.640953],[-118.493783,48.640959],[-118.494928,48.640623],[-118.494775,48.640473],[-118.493688,48.640599],[-118.49327,48.640632],[-118.492931,48.640525],[-118.492798,48.640277],[-118.492538,48.640002],[-118.49219,48.63959],[-118.492014,48.639315],[-118.492092,48.639119],[-118.492514,48.639197],[-118.493197,48.639577],[-118.493534,48.639628],[-118.49516,48.639274],[-118.496372,48.639119],[-118.497127,48.639137],[-118.49755,48.639243],[-118.498137,48.639235],[-118.499094,48.638972],[-118.499758,48.638714],[-118.500173,48.638569],[-118.500251,48.638346],[-118.499825,48.638157],[-118.499482,48.637884],[-118.49897,48.637613],[-118.498453,48.637147],[-118.497715,48.636295],[-118.497113,48.635803],[-118.496643,48.635531],[-118.496219,48.63537],[-118.495961,48.635179],[-118.494871,48.633776],[-118.494778,48.633444],[-118.494438,48.63331],[-118.494224,48.633174],[-118.494008,48.632954],[-118.493661,48.63257],[-118.493361,48.632351],[-118.493227,48.632075],[-118.493259,48.631741],[-118.493371,48.631268],[-118.494102,48.630452],[-118.494263,48.630228],[-118.494492,48.629475],[-118.494529,48.62928],[-118.49515,48.629022],[-118.49548,48.628823],[-118.495724,48.62857],[-118.496089,48.628121],[-118.496833,48.62775],[-118.497327,48.627465],[-118.497657,48.627267],[-118.49828,48.627036],[-118.498695,48.626892],[-118.499112,48.626831],[-118.499443,48.62666],[-118.500024,48.626458],[-118.500941,48.626251],[-118.501765,48.626038],[-118.50271,48.625696],[-118.502994,48.625472],[-118.503526,48.625217],[-118.503954,48.624855],[-118.504064,48.624634],[-118.503899,48.624326],[-118.503577,48.623981],[-118.503312,48.623622],[-118.502931,48.623278],[-118.502691,48.623074],[-118.502471,48.622909],[-118.502077,48.622759],[-118.501724,48.622725],[-118.501372,48.622704],[-118.501001,48.622696],[-118.500518,48.622691],[-118.499919,48.622725],[-118.499282,48.622813],[-118.498327,48.622958],[-118.49781,48.623057],[-118.497192,48.623131],[-118.496873,48.623149],[-118.496471,48.623075],[-118.49617,48.623039],[-118.495891,48.623056],[-118.495572,48.623086],[-118.494995,48.6232],[-118.494447,48.623291],[-118.493579,48.623298],[-118.49318,48.623329],[-118.492694,48.623124],[-118.492004,48.622788],[-118.491295,48.622453],[-118.490848,48.62222],[-118.490522,48.622026],[-118.489889,48.621584],[-118.489522,48.621311],[-118.489049,48.620866],[-118.488719,48.62054],[-118.488473,48.620318],[-118.4883,48.619896],[-118.488205,48.619381],[-118.48807,48.618853],[-118.488022,48.618575],[-118.487956,48.618377],[-118.487851,48.618193],[-118.487603,48.617919],[-118.487008,48.617423],[-118.486541,48.617151],[-118.486376,48.616994],[-118.485728,48.616711],[-118.485484,48.616569],[-118.485318,48.616372],[-118.485075,48.616256],[-118.484305,48.615895],[-118.48382,48.615729],[-118.483514,48.615508],[-118.483168,48.615314],[-118.482944,48.615171],[-118.482779,48.614988],[-118.482973,48.6148],[-118.482966,48.614535],[-118.482836,48.614219],[-118.482749,48.613955],[-118.482783,48.613743],[-118.482895,48.61349],[-118.48277,48.613319],[-118.482606,48.613176],[-118.482943,48.613092],[-118.482717,48.612856],[-118.482353,48.612715],[-118.482031,48.61264],[-118.481487,48.612501],[-118.481085,48.612414],[-118.480803,48.612338],[-118.480996,48.61211],[-118.481292,48.611987],[-118.482053,48.612044],[-118.482515,48.612104],[-118.481907,48.61182],[-118.48192,48.611582],[-118.482258,48.611538],[-118.48258,48.611587],[-118.482981,48.611661],[-118.483136,48.611473],[-118.482789,48.61124],[-118.482042,48.610984],[-118.481496,48.610753],[-118.481232,48.610624],[-118.481205,48.610386],[-118.48138,48.610198],[-118.48176,48.610207],[-118.481674,48.610022],[-118.48195,48.609873],[-118.482309,48.609842],[-118.482162,48.609632],[-118.481777,48.609425],[-118.481293,48.609299],[-118.480812,48.609225],[-118.480315,48.609338],[-118.479916,48.609356],[-118.479433,48.609243],[-118.479011,48.609182],[-118.47869,48.609134],[-118.478564,48.608923],[-118.478437,48.608673],[-118.478331,48.608463],[-118.478104,48.608241],[-118.477621,48.608114],[-118.477341,48.608105],[-118.477062,48.608135],[-118.476454,48.608114],[-118.475919,48.607923],[-118.475832,48.607726],[-118.475029,48.607665],[-118.474565,48.607554],[-118.473758,48.60733],[-118.472964,48.60707],[-118.472688,48.606912],[-118.473336,48.606805],[-118.472976,48.606557],[-118.47286,48.606289],[-118.473772,48.606421],[-118.47334,48.606004],[-118.473296,48.605654],[-118.473705,48.605623],[-118.473991,48.605629],[-118.474358,48.605712],[-118.474144,48.60554],[-118.474502,48.605371],[-118.474384,48.605207],[-118.474297,48.605016],[-118.473802,48.604836],[-118.474162,48.604723],[-118.474554,48.604814],[-118.474878,48.604744],[-118.474711,48.604602],[-118.474351,48.604397],[-118.474039,48.604244],[-118.473782,48.604152],[-118.473417,48.604048],[-118.473447,48.603849],[-118.4739,48.603832],[-118.474383,48.60394],[-118.474648,48.604008],[-118.475065,48.604009],[-118.474759,48.603779],[-118.474394,48.603693],[-118.473936,48.603531],[-118.473608,48.603451],[-118.473941,48.603363],[-118.47454,48.603409],[-118.474625,48.603192],[-118.474314,48.603094],[-118.473839,48.602979],[-118.474126,48.602898],[-118.474489,48.602893],[-118.474805,48.602835],[-118.47469,48.602638],[-118.474368,48.602474],[-118.474064,48.60231],[-118.474029,48.602034],[-118.474224,48.601887],[-118.474865,48.601501],[-118.474688,48.601341],[-118.474351,48.601261],[-118.474027,48.601049],[-118.473356,48.601033],[-118.473084,48.601013],[-118.472809,48.60092],[-118.472571,48.600833],[-118.471764,48.601144],[-118.471129,48.601434],[-118.470619,48.601663],[-118.469871,48.601823],[-118.469454,48.601816],[-118.469231,48.601627],[-118.469313,48.601019],[-118.469423,48.600741],[-118.469797,48.600214],[-118.470031,48.599821],[-118.47024,48.599547],[-118.47044,48.599156],[-118.470528,48.598962],[-118.470614,48.598729],[-118.470627,48.598366],[-118.470598,48.598166],[-118.470426,48.597882],[-118.470105,48.597655],[-118.469777,48.597582],[-118.469277,48.597611],[-118.468914,48.597569],[-118.468419,48.597367],[-118.467822,48.597267],[-118.467449,48.597272],[-118.46711,48.597237],[-118.466784,48.597234],[-118.466364,48.597239],[-118.46587,48.597083],[-118.465518,48.596995],[-118.465166,48.596907],[-118.464639,48.596828],[-118.464334,48.596747],[-118.463747,48.596593],[-118.46414,48.59648],[-118.464501,48.59649],[-118.465002,48.596476],[-118.465281,48.596465],[-118.465323,48.596287],[-118.464897,48.596076],[-118.464494,48.595842],[-118.464291,48.595674],[-118.464344,48.595488],[-118.464705,48.595453],[-118.465532,48.595466],[-118.466173,48.595473],[-118.466628,48.595482],[-118.467175,48.595445],[-118.467523,48.595394],[-118.468287,48.595222],[-118.468772,48.595092],[-118.469085,48.595034],[-118.469848,48.594912],[-118.470454,48.59479],[-118.470889,48.594681],[-118.471326,48.594623],[-118.472215,48.594529],[-118.473337,48.59439],[-118.474227,48.594296],[-118.47471,48.594227],[-118.475239,48.594148],[-118.475675,48.594049],[-118.476218,48.593917],[-118.476637,48.593788],[-118.476901,48.593732],[-118.477509,48.593631],[-118.477883,48.593575],[-118.478604,48.593109],[-118.479064,48.592771],[-118.479474,48.59233],[-118.47967,48.592089],[-118.479976,48.591847],[-118.480348,48.591718],[-118.481094,48.591552],[-118.481452,48.591506],[-118.481764,48.591482],[-118.482318,48.591682],[-118.48248,48.591856],[-118.482516,48.592042],[-118.482928,48.592224],[-118.483212,48.592293],[-118.483203,48.591971],[-118.483148,48.591702],[-118.483076,48.591392],[-118.483149,48.591194],[-118.48349,48.591107],[-118.483939,48.590945],[-118.48425,48.590858],[-118.484904,48.590767],[-118.485481,48.590708],[-118.485917,48.59064],[-118.486715,48.590619],[-118.487558,48.590577],[-118.488246,48.590558],[-118.488621,48.590522],[-118.488706,48.59022],[-118.488999,48.590092],[-118.489134,48.589882],[-118.489524,48.589328],[-118.490093,48.58846],[-118.490442,48.588082],[-118.490545,48.587863],[-118.490599,48.587551],[-118.490544,48.587282],[-118.490386,48.586713],[-118.490155,48.586312],[-118.490022,48.586013],[-118.489919,48.585713],[-118.489904,48.585195],[-118.489891,48.58478],[-118.489822,48.584553],[-118.489717,48.584171],[-118.489553,48.583914],[-118.489277,48.583575],[-118.489098,48.583328],[-118.48906,48.583101],[-118.489148,48.582913],[-118.489284,48.582745],[-118.489548,48.58269],[-118.489715,48.582501],[-118.490027,48.582466],[-118.490191,48.582204],[-118.490564,48.582117],[-118.490795,48.581979],[-118.490883,48.581781],[-118.490936,48.581458],[-118.490927,48.581168],[-118.490855,48.580837],[-118.490722,48.580569],[-118.490574,48.580333],[-118.490474,48.580137],[-118.489892,48.580067],[-118.489565,48.580018],[-118.489229,48.579662],[-118.489027,48.579216],[-118.488715,48.57877],[-118.488431,48.578325],[-118.488287,48.578021],[-118.488221,48.577626],[-118.488204,48.577051],[-118.488244,48.576565],[-118.488153,48.576243],[-118.487872,48.575905],[-118.487639,48.575369],[-118.48744,48.57503],[-118.487428,48.574617],[-118.487447,48.574347],[-118.487468,48.574131],[-118.487352,48.573898],[-118.487675,48.573822],[-118.487888,48.573694],[-118.488362,48.57322],[-118.48863,48.573091],[-118.48901,48.573104],[-118.489389,48.573099],[-118.489652,48.572808],[-118.489778,48.572501],[-118.489878,48.572212],[-118.490143,48.572011],[-118.490574,48.571897],[-118.491084,48.571729],[-118.491567,48.571561],[-118.492022,48.571375],[-118.492474,48.571064],[-118.492767,48.57088],[-118.492897,48.570717],[-118.493334,48.570801],[-118.493666,48.571048],[-118.493939,48.571099],[-118.494036,48.57072],[-118.494138,48.570503],[-118.494408,48.570445],[-118.494483,48.570265],[-118.494501,48.569923],[-118.494549,48.569725],[-118.494877,48.569828],[-118.495018,48.570006],[-118.495147,48.569771],[-118.495247,48.5695],[-118.495294,48.569247],[-118.495562,48.569136],[-118.495716,48.568847],[-118.495888,48.568269],[-118.496141,48.567654],[-118.49648,48.567183],[-118.496659,48.566821],[-118.496597,48.566552],[-118.496264,48.566287],[-118.495605,48.566008],[-118.494258,48.565378],[-118.493625,48.565045],[-118.493402,48.564832],[-118.493287,48.564618],[-118.493336,48.564437],[-118.493427,48.563825],[-118.493474,48.563591],[-118.49363,48.563373],[-118.493949,48.563171],[-118.494214,48.562952],[-118.494706,48.562172],[-118.494967,48.561827],[-118.495207,48.561698],[-118.49531,48.561517],[-118.495077,48.560981],[-118.495005,48.560371],[-118.494921,48.559347],[-118.495017,48.558933],[-118.495166,48.558463],[-118.495397,48.558047],[-118.495658,48.557702],[-118.495941,48.557195],[-118.496325,48.556417],[-118.496662,48.555909],[-118.496733,48.555549],[-118.496972,48.555366],[-118.497236,48.555233],[-118.497345,48.5548],[-118.497683,48.554673],[-118.497759,48.554493],[-118.498082,48.554435],[-118.498405,48.554341],[-118.498577,48.554662],[-118.498846,48.554604],[-118.498947,48.554351],[-118.499204,48.553863],[-118.499443,48.553716],[-118.499822,48.553711],[-118.500339,48.553758],[-118.501023,48.553983],[-118.501514,48.554225],[-118.501806,48.554423],[-118.502169,48.55472],[-118.502445,48.554918],[-118.50279,48.555204],[-118.503206,48.55559],[-118.503415,48.555788],[-118.503622,48.555953],[-118.504032,48.556138],[-118.504749,48.556453],[-118.505259,48.556581],[-118.506384,48.557002],[-118.506694,48.557233],[-118.507074,48.557507],[-118.507367,48.55775],[-118.507591,48.557914],[-118.507864,48.558],[-118.508374,48.55815],[-118.508764,48.558212],[-118.509442,48.558337],[-118.509747,48.558401],[-118.510138,48.558496],[-118.510593,48.558512],[-118.511014,48.558485],[-118.51135,48.558458],[-118.512208,48.558391],[-118.512712,48.558317],[-118.513047,48.558256],[-118.513702,48.558181],[-118.514242,48.558174],[-118.514646,48.558157],[-118.515017,48.558175],[-118.515306,48.558238],[-118.515832,48.558343],[-118.516205,48.558416],[-118.516542,48.558423],[-118.517065,48.558438],[-118.517482,48.558287],[-118.518063,48.557967],[-118.518359,48.557739],[-118.518742,48.557566],[-118.518974,48.557418],[-118.519171,48.557247],[-118.519265,48.557023],[-118.519327,48.556821],[-118.51969,48.556558],[-118.520021,48.556364],[-118.52049,48.556268],[-118.52106,48.55616],[-118.521344,48.556078],[-118.522034,48.556035],[-118.522305,48.556054],[-118.522711,48.556127],[-118.522999,48.556146],[-118.523334,48.556096],[-118.523598,48.555892],[-118.52395,48.555842],[-118.524775,48.555798],[-118.525315,48.555802],[-118.525619,48.555843],[-118.526144,48.555914],[-118.526618,48.555975],[-118.526994,48.555977],[-118.527581,48.5559],[-118.527889,48.555758],[-118.528304,48.555683],[-118.529056,48.555456],[-118.529981,48.555337],[-118.530283,48.555256],[-118.530603,48.555166],[-118.530887,48.555095],[-118.531186,48.555013],[-118.531454,48.554939],[-118.531732,48.554953],[-118.531984,48.554882],[-118.532382,48.554677],[-118.532689,48.554542],[-118.533061,48.554374],[-118.533665,48.554096],[-118.533899,48.553926],[-118.534217,48.553701],[-118.534452,48.553605],[-118.534934,48.553373],[-118.535224,48.553285],[-118.535537,48.553293],[-118.535779,48.553415],[-118.536081,48.553533],[-118.536495,48.553537],[-118.536893,48.553661],[-118.537227,48.553855],[-118.537814,48.554139],[-118.538185,48.554315],[-118.538541,48.554377],[-118.538839,48.554477],[-118.539305,48.554563],[-118.5396,48.554654],[-118.539837,48.554785],[-118.540125,48.554855],[-118.540415,48.554702],[-118.540669,48.554537],[-118.54079,48.554374],[-118.541333,48.554214],[-118.541778,48.554233],[-118.542178,48.554256],[-118.54248,48.554216],[-118.542661,48.554056],[-118.542993,48.554056],[-118.543446,48.554014],[-118.544014,48.553934],[-118.544231,48.553815],[-118.544594,48.553814],[-118.545016,48.553737],[-118.545439,48.553736],[-118.545741,48.553534],[-118.546164,48.553496],[-118.546466,48.553416],[-118.547129,48.553173],[-118.547843,48.553065],[-118.547184,48.553137],[-118.547673,48.553053],[-118.547966,48.552987],[-118.548277,48.553014],[-118.549243,48.553176],[-118.549726,48.553017],[-118.550105,48.553074],[-118.550645,48.553129],[-118.550994,48.553134],[-118.551286,48.553056],[-118.551553,48.553152],[-118.551747,48.553381],[-118.552239,48.553419],[-118.552445,48.553252],[-118.552723,48.553149],[-118.553167,48.553154],[-118.553563,48.553239],[-118.553831,48.553294],[-118.554097,48.553423],[-118.554496,48.553537],[-118.554756,48.553646],[-118.555292,48.553745],[-118.555718,48.553768],[-118.556074,48.553854],[-118.556695,48.553898],[-118.556979,48.554004],[-118.557238,48.553938],[-118.557788,48.553956],[-118.558299,48.553976],[-118.558664,48.554001],[-118.558958,48.554065],[-118.559205,48.553927],[-118.559499,48.553851],[-118.559809,48.553937],[-118.560111,48.553938],[-118.560473,48.554018],[-118.560775,48.554095],[-118.561017,48.554196],[-118.561354,48.55428],[-118.561801,48.554257],[-118.562224,48.554179],[-118.562647,48.554016],[-118.562903,48.554112],[-118.563311,48.553975],[-118.563638,48.55387],[-118.563915,48.553738],[-118.564163,48.553546],[-118.563934,48.553325],[-118.563395,48.553118],[-118.562855,48.552875],[-118.562687,48.552398],[-118.562191,48.552021],[-118.561796,48.551752],[-118.561445,48.551289],[-118.561434,48.550871],[-118.561134,48.550419],[-118.560507,48.550362],[-118.560001,48.549952],[-118.559829,48.549399],[-118.559454,48.548954],[-118.558547,48.548276],[-118.557828,48.548015],[-118.557084,48.547737],[-118.55655,48.547385],[-118.555942,48.546934],[-118.554879,48.546481],[-118.554698,48.546046],[-118.555529,48.545564],[-118.5563,48.545135],[-118.557144,48.544712],[-118.557344,48.544552],[-118.557647,48.544311],[-118.557936,48.544193],[-118.558258,48.544105],[-118.558621,48.544094],[-118.558933,48.544042],[-118.559283,48.543949],[-118.559654,48.543872],[-118.559966,48.54367],[-118.560186,48.543531],[-118.560384,48.543405],[-118.560568,48.543222],[-118.560832,48.543026],[-118.561188,48.542862],[-118.561415,48.542644],[-118.561531,48.542413],[-118.561635,48.542182],[-118.561737,48.541967],[-118.561822,48.54179],[-118.561978,48.541606],[-118.562047,48.541402],[-118.562292,48.54126],[-118.562659,48.541162],[-118.563,48.541201],[-118.563316,48.541137],[-118.563598,48.541082],[-118.563906,48.541018],[-118.564265,48.540909],[-118.564549,48.54081],[-118.564833,48.540735],[-118.565138,48.540641],[-118.565448,48.540504],[-118.565733,48.540379]]}},{"type":"Feature","properties":{"segment_type":"roadwalk","route_id":"main","region_id":"okanogan-highlands","region_name":"Okanogan Highlands","section_id":null,"section_name":null,"route_type":"roadwalk"},"geometry":{"type":"LineString","coordinates":[[-118.565733,48.540379],[-118.566015,48.540343],[-118.565637,48.540151],[-118.564853,48.539827],[-118.564603,48.539591],[-118.564456,48.539438],[-118.564265,48.539248],[-118.564062,48.539029],[-118.563689,48.538495],[-118.563602,48.538308],[-118.563585,48.5381],[-118.56347,48.537868],[-118.563308,48.537662],[-118.563128,48.537506],[-118.562826,48.53732],[-118.562578,48.537207],[-118.562302,48.537095],[-118.562029,48.536981],[-118.561753,48.53687],[-118.561521,48.536776],[-118.561244,48.536678],[-118.560971,48.53658],[-118.560694,48.536482],[-118.560364,48.53637],[-118.560087,48.536281],[-118.559814,48.536191],[-118.559536,48.536102],[-118.559259,48.536012],[-118.559019,48.535912],[-118.558743,48.535785],[-118.558435,48.53564],[-118.558222,48.535488],[-118.558006,48.535304],[-118.557833,48.535071],[-118.557684,48.534863],[-118.557411,48.534779],[-118.557145,48.534945],[-118.556878,48.535017],[-118.556494,48.535033],[-118.556227,48.534982],[-118.555887,48.535036],[-118.555536,48.535255],[-118.555243,48.535379],[-118.554944,48.535435],[-118.554671,48.535449],[-118.5544,48.535401],[-118.554051,48.53538],[-118.55371,48.535319],[-118.553431,48.535281],[-118.553118,48.535246],[-118.552839,48.535222],[-118.552563,48.535196],[-118.55223,48.53516],[-118.551709,48.535008],[-118.550897,48.534772],[-118.550425,48.534532],[-118.550043,48.534339],[-118.549735,48.533953],[-118.549608,48.533548],[-118.54955,48.533362],[-118.549469,48.532722],[-118.549606,48.532406],[-118.549398,48.531776],[-118.549161,48.531338],[-118.548904,48.530922],[-118.548832,48.53061],[-118.548912,48.530254],[-118.549101,48.53011],[-118.549372,48.529912],[-118.549635,48.529732],[-118.549786,48.529546],[-118.549872,48.529353],[-118.549936,48.529167],[-118.550001,48.528985],[-118.550101,48.528737],[-118.550207,48.52855],[-118.55031,48.528324],[-118.550387,48.528139],[-118.550431,48.527948],[-118.550455,48.527762],[-118.550562,48.527197],[-118.550533,48.526855],[-118.550517,48.52666],[-118.550597,48.526356],[-118.550299,48.5261],[-118.549993,48.525826],[-118.549147,48.525453],[-118.548921,48.525303],[-118.54861,48.525128],[-118.548148,48.524926],[-118.547908,48.524759],[-118.547606,48.524494],[-118.547336,48.524148],[-118.54702,48.523887],[-118.546871,48.523659],[-118.54673,48.523436],[-118.546678,48.52323],[-118.546953,48.522969],[-118.547157,48.522828],[-118.54729,48.522642],[-118.54728,48.52232],[-118.547094,48.521908],[-118.546839,48.52152],[-118.546689,48.521154],[-118.546575,48.52081],[-118.546428,48.520559],[-118.546047,48.520564],[-118.545808,48.520682],[-118.545287,48.520666],[-118.545005,48.520532],[-118.54462,48.520399],[-118.543892,48.520409],[-118.543607,48.520182],[-118.54367,48.519974],[-118.54356,48.519768],[-118.543451,48.519586],[-118.543514,48.5194],[-118.543679,48.519099],[-118.543567,48.518847],[-118.542935,48.518602],[-118.542307,48.518473],[-118.541954,48.51827],[-118.541841,48.517996],[-118.541836,48.517811],[-118.542002,48.517579],[-118.542484,48.517457],[-118.542896,48.517314],[-118.54303,48.517151],[-118.543088,48.516781],[-118.543362,48.516663],[-118.543563,48.51643],[-118.543414,48.516109],[-118.543059,48.515815],[-118.542878,48.515587],[-118.542664,48.515383],[-118.542065,48.515068],[-118.541643,48.514867],[-118.541357,48.514617],[-118.540967,48.514323],[-118.540786,48.514072],[-118.540633,48.513614],[-118.540452,48.51334],[-118.540201,48.51309],[-118.53995,48.512817],[-118.539769,48.512566],[-118.539622,48.512269],[-118.539615,48.512062],[-118.539609,48.511855],[-118.539671,48.511624],[-118.539659,48.511209],[-118.53975,48.510771],[-118.540081,48.51026],[-118.540174,48.50989],[-118.540166,48.509637],[-118.53995,48.509387],[-118.539532,48.5093],[-118.539009,48.509215],[-118.538728,48.509104],[-118.538514,48.508922],[-118.538437,48.508647],[-118.53842,48.508431],[-118.538442,48.507861],[-118.538606,48.507186],[-118.538753,48.506502],[-118.538813,48.506178],[-118.538876,48.50597],[-118.539075,48.505668],[-118.539033,48.505416],[-118.53899,48.505163],[-118.538912,48.504865],[-118.538801,48.504636]]}},{"type":"Feature","properties":{"segment_type":"trail","route_id":"main","region_id":"okanogan-highlands","region_name":"Okanogan Highlands","section_id":null,"section_name":null},"geometry":{"type":"LineString","coordinates":[[-118.538801,48.504636],[-118.538711,48.503969],[-118.538987,48.503897],[-118.539366,48.503823],[-118.53978,48.503771],[-118.539978,48.503423],[-118.540039,48.503169],[-118.540102,48.502938],[-118.540163,48.502661],[-118.540019,48.502501],[-118.539741,48.502482],[-118.539463,48.502463],[-118.538756,48.501989],[-118.53808,48.501445],[-118.538005,48.501239],[-118.537998,48.501009],[-118.538095,48.5008],[-118.538654,48.500931],[-118.538922,48.500605],[-118.539053,48.50035],[-118.540442,48.500424],[-118.541689,48.500384],[-118.541967,48.500426],[-118.542664,48.500532],[-118.543083,48.500618],[-118.543535,48.500658],[-118.544192,48.500603],[-118.544468,48.500554],[-118.544742,48.500458],[-118.544874,48.500249],[-118.544968,48.499902],[-118.545222,48.499447],[-118.545236,48.499042],[-118.545327,48.498465],[-118.545484,48.498265],[-118.546154,48.498058],[-118.547021,48.498074],[-118.548323,48.498155],[-118.548666,48.498303],[-118.548902,48.498498],[-118.549074,48.49882],[-118.549269,48.498988],[-118.549641,48.499208],[-118.549721,48.499594],[-118.549849,48.499817],[-118.55101,48.500189],[-118.551955,48.500499],[-118.552863,48.500717],[-118.553351,48.500802],[-118.553917,48.501163],[-118.554269,48.501319],[-118.554687,48.501383],[-118.555071,48.50147],[-118.555527,48.501648],[-118.556016,48.501779],[-118.556468,48.501796],[-118.556883,48.501768],[-118.55727,48.501947],[-118.557413,48.502106],[-118.557761,48.502124],[-118.558035,48.502028],[-118.558446,48.501862],[-118.558723,48.501835],[-118.558997,48.501739],[-118.559274,48.501735],[-118.559693,48.501822],[-118.560044,48.501955],[-118.560323,48.50202],[-118.561084,48.501941],[-118.561429,48.50189],[-118.562157,48.50188],[-118.562467,48.501807],[-118.562741,48.501711],[-118.563014,48.501569],[-118.563217,48.501405],[-118.563493,48.501378],[-118.564566,48.501295],[-118.564879,48.501337],[-118.565223,48.50124],[-118.565707,48.501187],[-118.566641,48.501128],[-118.567264,48.501097],[-118.567713,48.501045],[-118.568265,48.500945],[-118.56878,48.500777],[-118.569469,48.500629],[-118.570127,48.500597],[-118.570577,48.500591],[-118.571097,48.500584],[-118.571516,48.50067],[-118.572075,48.500801],[-118.572352,48.500797],[-118.57287,48.500744],[-118.573491,48.500643],[-118.5738,48.500547],[-118.574253,48.50061],[-118.574844,48.500648],[-118.5754,48.500709],[-118.575816,48.500704],[-118.576314,48.501111],[-118.576673,48.501498],[-118.577027,48.501746],[-118.577488,48.502062],[-118.577839,48.502195],[-118.578435,48.502418],[-118.579203,48.502568],[-118.579933,48.50265],[-118.580559,48.502688],[-118.580835,48.502661],[-118.581144,48.502564],[-118.581454,48.502491],[-118.581868,48.502416],[-118.582215,48.502435],[-118.582563,48.502453],[-118.582842,48.502518],[-118.583259,48.502535],[-118.583672,48.502461],[-118.584019,48.502456],[-118.584641,48.502401],[-118.585158,48.502279],[-118.585534,48.502113],[-118.586017,48.502037],[-118.586398,48.502032],[-118.586958,48.502208],[-118.58766,48.502475],[-118.588327,48.502719],[-118.588887,48.502895],[-118.589306,48.502981],[-118.589965,48.502995],[-118.590696,48.503077],[-118.590975,48.503143],[-118.591684,48.503639],[-118.592112,48.504025],[-118.592691,48.5048],[-118.592876,48.505142],[-118.593128,48.505438],[-118.593476,48.505479],[-118.593894,48.505543],[-118.595463,48.50582],[-118.596092,48.505973],[-118.596443,48.506106],[-118.596727,48.506332],[-118.596906,48.506514],[-118.597052,48.506719],[-118.597162,48.506925],[-118.597415,48.507244],[-118.597945,48.507559],[-118.598263,48.507738],[-118.598764,48.507989],[-118.599189,48.508107],[-118.599667,48.508294],[-118.599881,48.508476],[-118.600166,48.508725],[-118.600304,48.508885],[-118.600384,48.509061],[-118.600362,48.509436],[-118.600268,48.50976],[-118.600328,48.510565],[-118.60068,48.510721],[-118.60117,48.510852],[-118.601557,48.511031],[-118.60188,48.511395],[-118.602229,48.511459],[-118.602924,48.511496],[-118.603103,48.511677],[-118.603301,48.512457],[-118.603652,48.512591],[-118.604345,48.512558],[-118.604974,48.51271],[-118.60571,48.512976],[-118.606163,48.513039],[-118.606613,48.51301],[-118.607445,48.512998],[-118.609387,48.512994],[-118.609735,48.513035],[-118.610155,48.513144],[-118.610506,48.513277],[-118.610929,48.513502],[-118.611282,48.513704],[-118.611562,48.513769],[-118.612049,48.513808],[-118.612464,48.51378],[-118.612808,48.513706],[-118.613081,48.513564],[-118.613284,48.513377],[-118.613416,48.513168],[-118.613721,48.512613],[-118.614256,48.511975],[-118.614976,48.511192],[-118.615581,48.51022],[-118.616016,48.509422],[-118.616398,48.509084],[-118.616459,48.508876],[-118.61674,48.508756],[-118.617006,48.508608],[-118.617081,48.508418],[-118.617313,48.508046],[-118.618122,48.507935],[-118.619219,48.507947],[-118.61988,48.507866],[-118.620579,48.507712],[-118.621215,48.507685],[-118.621896,48.507837],[-118.622629,48.507872],[-118.623236,48.507818],[-118.62357,48.507229],[-118.62374,48.507064],[-118.624191,48.506752],[-118.624212,48.506563],[-118.624194,48.506023],[-118.62429,48.505635],[-118.624704,48.50544],[-118.625293,48.505243],[-118.626033,48.505098],[-118.626572,48.505018],[-118.627007,48.505048],[-118.627378,48.505223],[-118.627763,48.505406],[-118.628197,48.505427],[-118.62864,48.505313],[-118.629119,48.505054],[-118.629658,48.504569],[-118.630005,48.504403],[-118.630328,48.504335],[-118.630639,48.504322],[-118.631033,48.504379],[-118.631885,48.504745],[-118.632279,48.504802],[-118.6327,48.504832],[-118.633444,48.504831],[-118.634374,48.505105],[-118.634795,48.505144],[-118.635377,48.505154],[-118.635985,48.5051],[-118.636405,48.50513],[-118.636775,48.50526],[-118.637109,48.505525],[-118.637282,48.505847],[-118.637373,48.506178],[-118.637411,48.507338],[-118.637363,48.507528],[-118.637036,48.508306],[-118.636937,48.508614],[-118.637321,48.508761],[-118.637562,48.508659],[-118.637869,48.508546],[-118.638247,48.508505],[-118.638499,48.508348],[-118.639119,48.507827],[-118.639642,48.507252],[-118.639996,48.506878],[-118.641013,48.506522],[-118.641671,48.506351],[-118.641955,48.506347],[-118.642743,48.506416],[-118.644109,48.506784],[-118.644675,48.507126],[-118.645356,48.507684],[-118.645979,48.508106],[-118.646282,48.508237],[-118.646844,48.508058],[-118.64724,48.507747],[-118.647561,48.507607],[-118.648047,48.507573],[-118.6487,48.507663],[-118.649418,48.50767],[-118.650121,48.507642],[-118.650796,48.50757],[-118.651202,48.507582],[-118.651502,48.50764],[-118.651807,48.507861],[-118.652416,48.508257],[-118.652954,48.508573],[-118.653561,48.508915],[-118.654616,48.509287],[-118.655079,48.509388],[-118.655987,48.509384],[-118.656353,48.509415],[-118.656871,48.509524],[-118.657291,48.509518],[-118.657872,48.509474],[-118.658585,48.509356],[-118.65894,48.509432],[-118.659392,48.509587],[-118.659818,48.50977],[-118.660239,48.509827],[-118.661052,48.509851],[-118.661702,48.509841],[-118.662057,48.509926],[-118.662538,48.510135],[-118.662947,48.510246],[-118.663584,48.510246],[-118.664317,48.510307],[-118.66505,48.51036],[-118.665495,48.510317],[-118.665777,48.510223],[-118.666209,48.510181],[-118.667251,48.510157],[-118.667551,48.510225],[-118.668058,48.510424],[-118.668553,48.510642],[-118.668933,48.510672],[-118.669504,48.51034],[-118.669761,48.509905],[-118.669897,48.509525],[-118.670122,48.50936],[-118.670496,48.509201],[-118.671222,48.509047],[-118.672108,48.508827],[-118.672918,48.508743],[-118.673522,48.50859],[-118.674225,48.508544],[-118.674845,48.508472],[-118.675207,48.508341],[-118.675376,48.508149],[-118.675553,48.507769],[-118.675695,48.507128],[-118.675947,48.506567],[-118.676307,48.505986],[-118.676592,48.505604],[-118.67708,48.505201],[-118.677545,48.504924],[-118.678013,48.504746],[-118.678485,48.504703],[-118.678805,48.504546],[-118.679232,48.50435],[-118.679713,48.504559],[-118.680121,48.504229],[-118.680493,48.50399],[-118.680893,48.503813],[-118.680971,48.503317],[-118.680904,48.502931],[-118.680796,48.502528],[-118.680808,48.50206],[-118.680823,48.501709],[-118.681049,48.50158],[-118.681516,48.501562],[-118.681908,48.501351],[-118.682519,48.501],[-118.682801,48.500924],[-118.683314,48.50089],[-118.683655,48.500948],[-118.684164,48.501201],[-118.685208,48.50124],[-118.685794,48.501366],[-118.686087,48.50147],[-118.686207,48.501711],[-118.686026,48.502272],[-118.686388,48.502154],[-118.687896,48.501992],[-118.688318,48.501833],[-118.6888,48.50143],[-118.689464,48.501029],[-118.689826,48.500911],[-118.689645,48.500711],[-118.689645,48.500468],[-118.689283,48.500267],[-118.689222,48.499989],[-118.690071,48.499909],[-118.691213,48.50023],[-118.692419,48.500149],[-118.692841,48.500188],[-118.692539,48.499949],[-118.69217,48.499689],[-118.692409,48.499578],[-118.692762,48.499613],[-118.692951,48.499768],[-118.693178,48.499886],[-118.693488,48.49985],[-118.693548,48.499637],[-118.69379,48.499413],[-118.694073,48.499283],[-118.694501,48.499164],[-118.695051,48.49881],[-118.695554,48.498641],[-118.696373,48.498242],[-118.69691,48.498076],[-118.697575,48.497985],[-118.697862,48.49804],[-118.698156,48.498166],[-118.698495,48.498395],[-118.698755,48.498674],[-118.698991,48.49881],[-118.699082,48.498337],[-118.698973,48.497974],[-118.69868,48.497528],[-118.698507,48.497364],[-118.698771,48.497279],[-118.699089,48.497189],[-118.699512,48.497174],[-118.700261,48.497446],[-118.700563,48.497676],[-118.700873,48.497847],[-118.701402,48.49823],[-118.701667,48.498519],[-118.701947,48.498753],[-118.702151,48.499186],[-118.702491,48.499015],[-118.70265,48.498756],[-118.702806,48.498389],[-118.703521,48.497807],[-118.70399,48.497737],[-118.704207,48.497847],[-118.704545,48.497819],[-118.704786,48.497951],[-118.70527,48.498159],[-118.7058,48.498142],[-118.706107,48.498138],[-118.706973,48.498368],[-118.707331,48.498633],[-118.707367,48.498906],[-118.707497,48.499098],[-118.707661,48.499748],[-118.707615,48.500027],[-118.707615,48.500266],[-118.707615,48.501107],[-118.707495,48.501307],[-118.707495,48.50155],[-118.707796,48.501469],[-118.708098,48.501109],[-118.708278,48.500868],[-118.708821,48.500509],[-118.709363,48.499907],[-118.709817,48.499455],[-118.710111,48.499212],[-118.710433,48.499126],[-118.710856,48.498963],[-118.711195,48.4988],[-118.711822,48.498597],[-118.712225,48.498398],[-118.712545,48.498402],[-118.712772,48.498552],[-118.713021,48.498755],[-118.713304,48.498845],[-118.71468,48.498865],[-118.715234,48.498933],[-118.715527,48.499077],[-118.715751,48.499222],[-118.716212,48.499359],[-118.716908,48.49952],[-118.717361,48.499684],[-118.717685,48.499904],[-118.717658,48.499567],[-118.717394,48.499225],[-118.717297,48.498934],[-118.716733,48.498713],[-118.716468,48.498487],[-118.716317,48.498148],[-118.716317,48.497963],[-118.716423,48.497723],[-118.716825,48.497362],[-118.717072,48.497021],[-118.717253,48.496838],[-118.717992,48.496503],[-118.71869,48.496111],[-118.719105,48.496014],[-118.71941,48.495906],[-118.719712,48.49592],[-118.720261,48.496181],[-118.720518,48.496025],[-118.720684,48.49577],[-118.720775,48.495557],[-118.720991,48.495388],[-118.721047,48.495212],[-118.721243,48.49502],[-118.720941,48.494898],[-118.72091,48.494669],[-118.721081,48.494343],[-118.721363,48.494064],[-118.721726,48.493937],[-118.722234,48.49397],[-118.722669,48.494099],[-118.722724,48.493877],[-118.722723,48.493589],[-118.722988,48.493415],[-118.722975,48.493185],[-118.723509,48.493069],[-118.723902,48.49296],[-118.723594,48.492537],[-118.723841,48.492448],[-118.723992,48.492216],[-118.723486,48.491851],[-118.723236,48.491764],[-118.722941,48.49153],[-118.722681,48.491471],[-118.722016,48.491315],[-118.721794,48.491152],[-118.721693,48.490951],[-118.721693,48.490694],[-118.72152,48.490175],[-118.721442,48.489942],[-118.721338,48.48953],[-118.72142,48.489349],[-118.721722,48.489079],[-118.721807,48.488569],[-118.721711,48.488364],[-118.722044,48.488309],[-118.722285,48.488184],[-118.722567,48.48787],[-118.722819,48.487601],[-118.722839,48.487276],[-118.72305,48.487066],[-118.72308,48.486755],[-118.722929,48.486911],[-118.722627,48.487181],[-118.722485,48.487007],[-118.722648,48.486321],[-118.722771,48.48595],[-118.723018,48.485114],[-118.723166,48.484883],[-118.723596,48.484345],[-118.723788,48.483942],[-118.724508,48.483603],[-118.724911,48.483332],[-118.725124,48.482541],[-118.726163,48.482427],[-118.726433,48.482352],[-118.726749,48.482278],[-118.727376,48.481927],[-118.727376,48.482526],[-118.727802,48.482526],[-118.728264,48.482514]]}},{"type":"Feature","properties":{"segment_type":"roadwalk","route_id":"main","region_id":"okanogan-highlands","region_name":"Okanogan Highlands","section_id":null,"section_name":null,"route_type":"roadwalk"},"geometry":{"type":"LineString","coordinates":[[-118.728264,48.482514],[-118.728689,48.482342],[-118.729188,48.482133],[-118.729558,48.481974],[-118.730149,48.481937],[-118.73135,48.481949],[-118.732625,48.481802],[-118.733678,48.481261],[-118.73438,48.48104],[-118.735489,48.481102],[-118.736893,48.482231],[-118.738556,48.484454],[-118.738759,48.485031],[-118.73887,48.486983],[-118.739,48.490777],[-118.740256,48.492668],[-118.74063,48.494642],[-118.741328,48.498329],[-118.741051,48.503179],[-118.740939,48.503348],[-118.737965,48.507869],[-118.737648,48.511152],[-118.739088,48.515661],[-118.739131,48.516271],[-118.739044,48.516497],[-118.738119,48.518356]]}},{"type":"Feature","properties":{"segment_type":"trail","route_id":"main","region_id":"okanogan-highlands","region_name":"Okanogan Highlands","section_id":null,"section_name":null},"geometry":{"type":"LineString","coordinates":[[-118.738119,48.518356],[-118.738306,48.518686],[-118.738316,48.518982],[-118.73823,48.519227],[-118.737943,48.519555],[-118.737882,48.519754],[-118.738317,48.519801],[-118.738956,48.519486],[-118.739191,48.519212],[-118.739581,48.519134],[-118.740001,48.519128],[-118.740585,48.519182],[-118.740525,48.519417],[-118.740015,48.519542],[-118.739715,48.519888],[-118.739203,48.520346],[-118.739101,48.520545],[-118.739115,48.520941],[-118.739081,48.521157],[-118.738857,48.521323],[-118.739416,48.521422],[-118.739879,48.521118],[-118.740183,48.520889],[-118.74047,48.520578],[-118.740711,48.520485],[-118.741118,48.520515],[-118.741261,48.520746],[-118.741114,48.521189],[-118.741567,48.521353],[-118.742499,48.521285],[-118.743132,48.521186],[-118.743648,48.521223],[-118.74438,48.521257],[-118.745164,48.5212],[-118.749157,48.520356],[-118.750229,48.520007],[-118.750887,48.519835],[-118.751141,48.519759],[-118.75188,48.519595],[-118.752274,48.519607],[-118.752573,48.520035],[-118.752729,48.520239],[-118.753044,48.52036],[-118.753384,48.520391],[-118.753705,48.52026],[-118.753743,48.519792],[-118.753885,48.51961],[-118.754197,48.519605],[-118.754809,48.519677],[-118.7552,48.519626],[-118.755284,48.519318],[-118.755848,48.51958],[-118.756307,48.519537],[-118.756111,48.519342],[-118.756172,48.519152],[-118.756971,48.519149],[-118.757478,48.519321],[-118.757801,48.519667],[-118.757968,48.520177],[-118.758101,48.520499],[-118.758442,48.520575],[-118.759051,48.520557],[-118.76004,48.520568],[-118.76065,48.520586],[-118.761397,48.521033],[-118.762505,48.521736],[-118.763634,48.522268],[-118.764226,48.522556],[-118.764381,48.522724],[-118.76445,48.523164],[-118.764565,48.523351],[-118.764991,48.523911],[-118.765463,48.524642],[-118.765396,48.52503],[-118.765305,48.525544],[-118.765261,48.525842],[-118.765432,48.526091],[-118.765564,48.526359],[-118.765688,48.526816],[-118.765846,48.52714],[-118.766011,48.527461],[-118.766591,48.52659],[-118.766692,48.526385],[-118.766872,48.525808],[-118.766957,48.525519],[-118.767111,48.525282],[-118.767382,48.525059],[-118.76765,48.524806],[-118.767559,48.524168],[-118.767434,48.523982],[-118.767448,48.523799],[-118.767328,48.523345],[-118.767197,48.523077],[-118.767188,48.522835],[-118.767192,48.522621],[-118.767241,48.522346],[-118.767544,48.522092],[-118.767887,48.521791],[-118.768045,48.521602],[-118.768372,48.521336],[-118.769366,48.521001],[-118.769529,48.520819],[-118.769328,48.520507],[-118.769367,48.520203],[-118.769562,48.519838],[-118.769803,48.519571],[-118.769939,48.519395],[-118.770802,48.518278],[-118.77112,48.517993],[-118.771371,48.517905],[-118.7717,48.517928],[-118.77198,48.517971],[-118.77226,48.518016],[-118.772407,48.517674],[-118.772556,48.517365],[-118.772856,48.517144],[-118.773185,48.517125],[-118.773612,48.517207],[-118.773864,48.517309],[-118.77404,48.517587],[-118.774191,48.517939],[-118.774328,48.518154],[-118.774393,48.518353],[-118.774406,48.518588],[-118.774375,48.518822],[-118.774324,48.519042],[-118.774465,48.519233],[-118.774639,48.519417],[-118.774959,48.519475],[-118.775563,48.519493],[-118.775926,48.519416],[-118.776069,48.519242],[-118.776226,48.519078],[-118.776425,48.518562],[-118.776687,48.518306],[-118.777016,48.518031],[-118.777401,48.517818],[-118.777925,48.517693],[-118.77837,48.517641],[-118.778821,48.517643],[-118.77909,48.517711],[-118.77942,48.517859],[-118.77989,48.51814],[-118.780154,48.518325],[-118.780645,48.518803],[-118.78092,48.518925],[-118.7813,48.518937],[-118.781691,48.518886],[-118.781931,48.518668],[-118.782099,48.518169],[-118.782231,48.51785],[-118.782379,48.517651],[-118.782929,48.517526],[-118.783311,48.517592],[-118.78413,48.517786],[-118.784402,48.517818],[-118.784807,48.517776],[-118.785222,48.517719],[-118.785573,48.51762],[-118.785896,48.517552],[-118.786303,48.517564],[-118.78678,48.517664],[-118.787499,48.51768],[-118.78833,48.517526],[-118.788618,48.51743],[-118.788935,48.517338],[-118.78919,48.517256],[-118.789761,48.516943],[-118.790062,48.51665],[-118.790666,48.51611],[-118.790944,48.515917],[-118.791234,48.515794],[-118.791553,48.515731],[-118.791836,48.515733],[-118.792157,48.515769],[-118.79245,48.515828],[-118.792751,48.515937],[-118.793103,48.51607],[-118.793454,48.516213],[-118.794091,48.516209],[-118.794471,48.516221],[-118.794812,48.5163],[-118.795173,48.516472],[-118.79551,48.516657],[-118.795662,48.516842],[-118.795536,48.51708],[-118.795511,48.517295],[-118.795656,48.517589],[-118.796141,48.517713],[-118.796449,48.517688],[-118.796818,48.517495],[-118.796997,48.517285],[-118.797208,48.516961],[-118.797481,48.516803],[-118.797618,48.516515],[-118.797681,48.515683],[-118.797736,48.515478],[-118.797946,48.515153],[-118.798074,48.514961],[-118.79842,48.514802],[-118.799016,48.51481],[-118.799241,48.515032],[-118.799416,48.51538],[-118.799842,48.515562],[-118.800589,48.515623],[-118.802136,48.514346],[-118.802499,48.513924],[-118.802677,48.513657],[-118.802561,48.513284],[-118.80256,48.512722],[-118.802807,48.512227],[-118.80312,48.511611],[-118.803615,48.511105],[-118.804288,48.510811],[-118.805254,48.510398],[-118.805954,48.510095],[-118.807112,48.509607],[-118.807911,48.509333],[-118.808552,48.509269],[-118.808972,48.509411],[-118.809328,48.509616],[-118.809637,48.50981],[-118.810002,48.509905],[-118.810287,48.509924],[-118.810861,48.509766],[-118.811609,48.509476],[-118.812093,48.509378],[-118.812432,48.509373],[-118.81284,48.509438],[-118.813692,48.509668],[-118.813809,48.509982],[-118.814092,48.510066],[-118.81435,48.510128],[-118.814708,48.510162],[-118.815121,48.510303],[-118.815328,48.510442],[-118.815568,48.510591],[-118.815911,48.510669],[-118.816227,48.510673],[-118.816584,48.510716],[-118.816896,48.510806],[-118.817676,48.51119],[-118.818293,48.511422],[-118.818742,48.511537],[-118.819161,48.511665],[-118.819504,48.511684],[-118.819828,48.51164],[-118.82011,48.511694],[-118.82035,48.511822],[-118.820583,48.511939],[-118.821068,48.511969],[-118.821602,48.511791],[-118.822053,48.511621],[-118.822537,48.5115],[-118.823101,48.511455],[-118.823549,48.511496],[-118.82403,48.511749],[-118.82428,48.511833],[-118.824857,48.511955],[-118.825175,48.512066],[-118.825443,48.512117],[-118.826032,48.512139],[-118.826336,48.512235],[-118.826751,48.512481],[-118.827183,48.512683],[-118.827671,48.51278],[-118.828285,48.512856],[-118.828785,48.51297],[-118.829158,48.513287],[-118.829209,48.513541],[-118.829156,48.513804],[-118.829241,48.514096],[-118.829513,48.514349],[-118.829739,48.514605],[-118.829911,48.514787],[-118.830179,48.51472],[-118.830288,48.514463],[-118.830277,48.514203],[-118.830478,48.513905],[-118.8307,48.513642],[-118.830816,48.513444],[-118.830798,48.513083],[-118.830745,48.512773],[-118.83077,48.512506],[-118.830925,48.51216],[-118.831121,48.511887],[-118.831415,48.511622],[-118.831608,48.511395],[-118.831732,48.511104],[-118.831896,48.510791],[-118.831978,48.510534],[-118.832087,48.510339],[-118.832199,48.510171],[-118.832474,48.510078],[-118.833473,48.510071],[-118.834066,48.511009],[-118.834431,48.511602],[-118.834515,48.511872],[-118.834574,48.512637],[-118.834689,48.513375],[-118.834747,48.513742],[-118.834955,48.514389],[-118.835304,48.515245],[-118.835648,48.515978],[-118.835853,48.516502],[-118.836189,48.517024],[-118.836411,48.517302],[-118.836817,48.517542],[-118.837484,48.517672],[-118.838086,48.517873],[-118.838764,48.517933],[-118.839374,48.51794],[-118.839598,48.51755],[-118.839411,48.516797],[-118.839161,48.516449],[-118.838939,48.516172],[-118.838798,48.515945],[-118.839299,48.516144],[-118.83971,48.516385],[-118.840272,48.516643],[-118.840659,48.516868],[-118.840883,48.51706],[-118.841971,48.517449]]}},{"type":"Feature","properties":{"segment_type":"roadwalk","route_id":"main","region_id":"okanogan-highlands","region_name":"Okanogan Highlands","section_id":null,"section_name":null,"route_type":"roadwalk"},"geometry":{"type":"LineString","coordinates":[[-118.841971,48.517449],[-118.841978,48.517659],[-118.841857,48.518273],[-118.841575,48.518449],[-118.841093,48.518667],[-118.840474,48.519094],[-118.839935,48.519553],[-118.839517,48.519991],[-118.839126,48.52078],[-118.838883,48.521549],[-118.838831,48.522341],[-118.838948,48.523347],[-118.838962,48.524481],[-118.838852,48.525544],[-118.838944,48.526235],[-118.839104,48.526899],[-118.839389,48.527677],[-118.839699,48.528005],[-118.840127,48.528214],[-118.840482,48.528289],[-118.841007,48.528218],[-118.841449,48.528076],[-118.842234,48.527667],[-118.843048,48.527348],[-118.843638,48.527177],[-118.844044,48.52717],[-118.844564,48.527315]]}},{"type":"Feature","properties":{"segment_type":"trail","route_id":"main","region_id":"okanogan-highlands","region_name":"Okanogan Highlands","section_id":null,"section_name":null,"route_type":"cross-country"},"geometry":{"type":"LineString","coordinates":[[-118.844564,48.527315],[-118.846455,48.529039],[-118.855004,48.531664]]}},{"type":"Feature","properties":{"segment_type":"roadwalk","route_id":"main","region_id":"okanogan-highlands","region_name":"Okanogan Highlands","section_id":null,"section_name":null,"route_type":"roadwalk"},"geometry":{"type":"LineString","coordinates":[[-118.855004,48.531664],[-118.85544,48.531756],[-118.855763,48.531696],[-118.856177,48.531528],[-118.856471,48.531415],[-118.856796,48.53141],[-118.857597,48.531451],[-118.858412,48.531519],[-118.858833,48.531548],[-118.859067,48.531652],[-118.859327,48.53208],[-118.859404,48.532357],[-118.859815,48.532468],[-118.860129,48.532166],[-118.860371,48.531739],[-118.860527,48.531575],[-118.86078,48.531445],[-118.862154,48.530882],[-118.864842,48.52993],[-118.865453,48.529596],[-118.865969,48.529255],[-118.866203,48.528981],[-118.868414,48.526867],[-118.868772,48.526646],[-118.869037,48.526506],[-118.869321,48.526475],[-118.870539,48.526446],[-118.87096,48.526493],[-118.871434,48.526485],[-118.871734,48.526543],[-118.872013,48.526755],[-118.872322,48.527047],[-118.872467,48.527323],[-118.872729,48.527823],[-118.872765,48.528047],[-118.872903,48.529215],[-118.873344,48.529783],[-118.873532,48.530473],[-118.873658,48.531694],[-118.87383,48.531953],[-118.874407,48.532168],[-118.875142,48.532264],[-118.8757,48.532336],[-118.876111,48.532455],[-118.877195,48.532833],[-118.877569,48.533052],[-118.878017,48.53345],[-118.878419,48.533686],[-118.878885,48.533831],[-118.879622,48.533999],[-118.880096,48.534001],[-118.880646,48.533839],[-118.881598,48.533589],[-118.881988,48.533493],[-118.882393,48.533459],[-118.882827,48.533488],[-118.883344,48.533903],[-118.883653,48.534563],[-118.88369,48.535552],[-118.884095,48.535528],[-118.884397,48.535262],[-118.884526,48.535098],[-118.884833,48.534976],[-118.885235,48.534852],[-118.885894,48.534716],[-118.886269,48.53461],[-118.88662,48.534578],[-118.886986,48.534563],[-118.887369,48.535033],[-118.887556,48.535696],[-118.887956,48.536238],[-118.888322,48.53697],[-118.888529,48.537092],[-118.888953,48.537185],[-118.889214,48.537288],[-118.889503,48.537409],[-118.890108,48.537651],[-118.89052,48.537789],[-118.890767,48.538252],[-118.890995,48.538546],[-118.891386,48.538872],[-118.89161,48.539057],[-118.891696,48.539542],[-118.892291,48.539865],[-118.892426,48.540591],[-118.892462,48.540843],[-118.892423,48.54123],[-118.892636,48.541488],[-118.893042,48.54149],[-118.893406,48.541236],[-118.893578,48.540977],[-118.894082,48.540672],[-118.894502,48.540305],[-118.894949,48.539947],[-118.895707,48.539557],[-118.897206,48.538695],[-118.897674,48.538544],[-118.899177,48.538519],[-118.899445,48.538433],[-118.900192,48.538124],[-118.900943,48.537914],[-118.901343,48.537754],[-118.90164,48.537713],[-118.902248,48.537685],[-118.902517,48.537627],[-118.903033,48.537672],[-118.903525,48.537772],[-118.904057,48.53824],[-118.904345,48.538316],[-118.904693,48.538221],[-118.905002,48.538153],[-118.905288,48.538193],[-118.906646,48.53862],[-118.907389,48.538923],[-118.907794,48.539258],[-118.90791,48.539445],[-118.908043,48.5401],[-118.908836,48.540311],[-118.909178,48.540396],[-118.909925,48.541517],[-118.909974,48.541732],[-118.909945,48.542038],[-118.909871,48.542606],[-118.90981,48.543147],[-118.910175,48.543474],[-118.910358,48.543651],[-118.910419,48.54383],[-118.91023,48.544229],[-118.909558,48.545095],[-118.909411,48.545493],[-118.90934,48.545773],[-118.909334,48.545971],[-118.908765,48.54635],[-118.9081,48.546666],[-118.907505,48.547063],[-118.907417,48.547236],[-118.907479,48.547459],[-118.907563,48.54789],[-118.907455,48.548243],[-118.907284,48.548398],[-118.90692,48.548431],[-118.906327,48.54854],[-118.906163,48.54884],[-118.90615,48.549236],[-118.906103,48.549417],[-118.905958,48.549896],[-118.90598,48.550111],[-118.906197,48.551206],[-118.906168,48.551881],[-118.90631,48.552391],[-118.906391,48.552759],[-118.906723,48.553284],[-118.907116,48.554015],[-118.907566,48.554818],[-118.90776,48.555291],[-118.908228,48.556201],[-118.908628,48.556801],[-118.908946,48.557278],[-118.909598,48.558032],[-118.910626,48.559058],[-118.910885,48.55945],[-118.910976,48.559718],[-118.911058,48.560077],[-118.91138,48.56215],[-118.911604,48.563793],[-118.911568,48.564261],[-118.911503,48.565063],[-118.911326,48.566829],[-118.911037,48.569227],[-118.91098,48.569516],[-118.910668,48.569872],[-118.910287,48.570193],[-118.909625,48.570627],[-118.909057,48.571006],[-118.9089,48.571161],[-118.908739,48.571569],[-118.908678,48.571759],[-118.908674,48.57202],[-118.90869,48.575681],[-118.908584,48.576088],[-118.908343,48.576901],[-118.907982,48.57794],[-118.907462,48.579435],[-118.907457,48.579669],[-118.907515,48.580127],[-118.907583,48.580495],[-118.907718,48.580834],[-118.907923,48.581227],[-118.908269,48.581788],[-118.909116,48.583016],[-118.90918,48.583293],[-118.909135,48.583528],[-118.908956,48.58381],[-118.908614,48.584086],[-118.908149,48.584354],[-118.907723,48.584568],[-118.907585,48.584858],[-118.90772,48.585189],[-118.908695,48.585173],[-118.909468,48.585169],[-118.909837,48.585253],[-118.91025,48.585399],[-118.910639,48.585662],[-118.91149,48.586364],[-118.912543,48.587232],[-118.912984,48.587774],[-118.913101,48.587997],[-118.913124,48.588626],[-118.913102,48.589481],[-118.912923,48.590465],[-118.912821,48.590638],[-118.912225,48.591025],[-118.911841,48.591266],[-118.911852,48.591562],[-118.912877,48.59321],[-118.914405,48.595245],[-118.915078,48.596169],[-118.915303,48.596381],[-118.916578,48.59722],[-118.916944,48.597461],[-118.917676,48.598168],[-118.918076,48.598701],[-118.918266,48.599058],[-118.91867,48.59969],[-118.919126,48.600285],[-118.919636,48.600853],[-118.919752,48.60104],[-118.919878,48.601505],[-118.919938,48.602017],[-118.920815,48.604387],[-118.920893,48.604673],[-118.920905,48.604988],[-118.920693,48.605819],[-118.920575,48.60628],[-118.920327,48.606545],[-118.919441,48.607154],[-118.91699,48.608715],[-118.916711,48.608864],[-118.916215,48.609025],[-118.915544,48.609207],[-118.915227,48.609455],[-118.914295,48.610991],[-118.914171,48.611299],[-118.914011,48.611725],[-118.913772,48.611855],[-118.913348,48.612141],[-118.913219,48.612323],[-118.91316,48.612549],[-118.913211,48.612818],[-118.91328,48.613221],[-118.914201,48.612819],[-118.915372,48.612557],[-118.91739,48.6121],[-118.918655,48.611836],[-118.919437,48.611688],[-118.920018,48.611625],[-118.920901,48.611664],[-118.921592,48.611652],[-118.922009,48.611555],[-118.922597,48.611321],[-118.922941,48.61109],[-118.924015,48.610415],[-118.924269,48.61033],[-118.924864,48.610275],[-118.925137,48.610307],[-118.925603,48.610443],[-118.925826,48.610601],[-118.926387,48.611086],[-118.927527,48.612147],[-118.92778,48.612395],[-118.92794,48.612662],[-118.928002,48.612859],[-118.928069,48.613209],[-118.928087,48.613508],[-118.928107,48.613856],[-118.928154,48.614359],[-118.928304,48.614743],[-118.929097,48.616322],[-118.9293,48.617012],[-118.929466,48.617459],[-118.929621,48.617609],[-118.93032,48.617795],[-118.930719,48.617804],[-118.930602,48.618468],[-118.930397,48.618834],[-118.929811,48.619261],[-118.929627,48.619446],[-118.929525,48.619647],[-118.929467,48.620283],[-118.929228,48.620468],[-118.92896,48.620618],[-118.928723,48.620876],[-118.92807,48.622428],[-118.927887,48.622631],[-118.927588,48.62269],[-118.926831,48.622939],[-118.926344,48.62311],[-118.926024,48.623333],[-118.925783,48.623464],[-118.925495,48.623795],[-118.925366,48.624015],[-118.925329,48.624487],[-118.92529,48.624887],[-118.924595,48.626112],[-118.9245,48.626447],[-118.924519,48.627377],[-118.924411,48.627819],[-118.924185,48.628427],[-118.923871,48.6289],[-118.923018,48.629637],[-118.922714,48.630008],[-118.922271,48.630619],[-118.92213,48.630818],[-118.922052,48.631002],[-118.922033,48.631189],[-118.92199,48.631607],[-118.921934,48.631805],[-118.921537,48.632514],[-118.921033,48.633759],[-118.92088,48.634197],[-118.920701,48.634523],[-118.919305,48.636289],[-118.918125,48.637629],[-118.916267,48.639681],[-118.915167,48.640894],[-118.914695,48.641309],[-118.914452,48.641608],[-118.913791,48.642659],[-118.913102,48.643499],[-118.912239,48.644806],[-118.911491,48.645774],[-118.910241,48.647632],[-118.909568,48.648936],[-118.908499,48.650387],[-118.907697,48.651622],[-118.907108,48.65232],[-118.906691,48.652524],[-118.906019,48.652718],[-118.90491,48.652955],[-118.903818,48.653057],[-118.903137,48.653296],[-118.902706,48.65349],[-118.902084,48.653604],[-118.901366,48.653678],[-118.90059,48.653877],[-118.899724,48.654161],[-118.89911,48.654503],[-118.898716,48.654863],[-118.898477,48.655157],[-118.898524,48.655571],[-118.898416,48.65605],[-118.898238,48.656302],[-118.897097,48.657627],[-118.896011,48.658836],[-118.895168,48.659651],[-118.894865,48.659925],[-118.894738,48.660716],[-118.894162,48.661345],[-118.890517,48.664434],[-118.890154,48.664772],[-118.889826,48.665213],[-118.889353,48.665988],[-118.889005,48.66672],[-118.888958,48.667135],[-118.889024,48.667614],[-118.889129,48.668377],[-118.889301,48.668768],[-118.889591,48.668992],[-118.890204,48.669459],[-118.893171,48.670862],[-118.893458,48.671003],[-118.893621,48.671166],[-118.893825,48.671598],[-118.894337,48.672745],[-118.89473,48.673194],[-118.895181,48.673519],[-118.896017,48.674086],[-118.896912,48.674548],[-118.897487,48.674829],[-118.897744,48.675012],[-118.898024,48.675775],[-118.898189,48.676],[-118.898576,48.676284],[-118.899131,48.676542],[-118.900171,48.677025],[-118.901158,48.677445],[-118.902752,48.678144],[-118.903804,48.678625],[-118.904601,48.678964],[-118.905362,48.679201],[-118.905838,48.679359],[-118.905969,48.679523],[-118.905987,48.679999]]}},{"type":"Feature","properties":{"segment_type":"trail","route_id":"main","region_id":"okanogan-highlands","region_name":"Okanogan Highlands","section_id":null,"section_name":null},"geometry":{"type":"LineString","coordinates":[[-118.905987,48.679999],[-118.905952,48.680275],[-118.905758,48.680403],[-118.905412,48.68044],[-118.904734,48.680449],[-118.904443,48.680485],[-118.904009,48.680527],[-118.903148,48.680441],[-118.901767,48.680169],[-118.899965,48.679979],[-118.898352,48.679977],[-118.8978,48.680065],[-118.897109,48.680292],[-118.896849,48.681092],[-118.896932,48.682292],[-118.897018,48.682806],[-118.896758,48.683205],[-118.896445,48.683484],[-118.895464,48.683376],[-118.894761,48.683032],[-118.894363,48.683039],[-118.893857,48.683071],[-118.893323,48.683319],[-118.893266,48.683728],[-118.892955,48.684117],[-118.8925,48.684556],[-118.892018,48.685141],[-118.889763,48.686569],[-118.889072,48.687197],[-118.888984,48.687768],[-118.888982,48.688796],[-118.888462,48.689595],[-118.888115,48.690566],[-118.887492,48.693019],[-118.887154,48.693966],[-118.887109,48.694686],[-118.887123,48.695069],[-118.887324,48.695594],[-118.887555,48.695949],[-118.887857,48.69628],[-118.888618,48.697307],[-118.888703,48.698107],[-118.888701,48.698906],[-118.888665,48.699336],[-118.887967,48.700633],[-118.887301,48.701721],[-118.887109,48.702475],[-118.887057,48.704087],[-118.887134,48.705188],[-118.886612,48.706616],[-118.886293,48.707664],[-118.88587,48.707912],[-118.885634,48.708395],[-118.885096,48.708878],[-118.884364,48.709558],[-118.883487,48.710407],[-118.882945,48.71075],[-118.882398,48.711476],[-118.882185,48.711683],[-118.881392,48.71231],[-118.88041,48.712791],[-118.87949,48.714004],[-118.879363,48.714339],[-118.879488,48.714967],[-118.879643,48.716014],[-118.879925,48.717208],[-118.880239,48.718297],[-118.881155,48.719177],[-118.88185,48.71966],[-118.882862,48.719891],[-118.883811,48.720018],[-118.88495,48.72004],[-118.886089,48.72002],[-118.887007,48.720021],[-118.88764,48.720021],[-118.888399,48.720169],[-118.890264,48.720882],[-118.891433,48.721595],[-118.893141,48.723326],[-118.893705,48.723969],[-118.892897,48.7244],[-118.892506,48.725225],[-118.892309,48.725768],[-118.892647,48.726446],[-118.893526,48.727376],[-118.894186,48.72759],[-118.894517,48.727711],[-118.894522,48.728197],[-118.894279,48.728605],[-118.895079,48.728556],[-118.895726,48.728762],[-118.896044,48.729242],[-118.896258,48.729886],[-118.896442,48.730063],[-118.897032,48.730216],[-118.89757,48.730764],[-118.898077,48.731251],[-118.899849,48.732076],[-118.900898,48.732473],[-118.900991,48.732768],[-118.901115,48.733171],[-118.901433,48.733679],[-118.901766,48.733862],[-118.901911,48.734094],[-118.901987,48.73429],[-118.902008,48.734506],[-118.902017,48.735201],[-118.902047,48.736015],[-118.901607,48.736582],[-118.900408,48.737466],[-118.898654,48.73892],[-118.898387,48.738975],[-118.896352,48.739111],[-118.896002,48.739015],[-118.894789,48.7385],[-118.894548,48.738224],[-118.894302,48.737821],[-118.893451,48.73793],[-118.893231,48.738114],[-118.893252,48.738684],[-118.893401,48.739012],[-118.893462,48.739431],[-118.893487,48.740092],[-118.893373,48.740694],[-118.89338,48.740874],[-118.893433,48.741083],[-118.893351,48.741325],[-118.89308,48.74136],[-118.892401,48.741431],[-118.892087,48.741526],[-118.891638,48.741684],[-118.891275,48.741689],[-118.890593,48.741671],[-118.890091,48.741619],[-118.889502,48.741659],[-118.888741,48.741971],[-118.888214,48.74246],[-118.887779,48.742978],[-118.887562,48.743252],[-118.887292,48.743316],[-118.886701,48.743296],[-118.886469,48.74318],[-118.885947,48.742588],[-118.885704,48.742171],[-118.885414,48.741695],[-118.885261,48.741248],[-118.885161,48.741009],[-118.885106,48.74074],[-118.884418,48.740571],[-118.883842,48.74097],[-118.883632,48.741424],[-118.883474,48.742058],[-118.883274,48.742781],[-118.883026,48.743446],[-118.882665,48.743763],[-118.882132,48.744102],[-118.881418,48.744444],[-118.880752,48.744846],[-118.880443,48.745091],[-118.880188,48.745576],[-118.879853,48.746332],[-118.879639,48.746696],[-118.879351,48.747654],[-118.879216,48.748164],[-118.879156,48.748813],[-118.879189,48.749719],[-118.879282,48.750525]]}},{"type":"Feature","properties":{"segment_type":"roadwalk","route_id":"main","region_id":"okanogan-highlands","region_name":"Okanogan Highlands","section_id":null,"section_name":null,"route_type":"roadwalk"},"geometry":{"type":"LineString","coordinates":[[-118.879282,48.750525],[-118.879434,48.750781],[-118.87963,48.751083],[-118.879889,48.751201],[-118.880192,48.751288],[-118.880541,48.751343],[-118.881073,48.75138],[-118.881539,48.751479],[-118.881921,48.751824],[-118.882279,48.752139],[-118.882678,48.752315],[-118.883619,48.752773],[-118.883992,48.752859],[-118.884271,48.752915],[-118.884647,48.753092],[-118.885,48.753308],[-118.885493,48.753886],[-118.88575,48.754083],[-118.88623,48.754313],[-118.886793,48.754542],[-118.887249,48.754883],[-118.889211,48.755922],[-118.890112,48.756292],[-118.89076,48.756556],[-118.891292,48.756694],[-118.892463,48.756876],[-118.892967,48.757015],[-118.894397,48.757449],[-118.895518,48.75776],[-118.895998,48.757991],[-118.896926,48.758342],[-118.898919,48.758987],[-118.899316,48.759219],[-118.900194,48.759717],[-118.903552,48.761274],[-118.903945,48.761414],[-118.904877,48.76159],[-118.905409,48.761746],[-118.905777,48.761923],[-118.906043,48.762377],[-118.906115,48.762797],[-118.906322,48.763142],[-118.906699,48.763594],[-118.906832,48.764159],[-118.907037,48.764449],[-118.90727,48.764738],[-118.907419,48.765029],[-118.90749,48.765431],[-118.907641,48.765758],[-118.907878,48.76689],[-118.908283,48.768056],[-118.908623,48.769003],[-118.909247,48.770092],[-118.909581,48.770747],[-118.909768,48.771402],[-118.909948,48.771747],[-118.910404,48.772085],[-118.911129,48.772915],[-118.911529,48.77322],[-118.912019,48.773724],[-118.912371,48.774231],[-118.91267,48.774812],[-118.91271,48.775123],[-118.91277,48.775983],[-118.912736,48.776551],[-118.912624,48.777248],[-118.912555,48.778305],[-118.912587,48.779165],[-118.912858,48.778995],[-118.91344,48.778272],[-118.914055,48.777675],[-118.914481,48.77721],[-118.914886,48.776911],[-118.915378,48.776738],[-118.919742,48.775603],[-118.920293,48.775521],[-118.920933,48.775565],[-118.921491,48.775666],[-118.921854,48.775733],[-118.922325,48.775743],[-118.923289,48.775581],[-118.925071,48.775286],[-118.926675,48.775167],[-118.928113,48.775088],[-118.928884,48.774966],[-118.929855,48.774968],[-118.930625,48.774839],[-118.932744,48.774425],[-118.933186,48.774381],[-118.933628,48.774337],[-118.93449,48.774414],[-118.934977,48.774434],[-118.940623,48.774665],[-118.941153,48.774686],[-118.941513,48.774662],[-118.941785,48.774529],[-118.942218,48.774266],[-118.9426,48.774113],[-118.942904,48.774089],[-118.94376,48.773983],[-118.945177,48.774088],[-118.945666,48.774095],[-118.946287,48.774105],[-118.950526,48.774235],[-118.950997,48.774227],[-118.951326,48.77413],[-118.951874,48.773974],[-118.952399,48.773929],[-118.953636,48.773651],[-118.954079,48.773644],[-118.954853,48.773594],[-118.95527,48.773605],[-118.956188,48.7737],[-118.956689,48.773753],[-118.957663,48.773858],[-118.958449,48.774101],[-118.959245,48.774618],[-118.959611,48.774777],[-118.960175,48.775005],[-118.960677,48.775088],[-118.961264,48.775206],[-118.961518,48.77533],[-118.961946,48.775652],[-118.963094,48.777354],[-118.963544,48.77753],[-118.963823,48.777561],[-118.96465,48.777456],[-118.965248,48.777329],[-118.965638,48.777201],[-118.969775,48.774866],[-118.970655,48.774369],[-118.972599,48.773237],[-118.972871,48.773104],[-118.973392,48.772967],[-118.974545,48.772672],[-118.976303,48.772276],[-118.977101,48.772116],[-118.977344,48.771965],[-118.977725,48.771776],[-118.977943,48.77309],[-118.978711,48.77359],[-118.979089,48.774041],[-118.979981,48.774886],[-118.980784,48.77555],[-118.981696,48.776194],[-118.982202,48.776368],[-118.982959,48.776593],[-118.983661,48.776819],[-118.983973,48.776997],[-118.984479,48.777171],[-118.98498,48.777218],[-118.985619,48.777261],[-118.985872,48.777349],[-118.98627,48.777616],[-118.987021,48.778131],[-118.987251,48.778347],[-118.987466,48.778874],[-118.987952,48.77925],[-118.988183,48.779484],[-118.988446,48.779809],[-118.988765,48.78017],[-118.989163,48.78042],[-118.989691,48.780733],[-118.990132,48.78108],[-118.990451,48.781441],[-118.990822,48.781709],[-118.991075,48.781815],[-118.991357,48.78192],[-118.991737,48.782426],[-118.991992,48.782568],[-118.992274,48.782673],[-118.99281,48.78292],[-118.993315,48.783058],[-118.993623,48.783126],[-118.993932,48.78323],[-118.994121,48.783813],[-118.994548,48.784099],[-118.995187,48.784124],[-118.996156,48.784107],[-118.996852,48.784169],[-118.997105,48.784256],[-118.997864,48.784517],[-118.998209,48.784823],[-118.998245,48.785023],[-118.998559,48.785274],[-118.999017,48.785614],[-118.999688,48.785767],[-119.000471,48.785937],[-119.001197,48.786071],[-119.00166,48.786436],[-119.00192,48.786623],[-119.002217,48.786772],[-119.00308,48.787076],[-119.003757,48.787373],[-119.004352,48.787477],[-119.004898,48.787581],[-119.005905,48.788117],[-119.006305,48.788256],[-119.006999,48.788342],[-119.007739,48.788361],[-119.008387,48.788545],[-119.009134,48.788744],[-119.009383,48.788821],[-119.009537,48.788981],[-119.009953,48.789511],[-119.010185,48.789767],[-119.010647,48.790231],[-119.010705,48.790458],[-119.011039,48.790794],[-119.012268,48.791342],[-119.013937,48.792403],[-119.014543,48.792766],[-119.015021,48.793637],[-119.015327,48.793892],[-119.015602,48.793985],[-119.015898,48.793996],[-119.016191,48.793909],[-119.016655,48.793803],[-119.017134,48.794072],[-119.017344,48.794393],[-119.017546,48.794536],[-119.018095,48.794689],[-119.018298,48.794832],[-119.018606,48.794987],[-119.019396,48.795039],[-119.019862,48.795584],[-119.020168,48.795855],[-119.020299,48.796048],[-119.020307,48.796243],[-119.020081,48.796751],[-119.019952,48.797226],[-119.01965,48.798289],[-119.01936,48.799042],[-119.019209,48.799311],[-119.019059,48.799579]]}},{"type":"Feature","properties":{"segment_type":"trail","route_id":"main","region_id":"okanogan-highlands","region_name":"Okanogan Highlands","section_id":null,"section_name":null},"geometry":{"type":"LineString","coordinates":[[-119.019059,48.799579],[-119.019075,48.799891],[-119.019082,48.800502],[-119.019198,48.801279],[-119.019332,48.802111],[-119.019494,48.802353],[-119.019802,48.802481],[-119.020442,48.80247],[-119.020882,48.802507],[-119.021815,48.803091],[-119.022055,48.803187],[-119.022342,48.803193],[-119.023418,48.803141],[-119.02391,48.803233],[-119.024494,48.803501],[-119.025205,48.803577],[-119.025626,48.803559],[-119.026158,48.803382],[-119.026847,48.803337],[-119.027298,48.80324],[-119.028131,48.803003],[-119.028658,48.802682],[-119.029527,48.802099],[-119.029932,48.801691],[-119.030401,48.801194],[-119.031664,48.799513],[-119.031878,48.799192],[-119.032209,48.799031],[-119.03282,48.799142],[-119.033554,48.799374],[-119.033781,48.79957],[-119.033941,48.799779],[-119.034153,48.800009],[-119.034393,48.800116],[-119.034783,48.800176],[-119.035356,48.800177],[-119.035757,48.800103],[-119.036273,48.799949],[-119.037051,48.799602],[-119.037844,48.799187],[-119.038207,48.799003],[-119.038499,48.798742],[-119.038632,48.798533]]}},{"type":"Feature","properties":{"segment_type":"roadwalk","route_id":"main","region_id":"okanogan-highlands","region_name":"Okanogan Highlands","section_id":null,"section_name":null,"route_type":"roadwalk"},"geometry":{"type":"LineString","coordinates":[[-119.038632,48.798533],[-119.038844,48.79809],[-119.039498,48.797611],[-119.039773,48.797317],[-119.040122,48.796777],[-119.040824,48.795385],[-119.041033,48.794941],[-119.041168,48.794712],[-119.041096,48.794408],[-119.041228,48.793775],[-119.04184,48.793229],[-119.042426,48.792648],[-119.043065,48.792384],[-119.043784,48.79226],[-119.044476,48.792295],[-119.044982,48.792418],[-119.045116,48.792717],[-119.04501,48.792946],[-119.045203,48.793303],[-119.045889,48.793403],[-119.046262,48.793403],[-119.046635,48.793526],[-119.046901,48.793632],[-119.046955,48.793825],[-119.046955,48.794142],[-119.046902,48.794652],[-119.046849,48.794881],[-119.046903,48.79518],[-119.047223,48.795532],[-119.047569,48.795954],[-119.048555,48.796323],[-119.048875,48.796323],[-119.049217,48.796392],[-119.048971,48.79682],[-119.048447,48.797333],[-119.047891,48.797802],[-119.047438,48.797925],[-119.047118,48.797943],[-119.046879,48.798084],[-119.047305,48.798189],[-119.048078,48.798312],[-119.04853,48.798259],[-119.049223,48.797995],[-119.050155,48.797484],[-119.050926,48.796886],[-119.051538,48.796305],[-119.05215,48.795618],[-119.052895,48.794685],[-119.053285,48.79408],[-119.054474,48.792871],[-119.054949,48.792485],[-119.05505,48.792294],[-119.055082,48.792087],[-119.054937,48.791864],[-119.055193,48.791464],[-119.055395,48.791073],[-119.055657,48.790826],[-119.055757,48.790608],[-119.055814,48.790337],[-119.055803,48.790049],[-119.055888,48.789805],[-119.056173,48.789728],[-119.056185,48.790078],[-119.056275,48.790284],[-119.056518,48.790558],[-119.056802,48.790887],[-119.057193,48.79141],[-119.057276,48.791777],[-119.057226,48.792237],[-119.057814,48.792533],[-119.058338,48.792442],[-119.058558,48.792177],[-119.058764,48.791868],[-119.059173,48.791879],[-119.059303,48.792074],[-119.059437,48.79236],[-119.05993,48.792423],[-119.060279,48.7923],[-119.060944,48.792252],[-119.061552,48.792448],[-119.06202,48.792574],[-119.06247,48.792602],[-119.062868,48.792676],[-119.063051,48.792817]]}},{"type":"Feature","properties":{"segment_type":"trail","route_id":"main","region_id":"okanogan-highlands","region_name":"Okanogan Highlands","section_id":null,"section_name":null},"geometry":{"type":"LineString","coordinates":[[-119.063051,48.792817],[-119.063301,48.792614],[-119.06366,48.792401],[-119.06402,48.792206],[-119.064395,48.792064],[-119.064704,48.791951],[-119.065093,48.792132],[-119.06512,48.792456],[-119.064876,48.793153],[-119.06485,48.793846],[-119.064764,48.794424],[-119.064503,48.795013],[-119.064102,48.795866],[-119.063383,48.796932],[-119.062988,48.797596],[-119.062802,48.79804],[-119.06246,48.799009],[-119.062187,48.79932],[-119.0621,48.799528],[-119.062535,48.799511],[-119.062982,48.799116],[-119.063709,48.798572],[-119.064349,48.797913],[-119.064783,48.797195],[-119.064896,48.796968],[-119.065847,48.795259],[-119.066494,48.794105],[-119.067301,48.792849],[-119.067629,48.792213],[-119.068135,48.791277],[-119.068506,48.791028],[-119.068772,48.790888],[-119.068796,48.791454],[-119.068694,48.792293],[-119.068607,48.7935],[-119.068291,48.794414],[-119.067456,48.795635],[-119.066635,48.796865],[-119.06614,48.797746],[-119.065844,48.798498],[-119.065343,48.799569],[-119.065081,48.800149],[-119.06473,48.800894],[-119.064368,48.801368],[-119.064353,48.801665],[-119.064477,48.802023],[-119.064348,48.802187],[-119.064135,48.802326],[-119.063667,48.802532]]}},{"type":"Feature","properties":{"segment_type":"roadwalk","route_id":"main","region_id":"okanogan-highlands","region_name":"Okanogan Highlands","section_id":null,"section_name":null,"route_type":"roadwalk"},"geometry":{"type":"LineString","coordinates":[[-119.063667,48.802532],[-119.064603,48.802425],[-119.065085,48.802237],[-119.06563,48.801912],[-119.066026,48.801599],[-119.066583,48.801238],[-119.066991,48.800889],[-119.067521,48.80052],[-119.067999,48.800232],[-119.068626,48.799915],[-119.068864,48.799731],[-119.069205,48.799428],[-119.0695,48.798972],[-119.069618,48.798547]]}},{"type":"Feature","properties":{"segment_type":"trail","route_id":"main","region_id":"okanogan-highlands","region_name":"Okanogan Highlands","section_id":null,"section_name":null},"geometry":{"type":"LineString","coordinates":[[-119.069618,48.798547],[-119.07024,48.798428],[-119.07079,48.798221],[-119.071243,48.797978],[-119.072169,48.797647],[-119.073601,48.797036],[-119.074186,48.796702],[-119.074676,48.796693],[-119.075011,48.796561],[-119.075274,48.796322],[-119.075757,48.796161],[-119.076685,48.795874],[-119.077182,48.795379],[-119.078035,48.794599],[-119.07858,48.79395],[-119.078839,48.793298],[-119.079181,48.792347],[-119.079405,48.79183],[-119.079638,48.791538],[-119.080158,48.791268],[-119.081325,48.790518],[-119.082108,48.790018],[-119.083245,48.789538],[-119.084521,48.789119],[-119.086073,48.788776],[-119.086636,48.788568],[-119.087734,48.78844],[-119.088379,48.78824],[-119.089268,48.787684],[-119.090265,48.787099],[-119.091189,48.786722],[-119.092258,48.786244],[-119.093241,48.785974],[-119.094172,48.785759],[-119.0945,48.785807],[-119.094084,48.786265],[-119.093741,48.786856],[-119.093557,48.787678],[-119.093443,48.788859],[-119.093348,48.789859],[-119.093461,48.790604],[-119.09375,48.791003],[-119.094555,48.7917],[-119.09543,48.792116],[-119.096557,48.792365],[-119.097013,48.792528],[-119.097505,48.792573],[-119.098902,48.792439],[-119.099559,48.792184],[-119.10088,48.79153],[-119.101588,48.791221],[-119.102099,48.791067],[-119.102795,48.791091],[-119.104115,48.791067],[-119.104527,48.791167],[-119.104704,48.791479],[-119.104885,48.792564],[-119.105069,48.793056],[-119.105804,48.794023],[-119.106453,48.794569],[-119.107356,48.795317],[-119.108323,48.795956],[-119.109315,48.796559],[-119.109784,48.796712],[-119.110344,48.796756],[-119.111716,48.796659],[-119.112207,48.796686],[-119.112465,48.796987],[-119.11285,48.797727],[-119.113485,48.798246],[-119.114558,48.798829],[-119.115947,48.799802],[-119.116789,48.800408],[-119.117436,48.801215],[-119.118069,48.802022],[-119.118556,48.802895],[-119.118734,48.802603],[-119.118774,48.80227],[-119.118477,48.801681],[-119.118511,48.801186],[-119.118808,48.800488],[-119.119584,48.799835],[-119.120086,48.799465],[-119.120235,48.799103],[-119.120168,48.798825],[-119.119762,48.79823],[-119.119482,48.798055],[-119.118996,48.797821],[-119.118625,48.797432],[-119.118418,48.797031],[-119.118428,48.796635],[-119.118556,48.796434],[-119.118658,48.796262],[-119.118568,48.796065],[-119.118686,48.795649],[-119.11895,48.795446],[-119.119279,48.795179],[-119.119579,48.794535],[-119.119973,48.793547],[-119.119993,48.793367],[-119.11974,48.793191],[-119.119621,48.792942],[-119.120019,48.792035],[-119.120186,48.791492],[-119.120682,48.790664],[-119.120919,48.790129],[-119.121496,48.789605],[-119.122364,48.789045],[-119.122659,48.789098],[-119.123584,48.789405],[-119.124113,48.789683],[-119.124866,48.789768],[-119.125251,48.789869],[-119.125918,48.79018],[-119.127172,48.790859],[-119.127598,48.791265],[-119.12795,48.791547],[-119.128441,48.791879],[-119.128626,48.792083],[-119.129056,48.792903],[-119.129384,48.793257],[-119.130679,48.794249],[-119.131609,48.794988],[-119.131894,48.79528],[-119.132158,48.79541],[-119.13248,48.795629],[-119.132864,48.795999],[-119.133295,48.79654],[-119.133517,48.79695],[-119.133552,48.797147],[-119.133486,48.7975],[-119.133548,48.797687],[-119.134239,48.797926],[-119.134632,48.798522],[-119.134717,48.798916],[-119.135136,48.799493],[-119.135674,48.799969],[-119.13616,48.800185],[-119.136601,48.800312],[-119.137106,48.800339],[-119.137708,48.80039],[-119.138047,48.800681],[-119.138221,48.800939],[-119.138319,48.801315],[-119.13851,48.801644],[-119.139282,48.802179],[-119.139458,48.802472],[-119.139776,48.802601],[-119.140095,48.80274],[-119.140611,48.803324],[-119.141352,48.804102],[-119.141888,48.804542],[-119.142156,48.804762],[-119.14307,48.804781],[-119.14331,48.804983],[-119.144475,48.804836],[-119.144782,48.804695],[-119.145105,48.804275],[-119.145458,48.803926],[-119.145708,48.803733],[-119.146248,48.803615],[-119.146412,48.802982],[-119.14646,48.802189],[-119.146376,48.801516],[-119.146208,48.799495],[-119.146106,48.798048],[-119.146048,48.797329],[-119.14578,48.796803],[-119.14566,48.796203],[-119.145728,48.795887],[-119.145984,48.79518],[-119.145859,48.794822],[-119.145959,48.79429],[-119.146489,48.793623],[-119.146508,48.793416],[-119.14662,48.793171],[-119.147028,48.792857],[-119.147222,48.792611],[-119.147211,48.792341],[-119.147094,48.791515],[-119.147189,48.791199],[-119.147379,48.790853],[-119.147685,48.790694],[-119.148348,48.790907],[-119.148647,48.791207],[-119.149087,48.791316],[-119.149627,48.791531],[-119.149988,48.791695],[-119.150616,48.791719],[-119.152917,48.791676],[-119.153611,48.791717],[-119.154122,48.791879],[-119.154485,48.792097],[-119.154527,48.792438],[-119.154697,48.793227],[-119.154838,48.793656],[-119.154958,48.793906],[-119.155223,48.794063],[-119.156144,48.794252],[-119.15691,48.794355],[-119.157599,48.794677],[-119.158254,48.795091],[-119.158885,48.79565],[-119.159662,48.796449],[-119.159881,48.796912],[-119.160008,48.797272],[-119.160708,48.797966],[-119.160975,48.798126],[-119.161774,48.798349],[-119.162549,48.798603],[-119.16301,48.798955],[-119.163374,48.799178],[-119.163931,48.799193],[-119.164585,48.79916],[-119.165069,48.799256],[-119.165578,48.799623],[-119.165894,48.799878],[-119.166379,48.800293],[-119.167083,48.800804],[-119.167592,48.800963],[-119.168004,48.801234],[-119.168345,48.801403]]}},{"type":"Feature","properties":{"segment_type":"roadwalk","route_id":"main","region_id":"okanogan-highlands","region_name":"Okanogan Highlands","section_id":null,"section_name":null,"route_type":"roadwalk"},"geometry":{"type":"LineString","coordinates":[[-119.168345,48.801403],[-119.1682,48.801922],[-119.167161,48.802483],[-119.166457,48.802913],[-119.166224,48.803196],[-119.166089,48.80354],[-119.166182,48.803809],[-119.166955,48.803731],[-119.167782,48.803626],[-119.168284,48.80358],[-119.169035,48.803638],[-119.171004,48.803808],[-119.171358,48.803801],[-119.171831,48.80372],[-119.172601,48.803571],[-119.173386,48.803457],[-119.174105,48.803407],[-119.174894,48.803375],[-119.175181,48.803405],[-119.175511,48.80348],[-119.177383,48.804551],[-119.178029,48.804998],[-119.178471,48.805457],[-119.178942,48.806582],[-119.179499,48.806878],[-119.180455,48.807237],[-119.180694,48.807413],[-119.181232,48.80788],[-119.181768,48.808319],[-119.182283,48.808553],[-119.183471,48.808944],[-119.183707,48.809056],[-119.183852,48.809261],[-119.184114,48.809957],[-119.184572,48.810138],[-119.185059,48.810065],[-119.185734,48.809918],[-119.186394,48.810058],[-119.187111,48.810593],[-119.187902,48.810614],[-119.188939,48.81064],[-119.19006,48.810726],[-119.191395,48.810737],[-119.192956,48.810599],[-119.193917,48.810464],[-119.194575,48.810263],[-119.195062,48.809857],[-119.195305,48.809511],[-119.195347,48.809213],[-119.195371,48.808511],[-119.195375,48.808286],[-119.195234,48.807875],[-119.195198,48.807668],[-119.195182,48.80667],[-119.19494,48.806441],[-119.194484,48.806287],[-119.193673,48.806132],[-119.193322,48.805887],[-119.193226,48.805555],[-119.193153,48.80481],[-119.193261,48.804493],[-119.193687,48.803954],[-119.194138,48.803658],[-119.194599,48.803298],[-119.194765,48.803061],[-119.195053,48.80247],[-119.195653,48.801856],[-119.196101,48.801515],[-119.196353,48.801375],[-119.196666,48.801369],[-119.197007,48.80138],[-119.197839,48.801707],[-119.198289,48.80204],[-119.198824,48.802444],[-119.198898,48.803513],[-119.199052,48.803906],[-119.199291,48.80409],[-119.200164,48.804433],[-119.201615,48.804901],[-119.202149,48.804962],[-119.202694,48.80497],[-119.203235,48.804888],[-119.203854,48.804705],[-119.204285,48.804749],[-119.204599,48.804934],[-119.20501,48.805609],[-119.205424,48.806033],[-119.205901,48.806348],[-119.206414,48.806563],[-119.206964,48.806679],[-119.208001,48.806722],[-119.209436,48.806829],[-119.209754,48.806931],[-119.209965,48.807098],[-119.210145,48.807473],[-119.210231,48.809432],[-119.209725,48.810315],[-119.209626,48.810542],[-119.209559,48.810867],[-119.209429,48.81194],[-119.20927,48.814229],[-119.209224,48.816281],[-119.209496,48.816582],[-119.20963,48.81684],[-119.209771,48.817148],[-119.210067,48.817794],[-119.21011,48.818154],[-119.209727,48.819034],[-119.209738,48.819294],[-119.209915,48.819492],[-119.211037,48.821573],[-119.210415,48.821666],[-119.210012,48.8218],[-119.209681,48.822031],[-119.207145,48.8254],[-119.207609,48.825418],[-119.208358,48.825097],[-119.2087,48.824812],[-119.209375,48.824664],[-119.209934,48.824365],[-119.21145,48.824453],[-119.211984,48.8242],[-119.212649,48.823827],[-119.213221,48.823834],[-119.213656,48.824105],[-119.214704,48.825012],[-119.215184,48.825083],[-119.215701,48.825073],[-119.216216,48.825001],[-119.216527,48.824941],[-119.216952,48.825004],[-119.217301,48.825187],[-119.218141,48.825395],[-119.2189,48.825615],[-119.219303,48.825796],[-119.220036,48.82634],[-119.220845,48.826459],[-119.222165,48.826722],[-119.222513,48.826886],[-119.223156,48.826963],[-119.224033,48.827063],[-119.224447,48.827181],[-119.224796,48.827382],[-119.225422,48.827972],[-119.225713,48.828084],[-119.226486,48.828294],[-119.230043,48.829242],[-119.231196,48.829426],[-119.232072,48.829508],[-119.232081,48.830336],[-119.232087,48.835672],[-119.231989,48.835916],[-119.231826,48.836243],[-119.231406,48.836926],[-119.230976,48.837673],[-119.228309,48.839929],[-119.22809,48.840203],[-119.227871,48.840486],[-119.227662,48.840697],[-119.227185,48.840994],[-119.226478,48.841665],[-119.226168,48.842057],[-119.225952,48.842412],[-119.225098,48.843113],[-119.224551,48.843708],[-119.223922,48.844269],[-119.223437,48.845007],[-119.222958,48.845583],[-119.222569,48.84605],[-119.22234,48.846414],[-119.222143,48.84658],[-119.221837,48.846757],[-119.220102,48.847582],[-119.219289,48.848021],[-119.218884,48.848415],[-119.218248,48.848832],[-119.217655,48.849276],[-119.217196,48.849698],[-119.216214,48.850914],[-119.215316,48.852191],[-119.215025,48.852709],[-119.214955,48.852972],[-119.214925,48.856896],[-119.214958,48.862626],[-119.215222,48.863053],[-119.215384,48.863329],[-119.215505,48.863596],[-119.215721,48.863853],[-119.216146,48.864529],[-119.216198,48.864771],[-119.216312,48.865506],[-119.216463,48.865836],[-119.216729,48.866002],[-119.216968,48.866456],[-119.216936,48.866664],[-119.216646,48.867812],[-119.216551,48.868138],[-119.216568,48.868534],[-119.216363,48.86914],[-119.216055,48.870487],[-119.216076,48.870963],[-119.216146,48.871331],[-119.216182,48.871519],[-119.21623,48.871977],[-119.21639,48.872217],[-119.21682,48.873001],[-119.216876,48.873341],[-119.216787,48.873802],[-119.21629,48.874882],[-119.215847,48.875368],[-119.215681,48.875623],[-119.215536,48.876049],[-119.21518,48.876946],[-119.215032,48.878533],[-119.214919,48.879686],[-119.214965,48.880099],[-119.215235,48.880976],[-119.215525,48.881654],[-119.2159,48.882133],[-119.21636,48.882664],[-119.216615,48.882866],[-119.216979,48.883084],[-119.217648,48.883413],[-119.217985,48.883613],[-119.218183,48.883781],[-119.218606,48.884096],[-119.218856,48.884191],[-119.219213,48.884247],[-119.219925,48.884305],[-119.220283,48.884379],[-119.220535,48.884527],[-119.221004,48.884635],[-119.222583,48.884668],[-119.223243,48.884682],[-119.224203,48.884798],[-119.224453,48.884884],[-119.224691,48.885032],[-119.224904,48.885217],[-119.225012,48.885512],[-119.225225,48.885678],[-119.225653,48.885805],[-119.225811,48.885982],[-119.22615,48.885939],[-119.22663,48.885993],[-119.227163,48.88601],[-119.227797,48.885845],[-119.228633,48.885622],[-119.229214,48.885511],[-119.229528,48.885505],[-119.230092,48.885611],[-119.230454,48.885775],[-119.230741,48.885788],[-119.231641,48.885482],[-119.231992,48.885395],[-119.232401,48.885387],[-119.232868,48.885468],[-119.23341,48.885682],[-119.234002,48.885806],[-119.234947,48.885895],[-119.235642,48.885873],[-119.236198,48.88579],[-119.23684,48.885517],[-119.239285,48.884057],[-119.239913,48.883747],[-119.240386,48.883657],[-119.241208,48.883434],[-119.241623,48.883246],[-119.242099,48.882904],[-119.243732,48.881298],[-119.244268,48.881071],[-119.246382,48.880454],[-119.246863,48.880229],[-119.247321,48.879806],[-119.247861,48.879364],[-119.248194,48.878881],[-119.248752,48.877952],[-119.24922,48.877124],[-119.249556,48.876416],[-119.249751,48.876196],[-119.250211,48.875818],[-119.250802,48.875303],[-119.251115,48.874982],[-119.251487,48.874461],[-119.251531,48.874227],[-119.251475,48.87358],[-119.251634,48.873181],[-119.252055,48.872525],[-119.252193,48.872243],[-119.252166,48.871947],[-119.252046,48.8714],[-119.251907,48.870431],[-119.252565,48.868988],[-119.252886,48.868253],[-119.252931,48.868036],[-119.252956,48.867684],[-119.253371,48.866282],[-119.253698,48.865987],[-119.254057,48.865782],[-119.255048,48.865376],[-119.255261,48.865255],[-119.2558,48.864812],[-119.256205,48.864408],[-119.257619,48.863103],[-119.25809,48.862653],[-119.258475,48.86242],[-119.258811,48.862315],[-119.261661,48.86171],[-119.2625,48.861576],[-119.263024,48.861395],[-119.263291,48.861273],[-119.26411,48.861284],[-119.264574,48.861292],[-119.265107,48.861624],[-119.265473,48.861878],[-119.26582,48.862015],[-119.266242,48.862085],[-119.266653,48.862127],[-119.266892,48.862442],[-119.267113,48.862911],[-119.267378,48.863157],[-119.267533,48.863388],[-119.2676,48.863649],[-119.268084,48.863981],[-119.268678,48.86424],[-119.269184,48.864326],[-119.269777,48.864368],[-119.270325,48.864265],[-119.270939,48.864177],[-119.271444,48.864204],[-119.272125,48.864319],[-119.272855,48.864395],[-119.273526,48.864751],[-119.274148,48.86498],[-119.274764,48.865138],[-119.275378,48.865194],[-119.275903,48.865054],[-119.277002,48.864759],[-119.277306,48.864393],[-119.27759,48.864233],[-119.278116,48.864145],[-119.278401,48.863985],[-119.278729,48.863767],[-119.279101,48.863636],[-119.279562,48.863635],[-119.27998,48.863706],[-119.280575,48.864212],[-119.281102,48.864386]]}},{"type":"Feature","properties":{"segment_type":"trail","route_id":"main","region_id":"okanogan-highlands","region_name":"Okanogan Highlands","section_id":null,"section_name":null},"geometry":{"type":"LineString","coordinates":[[-119.281102,48.864386],[-119.281258,48.864659],[-119.281654,48.864875],[-119.282358,48.865004],[-119.283104,48.865017],[-119.283674,48.864928],[-119.284135,48.864869],[-119.284661,48.864767],[-119.285472,48.864489],[-119.285887,48.864126],[-119.286412,48.863893],[-119.286873,48.863863],[-119.287334,48.863848],[-119.28786,48.863803],[-119.288474,48.863628],[-119.289351,48.863481],[-119.289899,48.863421],[-119.290734,48.863535],[-119.291481,48.863577],[-119.292118,48.863705],[-119.29313,48.864036],[-119.293679,48.86415],[-119.29403,48.864091],[-119.294249,48.863946],[-119.294313,48.863729],[-119.294202,48.863425],[-119.294156,48.863121],[-119.294352,48.862831],[-119.29435,48.862512],[-119.294261,48.86231],[-119.294436,48.862164],[-119.294722,48.862265],[-119.29538,48.862263],[-119.29628,48.862333],[-119.29729,48.86236],[-119.297993,48.862401],[-119.298674,48.862472],[-119.299223,48.862558],[-119.299815,48.862542],[-119.300429,48.862381],[-119.301327,48.861987],[-119.302245,48.861391],[-119.303624,48.860794],[-119.304324,48.860459],[-119.304871,48.860153],[-119.305412,48.859982],[-119.305721,48.859869],[-119.306034,48.859661],[-119.306065,48.859641]]}},{"type":"Feature","properties":{"segment_type":"roadwalk","route_id":"main","region_id":"okanogan-highlands","region_name":"Okanogan Highlands","section_id":null,"section_name":null,"route_type":"roadwalk"},"geometry":{"type":"LineString","coordinates":[[-119.306065,48.859641],[-119.306171,48.860258],[-119.306569,48.860592],[-119.306842,48.860902],[-119.307183,48.861507],[-119.307264,48.861784],[-119.307273,48.862279],[-119.307326,48.862827],[-119.307474,48.863084],[-119.307754,48.863529],[-119.308794,48.864812],[-119.308875,48.86509],[-119.308901,48.865341],[-119.308804,48.865622],[-119.308658,48.866003],[-119.308667,48.866201],[-119.308778,48.866531],[-119.308997,48.866851],[-119.309104,48.867101],[-119.309159,48.867396],[-119.309119,48.867721],[-119.308819,48.868015],[-119.308694,48.869457],[-119.308718,48.869961],[-119.309014,48.870477],[-119.309945,48.871448],[-119.311062,48.872289],[-119.311387,48.872534],[-119.311668,48.872727],[-119.3128,48.872731],[-119.31309,48.872797],[-119.313983,48.873238],[-119.314821,48.873365],[-119.315476,48.87337],[-119.315792,48.873417],[-119.316375,48.873631],[-119.316814,48.873703],[-119.317441,48.87369],[-119.31783,48.873538],[-119.318578,48.873208],[-119.318999,48.873164],[-119.319438,48.873218],[-119.319747,48.873401],[-119.320036,48.873755],[-119.320789,48.875008],[-119.320889,48.875393],[-119.321047,48.87557],[-119.32172,48.875952],[-119.322471,48.876279],[-119.322754,48.876489],[-119.323415,48.876917],[-119.32404,48.877165],[-119.324781,48.877249],[-119.325146,48.877178],[-119.32628,48.876643],[-119.327374,48.876099],[-119.327772,48.875866],[-119.328283,48.875405],[-119.328898,48.874844],[-119.329271,48.874666],[-119.329902,48.874455],[-119.33086,48.87421],[-119.331643,48.874051],[-119.332196,48.873913],[-119.332986,48.873888],[-119.333288,48.873936],[-119.333667,48.874153],[-119.334606,48.87471],[-119.334902,48.874911],[-119.335049,48.875124],[-119.335174,48.875318]]}},{"type":"Feature","properties":{"segment_type":"trail","route_id":"main","region_id":"okanogan-highlands","region_name":"Okanogan Highlands","section_id":null,"section_name":null},"geometry":{"type":"LineString","coordinates":[[-119.335174,48.875318],[-119.335714,48.875345],[-119.336182,48.875155],[-119.336308,48.874928],[-119.336258,48.87474],[-119.336113,48.874545],[-119.335702,48.87422],[-119.335541,48.87398],[-119.335392,48.873714],[-119.335374,48.873318],[-119.33543,48.872768],[-119.335752,48.872078],[-119.335937,48.871642],[-119.33614,48.871323],[-119.336281,48.871131],[-119.336663,48.870835],[-119.337654,48.870734],[-119.338348,48.870711],[-119.338697,48.870587],[-119.339061,48.870202],[-119.33923,48.870027],[-119.339535,48.869832],[-119.339804,48.869755],[-119.34023,48.869827],[-119.340525,48.870001],[-119.340726,48.870213],[-119.340944,48.870505],[-119.341258,48.870805],[-119.341852,48.87127],[-119.34244,48.87187],[-119.34277,48.872232],[-119.343908,48.874107],[-119.344031,48.874392],[-119.344115,48.874733],[-119.344265,48.875332],[-119.344442,48.875599],[-119.344602,48.87582],[-119.34498,48.876029],[-119.34543,48.876316],[-119.345819,48.876479],[-119.346101,48.876663],[-119.346356,48.876873],[-119.346475,48.877078],[-119.346791,48.87888],[-119.346963,48.879353],[-119.347149,48.879529],[-119.347726,48.879626],[-119.348192,48.879661],[-119.348593,48.879788],[-119.34911,48.880344],[-119.349459,48.881093],[-119.349681,48.881466],[-119.349858,48.88175],[-119.350138,48.881889],[-119.350492,48.881881],[-119.350641,48.881275],[-119.351201,48.880994],[-119.351412,48.880846],[-119.351543,48.880438],[-119.351753,48.880263],[-119.35223,48.880244],[-119.352982,48.880283],[-119.353348,48.88023],[-119.353697,48.880115],[-119.354052,48.879838],[-119.35422,48.879349],[-119.354564,48.879126],[-119.355137,48.878817],[-119.355437,48.878541],[-119.355552,48.878377],[-119.356118,48.877348],[-119.3563,48.877165],[-119.356538,48.876989],[-119.356817,48.876848],[-119.357167,48.876733],[-119.357475,48.876628],[-119.357808,48.876459],[-119.358491,48.875887],[-119.359264,48.875214],[-119.359578,48.874938],[-119.359913,48.874805],[-119.360095,48.874621],[-119.360321,48.874194],[-119.360513,48.873929],[-119.360696,48.873763],[-119.36102,48.873694],[-119.36125,48.873941],[-119.361227,48.874328],[-119.360905,48.875891],[-119.360939,48.876602],[-119.361126,48.876805],[-119.36166,48.877145],[-119.362229,48.877358],[-119.362446,48.877605],[-119.362493,48.878324],[-119.36262,48.878708],[-119.362894,48.879603],[-119.363081,48.880372],[-119.363171,48.880551],[-119.363344,48.880754],[-119.36412,48.881575],[-119.364226,48.881816],[-119.36402,48.882072],[-119.3638,48.882328],[-119.363816,48.882652],[-119.36395,48.882901],[-119.363905,48.8831],[-119.363827,48.88347],[-119.363822,48.883659],[-119.364053,48.883933],[-119.364572,48.883932],[-119.364884,48.883619],[-119.365269,48.883387],[-119.365594,48.883326],[-119.366097,48.883298],[-119.366352,48.883202],[-119.36659,48.883053],[-119.366797,48.882797],[-119.367051,48.882414],[-119.36728,48.882068],[-119.367449,48.881875],[-119.367874,48.881632],[-119.368294,48.881282],[-119.368525,48.88098],[-119.368634,48.880681],[-119.368898,48.880208],[-119.369247,48.880084],[-119.3698,48.879946],[-119.370067,48.879824],[-119.37044,48.879357],[-119.370715,48.879109],[-119.370814,48.8789],[-119.370891,48.878511],[-119.370925,48.878079],[-119.37124,48.87782],[-119.3718,48.87753],[-119.372439,48.877202],[-119.372734,48.877096],[-119.373145,48.876845],[-119.374548,48.875943],[-119.374838,48.87573],[-119.375416,48.875251],[-119.375899,48.874809],[-119.376163,48.874326],[-119.376336,48.873954],[-119.376272,48.873757],[-119.376031,48.873546],[-119.375225,48.872942],[-119.374649,48.872603],[-119.374679,48.87232],[-119.375582,48.871567],[-119.375879,48.871507],[-119.376132,48.871655],[-119.376367,48.872001],[-119.376566,48.872186],[-119.376769,48.872424],[-119.377118,48.872606],[-119.377516,48.872661],[-119.378104,48.873557],[-119.378571,48.874196],[-119.379064,48.87423],[-119.38017,48.874828],[-119.380866,48.875408],[-119.381145,48.875546],[-119.381299,48.875354],[-119.381284,48.87503],[-119.381646,48.874897],[-119.381993,48.875024],[-119.382412,48.875223],[-119.383678,48.876321],[-119.383981,48.876675],[-119.384233,48.877083],[-119.384324,48.877279],[-119.384383,48.877665],[-119.384403,48.878079],[-119.384427,48.878303],[-119.384725,48.878828],[-119.384776,48.879043],[-119.384747,48.879304],[-119.385036,48.87964],[-119.385058,48.879819],[-119.385097,48.88035],[-119.385228,48.880527],[-119.385405,48.880793],[-119.385439,48.881512],[-119.385414,48.881846],[-119.38562,48.882174],[-119.385758,48.882486],[-119.385818,48.882881],[-119.385464,48.883185],[-119.385487,48.883392],[-119.385761,48.883413],[-119.386487,48.883182],[-119.386757,48.883122],[-119.38728,48.883228],[-119.387914,48.883071],[-119.388111,48.882914],[-119.38857,48.882527],[-119.38881,48.882414],[-119.38902,48.882238],[-119.38926,48.881829],[-119.389471,48.88168],[-119.39007,48.881362],[-119.390942,48.881047],[-119.391364,48.881038],[-119.391918,48.881503],[-119.39231,48.881999],[-119.392633,48.882181],[-119.392682,48.88236],[-119.392628,48.882928],[-119.392569,48.883136],[-119.392447,48.883436],[-119.392554,48.883668],[-119.392651,48.884286],[-119.392626,48.884602],[-119.392553,48.884792],[-119.392577,48.885008],[-119.392618,48.885295],[-119.392504,48.885486],[-119.392244,48.885752],[-119.391865,48.886093],[-119.391655,48.886565],[-119.391543,48.886784],[-119.391144,48.886999],[-119.391057,48.88719],[-119.390968,48.887596],[-119.391192,48.888869],[-119.390844,48.889299],[-119.390505,48.889621],[-119.390432,48.889821],[-119.390288,48.89022],[-119.389911,48.890911],[-119.389647,48.891385],[-119.389195,48.891925],[-119.38892,48.892165],[-119.388639,48.89227],[-119.388245,48.892314],[-119.387589,48.892291],[-119.386634,48.892293],[-119.386175,48.892384],[-119.385841,48.892553],[-119.385368,48.892931],[-119.38483,48.893374],[-119.384416,48.893563],[-119.384147,48.893649],[-119.383524,48.894031],[-119.383246,48.894208],[-119.382821,48.894451],[-119.382479,48.894719],[-119.381456,48.895595],[-119.380549,48.896036],[-119.38021,48.896655],[-119.379762,48.896988],[-119.379335,48.897483],[-119.37836,48.898223],[-119.377875,48.898917],[-119.377705,48.899082],[-119.377065,48.899402],[-119.376937,48.899584],[-119.376706,48.899886],[-119.376466,48.899999],[-119.375939,48.900118],[-119.3757,48.900249],[-119.375267,48.900626],[-119.374974,48.900767],[-119.374452,48.900985],[-119.374147,48.901189],[-119.373863,48.901519],[-119.373685,48.901802],[-119.37338,48.901997],[-119.372824,48.902359],[-119.372469,48.902637],[-119.372355,48.902828],[-119.372141,48.903201],[-119.371984,48.903627],[-119.370978,48.904008],[-119.370754,48.904175],[-119.370684,48.904419],[-119.370733,48.904598],[-119.370878,48.904784],[-119.371475,48.904997],[-119.372002,48.905157],[-119.372671,48.905467],[-119.37343,48.905928],[-119.373733,48.905976],[-119.374139,48.90648],[-119.374504,48.906688],[-119.3748,48.906889],[-119.375519,48.907387],[-119.376218,48.907724],[-119.376428,48.907845],[-119.376679,48.908245],[-119.377001,48.908409],[-119.378666,48.908402],[-119.379232,48.908534],[-119.379596,48.908437],[-119.379946,48.90833],[-119.380315,48.90835],[-119.38069,48.908495],[-119.381325,48.908923],[-119.3817,48.909068],[-119.381873,48.909244],[-119.382292,48.90973],[-119.382471,48.91006],[-119.38269,48.910361],[-119.383091,48.911045],[-119.383292,48.911248],[-119.383628,48.911421],[-119.383847,48.911722],[-119.38383,48.912227],[-119.383781,48.912912],[-119.383711,48.913174],[-119.383766,48.91347],[-119.384056,48.913545],[-119.384327,48.913494],[-119.384688,48.913325],[-119.385429,48.912832],[-119.385831,48.91268],[-119.386591,48.912295],[-119.386972,48.911999],[-119.387617,48.9115],[-119.387973,48.911232],[-119.388642,48.910948],[-119.389037,48.910643],[-119.389591,48.910236],[-119.390244,48.909898],[-119.39061,48.909558],[-119.391026,48.909135],[-119.391333,48.908706],[-119.391486,48.908469],[-119.391914,48.908289],[-119.392752,48.908118],[-119.393183,48.908001],[-119.393604,48.907948],[-119.394069,48.907965],[-119.394564,48.908054],[-119.395134,48.907988],[-119.39609,48.907995],[-119.396423,48.908096],[-119.396844,48.908348],[-119.397437,48.908749],[-119.398019,48.909214],[-119.398297,48.909901],[-119.39829,48.910324],[-119.398354,48.9108],[-119.398354,48.911097],[-119.398335,48.911547],[-119.398676,48.911828],[-119.399126,48.911827],[-119.399596,48.911647],[-119.400284,48.911488],[-119.400703,48.911398],[-119.400914,48.91125],[-119.401713,48.91055],[-119.402219,48.910269],[-119.402375,48.910113],[-119.402565,48.909812],[-119.403358,48.909543],[-119.40413,48.909428],[-119.404725,48.909317],[-119.404865,48.908819],[-119.404966,48.908637],[-119.4052,48.908398],[-119.405591,48.908021],[-119.405846,48.907638],[-119.405875,48.907394],[-119.406188,48.906524],[-119.406383,48.906034],[-119.406683,48.90574],[-119.407124,48.905551],[-119.407321,48.905376],[-119.40765,48.905126],[-119.40795,48.905129],[-119.408326,48.905274],[-119.408625,48.905249],[-119.409041,48.905106],[-119.409408,48.904801],[-119.409965,48.904178],[-119.410269,48.903955],[-119.410508,48.903824],[-119.410863,48.903835],[-119.411197,48.903963],[-119.411512,48.903992],[-119.411764,48.904113],[-119.411953,48.904352],[-119.412151,48.90451],[-119.41257,48.904708],[-119.413047,48.904968],[-119.4134,48.905221],[-119.413816,48.905356],[-119.413886,48.905112],[-119.413409,48.904843],[-119.413157,48.904704],[-119.41308,48.904517],[-119.412943,48.904223],[-119.412527,48.9038],[-119.412421,48.903586],[-119.412344,48.903408],[-119.411726,48.903043],[-119.411387,48.902816],[-119.411096,48.902723],[-119.411195,48.902496],[-119.411976,48.902282],[-119.41267,48.90224],[-119.413471,48.90243],[-119.414046,48.902481],[-119.414451,48.902392],[-119.414925,48.902301],[-119.415251,48.902267],[-119.41524,48.902042],[-119.415147,48.90181],[-119.415536,48.901397],[-119.416117,48.901277],[-119.416653,48.901347],[-119.416972,48.901457],[-119.417184,48.901606],[-119.41751,48.901581],[-119.417866,48.901591],[-119.418175,48.901774],[-119.418462,48.901795],[-119.418858,48.901795],[-119.419138,48.901933],[-119.419457,48.902332],[-119.419732,48.90238],[-119.419973,48.902276],[-119.420155,48.902083],[-119.420596,48.901885],[-119.420814,48.90161],[-119.420967,48.901373],[-119.421429,48.901327],[-119.421706,48.901411],[-119.422058,48.901368],[-119.422378,48.901208],[-119.422595,48.900889],[-119.422663,48.900617],[-119.422685,48.899942],[-119.423225,48.899535],[-119.423674,48.899508],[-119.423963,48.899834],[-119.424201,48.899964],[-119.424236,48.89955],[-119.4245,48.899373],[-119.424505,48.899184],[-119.424367,48.898881],[-119.424522,48.898689],[-119.425052,48.898939],[-119.425421,48.899228],[-119.425608,48.899431],[-119.425785,48.899697],[-119.426148,48.899869],[-119.426435,48.899872],[-119.426914,48.900177]]}},{"type":"Feature","properties":{"segment_type":"roadwalk","route_id":"main","region_id":"okanogan-highlands","region_name":"Okanogan Highlands","section_id":null,"section_name":null,"route_type":"roadwalk"},"geometry":{"type":"LineString","coordinates":[[-119.426914,48.900177],[-119.426607,48.90174],[-119.426544,48.901965],[-119.425955,48.904048],[-119.425242,48.906231],[-119.423285,48.912895],[-119.422526,48.914998],[-119.422155,48.915798],[-119.421486,48.916918],[-119.420686,48.91815],[-119.420576,48.918431],[-119.420499,48.918811],[-119.420464,48.919439],[-119.420595,48.920221],[-119.420829,48.920837],[-119.421095,48.921245],[-119.4214,48.921635],[-119.421739,48.921871],[-119.424728,48.924381],[-119.430394,48.929189],[-119.430738,48.929481],[-119.433873,48.932141],[-119.434183,48.932404],[-119.435053,48.933142],[-119.435545,48.93356],[-119.436215,48.934127],[-119.436791,48.934616],[-119.436904,48.934965],[-119.436911,48.935954],[-119.437044,48.936946],[-119.438407,48.9374],[-119.437936,48.937934],[-119.437328,48.938737],[-119.436644,48.93964],[-119.437993,48.940083],[-119.440741,48.940986],[-119.441029,48.94105],[-119.441747,48.940781],[-119.442127,48.940671],[-119.442788,48.940734],[-119.44341,48.940935],[-119.443677,48.940997],[-119.444044,48.940989],[-119.444812,48.940865],[-119.445097,48.940859],[-119.445558,48.940908],[-119.445834,48.940937],[-119.447119,48.940964],[-119.447387,48.941012],[-119.447803,48.941191],[-119.448308,48.941528],[-119.448988,48.942091],[-119.449856,48.942756],[-119.450715,48.943248],[-119.451089,48.943455],[-119.451763,48.943829],[-119.452706,48.944372],[-119.453202,48.944643],[-119.453439,48.944773],[-119.45465,48.945364],[-119.45598,48.946097],[-119.456872,48.946427],[-119.457751,48.946904],[-119.458295,48.947216],[-119.458979,48.94783],[-119.459246,48.948047],[-119.459785,48.948484],[-119.460256,48.94893],[-119.460679,48.949256],[-119.461428,48.949562],[-119.462068,48.949736],[-119.462483,48.949888],[-119.462697,48.950098],[-119.463325,48.950836],[-119.463661,48.951043],[-119.464181,48.951247],[-119.46471,48.951235],[-119.465812,48.951265],[-119.466225,48.951377],[-119.466701,48.951514],[-119.467171,48.951558],[-119.468336,48.951627],[-119.470078,48.95204],[-119.471521,48.952371],[-119.472078,48.952494],[-119.472329,48.952622],[-119.47334,48.953298],[-119.473805,48.953623],[-119.474409,48.953879],[-119.475458,48.954084],[-119.476319,48.954173],[-119.477563,48.9542],[-119.478301,48.954291],[-119.478839,48.95444],[-119.479213,48.954593],[-119.479511,48.954855],[-119.480619,48.955591],[-119.483098,48.957093],[-119.483533,48.957329],[-119.484712,48.957971],[-119.485511,48.958476],[-119.486402,48.959181],[-119.487534,48.960203],[-119.487854,48.960491],[-119.488959,48.961809],[-119.490067,48.96318],[-119.490543,48.963932],[-119.49078,48.964598],[-119.490953,48.965211],[-119.491106,48.965409],[-119.491402,48.965617],[-119.49217,48.965895],[-119.493236,48.966226],[-119.493826,48.96641],[-119.494257,48.966467],[-119.495278,48.966485],[-119.496077,48.966575],[-119.496569,48.966618],[-119.496939,48.966691],[-119.497189,48.966793],[-119.497572,48.967106],[-119.497791,48.96741],[-119.497883,48.967623],[-119.498059,48.967887],[-119.498295,48.968123],[-119.498569,48.968305],[-119.498891,48.968633],[-119.49929,48.969269],[-119.499456,48.969734],[-119.499723,48.970574],[-119.500052,48.970871],[-119.500371,48.971132],[-119.501121,48.971451],[-119.50204,48.971925],[-119.502467,48.972368],[-119.502806,48.972679],[-119.503096,48.972833],[-119.503589,48.972982],[-119.504154,48.972969],[-119.505083,48.972949],[-119.505691,48.972989],[-119.506143,48.973139],[-119.506762,48.973391],[-119.507708,48.973717],[-119.50824,48.973838],[-119.508611,48.973989],[-119.508989,48.974274],[-119.509245,48.974534],[-119.509432,48.975035],[-119.509536,48.975512],[-119.509571,48.976202],[-119.509441,48.976843],[-119.50914,48.977617],[-119.508483,48.978732],[-119.507841,48.979631],[-119.50748,48.980091],[-119.50691,48.980771],[-119.506694,48.981331],[-119.506631,48.981729],[-119.506643,48.981964],[-119.506831,48.982429],[-119.507415,48.983121],[-119.508127,48.983629],[-119.508607,48.983907],[-119.509246,48.984056],[-119.510774,48.98442],[-119.511243,48.984464],[-119.511847,48.984451],[-119.512852,48.984248],[-119.513233,48.984168],[-119.513589,48.98416],[-119.514003,48.984205],[-119.51448,48.984412],[-119.514658,48.984678],[-119.51509,48.985066],[-119.51537,48.985187],[-119.515729,48.985215],[-119.51704,48.985078],[-119.517361,48.984909],[-119.51831,48.984147],[-119.519205,48.983369],[-119.519467,48.983129],[-119.51959,48.982855],[-119.519909,48.98209],[-119.52033,48.981738],[-119.520782,48.981439],[-119.521453,48.981135],[-119.522605,48.980586],[-119.523759,48.980055],[-119.524402,48.979734],[-119.524834,48.979598],[-119.525492,48.979584],[-119.525763,48.979506],[-119.526117,48.979462],[-119.52645,48.979527],[-119.527262,48.979852],[-119.527489,48.979992],[-119.527892,48.980362],[-119.528462,48.980765],[-119.529078,48.981004],[-119.52955,48.98112],[-119.53055,48.981351],[-119.531194,48.98159],[-119.532108,48.981879],[-119.533368,48.982375],[-119.534459,48.982766],[-119.535175,48.982805],[-119.535834,48.982808],[-119.536705,48.982663],[-119.537677,48.982352],[-119.538349,48.982067],[-119.538867,48.982001],[-119.53935,48.981774],[-119.540316,48.981337],[-119.541235,48.981064],[-119.541775,48.980872],[-119.542513,48.980819],[-119.543089,48.980807],[-119.543552,48.980724],[-119.544236,48.980691],[-119.544514,48.980757],[-119.545433,48.981008],[-119.545766,48.981091],[-119.54662,48.981144],[-119.547034,48.981189],[-119.547897,48.981423],[-119.548395,48.981502],[-119.549279,48.981609],[-119.549607,48.981664],[-119.551065,48.982165],[-119.551899,48.982382],[-119.552479,48.982441],[-119.553612,48.982597],[-119.554613,48.982845],[-119.555366,48.983063],[-119.556817,48.983683],[-119.558255,48.984428],[-119.559386,48.985071],[-119.559867,48.985349],[-119.560295,48.985647],[-119.561253,48.986131],[-119.561841,48.986353],[-119.562589,48.986499],[-119.563668,48.986656],[-119.565842,48.986752],[-119.5695,48.986869],[-119.571836,48.986925],[-119.573297,48.987037],[-119.573575,48.987103],[-119.573806,48.987315],[-119.574261,48.988153],[-119.574461,48.988311],[-119.574855,48.988501],[-119.575827,48.988714],[-119.578074,48.989151],[-119.579261,48.989369],[-119.579618,48.989379],[-119.580614,48.989519],[-119.58131,48.989703],[-119.581696,48.989748],[-119.582525,48.989838],[-119.583882,48.99006],[-119.585315,48.990173],[-119.587209,48.990166],[-119.589261,48.990012],[-119.589997,48.989923],[-119.59103,48.989719],[-119.592118,48.989514],[-119.593155,48.989401],[-119.594963,48.989324],[-119.596962,48.989207],[-119.599635,48.988876],[-119.603099,48.988436],[-119.609006,48.987561],[-119.61421,48.986793],[-119.616304,48.98642],[-119.61752,48.986032],[-119.61868,48.985644],[-119.619448,48.98549],[-119.620122,48.985395],[-119.62152,48.985363],[-119.623197,48.985397],[-119.624591,48.985275],[-119.626149,48.985149],[-119.626493,48.984979],[-119.626865,48.984846],[-119.627892,48.98451],[-119.629101,48.984046],[-119.630264,48.983582],[-119.631372,48.982995],[-119.632302,48.98263],[-119.632632,48.982591],[-119.633203,48.982609],[-119.634256,48.982773],[-119.635459,48.983089],[-119.636767,48.98359],[-119.63763,48.98409],[-119.638441,48.983677],[-119.638659,48.983297],[-119.63873,48.982859],[-119.638999,48.981666],[-119.639261,48.980317],[-119.63967,48.97909],[-119.640085,48.977957],[-119.640688,48.976788],[-119.641066,48.975874],[-119.641349,48.97493],[-119.64158,48.973926],[-119.641565,48.97274],[-119.641712,48.971925],[-119.641958,48.971201],[-119.642513,48.970033],[-119.642541,48.969658],[-119.642634,48.968719],[-119.642772,48.967748],[-119.642658,48.967434],[-119.642089,48.967106],[-119.64108,48.966542],[-119.640891,48.966321],[-119.640898,48.965943],[-119.641581,48.96465],[-119.6417,48.964315],[-119.641697,48.964],[-119.641564,48.963553],[-119.641437,48.96244],[-119.641541,48.961808],[-119.64182,48.961154],[-119.643017,48.959507],[-119.643664,48.958817],[-119.644072,48.958259],[-119.644342,48.957938],[-119.644604,48.957473],[-119.644963,48.957024],[-119.647255,48.953876],[-119.647967,48.953122],[-119.64861,48.95237],[-119.649007,48.951866],[-119.6494,48.95129],[-119.650027,48.950502],[-119.650508,48.950041],[-119.651121,48.949235],[-119.65149,48.948713],[-119.652725,48.946508],[-119.654397,48.943266],[-119.655498,48.941099],[-119.655581,48.940864],[-119.655701,48.940555],[-119.65618,48.939797],[-119.656392,48.939414],[-119.656473,48.939143],[-119.656498,48.938854],[-119.65637,48.937732],[-119.655962,48.936464],[-119.65596,48.935924],[-119.655782,48.934876],[-119.655466,48.93356],[-119.655356,48.933293],[-119.655346,48.933104],[-119.655214,48.932163],[-119.655147,48.931921],[-119.655011,48.931421],[-119.655,48.931205],[-119.654907,48.930235],[-119.654837,48.929679],[-119.654649,48.929477],[-119.654295,48.929242],[-119.653664,48.928941],[-119.653287,48.92877],[-119.653031,48.928335],[-119.651173,48.924185],[-119.650963,48.923835],[-119.650544,48.923138],[-119.650024,48.922592],[-119.649399,48.922139],[-119.64867,48.921777],[-119.647664,48.921342],[-119.645969,48.920787],[-119.644107,48.920173],[-119.642691,48.919719],[-119.642102,48.919436],[-119.641427,48.919055],[-119.640999,48.918705],[-119.64061,48.918327],[-119.640413,48.917954],[-119.639882,48.916689],[-119.639394,48.915962],[-119.639141,48.915833],[-119.638874,48.915686],[-119.63857,48.915621],[-119.63808,48.91565],[-119.637411,48.915647],[-119.637109,48.915609],[-119.636491,48.915534],[-119.635834,48.915504],[-119.634992,48.915586],[-119.631385,48.916055],[-119.630448,48.916148],[-119.629808,48.916181],[-119.628647,48.916163],[-119.62714,48.916062],[-119.626199,48.916065],[-119.624472,48.915934],[-119.623657,48.915763],[-119.622796,48.915486],[-119.622262,48.915192],[-119.621614,48.914811],[-119.621244,48.914514],[-119.620765,48.914237],[-119.619113,48.913437],[-119.616859,48.912373],[-119.615824,48.911623],[-119.615405,48.911191],[-119.61447,48.910268],[-119.614027,48.909882],[-119.613066,48.909265],[-119.612068,48.908442],[-119.61148,48.907906],[-119.611259,48.907587],[-119.610807,48.906779],[-119.609548,48.904603],[-119.608856,48.903647],[-119.608313,48.902904],[-119.608073,48.902495],[-119.607949,48.90221],[-119.607973,48.901886],[-119.607949,48.901427],[-119.607856,48.900161],[-119.607623,48.899356],[-119.607821,48.896869],[-119.607928,48.896299],[-119.608138,48.895359],[-119.608295,48.892089],[-119.608234,48.891704],[-119.608167,48.890401],[-119.608265,48.889679],[-119.608235,48.889086],[-119.608158,48.888655],[-119.608011,48.888191],[-119.607733,48.887576],[-119.607406,48.887062],[-119.606292,48.885576],[-119.605935,48.884999],[-119.605786,48.884759],[-119.605675,48.884474],[-119.605556,48.884018],[-119.605467,48.883354],[-119.605517,48.883011],[-119.605683,48.88253],[-119.606084,48.881837],[-119.606149,48.881512],[-119.606243,48.8807],[-119.606381,48.880463],[-119.606798,48.880094],[-119.607342,48.879533],[-119.607569,48.879186],[-119.607826,48.878874],[-119.608151,48.87857],[-119.608571,48.878254],[-119.608915,48.878039],[-119.609183,48.877691],[-119.609303,48.877374],[-119.609626,48.877025],[-119.609885,48.876767],[-119.610285,48.876596],[-119.610821,48.876413],[-119.611593,48.876305],[-119.612113,48.876069],[-119.612524,48.875834],[-119.613198,48.875432],[-119.613719,48.875213],[-119.614229,48.875049],[-119.614675,48.874985],[-119.615488,48.874876],[-119.616234,48.874787],[-119.617009,48.874491],[-119.617931,48.874128],[-119.618907,48.873746],[-119.619576,48.873497],[-119.620063,48.873423],[-119.621386,48.873159],[-119.622553,48.872781],[-119.623881,48.872346],[-119.62476,48.871957],[-119.625292,48.871684],[-119.625605,48.871425],[-119.626169,48.87098],[-119.626672,48.870429],[-119.627037,48.869863],[-119.627323,48.869317],[-119.627464,48.868891],[-119.627538,48.868475],[-119.627649,48.868257],[-119.628098,48.867715],[-119.629035,48.866866],[-119.629519,48.866459],[-119.629847,48.866218],[-119.630025,48.865971],[-119.630179,48.865527],[-119.630383,48.865261],[-119.630676,48.864876],[-119.630872,48.864701],[-119.631026,48.864266],[-119.631417,48.863402],[-119.631626,48.862695],[-119.632036,48.861939],[-119.632283,48.861709],[-119.632543,48.86146],[-119.632917,48.861307],[-119.634473,48.860831],[-119.634794,48.860707],[-119.63508,48.860448],[-119.635717,48.85968],[-119.637247,48.857834],[-119.63996,48.854452],[-119.640112,48.854233],[-119.640331,48.853724],[-119.640661,48.852735],[-119.640883,48.852299],[-119.641079,48.852141],[-119.641518,48.851933],[-119.642133,48.851703],[-119.642768,48.851589],[-119.643391,48.851512],[-119.643767,48.851396],[-119.644444,48.851047],[-119.646349,48.849699],[-119.64731,48.850082],[-119.649118,48.851003],[-119.649986,48.851442],[-119.650626,48.851679],[-119.651121,48.851766],[-119.65143,48.851781],[-119.651716,48.851828],[-119.655158,48.851795],[-119.655751,48.851823],[-119.656239,48.85182],[-119.656984,48.851748],[-119.658214,48.851452],[-119.659058,48.851159],[-119.660326,48.850334],[-119.661556,48.848773],[-119.661885,48.848297],[-119.662107,48.84786],[-119.662528,48.846555],[-119.662755,48.844651],[-119.663013,48.842333],[-119.663161,48.841781],[-119.663349,48.841218],[-119.663625,48.841014],[-119.66395,48.840971],[-119.664291,48.841233],[-119.66432,48.84152],[-119.664288,48.841952],[-119.66417,48.842549],[-119.664165,48.842981],[-119.664234,48.843249],[-119.664372,48.843534],[-119.664594,48.843862],[-119.664743,48.844623],[-119.664986,48.845589],[-119.666173,48.849206],[-119.666228,48.849483],[-119.666148,48.849773],[-119.666082,48.850072],[-119.666083,48.851367],[-119.666198,48.851725],[-119.666445,48.852016],[-119.666985,48.852435],[-119.667229,48.852663],[-119.667528,48.852908],[-119.667795,48.853046],[-119.66781,48.853595],[-119.667881,48.854151],[-119.667803,48.854477],[-119.667781,48.854837],[-119.667886,48.855014],[-119.668194,48.85543],[-119.668607,48.855763],[-119.669021,48.856104],[-119.669212,48.85636],[-119.669451,48.856499],[-119.669473,48.856921],[-119.669152,48.858062],[-119.668791,48.859474],[-119.668739,48.859772],[-119.668782,48.860068],[-119.669018,48.860657],[-119.669229,48.861039],[-119.669433,48.861286],[-119.669635,48.861488],[-119.669903,48.861671],[-119.670067,48.861928],[-119.670068,48.862198],[-119.670159,48.862637],[-119.670293,48.86284],[-119.671155,48.863927],[-119.671261,48.864123],[-119.671639,48.864303],[-119.671598,48.864547],[-119.671392,48.864776],[-119.671334,48.864985],[-119.671432,48.86527],[-119.671772,48.865523],[-119.672189,48.86618],[-119.672448,48.866686],[-119.672685,48.867032],[-119.672973,48.867331],[-119.673713,48.867908],[-119.674261,48.868462],[-119.674717,48.868838],[-119.675411,48.869308],[-119.676583,48.870054],[-119.677506,48.870483],[-119.677907,48.870591],[-119.67852,48.870585],[-119.678885,48.870514],[-119.679137,48.870391],[-119.679692,48.870045],[-119.679932,48.86995],[-119.680595,48.869853],[-119.680978,48.869871],[-119.681268,48.869946],[-119.681708,48.87025],[-119.68208,48.870592],[-119.682549,48.870941],[-119.682829,48.87107],[-119.683164,48.871224],[-119.685183,48.871987],[-119.685356,48.872154],[-119.685381,48.872369],[-119.685962,48.872778],[-119.686004,48.873047],[-119.685897,48.873347],[-119.685871,48.873626],[-119.685991,48.873839],[-119.686257,48.874211],[-119.686686,48.874831],[-119.686975,48.8754],[-119.687,48.875864],[-119.687174,48.876412],[-119.687378,48.876858],[-119.68778,48.877378],[-119.689355,48.87886],[-119.690156,48.879526],[-119.690441,48.879692],[-119.69064,48.879821],[-119.690861,48.88077],[-119.691001,48.881383],[-119.691149,48.882153],[-119.69125,48.882555],[-119.691606,48.883215],[-119.691965,48.883927],[-119.692694,48.885088],[-119.692793,48.885438],[-119.69261,48.886022],[-119.692482,48.886601],[-119.692543,48.887232],[-119.692659,48.887405],[-119.693123,48.887605],[-119.693855,48.887817],[-119.694208,48.887932],[-119.694378,48.888121],[-119.694489,48.888699],[-119.694756,48.889185],[-119.695382,48.889909],[-119.69628,48.890732],[-119.696859,48.891088],[-119.69709,48.891416],[-119.697547,48.892461],[-119.697899,48.894052],[-119.698182,48.895234],[-119.698417,48.896126],[-119.698453,48.896793],[-119.698353,48.897921],[-119.698538,48.898374],[-119.698797,48.898737],[-119.698842,48.89907],[-119.698778,48.899863],[-119.698939,48.900369],[-119.699241,48.90103],[-119.699444,48.901816],[-119.699474,48.902378],[-119.699381,48.904034],[-119.700415,48.90292],[-119.701261,48.902267],[-119.701657,48.902188],[-119.702272,48.902208],[-119.702542,48.902272],[-119.703169,48.902521],[-119.704142,48.902745],[-119.705008,48.902971],[-119.705773,48.903304],[-119.70727,48.903866],[-119.706892,48.904229],[-119.707007,48.904605],[-119.707307,48.90485],[-119.707576,48.905032],[-119.707949,48.905104],[-119.708498,48.905163],[-119.709136,48.905346],[-119.709859,48.90559],[-119.710299,48.905661],[-119.71082,48.905694],[-119.711786,48.905644],[-119.712264,48.905651],[-119.712817,48.905773],[-119.714443,48.90631],[-119.715963,48.906913],[-119.716871,48.907306],[-119.717166,48.907452],[-119.717469,48.907508],[-119.718123,48.907474],[-119.718748,48.907432],[-119.719458,48.907434],[-119.720351,48.907539],[-119.721418,48.907594],[-119.721943,48.907699],[-119.722493,48.907943],[-119.723067,48.908302],[-119.723543,48.908759],[-119.723885,48.909021],[-119.724264,48.909228],[-119.724882,48.909042],[-119.725948,48.909071],[-119.726963,48.909164],[-119.727683,48.909102],[-119.728463,48.909128]]}},{"type":"Feature","properties":{"segment_type":"trail","route_id":"main","region_id":"okanogan-highlands","region_name":"Okanogan Highlands","section_id":null,"section_name":null},"geometry":{"type":"LineString","coordinates":[[-119.728463,48.909128],[-119.728643,48.90943],[-119.728751,48.909913],[-119.72878,48.910443],[-119.728767,48.9112],[-119.729778,48.911715],[-119.730892,48.912364],[-119.731252,48.912724],[-119.731581,48.912995],[-119.732212,48.913304],[-119.732626,48.913627],[-119.733088,48.914084],[-119.73337,48.914258],[-119.733691,48.914394],[-119.734191,48.914544],[-119.734567,48.914679],[-119.735247,48.914636],[-119.736411,48.914446],[-119.737387,48.914324],[-119.737789,48.914432],[-119.738432,48.914704],[-119.739593,48.915225],[-119.739833,48.915373],[-119.739938,48.91555],[-119.740102,48.915789],[-119.740326,48.915901],[-119.740499,48.915947]]}},{"type":"Feature","properties":{"segment_type":"roadwalk","route_id":"main","region_id":"okanogan-highlands","region_name":"Okanogan Highlands","section_id":null,"section_name":null,"route_type":"roadwalk"},"geometry":{"type":"LineString","coordinates":[[-119.740499,48.915947],[-119.74207,48.916084],[-119.742474,48.916237],[-119.742771,48.916419],[-119.743092,48.916588],[-119.744033,48.917074],[-119.745501,48.917693],[-119.746198,48.917965],[-119.747402,48.918319],[-119.748839,48.918728],[-119.749548,48.918829],[-119.750242,48.918843],[-119.750907,48.918877],[-119.751587,48.918949],[-119.752356,48.919172],[-119.753142,48.919576],[-119.753955,48.919847],[-119.754679,48.920014],[-119.7552,48.920077],[-119.755577,48.920096],[-119.755811,48.920359],[-119.756106,48.920747],[-119.756457,48.920992],[-119.757053,48.921293],[-119.757751,48.921565],[-119.758635,48.921778],[-119.759721,48.921933],[-119.761068,48.922162],[-119.762126,48.922402],[-119.763822,48.922744],[-119.764619,48.922948],[-119.765177,48.92303],[-119.765401,48.923769],[-119.765762,48.924129],[-119.765855,48.924316],[-119.765628,48.924663],[-119.765642,48.924905],[-119.765856,48.925089],[-119.767684,48.925801],[-119.768062,48.925963],[-119.768724,48.926082],[-119.769211,48.92625],[-119.769539,48.926494],[-119.769785,48.92674],[-119.771078,48.927915],[-119.772227,48.928922],[-119.772808,48.929313],[-119.773636,48.929707],[-119.774622,48.930007],[-119.775341,48.93017],[-119.775815,48.930347],[-119.776257,48.930679],[-119.776834,48.930998],[-119.777282,48.931185],[-119.778913,48.931784],[-119.780254,48.932589],[-119.780744,48.932793],[-119.78106,48.93283],[-119.781537,48.93281],[-119.781946,48.932809],[-119.786339,48.93371],[-119.786676,48.933873],[-119.786784,48.934105],[-119.786783,48.934329],[-119.786337,48.934655],[-119.786259,48.934963],[-119.786468,48.935291],[-119.786687,48.935789],[-119.786805,48.936191],[-119.787042,48.936528],[-119.787572,48.936974],[-119.78792,48.937325],[-119.788373,48.937611],[-119.78964,48.938534],[-119.790672,48.939157],[-119.791444,48.939543],[-119.791636,48.939799],[-119.791639,48.940096],[-119.791993,48.940313],[-119.792269,48.940369],[-119.792595,48.940334],[-119.793178,48.940257],[-119.793615,48.940255]]}},{"type":"Feature","properties":{"segment_type":"trail","route_id":"main","region_id":"okanogan-highlands","region_name":"Okanogan Highlands","section_id":null,"section_name":null},"geometry":{"type":"LineString","coordinates":[[-119.793615,48.940255],[-119.793894,48.940114],[-119.794352,48.940256],[-119.794755,48.940381],[-119.795022,48.940761],[-119.795181,48.940919],[-119.795549,48.941135],[-119.795898,48.94128],[-119.79631,48.941324],[-119.796588,48.941398],[-119.796721,48.941584],[-119.797735,48.942621],[-119.798465,48.943215],[-119.798723,48.943443],[-119.799015,48.943525],[-119.799536,48.943558],[-119.79995,48.943638],[-119.800546,48.944028],[-119.801322,48.944729],[-119.801651,48.944991],[-119.802078,48.945296],[-119.802309,48.945515],[-119.802489,48.945807],[-119.802809,48.945908],[-119.803601,48.945906],[-119.804317,48.945763],[-119.80462,48.945558],[-119.805023,48.945449],[-119.805743,48.945611],[-119.806129,48.945674],[-119.806614,48.945311],[-119.806755,48.945155],[-119.807075,48.945003],[-119.807846,48.944867],[-119.808114,48.944789],[-119.808613,48.944426],[-119.809077,48.944171],[-119.80972,48.943715],[-119.810289,48.943386],[-119.81083,48.943049],[-119.811519,48.942915],[-119.812215,48.942898],[-119.81251,48.943044],[-119.813032,48.943589],[-119.813404,48.944129],[-119.813679,48.944401],[-119.814139,48.94457],[-119.814514,48.944678],[-119.814881,48.944642],[-119.815516,48.944518],[-119.815925,48.944499],[-119.816347,48.944471],[-119.81664,48.944338],[-119.816965,48.944303],[-119.817779,48.944193],[-119.818343,48.944026],[-119.819195,48.943628],[-119.820774,48.943049],[-119.82162,48.942794],[-119.822055,48.942766],[-119.822822,48.943044],[-119.823678,48.943203],[-119.824472,48.943237],[-119.825012,48.943368],[-119.825615,48.943632],[-119.825954,48.94384],[-119.826354,48.943911],[-119.827805,48.943956],[-119.828713,48.944078],[-119.829411,48.94434],[-119.829962,48.944659],[-119.830498,48.945213],[-119.830894,48.94568],[-119.831229,48.946293],[-119.831407,48.946792],[-119.831543,48.947266],[-119.831766,48.948061],[-119.832071,48.948386],[-119.832318,48.948641],[-119.832453,48.94934],[-119.832738,48.949568],[-119.833028,48.949452],[-119.833462,48.949577],[-119.833659,48.949725],[-119.833802,48.949923],[-119.834011,48.950121],[-119.83424,48.950275],[-119.834752,48.950535],[-119.835231,48.950773],[-119.83563,48.950735],[-119.8365,48.950472],[-119.83679,48.950385],[-119.83734,48.950331],[-119.837758,48.950332],[-119.838404,48.950197],[-119.838661,48.950118],[-119.839234,48.949991],[-119.839592,48.950066],[-119.839945,48.95064],[-119.840181,48.951201],[-119.840322,48.951755],[-119.840332,48.952169],[-119.840276,48.952629],[-119.840186,48.953038],[-119.840135,48.953272],[-119.839865,48.9538],[-119.839455,48.95453],[-119.839188,48.955364],[-119.839198,48.955769],[-119.839244,48.95611],[-119.839448,48.956564],[-119.839586,48.957073],[-119.839585,48.957298],[-119.839417,48.957464],[-119.839098,48.957868],[-119.839019,48.958149],[-119.83909,48.958444],[-119.839116,48.958902],[-119.839063,48.959173],[-119.838807,48.95972],[-119.838663,48.960308],[-119.838757,48.960513],[-119.838932,48.960706],[-119.839272,48.960932],[-119.839313,48.961165],[-119.83929,48.961723],[-119.839071,48.962205]]}},{"type":"Feature","properties":{"segment_type":"trail","route_id":"main","region_id":"north-cascades","region_name":"North Cascades","section_id":null,"section_name":null},"geometry":{"type":"LineString","coordinates":[[-119.839071,48.962205],[-119.838796,48.962896],[-119.839206,48.963138],[-119.839482,48.963185],[-119.839813,48.963231],[-119.840218,48.963149],[-119.840605,48.962968],[-119.841141,48.962802],[-119.841964,48.96262],[-119.842257,48.962487],[-119.8426,48.962271],[-119.843075,48.961972],[-119.843213,48.961752],[-119.843368,48.961587],[-119.843607,48.961464],[-119.843902,48.961366],[-119.845153,48.96103],[-119.846325,48.960731],[-119.847028,48.960597],[-119.847689,48.960454],[-119.848151,48.960407],[-119.848729,48.960483],[-119.849101,48.960527],[-119.849386,48.960745],[-119.849765,48.96115],[-119.850494,48.961717],[-119.851066,48.96217],[-119.851692,48.962596],[-119.852103,48.962855],[-119.852304,48.96303],[-119.852511,48.963304],[-119.852751,48.963676],[-119.852966,48.964094],[-119.853085,48.964271],[-119.853286,48.964428],[-119.853749,48.96465],[-119.854116,48.964848],[-119.854077,48.965119],[-119.854494,48.965729],[-119.85495,48.96606],[-119.855284,48.966394],[-119.855933,48.967232],[-119.856114,48.967525],[-119.856327,48.967663],[-119.856244,48.967899],[-119.856282,48.968078],[-119.856496,48.968235],[-119.856536,48.968459],[-119.85671,48.968635],[-119.857152,48.968714],[-119.857598,48.968865],[-119.858253,48.969082],[-119.859004,48.969325],[-119.859606,48.969562],[-119.860195,48.969835],[-119.860561,48.970024],[-119.861244,48.97025],[-119.861801,48.970434],[-119.862245,48.970549],[-119.862983,48.970782],[-119.863542,48.971011],[-119.864007,48.971252],[-119.864401,48.97144],[-119.864684,48.971613],[-119.865067,48.972098],[-119.865234,48.972382],[-119.865575,48.972616],[-119.866161,48.972818],[-119.86669,48.972985],[-119.867175,48.973099],[-119.867475,48.973091],[-119.867937,48.973044],[-119.868393,48.97314],[-119.868707,48.973366],[-119.869232,48.97347],[-119.86966,48.97355],[-119.871003,48.97384],[-119.871368,48.974011],[-119.87167,48.974039],[-119.871882,48.973908],[-119.872198,48.973954],[-119.872463,48.974272],[-119.872752,48.974543],[-119.873085,48.974643],[-119.873545,48.974793],[-119.873777,48.975022],[-119.873934,48.975369],[-119.874241,48.975955],[-119.87451,48.976353],[-119.874827,48.976651],[-119.875057,48.976843],[-119.875411,48.977059],[-119.875747,48.977195],[-119.876163,48.977292],[-119.876746,48.977692],[-119.87715,48.97806],[-119.877589,48.978562],[-119.877935,48.979102],[-119.87807,48.979548],[-119.878272,48.980218],[-119.878383,48.980719],[-119.878664,48.981567],[-119.878745,48.982015],[-119.878765,48.982365],[-119.878776,48.983022],[-119.879416,48.982979],[-119.880013,48.98291],[-119.880605,48.982751],[-119.880886,48.982636],[-119.881151,48.982485],[-119.881389,48.982354],[-119.882323,48.982186],[-119.882865,48.982119],[-119.88338,48.982034],[-119.883714,48.981908],[-119.884108,48.981629],[-119.884305,48.981246],[-119.884511,48.981034],[-119.88483,48.980864],[-119.885325,48.980689],[-119.885729,48.980571],[-119.886278,48.980612],[-119.88707,48.980844],[-119.887518,48.981021],[-119.887897,48.981192],[-119.888529,48.981248],[-119.889271,48.981319],[-119.889676,48.981471],[-119.890016,48.981679],[-119.890375,48.981742],[-119.891016,48.981708],[-119.891321,48.98179],[-119.89152,48.98192],[-119.891881,48.982019],[-119.892183,48.982029],[-119.892598,48.982361],[-119.892773,48.982536],[-119.893386,48.982746],[-119.893818,48.982879],[-119.894315,48.982974],[-119.894619,48.983021],[-119.895004,48.983065],[-119.89543,48.983108],[-119.89579,48.983189],[-119.896234,48.983286],[-119.896726,48.983535],[-119.897097,48.983795],[-119.897373,48.983842],[-119.897626,48.983962],[-119.897992,48.984151],[-119.898601,48.984504],[-119.89911,48.984797],[-119.899393,48.98497],[-119.899826,48.985121],[-119.900467,48.98533],[-119.901104,48.985476],[-119.90167,48.98557],[-119.902274,48.985609],[-119.902862,48.985612],[-119.903546,48.985631],[-119.905347,48.985567],[-119.906185,48.985627],[-119.906858,48.985916],[-119.907083,48.986036],[-119.907427,48.986064],[-119.90794,48.985961],[-119.908396,48.985805],[-119.908841,48.985704],[-119.909224,48.985712],[-119.909943,48.985838],[-119.910704,48.985999],[-119.911668,48.986119],[-119.91273,48.98629],[-119.913264,48.986294],[-119.91367,48.98623],[-119.914063,48.985932],[-119.914414,48.985392],[-119.914607,48.985189],[-119.914924,48.984984],[-119.915302,48.984443],[-119.91551,48.984258],[-119.915801,48.984089],[-119.916191,48.983989],[-119.91687,48.9839],[-119.917333,48.98387],[-119.9177,48.983843],[-119.918023,48.983744],[-119.918531,48.983552],[-119.918792,48.983338],[-119.919366,48.983108],[-119.919824,48.982988],[-119.920353,48.982921],[-119.921334,48.98286],[-119.921865,48.982828],[-119.922381,48.982761],[-119.922734,48.982734],[-119.923238,48.982704],[-119.923724,48.982601],[-119.924264,48.982471],[-119.924502,48.982339],[-119.924667,48.982118],[-119.92493,48.98195],[-119.925307,48.98185],[-119.926105,48.981704],[-119.926667,48.981501],[-119.927407,48.981302],[-119.927995,48.981071],[-119.928768,48.980728],[-119.929038,48.980667],[-119.929555,48.980636],[-119.930168,48.980584],[-119.930813,48.980406],[-119.931361,48.980185],[-119.931683,48.980087],[-119.932145,48.980039],[-119.93257,48.980064],[-119.933065,48.980106],[-119.933471,48.980041],[-119.933793,48.979943],[-119.934019,48.979829],[-119.934315,48.97975],[-119.934812,48.979827],[-119.935221,48.979817],[-119.935639,48.979716],[-119.936234,48.979611],[-119.936615,48.979583],[-119.936989,48.979664],[-119.938157,48.979994],[-119.938785,48.980221],[-119.939262,48.980425],[-119.939742,48.980448],[-119.940126,48.980475],[-119.940925,48.98058],[-119.941493,48.98071],[-119.942083,48.980974],[-119.942681,48.981156],[-119.943372,48.981283],[-119.943928,48.98143],[-119.944693,48.981654],[-119.945167,48.981822],[-119.945607,48.982332],[-119.945749,48.982643],[-119.945842,48.982839],[-119.945968,48.983106],[-119.946281,48.983314],[-119.946454,48.98348],[-119.946582,48.983783],[-119.946727,48.9844],[-119.946874,48.984576],[-119.947261,48.984872],[-119.947544,48.985027],[-119.947833,48.985298],[-119.948145,48.985488],[-119.948699,48.985618],[-119.949663,48.985962],[-119.950264,48.986181],[-119.950504,48.98631],[-119.950652,48.986504],[-119.951055,48.986845],[-119.951372,48.987124],[-119.95167,48.987315],[-119.952053,48.987305],[-119.952481,48.98715],[-119.953067,48.987117],[-119.953587,48.987122],[-119.954026,48.987146],[-119.954658,48.987445],[-119.954909,48.987529],[-119.956019,48.987572],[-119.956458,48.987597],[-119.957116,48.987616],[-119.957435,48.987698],[-119.957771,48.987833],[-119.958375,48.987872],[-119.959272,48.988011],[-119.95989,48.988292],[-119.960252,48.988408],[-119.96073,48.988396],[-119.961189,48.988294],[-119.96172,48.988263],[-119.96219,48.988341],[-119.962576,48.988403],[-119.96285,48.988414],[-119.963121,48.988371],[-119.963669,48.988159],[-119.96418,48.988019],[-119.964761,48.987905],[-119.965383,48.987782],[-119.965789,48.987717],[-119.966542,48.987734],[-119.96706,48.987702],[-119.967382,48.987604],[-119.967716,48.98747],[-119.968093,48.986911],[-119.968289,48.986528],[-119.968443,48.986362],[-119.968626,48.986213],[-119.969063,48.985977],[-119.969434,48.985788],[-119.969643,48.98562],[-119.969796,48.985437],[-119.969994,48.985081],[-119.970052,48.984683],[-119.970077,48.984188],[-119.970163,48.983556],[-119.970205,48.983348],[-119.97037,48.982911],[-119.970412,48.982694],[-119.97073,48.982515],[-119.970933,48.982258],[-119.971057,48.982039],[-119.971479,48.98156],[-119.971689,48.981402],[-119.972102,48.981463],[-119.972225,48.981685],[-119.972406,48.981968],[-119.97282,48.982263],[-119.973133,48.98248],[-119.97337,48.98278],[-119.97358,48.983099],[-119.9742,48.983416],[-119.974609,48.983621],[-119.974953,48.983882],[-119.975323,48.984133],[-119.975728,48.984501],[-119.975869,48.984803],[-119.976179,48.984966],[-119.976706,48.985078],[-119.977153,48.985247],[-119.977508,48.985472],[-119.977936,48.985766],[-119.978184,48.98603],[-119.978377,48.986277],[-119.978847,48.986373],[-119.979563,48.986462],[-119.979934,48.986489],[-119.98037,48.986459],[-119.981437,48.986252],[-119.982018,48.985895],[-119.982364,48.985751],[-119.982759,48.985723],[-119.983063,48.985778],[-119.983488,48.986019],[-119.984139,48.986164],[-119.984735,48.986076],[-119.984975,48.98598],[-119.985535,48.985966],[-119.986053,48.985934],[-119.986596,48.985884],[-119.986865,48.985805],[-119.98712,48.985727],[-119.987501,48.985699],[-119.988325,48.98575],[-119.988694,48.985758],[-119.989207,48.985655],[-119.989591,48.985663],[-119.990359,48.985472],[-119.990789,48.985353],[-119.991219,48.985234],[-119.991583,48.985152],[-119.992101,48.985121],[-119.992454,48.985076],[-119.992677,48.984926],[-119.992639,48.984747],[-119.992425,48.984599],[-119.992067,48.984555],[-119.992028,48.984358],[-119.992429,48.984203],[-119.992981,48.984063],[-119.993457,48.983799],[-119.993804,48.983655],[-119.994169,48.983591],[-119.994798,48.983593],[-119.995524,48.98361],[-119.996282,48.983483],[-119.996738,48.983345],[-119.996989,48.983194],[-119.997275,48.982953],[-119.997429,48.982787],[-119.997472,48.982597],[-119.997447,48.982166],[-119.997319,48.981404],[-119.997168,48.980715],[-119.997101,48.980501],[-119.996981,48.980324],[-119.996791,48.979906],[-119.996803,48.979636],[-119.996871,48.9794],[-119.99691,48.979156],[-119.997176,48.97834],[-119.997335,48.977796],[-119.997349,48.977579],[-119.996993,48.976878],[-119.996616,48.976069],[-119.99608,48.975336],[-119.995782,48.974921],[-119.995574,48.974656],[-119.995249,48.974467],[-119.994881,48.97426],[-119.99476,48.974057],[-119.994748,48.973859],[-119.994925,48.97362],[-119.995486,48.973174],[-119.995722,48.973015],[-119.996414,48.972709],[-119.997391,48.97236],[-119.998114,48.972116],[-119.998923,48.97169],[-119.999658,48.971419],[-120.000248,48.971224],[-120.000597,48.971116],[-120.001116,48.970886],[-120.001983,48.970634],[-120.00249,48.970395],[-120.002813,48.970241],[-120.003238,48.97],[-120.003703,48.969761],[-120.004094,48.969618],[-120.0044,48.969536],[-120.004848,48.969592],[-120.0057,48.969956],[-120.006163,48.970211],[-120.00642,48.970497],[-120.006578,48.970816],[-120.006689,48.971251],[-120.006952,48.971419],[-120.007365,48.971592],[-120.007698,48.971736],[-120.008085,48.971674],[-120.008386,48.971205],[-120.008789,48.970873],[-120.009119,48.970612],[-120.009444,48.970206],[-120.010174,48.969659],[-120.010847,48.969361],[-120.011422,48.969124],[-120.011834,48.96909],[-120.01215,48.969053],[-120.012448,48.969106],[-120.012887,48.969297],[-120.013152,48.969664],[-120.01343,48.97004],[-120.013459,48.970247],[-120.014027,48.970577],[-120.014262,48.970763],[-120.014527,48.970905],[-120.014807,48.970327],[-120.014914,48.970141],[-120.015174,48.969905],[-120.015596,48.969709],[-120.016035,48.96945],[-120.016323,48.969206],[-120.016611,48.968961],[-120.016873,48.968698],[-120.017231,48.968411],[-120.017623,48.968259],[-120.017841,48.96804],[-120.018062,48.967766],[-120.018185,48.967545],[-120.01854,48.967329],[-120.019289,48.966916],[-120.019955,48.966744],[-120.020632,48.966609],[-120.021114,48.96655],[-120.021571,48.966444],[-120.021984,48.96641],[-120.022547,48.966362],[-120.023065,48.966375],[-120.023652,48.96639],[-120.024058,48.966464],[-120.024827,48.966393],[-120.025516,48.966303],[-120.026104,48.966291],[-120.026588,48.966421],[-120.027298,48.966664],[-120.027885,48.966679],[-120.028226,48.966688],[-120.028466,48.966784],[-120.028917,48.966778],[-120.029305,48.966689],[-120.02965,48.966635],[-120.030165,48.966711],[-120.030589,48.966704],[-120.031337,48.966768],[-120.031828,48.966781],[-120.032229,48.966926],[-120.032453,48.967301],[-120.032598,48.967619],[-120.032575,48.968006],[-120.032421,48.968299],[-120.032247,48.968474],[-120.03219,48.968742],[-120.032299,48.969204],[-120.032415,48.969549],[-120.032399,48.969819],[-120.032353,48.970141],[-120.032326,48.970591],[-120.032549,48.970983],[-120.0327,48.971194],[-120.033081,48.971231],[-120.033397,48.971194],[-120.033804,48.971249],[-120.034122,48.971186],[-120.034443,48.971077],[-120.034668,48.9712],[-120.034983,48.971181],[-120.035247,48.970873],[-120.035716,48.97057],[-120.036033,48.970533],[-120.036254,48.97026],[-120.03674,48.970137],[-120.03709,48.969984],[-120.037529,48.969726],[-120.037944,48.969646],[-120.038266,48.96952],[-120.038528,48.969247],[-120.038807,48.969147],[-120.039404,48.969],[-120.039793,48.968893],[-120.039966,48.968744],[-120.040157,48.968515],[-120.040413,48.968342],[-120.040739,48.968143],[-120.041087,48.968044],[-120.0415,48.967983],[-120.041797,48.967811],[-120.041947,48.96759],[-120.042256,48.967453],[-120.04268,48.967446],[-120.043546,48.967352],[-120.043931,48.967316],[-120.044321,48.967192],[-120.04467,48.967066],[-120.045264,48.966964],[-120.045937,48.966666],[-120.046262,48.966494],[-120.046588,48.966296],[-120.047258,48.966061],[-120.047921,48.965943],[-120.047961,48.965719],[-120.048151,48.965517],[-120.048525,48.965662],[-120.048748,48.966054],[-120.049316,48.966384],[-120.050109,48.966836],[-120.050521,48.967035],[-120.050806,48.967061],[-120.051248,48.966982],[-120.051636,48.966902],[-120.052086,48.966913],[-120.052596,48.967061],[-120.052936,48.967097],[-120.053961,48.966871],[-120.054591,48.966617],[-120.054845,48.96648],[-120.054871,48.966031],[-120.054944,48.9648],[-120.054974,48.964279],[-120.055261,48.964061],[-120.055585,48.96389],[-120.055973,48.963801],[-120.056451,48.963795],[-120.056833,48.963804],[-120.05777,48.963918],[-120.058136,48.963955],[-120.058793,48.963944],[-120.059944,48.963884],[-120.060575,48.963855],[-120.061234,48.9638],[-120.061783,48.963751],[-120.062232,48.96378],[-120.062991,48.963889],[-120.063469,48.963902],[-120.064506,48.963928],[-120.064888,48.963938],[-120.06552,48.963639],[-120.066624,48.963685],[-120.067423,48.963822],[-120.06772,48.963875],[-120.068076,48.963866],[-120.068544,48.964031],[-120.068834,48.964452],[-120.068904,48.964886],[-120.068811,48.965315],[-120.068766,48.965611],[-120.068816,48.965927],[-120.068711,48.966545],[-120.068513,48.9669],[-120.068334,48.967148],[-120.068078,48.967321],[-120.067974,48.96793],[-120.068083,48.968392],[-120.068234,48.968854],[-120.068227,48.969439],[-120.068478,48.969814],[-120.068527,48.970158],[-120.068733,48.970361],[-120.069242,48.971013],[-120.06968,48.971231],[-120.070148,48.971404],[-120.070586,48.971623],[-120.071002,48.971768],[-120.071355,48.972029],[-120.07163,48.972234],[-120.071923,48.972358],[-120.072466,48.972669],[-120.072959,48.973113],[-120.073415,48.973485],[-120.073995,48.973634],[-120.074437,48.973781],[-120.074901,48.974017],[-120.075138,48.974185],[-120.075785,48.974337],[-120.076025,48.974433],[-120.076124,48.974615],[-120.076448,48.97492],[-120.076808,48.975298],[-120.076997,48.975573],[-120.077177,48.976009],[-120.077227,48.976308],[-120.077373,48.97686],[-120.077448,48.977204],[-120.077615,48.977388],[-120.078081,48.977607],[-120.078655,48.977846],[-120.078988,48.978215],[-120.079214,48.978562],[-120.079291,48.978888],[-120.079387,48.979116],[-120.079883,48.979515],[-120.080264,48.979777],[-120.080468,48.980025],[-120.08099,48.980452],[-120.081378,48.980588],[-120.082005,48.980621],[-120.082541,48.980581],[-120.08302,48.980575],[-120.083669,48.980682],[-120.084145,48.98073],[-120.084863,48.980604],[-120.085504,48.980395],[-120.085995,48.980182],[-120.086292,48.980019],[-120.086641,48.979884],[-120.086908,48.979999],[-120.086983,48.98036],[-120.087016,48.98073],[-120.086967,48.981089],[-120.086737,48.981524],[-120.086903,48.981717],[-120.087355,48.98171],[-120.087723,48.98172],[-120.087877,48.981895],[-120.087728,48.982116],[-120.087592,48.982571],[-120.087366,48.982925],[-120.087064,48.983179],[-120.086543,48.983444],[-120.086193,48.983589],[-120.086416,48.983738],[-120.086973,48.983806],[-120.087337,48.983896],[-120.087561,48.984028],[-120.087816,48.984349],[-120.0881,48.984878],[-120.088296,48.985036],[-120.088834,48.984942],[-120.089131,48.984778],[-120.089429,48.984579],[-120.089749,48.984497],[-120.09005,48.984487],[-120.090345,48.984359],[-120.090633,48.98433],[-120.090885,48.984472],[-120.09132,48.984276],[-120.092063,48.984195],[-120.092783,48.983809],[-120.093163,48.983611],[-120.093607,48.983506],[-120.094092,48.983392],[-120.094434,48.983383],[-120.0948,48.983446],[-120.095168,48.983455],[-120.095429,48.983201],[-120.095903,48.983042],[-120.096275,48.982997],[-120.096678,48.982881],[-120.097138,48.982722],[-120.097454,48.982694],[-120.097629,48.982509],[-120.098117,48.982351],[-120.098545,48.982271],[-120.09952,48.982188],[-120.100006,48.982065],[-120.100451,48.981932],[-120.100769,48.981868],[-120.10112,48.982174],[-120.101492,48.982597],[-120.101694,48.982881],[-120.101808,48.983046],[-120.102158,48.983379],[-120.102571,48.983551],[-120.102974,48.983453],[-120.103508,48.983431],[-120.103984,48.983479],[-120.10425,48.983368],[-120.104657,48.983181],[-120.105034,48.983055],[-120.105195,48.98287],[-120.105261,48.982665],[-120.105613,48.982494],[-120.10577,48.982138],[-120.106034,48.982073],[-120.106328,48.982188],[-120.106647,48.982106],[-120.107301,48.981672],[-120.107954,48.981248],[-120.108183,48.981083],[-120.108224,48.980373],[-120.10821,48.979662],[-120.10819,48.979067],[-120.108141,48.97849],[-120.108043,48.978056],[-120.107951,48.977757],[-120.1078,48.977528],[-120.107743,48.977338],[-120.107757,48.977095],[-120.108008,48.976787],[-120.1087,48.976633],[-120.109362,48.976524],[-120.109784,48.976552],[-120.110516,48.97666],[-120.110909,48.976724],[-120.111305,48.976734],[-120.111993,48.976643],[-120.11261,48.976623],[-120.11324,48.976585],[-120.113855,48.9766],[-120.114347,48.976594],[-120.114932,48.976645],[-120.115693,48.976718],[-120.116635,48.976742],[-120.117028,48.976787],[-120.117421,48.976851],[-120.118234,48.97697],[-120.118737,48.977019],[-120.11931,48.977051],[-120.121662,48.977254],[-120.122961,48.977241],[-120.124168,48.977182],[-120.125121,48.977241],[-120.126194,48.977367],[-120.126927,48.977457],[-120.127263,48.977556],[-120.128059,48.977503],[-120.128515,48.977407],[-120.129542,48.977369],[-120.130227,48.97735],[-120.130817,48.977311],[-120.131507,48.977193],[-120.132261,48.977149],[-120.132606,48.977104],[-120.132965,48.977275],[-120.133441,48.977322],[-120.133722,48.97741],[-120.134237,48.977495],[-120.134686,48.977524],[-120.135214,48.977627],[-120.135607,48.977682],[-120.13612,48.977785],[-120.136748,48.978043],[-120.137133,48.978242],[-120.137353,48.978454],[-120.137722,48.97894],[-120.138451,48.980047],[-120.138895,48.980652],[-120.139393,48.981015],[-120.140074,48.981536],[-120.140541,48.981736],[-120.140902,48.98188],[-120.141234,48.98205],[-120.141644,48.982286],[-120.143048,48.982833],[-120.1436,48.982991],[-120.143999,48.983172],[-120.144515,48.983481],[-120.145138,48.984064],[-120.145349,48.984204],[-120.145615,48.984318],[-120.146267,48.984406],[-120.146746,48.984382],[-120.146843,48.984124],[-120.146994,48.983876],[-120.147295,48.98364],[-120.147444,48.983419],[-120.147514,48.983151],[-120.147519,48.982575],[-120.147448,48.981907],[-120.147498,48.981045],[-120.147544,48.980227],[-120.147516,48.979768],[-120.147488,48.979542],[-120.147472,48.979344],[-120.147646,48.978934],[-120.147731,48.97863],[-120.147623,48.978124],[-120.147609,48.977889],[-120.147975,48.977467],[-120.148097,48.977254],[-120.148166,48.976995],[-120.148164,48.976554],[-120.148192,48.976068],[-120.148332,48.975523],[-120.148465,48.975112],[-120.148741,48.974346],[-120.149089,48.974003],[-120.1494,48.97357],[-120.149599,48.97344],[-120.149844,48.97323],[-120.150044,48.973064],[-120.150283,48.972962],[-120.150779,48.972884],[-120.151467,48.972802],[-120.152,48.972798],[-120.152276,48.97275],[-120.152799,48.972448],[-120.153147,48.972349],[-120.153602,48.97227],[-120.153901,48.972296],[-120.154232,48.972484],[-120.154494,48.972679],[-120.154715,48.972891],[-120.155008,48.973025],[-120.155424,48.973161],[-120.155609,48.973516],[-120.155697,48.973887],[-120.155958,48.974101],[-120.156096,48.9736],[-120.156056,48.973329],[-120.15588,48.973064],[-120.155836,48.972874],[-120.155876,48.972659],[-120.156029,48.972843],[-120.15625,48.973055],[-120.156499,48.973484],[-120.156766,48.973824],[-120.157186,48.974374],[-120.157756,48.975162],[-120.158291,48.976084],[-120.158662,48.976534],[-120.159058,48.977263],[-120.159753,48.978513],[-120.159946,48.97895],[-120.160013,48.979221],[-120.160113,48.97962],[-120.160477,48.980438],[-120.160631,48.980847],[-120.161102,48.981704],[-120.161673,48.98296],[-120.162409,48.983959],[-120.162688,48.984353],[-120.162934,48.984592],[-120.163079,48.984911],[-120.16333,48.985322],[-120.163859,48.985875],[-120.164858,48.986565],[-120.165832,48.987237],[-120.166704,48.987771],[-120.168783,48.988713],[-120.170649,48.98956],[-120.172236,48.990273],[-120.173808,48.990762],[-120.175492,48.99119],[-120.175941,48.991237],[-120.176338,48.991228],[-120.176687,48.991093],[-120.177074,48.991022],[-120.177407,48.991183],[-120.177778,48.991156],[-120.178082,48.991082],[-120.178371,48.991053],[-120.178729,48.991008],[-120.179126,48.991],[-120.179296,48.990653],[-120.179485,48.990217],[-120.17972,48.989926],[-120.180048,48.989691],[-120.180223,48.989497],[-120.180438,48.98907],[-120.180634,48.988742],[-120.180754,48.988565],[-120.180878,48.987813],[-120.18101,48.987429],[-120.180997,48.987168],[-120.181132,48.986946],[-120.181782,48.986818],[-120.182933,48.986774],[-120.18394,48.986853],[-120.184834,48.987],[-120.185719,48.987058],[-120.186366,48.986984],[-120.186987,48.986891],[-120.188357,48.986591],[-120.189417,48.986212],[-120.190527,48.985925],[-120.1909,48.985853],[-120.191467,48.98574],[-120.19193,48.985527],[-120.192079,48.985306],[-120.192395,48.985277],[-120.192664,48.985356],[-120.193201,48.985783],[-120.193592,48.985882],[-120.194014,48.98591],[-120.194746,48.985766],[-120.195414,48.9858],[-120.195761,48.98571],[-120.196298,48.985651],[-120.197051,48.985633],[-120.197339,48.985604],[-120.197681,48.985506],[-120.198016,48.985486],[-120.198427,48.985472],[-120.198887,48.9853],[-120.199092,48.985062],[-120.19914,48.984694],[-120.199316,48.98424],[-120.19971,48.984042],[-120.200742,48.983914],[-120.201329,48.983929],[-120.201814,48.983806],[-120.202057,48.983631],[-120.202213,48.983284],[-120.202349,48.982802],[-120.202606,48.982124],[-120.202733,48.981922],[-120.20312,48.981489],[-120.203446,48.981281],[-120.203987,48.981141],[-120.204472,48.981027],[-120.204868,48.981018],[-120.205292,48.980291],[-120.205516,48.979945],[-120.206137,48.97961],[-120.206604,48.979324],[-120.20729,48.979026],[-120.207775,48.978911],[-120.208369,48.978791],[-120.209016,48.978717],[-120.209446,48.978601],[-120.209847,48.978512],[-120.210137,48.978231],[-120.210389,48.977625],[-120.210447,48.97733],[-120.210813,48.977132],[-120.210958,48.976973],[-120.21127,48.97654],[-120.211411,48.976375],[-120.21191,48.976096],[-120.212057,48.975911],[-120.212236,48.975627],[-120.212192,48.975437],[-120.211983,48.97527],[-120.211731,48.975129],[-120.211632,48.974947],[-120.211646,48.974704],[-120.211686,48.974462],[-120.211851,48.974206],[-120.212222,48.973927],[-120.212626,48.973783],[-120.213191,48.973707],[-120.213483,48.973624],[-120.213373,48.973379],[-120.213386,48.973154],[-120.213492,48.972959],[-120.213412,48.972678],[-120.213051,48.9723],[-120.213041,48.971985],[-120.213195,48.971674],[-120.213208,48.971449],[-120.213096,48.970891],[-120.213333,48.970427],[-120.213593,48.969938],[-120.213936,48.969667],[-120.214043,48.969463],[-120.214904,48.969466],[-120.215483,48.969606],[-120.215769,48.969631],[-120.21547,48.969353],[-120.214817,48.969059],[-120.214778,48.968779],[-120.215151,48.968698],[-120.215686,48.968657],[-120.215969,48.968493],[-120.216105,48.968019],[-120.216245,48.967708],[-120.216554,48.967562],[-120.217459,48.967494],[-120.217842,48.967503],[-120.218151,48.967601],[-120.218478,48.967852],[-120.219086,48.968478],[-120.219597,48.968382],[-120.219715,48.968214],[-120.219785,48.967937],[-120.219791,48.967352],[-120.219883,48.967166],[-120.220122,48.967045],[-120.22048,48.967],[-120.221076,48.967086],[-120.221628,48.967244],[-120.222353,48.967225],[-120.222787,48.967038],[-120.222962,48.966835],[-120.223222,48.966103],[-120.223296,48.965754],[-120.223468,48.964625],[-120.223519,48.964185],[-120.22345,48.963959],[-120.223378,48.963777],[-120.223635,48.963576],[-120.223708,48.963245],[-120.224254,48.963015],[-120.224966,48.962996],[-120.225165,48.962857],[-120.225339,48.962672],[-120.225673,48.962312],[-120.225929,48.962138],[-120.227363,48.962154],[-120.227638,48.962116],[-120.228179,48.961472],[-120.228783,48.960686],[-120.22959,48.960912],[-120.230526,48.961285],[-120.231678,48.9617],[-120.232418,48.961907],[-120.233476,48.962058],[-120.234479,48.96219],[-120.235039,48.962203],[-120.236002,48.962083],[-120.236774,48.961966],[-120.237137,48.961813],[-120.237296,48.961664],[-120.237447,48.961397],[-120.237568,48.961193],[-120.237844,48.961146],[-120.238293,48.961175],[-120.238462,48.961341],[-120.238728,48.961464],[-120.238996,48.961572],[-120.239923,48.961853],[-120.24064,48.961978],[-120.243747,48.962628],[-120.246372,48.963338],[-120.247826,48.963985],[-120.248809,48.964503],[-120.249437,48.964761],[-120.249722,48.964786],[-120.250215,48.964762],[-120.250608,48.964825],[-120.250969,48.964977],[-120.251203,48.96519],[-120.252364,48.965946],[-120.253209,48.966479],[-120.253859,48.966846],[-120.255516,48.967515],[-120.257454,48.968065],[-120.258203,48.968362],[-120.258856,48.968422],[-120.259211,48.96817],[-120.259479,48.968014],[-120.259755,48.967967],[-120.260334,48.967881],[-120.261168,48.967631],[-120.261622,48.967327],[-120.26176,48.967034],[-120.261861,48.965947],[-120.261926,48.96477],[-120.26185,48.9644],[-120.261348,48.963596],[-120.261791,48.96348],[-120.26222,48.963644],[-120.263736,48.963904],[-120.265061,48.9639],[-120.265561,48.963768],[-120.265866,48.963676],[-120.266237,48.963649],[-120.266699,48.963696],[-120.267443,48.96383],[-120.269402,48.964489],[-120.271959,48.965701],[-120.272836,48.966153],[-120.273303,48.966362],[-120.273818,48.966455],[-120.27475,48.966648],[-120.275767,48.967032],[-120.276145,48.967122],[-120.27657,48.967105],[-120.276899,48.967086],[-120.277193,48.966949],[-120.277353,48.966782],[-120.277598,48.966284],[-120.277837,48.966164],[-120.278182,48.966109],[-120.278507,48.966161],[-120.278855,48.966287],[-120.279643,48.966638],[-120.280072,48.966783],[-120.28035,48.9667],[-120.280669,48.966608],[-120.281188,48.96662],[-120.281757,48.966706],[-120.282604,48.966951],[-120.283194,48.967163],[-120.283565,48.967387],[-120.283776,48.967527],[-120.283836,48.967169],[-120.283325,48.966779],[-120.282727,48.96645],[-120.282329,48.966242],[-120.282942,48.966275],[-120.28372,48.966536],[-120.284191,48.966673],[-120.284692,48.966757],[-120.286559,48.967359],[-120.288053,48.968033],[-120.289216,48.968771],[-120.290121,48.969458],[-120.290372,48.969617],[-120.291308,48.969243],[-120.29213,48.968947],[-120.292658,48.968798],[-120.292974,48.96876],[-120.293467,48.968736],[-120.293983,48.968802],[-120.29704,48.969647],[-120.29747,48.969774],[-120.297954,48.969669],[-120.298444,48.969203],[-120.299254,48.968628],[-120.299477,48.968301],[-120.300056,48.967432],[-120.300406,48.966523],[-120.300618,48.965889],[-120.300567,48.965573],[-120.300386,48.965371],[-120.300359,48.965118],[-120.300309,48.964775],[-120.300254,48.963271],[-120.300125,48.962369],[-120.299873,48.961724],[-120.299604,48.961115],[-120.299435,48.960724],[-120.299311,48.960496],[-120.299747,48.960758],[-120.300365,48.961214],[-120.300961,48.961561],[-120.301201,48.961674],[-120.301412,48.961814],[-120.30162,48.962017],[-120.301995,48.962394],[-120.302509,48.963],[-120.302752,48.963312],[-120.303065,48.963598],[-120.303522,48.963978],[-120.303836,48.964237],[-120.304071,48.96444],[-120.304123,48.963983],[-120.303873,48.963311],[-120.303603,48.962477],[-120.303547,48.96226],[-120.303394,48.962058],[-120.303953,48.962332],[-120.304831,48.963028],[-120.305276,48.963389],[-120.305698,48.96366],[-120.306106,48.964209],[-120.306251,48.964563],[-120.306543,48.964984],[-120.306957,48.965408],[-120.307323,48.965722],[-120.307646,48.966062],[-120.307897,48.965978],[-120.307873,48.964646],[-120.307905,48.964053],[-120.307811,48.96325],[-120.307674,48.962752],[-120.307289,48.962293],[-120.307109,48.962073],[-120.307436,48.962099],[-120.308028,48.962275],[-120.308698,48.962776],[-120.309376,48.963377],[-120.310483,48.964635],[-120.311443,48.965332],[-120.311924,48.965802],[-120.312099,48.966094],[-120.312284,48.966467],[-120.312343,48.966649],[-120.31248,48.966895],[-120.313059,48.966279],[-120.313444,48.965991],[-120.313548,48.965579],[-120.313401,48.964757],[-120.31303,48.963777],[-120.312847,48.963368],[-120.31253,48.962919],[-120.312359,48.962537],[-120.312614,48.962624],[-120.312906,48.962775],[-120.314152,48.963488],[-120.314806,48.964043],[-120.315178,48.964484],[-120.31555,48.964933],[-120.316352,48.965779],[-120.316684,48.966471],[-120.316793,48.966734],[-120.316879,48.966907],[-120.317146,48.967291],[-120.317282,48.967034],[-120.317343,48.96565],[-120.317294,48.964524],[-120.317241,48.963992],[-120.317217,48.963667],[-120.31838,48.964396],[-120.319284,48.965128],[-120.319735,48.96539],[-120.320166,48.965499],[-120.321009,48.965843],[-120.32135,48.966103],[-120.321654,48.966341],[-120.322057,48.966686],[-120.321996,48.967296],[-120.321962,48.967934],[-120.322258,48.968283],[-120.322677,48.968374],[-120.322832,48.968539],[-120.323234,48.968432],[-120.323494,48.968159],[-120.324074,48.968064],[-120.324574,48.967896],[-120.324971,48.967896],[-120.32509,48.968223],[-120.325425,48.968338],[-120.325674,48.967777],[-120.325912,48.967675],[-120.326414,48.96748],[-120.326902,48.967311],[-120.328033,48.967364],[-120.328425,48.967445],[-120.328675,48.967631],[-120.329601,48.968705],[-120.329874,48.968963],[-120.330329,48.969154],[-120.330692,48.969765],[-120.331063,48.97025],[-120.331318,48.970841],[-120.331516,48.971233],[-120.331786,48.971554],[-120.332218,48.972167],[-120.332351,48.972475],[-120.332558,48.972696],[-120.332953,48.972975],[-120.333972,48.97362],[-120.334417,48.973972],[-120.334737,48.974123],[-120.335283,48.974136],[-120.335407,48.974382],[-120.335854,48.974446],[-120.336118,48.974632],[-120.336672,48.974483],[-120.33711,48.974475],[-120.337227,48.974855],[-120.337143,48.975132],[-120.336985,48.975534],[-120.337125,48.975996],[-120.337262,48.976755],[-120.33738,48.977369],[-120.337593,48.977734],[-120.337811,48.977991],[-120.338422,48.978338],[-120.339342,48.978773],[-120.339761,48.979115],[-120.340133,48.979304],[-120.340568,48.97935],[-120.341171,48.979319],[-120.34215,48.979171],[-120.342621,48.979037],[-120.34295,48.978775],[-120.343466,48.978319],[-120.342935,48.978289],[-120.342356,48.978114],[-120.342284,48.977923],[-120.342116,48.977487],[-120.342022,48.976684],[-120.342034,48.976208],[-120.342193,48.975789],[-120.34235,48.975405],[-120.342554,48.975167],[-120.342767,48.974767],[-120.342798,48.974435],[-120.342998,48.974008],[-120.343263,48.973663],[-120.343391,48.973828],[-120.343672,48.974194],[-120.343967,48.974561],[-120.344204,48.974728],[-120.344528,48.975051],[-120.344847,48.97522],[-120.345254,48.975292],[-120.345571,48.975237],[-120.34564,48.974455],[-120.345783,48.974072],[-120.345905,48.973832],[-120.346426,48.97406],[-120.346582,48.973694],[-120.347031,48.974002],[-120.34744,48.974011],[-120.347599,48.973853],[-120.347682,48.973315],[-120.347918,48.972735],[-120.348055,48.972208],[-120.348347,48.971855],[-120.348613,48.971474],[-120.348808,48.971163],[-120.34898,48.970736],[-120.349152,48.970344],[-120.349152,48.970083],[-120.349141,48.969777],[-120.350514,48.969646],[-120.351297,48.969565],[-120.352015,48.969438],[-120.352295,48.969309],[-120.352893,48.969377],[-120.353669,48.969161],[-120.354117,48.968955],[-120.354464,48.968864],[-120.354697,48.9686],[-120.355171,48.968152],[-120.355472,48.967928],[-120.356238,48.967618],[-120.356953,48.967284],[-120.357367,48.967203],[-120.357867,48.967053],[-120.358362,48.96674],[-120.358751,48.966605],[-120.359164,48.966552],[-120.359718,48.96642],[-120.360056,48.966482],[-120.360458,48.966644],[-120.361295,48.966825],[-120.362394,48.966976],[-120.362775,48.967003],[-120.36319,48.966905],[-120.363562,48.966859],[-120.363887,48.966921],[-120.36473,48.966994],[-120.365673,48.966979],[-120.366818,48.966781],[-120.367292,48.966611],[-120.367775,48.966263],[-120.368365,48.965691],[-120.368791,48.965395],[-120.36921,48.965207],[-120.370058,48.96494],[-120.37084,48.964623],[-120.371674,48.964093],[-120.371951,48.963962],[-120.372543,48.963681],[-120.372987,48.963547],[-120.373425,48.963269],[-120.374068,48.963005],[-120.374866,48.962897],[-120.375512,48.962822],[-120.376172,48.962747],[-120.376883,48.962727],[-120.37758,48.962725],[-120.377877,48.962795],[-120.378178,48.962802],[-120.378572,48.962829],[-120.379041,48.962758],[-120.379524,48.962652],[-120.38014,48.962639],[-120.380441,48.962628],[-120.381123,48.962401],[-120.381798,48.962299],[-120.38223,48.962129],[-120.382791,48.961845],[-120.383171,48.961646],[-120.383621,48.961552],[-120.384023,48.961549],[-120.384322,48.961574],[-120.384751,48.961727],[-120.385217,48.961981],[-120.385456,48.962103],[-120.385943,48.962195],[-120.386354,48.962438],[-120.386708,48.963247],[-120.38675,48.963491],[-120.386799,48.963852],[-120.38709,48.964039],[-120.387326,48.964224],[-120.387551,48.964373],[-120.387833,48.964199],[-120.388066,48.963926],[-120.388465,48.963872],[-120.388694,48.964192],[-120.389096,48.964084],[-120.389448,48.963858],[-120.39003,48.963484],[-120.3908,48.962863],[-120.391058,48.962626],[-120.391204,48.962188],[-120.391215,48.961973],[-120.391769,48.96158],[-120.392199,48.960924],[-120.392436,48.960579],[-120.392769,48.960478],[-120.39326,48.960489],[-120.393471,48.960368],[-120.393584,48.960038],[-120.393652,48.959787],[-120.393898,48.959523],[-120.394058,48.959329],[-120.394556,48.959223],[-120.394988,48.959053],[-120.395377,48.958666],[-120.395716,48.958197],[-120.395767,48.958009],[-120.396312,48.957499],[-120.397045,48.957336],[-120.39738,48.957208],[-120.398058,48.956774],[-120.39915,48.956268],[-120.399755,48.955931],[-120.400658,48.955645],[-120.401009,48.955464],[-120.40122,48.955343],[-120.402199,48.955437],[-120.402611,48.955662],[-120.402802,48.956188],[-120.403078,48.956392],[-120.403561,48.956304],[-120.40465,48.955866],[-120.40542,48.955491],[-120.405846,48.955186],[-120.406093,48.954904],[-120.406786,48.95419],[-120.407172,48.953839],[-120.407443,48.953629],[-120.407724,48.953474],[-120.40799,48.953363],[-120.408406,48.953246],[-120.408711,48.953154],[-120.409316,48.952817],[-120.409461,48.952658],[-120.410036,48.952095],[-120.410281,48.951849],[-120.410758,48.951347],[-120.410944,48.950928],[-120.41145,48.950642],[-120.411763,48.950415],[-120.412052,48.950107],[-120.412378,48.949871],[-120.412967,48.949579],[-120.413988,48.949386],[-120.414276,48.949347],[-120.414645,48.949347],[-120.41521,48.94926],[-120.416657,48.949014],[-120.416999,48.949003],[-120.417532,48.948997],[-120.417993,48.949071],[-120.418462,48.949243],[-120.419269,48.949756],[-120.419657,48.949918],[-120.419937,48.950041],[-120.420145,48.950252],[-120.420343,48.950383],[-120.420622,48.950533],[-120.422198,48.951495],[-120.422638,48.951703],[-120.423549,48.952047],[-120.424242,48.952386],[-120.424939,48.952654],[-120.425823,48.953267],[-120.426062,48.95339],[-120.426876,48.953768],[-120.427615,48.954009],[-120.428135,48.954255],[-120.428518,48.954506],[-120.428881,48.954892],[-120.429021,48.955084],[-120.429494,48.956255],[-120.429638,48.956645],[-120.429939,48.956904],[-120.430274,48.957289],[-120.431193,48.95802],[-120.431359,48.958249],[-120.431573,48.958875],[-120.431658,48.959344],[-120.431648,48.959542],[-120.431593,48.959811],[-120.431413,48.960131],[-120.430947,48.960687],[-120.430604,48.960967],[-120.430548,48.961542],[-120.430733,48.962455],[-120.430875,48.963412],[-120.430896,48.964069],[-120.430923,48.964609],[-120.431046,48.964864],[-120.431187,48.965056],[-120.431491,48.965261],[-120.431778,48.965528],[-120.43202,48.965857],[-120.432141,48.966166],[-120.432117,48.966363],[-120.432065,48.966848],[-120.432161,48.967102],[-120.432612,48.967373],[-120.433017,48.967463],[-120.433298,48.967577],[-120.433524,48.967699],[-120.433678,48.9679],[-120.433667,48.968116],[-120.433605,48.968529],[-120.433296,48.968945],[-120.432805,48.969473],[-120.432712,48.969687],[-120.433197,48.969815],[-120.434044,48.969816],[-120.434426,48.969824],[-120.434523,48.97007],[-120.434226,48.970261],[-120.433966,48.970552],[-120.433739,48.9707],[-120.434018,48.970859],[-120.434302,48.97091],[-120.434641,48.970963],[-120.435243,48.970958],[-120.43564,48.97094],[-120.435406,48.971241],[-120.434788,48.971578],[-120.434312,48.971792],[-120.434302,48.97199],[-120.434767,48.972243],[-120.435053,48.972519],[-120.435195,48.972685],[-120.435196,48.972946],[-120.435125,48.97325],[-120.435052,48.973608],[-120.435013,48.973832],[-120.435368,48.973849],[-120.435769,48.973498],[-120.436054,48.973253],[-120.436173,48.973066],[-120.436481,48.972938],[-120.436573,48.973264],[-120.437117,48.973321],[-120.437301,48.973469],[-120.437287,48.973739],[-120.437387,48.973921],[-120.437637,48.974106],[-120.437988,48.974186],[-120.438358,48.974176],[-120.438654,48.974264],[-120.438946,48.974432],[-120.439215,48.97478],[-120.439716,48.974872],[-120.440074,48.974835],[-120.440499,48.974809],[-120.440972,48.9749],[-120.441383,48.974873],[-120.441728,48.974818],[-120.44207,48.974808],[-120.442368,48.974859],[-120.442775,48.974922],[-120.443135,48.97484],[-120.443814,48.974927],[-120.44427,48.974829],[-120.444599,48.974792],[-120.44502,48.974855],[-120.445614,48.975003],[-120.446203,48.975232],[-120.446553,48.975339],[-120.446903,48.975454],[-120.447156,48.975586],[-120.447533,48.975684],[-120.44789,48.975656],[-120.448175,48.97569],[-120.448499,48.975769],[-120.448667,48.97597],[-120.448971,48.976166],[-120.449428,48.976311],[-120.449704,48.976542],[-120.450039,48.976657],[-120.45063,48.976598],[-120.451133,48.976655],[-120.451395,48.976885],[-120.451716,48.977288],[-120.451953,48.977464],[-120.452177,48.977631],[-120.452487,48.977719],[-120.453019,48.977722],[-120.453831,48.977893],[-120.454086,48.977979],[-120.454651,48.977893],[-120.455092,48.977822],[-120.455524,48.97793],[-120.456048,48.977834],[-120.456417,48.977563],[-120.456605,48.97736],[-120.456727,48.977111],[-120.456876,48.97688],[-120.457307,48.976728],[-120.457867,48.97674],[-120.458219,48.976802],[-120.45858,48.976684],[-120.458865,48.976456],[-120.459311,48.976286],[-120.459776,48.976287],[-120.460142,48.976349],[-120.460416,48.976337],[-120.460733,48.976281],[-120.461042,48.976117],[-120.461305,48.976042],[-120.461671,48.976104],[-120.462131,48.976465],[-120.462467,48.97659],[-120.462792,48.976381],[-120.463063,48.976144],[-120.463483,48.976225],[-120.463925,48.976406],[-120.464196,48.976439],[-120.464793,48.976272],[-120.465021,48.976088],[-120.465312,48.975995],[-120.466031,48.975831],[-120.466924,48.975752],[-120.467336,48.975716],[-120.467795,48.975816],[-120.468222,48.976032],[-120.468502,48.976155],[-120.468839,48.976253],[-120.46926,48.976307],[-120.470009,48.976359],[-120.470408,48.976314],[-120.470798,48.976161],[-120.471029,48.975932],[-120.471177,48.97571],[-120.471164,48.975413],[-120.471211,48.975027],[-120.471375,48.974761],[-120.471455,48.974529],[-120.471686,48.974282],[-120.471981,48.973856],[-120.472222,48.973421],[-120.472379,48.973271],[-120.472662,48.973089],[-120.473407,48.972943],[-120.473797,48.972808],[-120.474503,48.972634],[-120.474973,48.972518],[-120.475481,48.972485],[-120.476191,48.9725],[-120.478054,48.972667],[-120.479,48.972876],[-120.479465,48.972887],[-120.480217,48.973146],[-120.481233,48.973312],[-120.481724,48.973332],[-120.482333,48.973462],[-120.482754,48.973516],[-120.483101,48.973677],[-120.483385,48.973746],[-120.48374,48.973754],[-120.484123,48.973744],[-120.48443,48.973625],[-120.484903,48.973437],[-120.485588,48.973425],[-120.486082,48.973382],[-120.486468,48.973309],[-120.486761,48.973199],[-120.487057,48.973016],[-120.487261,48.972751],[-120.487591,48.972304],[-120.488156,48.972086],[-120.488568,48.972041],[-120.489211,48.972019],[-120.489703,48.972021],[-120.490096,48.972084],[-120.490613,48.97214],[-120.49115,48.972053],[-120.491563,48.971999],[-120.492051,48.972081],[-120.492545,48.972308],[-120.493144,48.972636],[-120.493807,48.973307],[-120.494325,48.973885],[-120.494461,48.974158],[-120.494464,48.974374],[-120.494291,48.974559],[-120.493744,48.974835],[-120.49298,48.975358],[-120.492861,48.975545],[-120.49281,48.97575],[-120.492863,48.976057],[-120.493175,48.976379],[-120.493594,48.97673],[-120.494309,48.977205],[-120.494981,48.977687],[-120.495544,48.978194],[-120.495951,48.978518],[-120.49635,48.978742],[-120.496777,48.978958],[-120.496988,48.979107],[-120.497154,48.979336],[-120.497466,48.979936],[-120.497889,48.980224],[-120.498344,48.980423],[-120.498992,48.980572],[-120.499342,48.980679],[-120.499619,48.980873],[-120.49984,48.981112],[-120.500193,48.981426],[-120.500445,48.981575],[-120.500729,48.981635],[-120.501232,48.981709],[-120.501579,48.981861],[-120.501955,48.981995],[-120.502308,48.982056],[-120.503124,48.982137],[-120.503779,48.982151],[-120.504724,48.982118],[-120.505217,48.982092],[-120.506083,48.982012],[-120.506425,48.981992],[-120.50678,48.982],[-120.507062,48.982105],[-120.507951,48.982646],[-120.509522,48.983202],[-120.510022,48.983321],[-120.510537,48.983413],[-120.510818,48.983527],[-120.511122,48.98374],[-120.511423,48.984008],[-120.512004,48.984146],[-120.512398,48.9842],[-120.512695,48.984269],[-120.513018,48.984375],[-120.513054,48.984196],[-120.512862,48.98394],[-120.512885,48.983742],[-120.513459,48.983764],[-120.513874,48.983656],[-120.514085,48.983525],[-120.513999,48.983065],[-120.514225,48.982926],[-120.514733,48.982874],[-120.515605,48.982658],[-120.516175,48.982455],[-120.517133,48.982161],[-120.517903,48.98179],[-120.518869,48.981613],[-120.519487,48.981554],[-120.520449,48.981458],[-120.521664,48.981484],[-120.522479,48.981574],[-120.522967,48.981656],[-120.523219,48.981815],[-120.523398,48.982061],[-120.523492,48.981829],[-120.523519,48.981569],[-120.523597,48.981373],[-120.52385,48.981225],[-120.524796,48.981174],[-120.52514,48.981109],[-120.525082,48.980919],[-120.524802,48.980778],[-120.524451,48.980671],[-120.524809,48.980625],[-120.525435,48.980693],[-120.526756,48.980775],[-120.527516,48.980881],[-120.528047,48.980938],[-120.528438,48.981045],[-120.528238,48.980672],[-120.527631,48.980218],[-120.527066,48.979774],[-120.526842,48.979598],[-120.527747,48.979537],[-120.5281,48.97958],[-120.52868,48.979746],[-120.529758,48.980335],[-120.53037,48.980663],[-120.530848,48.980953],[-120.531597,48.981292],[-120.532985,48.98197],[-120.533539,48.982369],[-120.534005,48.982622],[-120.53434,48.982764],[-120.534702,48.982906],[-120.535161,48.983015],[-120.536117,48.983045],[-120.536875,48.983178],[-120.538045,48.983293],[-120.538615,48.983377],[-120.539117,48.98345],[-120.539774,48.983438],[-120.54088,48.983461],[-120.541657,48.983505],[-120.542252,48.983643],[-120.542586,48.983785],[-120.543009,48.984082],[-120.543313,48.984305],[-120.543479,48.983993],[-120.543852,48.984181],[-120.54408,48.984555],[-120.544422,48.984814],[-120.544723,48.98509],[-120.544941,48.985383],[-120.545028,48.985565],[-120.545129,48.985738],[-120.545706,48.986227],[-120.545927,48.986475],[-120.546091,48.986748],[-120.546115,48.98709],[-120.546033,48.987637],[-120.545942,48.987824],[-120.546541,48.987873],[-120.547028,48.987695],[-120.5475,48.987552],[-120.547797,48.98736],[-120.547981,48.98722],[-120.548422,48.987157],[-120.549388,48.987241],[-120.550317,48.987252],[-120.551292,48.987164],[-120.55254,48.987083],[-120.554519,48.986882],[-120.5557,48.986763],[-120.556548,48.986745],[-120.557083,48.98672],[-120.55732,48.986626],[-120.557627,48.986498],[-120.558023,48.98621],[-120.558788,48.985677],[-120.559385,48.985204],[-120.559785,48.984852],[-120.559976,48.984577],[-120.560104,48.984193],[-120.56006,48.98341],[-120.56009,48.982799],[-120.560017,48.982338],[-120.559958,48.982139],[-120.559941,48.981662],[-120.559946,48.981275],[-120.559919,48.980708],[-120.55988,48.980113],[-120.559729,48.97984],[-120.559614,48.979676],[-120.55963,48.979343],[-120.55978,48.978797],[-120.559782,48.978186],[-120.559773,48.977817],[-120.559568,48.977254],[-120.5594,48.976783],[-120.55914,48.976229],[-120.558974,48.975991],[-120.559056,48.975714],[-120.558841,48.97508],[-120.558686,48.974888],[-120.558794,48.974647],[-120.558699,48.974339],[-120.558698,48.974078],[-120.558738,48.973539],[-120.558764,48.973297],[-120.558908,48.973138],[-120.559243,48.972992],[-120.559755,48.973435],[-120.560082,48.97373],[-120.560634,48.973912],[-120.561175,48.974014],[-120.561868,48.9741],[-120.562338,48.973993],[-120.562774,48.973741],[-120.563211,48.973472],[-120.563482,48.973514],[-120.563737,48.9736],[-120.563797,48.97379],[-120.563839,48.974034],[-120.563995,48.974199],[-120.564205,48.974383],[-120.565295,48.974443],[-120.565837,48.974535],[-120.566108,48.974586],[-120.566435,48.9746],[-120.567169,48.974419],[-120.568713,48.973858],[-120.569214,48.973679],[-120.569426,48.973531],[-120.569791,48.973332],[-120.570347,48.973128],[-120.570677,48.973099],[-120.57101,48.973555],[-120.571398,48.974292],[-120.571608,48.974747],[-120.571866,48.975058],[-120.572064,48.974927],[-120.572385,48.974511],[-120.572742,48.974204],[-120.573118,48.973762],[-120.573515,48.973185],[-120.573762,48.972885],[-120.574064,48.972576],[-120.574502,48.972288],[-120.576005,48.971447],[-120.577015,48.970902],[-120.577878,48.970578],[-120.57817,48.970485],[-120.578458,48.970464],[-120.578821,48.970589],[-120.579214,48.970651],[-120.579501,48.970648],[-120.580656,48.97051],[-120.580942,48.970516],[-120.581309,48.970551],[-120.582655,48.970993],[-120.58342,48.97127],[-120.583895,48.971343],[-120.584306,48.971316],[-120.585354,48.97114],[-120.586279,48.970925],[-120.586517,48.970804],[-120.587327,48.970461],[-120.588192,48.970092],[-120.588611,48.969912],[-120.588899,48.969882],[-120.589309,48.969873],[-120.589669,48.96979],[-120.590038,48.969508],[-120.590403,48.969153],[-120.590574,48.969323],[-120.591002,48.968986],[-120.591173,48.96921],[-120.591515,48.969042],[-120.592029,48.968418],[-120.592115,48.968195],[-120.592286,48.968028],[-120.592799,48.967463],[-120.592627,48.966672],[-120.592712,48.96639],[-120.593569,48.965828],[-120.594167,48.965035],[-120.59451,48.964642],[-120.595279,48.96419],[-120.595707,48.964023],[-120.595964,48.963907],[-120.597077,48.963287],[-120.597162,48.963006],[-120.597933,48.962837],[-120.598618,48.962838],[-120.59956,48.962723],[-120.599987,48.96261],[-120.60033,48.962442],[-120.601271,48.96216],[-120.602127,48.961935],[-120.603241,48.961706],[-120.60384,48.961426],[-120.604267,48.961314],[-120.60461,48.961141],[-120.605038,48.960862],[-120.605209,48.960465],[-120.606407,48.960238],[-120.606749,48.959845],[-120.60769,48.959621],[-120.608034,48.959449],[-120.608118,48.959225],[-120.608718,48.958999],[-120.60846,48.958549],[-120.608032,48.958211],[-120.607346,48.957927],[-120.607089,48.95776],[-120.606833,48.957476],[-120.607088,48.956914],[-120.607259,48.956517],[-120.607515,48.956122],[-120.607773,48.956011],[-120.607944,48.955843],[-120.608628,48.955502],[-120.609056,48.95539],[-120.609398,48.955334],[-120.610168,48.955053],[-120.611196,48.954881],[-120.611452,48.954769],[-120.612223,48.954263],[-120.612479,48.954035],[-120.612736,48.95364],[-120.613163,48.953248],[-120.613591,48.953077],[-120.614105,48.953074],[-120.614532,48.952458],[-120.61496,48.952228],[-120.615644,48.95172],[-120.615815,48.951328],[-120.617355,48.950199],[-120.618723,48.949126],[-120.619322,48.948899],[-120.620263,48.948505],[-120.621033,48.948395],[-120.621718,48.948391],[-120.621975,48.948279],[-120.622232,48.948109],[-120.622573,48.947716],[-120.623343,48.947264],[-120.623856,48.946924],[-120.623941,48.946588],[-120.624369,48.945967],[-120.624796,48.945742],[-120.625224,48.945234],[-120.625395,48.944837],[-120.625992,48.943994],[-120.625735,48.94371],[-120.625563,48.943428],[-120.625649,48.943146],[-120.625734,48.942923],[-120.625904,48.942584],[-120.626279,48.942246],[-120.626536,48.941626],[-120.626879,48.941286],[-120.627136,48.940837],[-120.627136,48.940442],[-120.626281,48.939875],[-120.625901,48.93971],[-120.625729,48.939369],[-120.625471,48.938918],[-120.625471,48.938693],[-120.625727,48.938186],[-120.625898,48.937789],[-120.62581,48.936721],[-120.625639,48.936439],[-120.625381,48.935763],[-120.625381,48.935255],[-120.625637,48.934801],[-120.625893,48.934406],[-120.625893,48.934181],[-120.626149,48.933674],[-120.626232,48.931813],[-120.626059,48.930572],[-120.625888,48.930348],[-120.625802,48.929784],[-120.62563,48.929502],[-120.625458,48.929053],[-120.625542,48.928205],[-120.625798,48.927472],[-120.625797,48.927135],[-120.626053,48.926231],[-120.626053,48.925894],[-120.626052,48.925332],[-120.62588,48.925049],[-120.625537,48.924655],[-120.625366,48.924148],[-120.625793,48.923639],[-120.626206,48.923355],[-120.627832,48.922116],[-120.628004,48.921836],[-120.628432,48.921386],[-120.629459,48.921668],[-120.630057,48.92195],[-120.630314,48.922117],[-120.630827,48.922402],[-120.631426,48.922685],[-120.631426,48.923134],[-120.631597,48.923358],[-120.632196,48.923357],[-120.632794,48.923248],[-120.633822,48.923134],[-120.635362,48.923305],[-120.635789,48.923359],[-120.637244,48.923362],[-120.6381,48.923532],[-120.638785,48.923812],[-120.639896,48.924208],[-120.640239,48.924264],[-120.640581,48.924379],[-120.641095,48.924376],[-120.641694,48.924492],[-120.641865,48.924662],[-120.642207,48.924885],[-120.642463,48.924998],[-120.64349,48.925001],[-120.644089,48.925171],[-120.644602,48.925114],[-120.644945,48.924999],[-120.645715,48.924943],[-120.64734,48.925116],[-120.648368,48.925285],[-120.648796,48.925451],[-120.648966,48.925621],[-120.649224,48.925905],[-120.64948,48.926297],[-120.649994,48.926695],[-120.650335,48.926864],[-120.651362,48.926862],[-120.652132,48.926977],[-120.652732,48.927484],[-120.652903,48.92782],[-120.653074,48.928102],[-120.653416,48.92878],[-120.653758,48.929174],[-120.653757,48.929628],[-120.653928,48.930023],[-120.654357,48.930414],[-120.654613,48.930981],[-120.65487,48.931261],[-120.655042,48.931656],[-120.65547,48.932105],[-120.656581,48.93363],[-120.657693,48.934476],[-120.657779,48.93549],[-120.657608,48.935774],[-120.657779,48.936282],[-120.658036,48.936561],[-120.658293,48.937408],[-120.658207,48.937973],[-120.658121,48.938196],[-120.658292,48.938478],[-120.658635,48.938647],[-120.659148,48.938761],[-120.659405,48.938933],[-120.659576,48.939098],[-120.659662,48.939437],[-120.659918,48.939722],[-120.66026,48.940453],[-120.660518,48.940737],[-120.660774,48.940904],[-120.661459,48.941188],[-120.661887,48.9413],[-120.6624,48.941918],[-120.663,48.942258],[-120.663342,48.942989],[-120.663684,48.943388],[-120.664369,48.944004],[-120.665054,48.944963],[-120.665653,48.945474],[-120.665996,48.945643],[-120.666423,48.945868],[-120.666851,48.946263],[-120.667194,48.946599],[-120.667365,48.946431],[-120.667965,48.946826],[-120.668136,48.947333],[-120.668392,48.947842],[-120.668563,48.948012],[-120.66882,48.948125],[-120.669334,48.948405],[-120.670105,48.948799],[-120.671047,48.949137],[-120.671645,48.949365],[-120.672673,48.949872],[-120.672673,48.949647],[-120.673015,48.949591],[-120.673272,48.949816],[-120.673443,48.950099],[-120.6737,48.950324],[-120.673786,48.951055],[-120.674128,48.951111],[-120.674471,48.951563],[-120.674728,48.951843],[-120.674984,48.951956],[-120.675155,48.951735],[-120.675669,48.95179],[-120.676098,48.951902],[-120.676355,48.952069],[-120.676354,48.952411],[-120.676269,48.952805],[-120.676611,48.952974],[-120.677211,48.953143],[-120.677553,48.953312],[-120.679548,48.954086],[-120.680147,48.954165],[-120.680624,48.954202],[-120.681086,48.954247],[-120.681448,48.954398],[-120.682158,48.9547],[-120.682655,48.954881],[-120.683208,48.955036],[-120.683763,48.955147],[-120.684409,48.955348],[-120.684841,48.955474],[-120.685213,48.955689],[-120.685667,48.955923],[-120.686593,48.956274],[-120.687334,48.956496],[-120.688102,48.956736],[-120.689153,48.957045],[-120.689916,48.957393],[-120.690654,48.957678],[-120.691027,48.957883],[-120.691573,48.958191],[-120.692122,48.958427],[-120.692743,48.958601],[-120.693337,48.958757],[-120.693727,48.958891],[-120.694297,48.958965],[-120.696486,48.959207],[-120.697751,48.959313],[-120.698938,48.959355],[-120.699726,48.959452],[-120.700646,48.959641],[-120.701454,48.9599],[-120.702475,48.960289],[-120.703211,48.960619],[-120.703693,48.960835],[-120.704558,48.961032],[-120.705345,48.961156],[-120.706551,48.961378],[-120.707446,48.961522],[-120.708289,48.961619],[-120.709208,48.961539],[-120.709741,48.961531],[-120.710641,48.961567],[-120.711635,48.96165],[-120.712791,48.961754],[-120.713879,48.961856],[-120.714939,48.961985],[-120.715716,48.962037],[-120.716413,48.962032],[-120.717376,48.962177],[-120.717809,48.962267],[-120.71859,48.962516],[-120.71905,48.962624],[-120.71949,48.96257],[-120.720182,48.962377],[-120.720856,48.962273],[-120.721296,48.962219],[-120.722104,48.962172],[-120.722977,48.962189],[-120.723852,48.96218],[-120.724432,48.962047],[-120.724876,48.961912],[-120.725157,48.961737],[-120.725448,48.961635],[-120.726725,48.961804],[-120.727661,48.961949],[-120.728122,48.962039],[-120.72868,48.962077],[-120.729335,48.96209],[-120.729996,48.961995],[-120.730628,48.961908],[-120.731447,48.961924],[-120.732635,48.961948],[-120.733942,48.962036],[-120.734787,48.962089],[-120.735316,48.96218],[-120.735995,48.962275],[-120.736641,48.962494],[-120.737071,48.962629],[-120.737546,48.962701],[-120.737817,48.962769],[-120.738245,48.962958],[-120.739557,48.963262],[-120.740301,48.963421],[-120.741066,48.963724],[-120.741969,48.963714],[-120.742695,48.963665],[-120.743014,48.963573],[-120.743754,48.963218],[-120.744228,48.963003],[-120.744769,48.962806],[-120.745239,48.962708],[-120.745936,48.962703],[-120.746423,48.962812],[-120.745965,48.963262],[-120.746305,48.963304],[-120.746934,48.963281],[-120.747316,48.963288],[-120.74705,48.963445],[-120.746767,48.963664],[-120.746502,48.963785],[-120.746534,48.963974],[-120.74703,48.963894],[-120.74788,48.96383],[-120.74844,48.963823],[-120.748879,48.963786],[-120.749235,48.963775],[-120.749035,48.96396],[-120.748585,48.964239],[-120.748332,48.964396],[-120.749019,48.964311],[-120.749394,48.964174],[-120.74978,48.964101],[-120.74955,48.964357],[-120.749249,48.964666],[-120.7489,48.964839],[-120.748479,48.965083],[-120.749054,48.965049],[-120.74933,48.964992],[-120.749616,48.965024],[-120.749418,48.965164],[-120.74907,48.96532],[-120.74894,48.965479],[-120.749282,48.96545],[-120.749784,48.965225],[-120.750422,48.965013],[-120.750712,48.964956],[-120.750578,48.965205],[-120.750447,48.965382],[-120.750216,48.965648],[-120.750043,48.965851],[-120.749912,48.966038],[-120.750452,48.965877],[-120.750867,48.965768],[-120.751214,48.965649],[-120.751651,48.96564],[-120.75204,48.965503],[-120.752476,48.965233],[-120.753041,48.964821],[-120.753406,48.964603],[-120.753698,48.964501],[-120.754012,48.964489],[-120.754596,48.964564],[-120.755538,48.964897],[-120.756103,48.965097],[-120.756491,48.965275],[-120.757053,48.965538],[-120.757497,48.965691],[-120.757782,48.965741],[-120.758646,48.965677],[-120.759197,48.96558],[-120.75966,48.96531],[-120.759928,48.965108],[-120.760015,48.964705],[-120.760055,48.963797],[-120.76007,48.963464],[-120.759847,48.96265],[-120.759704,48.962189],[-120.75965,48.961873],[-120.759644,48.961387],[-120.759797,48.96103],[-120.760028,48.960738],[-120.760254,48.960571],[-120.760721,48.96022],[-120.760919,48.96008],[-120.761278,48.959997],[-120.762261,48.959701],[-120.76352,48.959348],[-120.764382,48.959023],[-120.765133,48.958704],[-120.765719,48.958437],[-120.766238,48.958132],[-120.766574,48.95795],[-120.766773,48.957783],[-120.766904,48.957596],[-120.76703,48.957239],[-120.767289,48.956947],[-120.767487,48.95678],[-120.767824,48.956579],[-120.768086,48.956521],[-120.768361,48.956482],[-120.768772,48.956769],[-120.768953,48.957006],[-120.769217,48.956606],[-120.76984,48.956411],[-120.770457,48.95636],[-120.770939,48.95628],[-120.771202,48.956186],[-120.771578,48.955725],[-120.771987,48.955751],[-120.772169,48.955944],[-120.772349,48.956208],[-120.772472,48.956525],[-120.772701,48.957204],[-120.772838,48.957504],[-120.772993,48.957696],[-120.773178,48.957843],[-120.773461,48.957939],[-120.773952,48.957948],[-120.774786,48.957937],[-120.775554,48.957853],[-120.776392,48.957762],[-120.777107,48.957649],[-120.777754,48.957536],[-120.778284,48.957312],[-120.778701,48.957149],[-120.779162,48.956906],[-120.779532,48.956572],[-120.77958,48.956114],[-120.779597,48.955727],[-120.779538,48.955519],[-120.77926,48.955325],[-120.778986,48.955041],[-120.778785,48.954641],[-120.77864,48.954215],[-120.778457,48.954023],[-120.778232,48.953865],[-120.778027,48.953547],[-120.777891,48.952932],[-120.777715,48.952587],[-120.777347,48.952265],[-120.776786,48.951975],[-120.776251,48.951713],[-120.776,48.951519],[-120.775848,48.951246],[-120.775418,48.950788],[-120.775208,48.950595],[-120.774859,48.950463],[-120.774609,48.950251],[-120.774538,48.949692],[-120.774116,48.949351],[-120.773769,48.949155],[-120.77339,48.949085],[-120.773164,48.948954],[-120.772768,48.94865],[-120.772472,48.948536],[-120.772048,48.948249],[-120.771853,48.94802],[-120.771427,48.947778],[-120.771016,48.947491],[-120.770738,48.947297],[-120.770678,48.947107],[-120.770567,48.946853],[-120.770238,48.946253],[-120.76997,48.945825],[-120.769791,48.945569],[-120.769355,48.945219],[-120.769101,48.945115],[-120.768951,48.944789],[-120.768836,48.944624],[-120.76861,48.944467],[-120.768525,48.944232],[-120.768324,48.94385],[-120.767896,48.943338],[-120.767461,48.942987],[-120.767157,48.942748],[-120.767005,48.942493],[-120.766949,48.942213],[-120.767026,48.942025],[-120.766876,48.941707],[-120.766776,48.941202],[-120.766667,48.940588],[-120.766663,48.940057],[-120.766529,48.93938],[-120.766384,48.938972],[-120.766179,48.938671],[-120.76595,48.938289],[-120.765717,48.93769],[-120.765411,48.937199],[-120.765268,48.936737],[-120.765009,48.93612],[-120.764719,48.935566],[-120.764418,48.934984],[-120.764154,48.934457],[-120.763703,48.933243],[-120.763403,48.932643],[-120.763325,48.932237],[-120.763361,48.932049],[-120.76347,48.931754],[-120.763458,48.931394],[-120.763348,48.931122],[-120.762768,48.930346],[-120.762522,48.930044],[-120.762275,48.929464],[-120.762103,48.92902],[-120.762018,48.928802],[-120.761961,48.928531],[-120.762135,48.928318],[-120.762444,48.927821],[-120.762782,48.927575],[-120.7633,48.927288],[-120.76376,48.927081],[-120.764378,48.927012],[-120.764861,48.926915],[-120.765149,48.926856],[-120.765701,48.926723],[-120.765788,48.926914],[-120.765299,48.927174],[-120.764674,48.927414],[-120.764379,48.927606],[-120.764148,48.927872],[-120.764559,48.927835],[-120.765153,48.927702],[-120.765635,48.927604],[-120.766508,48.927306],[-120.766935,48.927233],[-120.766656,48.927668],[-120.767143,48.927462],[-120.767341,48.927304],[-120.767671,48.927247],[-120.767541,48.927407],[-120.767885,48.92735],[-120.768294,48.927061],[-120.768307,48.927385],[-120.768603,48.927175],[-120.768841,48.927054],[-120.769231,48.926873],[-120.768886,48.927271],[-120.768712,48.927492],[-120.769141,48.927357],[-120.769671,48.927115],[-120.770232,48.926784],[-120.770455,48.926662],[-120.770414,48.926976],[-120.770899,48.926824],[-120.771288,48.92666],[-120.771584,48.92645],[-120.771791,48.926094],[-120.772008,48.925532],[-120.772193,48.925049],[-120.772191,48.924474],[-120.772111,48.924139],[-120.771818,48.923351],[-120.771731,48.922548],[-120.771634,48.921971],[-120.77162,48.921656],[-120.771748,48.921244],[-120.771882,48.920986],[-120.771591,48.921088],[-120.771504,48.920898],[-120.771253,48.92101],[-120.771289,48.920822],[-120.771728,48.92047],[-120.772057,48.920126],[-120.772383,48.919862],[-120.772597,48.919641],[-120.772741,48.919473],[-120.773031,48.919407],[-120.773553,48.919345],[-120.773917,48.919442],[-120.774198,48.919564],[-120.774183,48.919294],[-120.773904,48.919109],[-120.773503,48.91893],[-120.773347,48.918756],[-120.773186,48.918375],[-120.772983,48.91802],[-120.772711,48.917709],[-120.772407,48.917478],[-120.771994,48.916931],[-120.771703,48.91643],[-120.771331,48.915883],[-120.771038,48.91541],[-120.771076,48.915176],[-120.771423,48.915057],[-120.771659,48.914963],[-120.771586,48.914754],[-120.771339,48.914489],[-120.771067,48.914151],[-120.770869,48.914012],[-120.770601,48.913899],[-120.770408,48.913625],[-120.770396,48.913274],[-120.770377,48.912788],[-120.770177,48.912073],[-120.770048,48.911279],[-120.7701,48.91074],[-120.770224,48.910401],[-120.770491,48.910235],[-120.770835,48.91017],[-120.771107,48.909878],[-120.771288,48.909486],[-120.77145,48.909228],[-120.771907,48.909084],[-120.772118,48.908935],[-120.772611,48.908594],[-120.773359,48.908041],[-120.773962,48.907675],[-120.77444,48.907351],[-120.774906,48.907],[-120.77539,48.90656],[-120.775714,48.906341],[-120.776192,48.906332],[-120.777498,48.90643],[-120.778151,48.906478],[-120.778439,48.90643],[-120.777923,48.906078],[-120.777581,48.905774],[-120.776946,48.90533],[-120.776258,48.904831],[-120.776008,48.90462],[-120.775964,48.904394],[-120.776315,48.903564],[-120.776476,48.903009],[-120.776488,48.902739],[-120.776389,48.902495],[-120.776173,48.90214],[-120.775901,48.90181],[-120.775663,48.901635],[-120.775356,48.901485],[-120.775373,48.901108],[-120.775176,48.900933],[-120.774758,48.900808],[-120.774566,48.900525],[-120.77452,48.900335],[-120.774271,48.900106],[-120.773715,48.899717],[-120.773386,48.89945],[-120.773114,48.899112],[-120.772996,48.898696],[-120.772842,48.89818],[-120.772695,48.897808],[-120.772424,48.897443],[-120.772091,48.897266],[-120.771666,48.897014],[-120.771335,48.896783],[-120.771211,48.896502],[-120.771219,48.896313],[-120.771147,48.896087],[-120.771157,48.89588],[-120.771276,48.895639],[-120.771264,48.895315],[-120.771247,48.895072],[-120.771329,48.894453],[-120.771376,48.894004],[-120.77128,48.893723],[-120.771167,48.893496],[-120.770815,48.893129],[-120.770543,48.892809],[-120.770419,48.892519],[-120.769774,48.891085],[-120.769217,48.890112],[-120.768909,48.889359],[-120.768605,48.888525],[-120.768352,48.887765],[-120.768005,48.88729],[-120.767927,48.886911],[-120.767973,48.88648],[-120.767906,48.886146],[-120.76772,48.885728],[-120.767489,48.8854],[-120.767238,48.885206],[-120.766877,48.885055],[-120.766474,48.884912],[-120.766162,48.88487],[-120.765761,48.884988],[-120.765607,48.884778],[-120.765048,48.885074],[-120.764811,48.885195],[-120.764465,48.885305],[-120.764014,48.885314],[-120.763501,48.885196],[-120.762511,48.88506],[-120.762174,48.884982],[-120.761846,48.884688],[-120.762044,48.884529],[-120.76246,48.884367],[-120.762581,48.884099],[-120.762304,48.883896],[-120.762288,48.883643],[-120.7625,48.883486],[-120.762489,48.883108],[-120.76267,48.882715],[-120.762964,48.88255],[-120.763417,48.882487],[-120.764049,48.8824],[-120.763865,48.882235],[-120.763318,48.88226],[-120.763034,48.882218],[-120.763299,48.882089],[-120.763671,48.882006],[-120.763255,48.881845],[-120.762947,48.88179],[-120.762197,48.881753],[-120.761853,48.881767],[-120.762163,48.881562],[-120.762685,48.881481],[-120.762224,48.881333],[-120.761891,48.881293],[-120.76244,48.881203],[-120.76188,48.880965],[-120.761436,48.880899],[-120.761078,48.880941],[-120.760682,48.881047],[-120.760353,48.881134],[-120.760068,48.881275],[-120.760015,48.880921],[-120.760033,48.880647],[-120.760022,48.880338],[-120.75997,48.880038],[-120.759838,48.879831],[-120.75975,48.879659],[-120.759343,48.879322],[-120.758856,48.878925],[-120.758335,48.878385],[-120.757756,48.877905],[-120.757299,48.877456],[-120.757002,48.87709],[-120.756735,48.876653],[-120.75639,48.876125],[-120.756042,48.875686],[-120.755598,48.875227],[-120.755006,48.874668],[-120.753749,48.87303],[-120.753232,48.872455],[-120.752574,48.8718],[-120.752177,48.871497],[-120.752006,48.871354],[-120.751812,48.871197],[-120.751663,48.870995],[-120.75205,48.871016],[-120.752707,48.87127],[-120.753312,48.87158],[-120.753708,48.871856],[-120.753908,48.872053],[-120.754052,48.872243],[-120.753886,48.871683],[-120.752974,48.870602],[-120.752397,48.870273],[-120.751566,48.869813],[-120.751283,48.869616],[-120.751057,48.869447],[-120.750534,48.8691],[-120.750097,48.868842],[-120.749595,48.868686],[-120.749288,48.86859],[-120.749836,48.868482],[-120.750503,48.868618],[-120.751186,48.868808],[-120.751732,48.869009],[-120.752054,48.86914],[-120.752946,48.869589],[-120.753215,48.869675],[-120.753524,48.869762],[-120.752968,48.869391],[-120.75244,48.869012],[-120.752118,48.868574],[-120.751985,48.868211],[-120.751805,48.867956],[-120.751316,48.867614],[-120.750918,48.867045],[-120.750468,48.866802],[-120.750091,48.866684],[-120.749437,48.86653],[-120.748686,48.86636],[-120.748029,48.866124],[-120.74723,48.865771],[-120.746137,48.865287],[-120.745521,48.865023],[-120.745172,48.864919],[-120.744913,48.864613],[-120.744711,48.864352],[-120.744213,48.863932],[-120.743862,48.863764],[-120.743401,48.863598],[-120.742874,48.863524],[-120.74269,48.863381],[-120.742518,48.863211],[-120.742246,48.862905],[-120.742125,48.862607],[-120.74195,48.862327],[-120.741886,48.862082],[-120.741794,48.861829],[-120.741796,48.861464],[-120.741841,48.861181],[-120.742026,48.86055],[-120.742124,48.860185],[-120.742118,48.859998],[-120.742524,48.859345],[-120.742697,48.859163],[-120.742926,48.858643],[-120.743317,48.858364],[-120.743735,48.858094],[-120.744105,48.857997],[-120.744533,48.857626],[-120.744997,48.857464],[-120.745934,48.857414],[-120.746694,48.857448],[-120.747336,48.857274],[-120.747661,48.857078],[-120.747904,48.856929],[-120.747991,48.857456],[-120.747836,48.857759],[-120.748244,48.857589],[-120.748632,48.857246],[-120.748766,48.857076],[-120.748781,48.857562],[-120.748705,48.857736],[-120.748695,48.857939],[-120.74881,48.858278],[-120.748841,48.858498],[-120.748914,48.858673],[-120.749161,48.858441],[-120.749347,48.858202],[-120.749671,48.857736],[-120.750016,48.85713],[-120.750022,48.856333],[-120.749788,48.855762],[-120.749519,48.855082],[-120.748981,48.854298],[-120.748475,48.853739],[-120.748419,48.853468],[-120.748244,48.852799],[-120.748145,48.85259],[-120.748064,48.852256],[-120.748055,48.85185],[-120.748045,48.851463],[-120.748022,48.851058],[-120.747842,48.850218],[-120.747603,48.849458],[-120.747459,48.849041],[-120.747524,48.848799],[-120.747481,48.848537],[-120.74715,48.848018],[-120.746921,48.847357],[-120.746918,48.847105],[-120.746689,48.84675],[-120.746608,48.846118],[-120.746447,48.845764],[-120.746205,48.845085],[-120.746054,48.844794],[-120.745962,48.844414],[-120.74569,48.844112],[-120.745278,48.843249],[-120.745072,48.842678],[-120.744851,48.842458],[-120.744378,48.842368],[-120.743564,48.84228],[-120.742446,48.842285],[-120.741754,48.842209],[-120.740928,48.842084],[-120.740498,48.841941],[-120.739859,48.841605],[-120.739,48.841021],[-120.738606,48.840689],[-120.738324,48.840594],[-120.738011,48.840588],[-120.737675,48.840482],[-120.73724,48.840456],[-120.736679,48.840202],[-120.737142,48.840211],[-120.737766,48.840259],[-120.738165,48.840177],[-120.738431,48.840029],[-120.738914,48.840192],[-120.739578,48.840277],[-120.73994,48.840419],[-120.740538,48.840466],[-120.740951,48.840375],[-120.741265,48.840364],[-120.741575,48.840433],[-120.742137,48.840669],[-120.742449,48.840693],[-120.742791,48.840663],[-120.743316,48.840521],[-120.743836,48.840477],[-120.744207,48.840403],[-120.744567,48.840275],[-120.745019,48.84023],[-120.745335,48.840164],[-120.745931,48.839942],[-120.746249,48.83984],[-120.746825,48.839771],[-120.747313,48.839825],[-120.747993,48.839856],[-120.748364,48.839801],[-120.748695,48.839717],[-120.749147,48.839654],[-120.750157,48.839629],[-120.750674,48.839639],[-120.751125,48.839612],[-120.751626,48.839702],[-120.752296,48.83994],[-120.752833,48.84014],[-120.753137,48.840353],[-120.753385,48.840591],[-120.753683,48.84093],[-120.753866,48.841411],[-120.754068,48.84208],[-120.754139,48.842325],[-120.754392,48.843067],[-120.754478,48.843276],[-120.755037,48.842963],[-120.755538,48.842424],[-120.756011,48.842226],[-120.756395,48.841856],[-120.75684,48.841657],[-120.757507,48.841382],[-120.757844,48.841146],[-120.758072,48.840944],[-120.758645,48.840307],[-120.759338,48.839754],[-120.760228,48.839051],[-120.760496,48.838832],[-120.76064,48.838663],[-120.760765,48.839233],[-120.760533,48.83984],[-120.760405,48.840269],[-120.760366,48.840529],[-120.760375,48.840952],[-120.760531,48.841108],[-120.760688,48.840959],[-120.760993,48.840524],[-120.761278,48.839944],[-120.761577,48.839653],[-120.761845,48.83947],[-120.762193,48.839305],[-120.762419,48.839436],[-120.762376,48.839777],[-120.762312,48.839982],[-120.762575,48.839898],[-120.762871,48.839678],[-120.76319,48.839568],[-120.76353,48.839574],[-120.76382,48.839481],[-120.76357,48.839287],[-120.763526,48.839061],[-120.763594,48.838739],[-120.763606,48.838478],[-120.763486,48.838116],[-120.763612,48.837722],[-120.763775,48.837438],[-120.763905,48.836972],[-120.764128,48.836554],[-120.764602,48.836014],[-120.764901,48.835723],[-120.765085,48.835556],[-120.765421,48.835067],[-120.766081,48.834325],[-120.766597,48.83375],[-120.767069,48.833246],[-120.767351,48.832721],[-120.767597,48.832402],[-120.767898,48.832066],[-120.76817,48.831774],[-120.768156,48.831468],[-120.76809,48.831125],[-120.767844,48.830823],[-120.767454,48.830411],[-120.767209,48.830091],[-120.76714,48.829802],[-120.767074,48.829458],[-120.767045,48.829179],[-120.767152,48.828929],[-120.767336,48.828465],[-120.767525,48.828199],[-120.767561,48.82801],[-120.767635,48.827553],[-120.767828,48.827197],[-120.768509,48.826598],[-120.768996,48.826059],[-120.769297,48.825723],[-120.769419,48.825446],[-120.769435,48.825087],[-120.769454,48.824637],[-120.769642,48.824407],[-120.770008,48.823829],[-120.770172,48.823509],[-120.770322,48.823215],[-120.77048,48.823029],[-120.770745,48.822881],[-120.77113,48.823113],[-120.771429,48.823443],[-120.771709,48.823583],[-120.77198,48.823903],[-120.772205,48.824061],[-120.772432,48.824164],[-120.773024,48.824346],[-120.77348,48.824499],[-120.773852,48.825019],[-120.773994,48.825193],[-120.774212,48.824891],[-120.774499,48.824258],[-120.774696,48.824109],[-120.774943,48.824383],[-120.775129,48.824801],[-120.775496,48.825429],[-120.775691,48.825657],[-120.776241,48.825542],[-120.776613,48.82545],[-120.77723,48.825354],[-120.777545,48.825333],[-120.777999,48.825234],[-120.778647,48.825058],[-120.779719,48.824853],[-120.780062,48.824797],[-120.780525,48.824788],[-120.781072,48.824745],[-120.781528,48.8246],[-120.782495,48.824313],[-120.782864,48.824284],[-120.783184,48.824137],[-120.7834,48.823881],[-120.783723,48.823662],[-120.784247,48.823519],[-120.78497,48.823497],[-120.78557,48.823491],[-120.786067,48.823329],[-120.786564,48.823186],[-120.787164,48.823179],[-120.78761,48.82326],[-120.78794,48.823194],[-120.788426,48.822979],[-120.788715,48.822921],[-120.789096,48.822928],[-120.789828,48.823023],[-120.790603,48.823056],[-120.791293,48.823169],[-120.79209,48.82331],[-120.792531,48.823507],[-120.79288,48.823631],[-120.793928,48.823651],[-120.794036,48.823995],[-120.794642,48.823835],[-120.794934,48.823706],[-120.79489,48.824083],[-120.79526,48.824036],[-120.795666,48.823477],[-120.795907,48.823275],[-120.796077,48.823125],[-120.796205,48.823613],[-120.796097,48.823917],[-120.796519,48.823619],[-120.796757,48.823462],[-120.796954,48.823313],[-120.797311,48.823257],[-120.797936,48.823296],[-120.798655,48.823363],[-120.799534,48.823533],[-120.800017,48.823686],[-120.800582,48.823868],[-120.801405,48.824037],[-120.802378,48.824532],[-120.803033,48.824841],[-120.803757,48.825107],[-120.803976,48.82539],[-120.804249,48.825683],[-120.804842,48.82583],[-120.80559,48.825862],[-120.806682,48.82582],[-120.807772,48.825822],[-120.808654,48.825911],[-120.810716,48.825806],[-120.811982,48.82583],[-120.812639,48.825762],[-120.813045,48.825824],[-120.813462,48.825966],[-120.81471,48.826404],[-120.815187,48.826701],[-120.815828,48.827001],[-120.816516,48.827176],[-120.817881,48.827436],[-120.818786,48.827606],[-120.819208,48.827632],[-120.819619,48.827576],[-120.820716,48.827408],[-120.821399,48.827385],[-120.822669,48.827319],[-120.823504,48.827218],[-120.824314,48.82708],[-120.825291,48.826856],[-120.826075,48.8267],[-120.827434,48.826456],[-120.828325,48.826328],[-120.829023,48.826261],[-120.829935,48.826296],[-120.831258,48.826267],[-120.832236,48.826339],[-120.833308,48.82644],[-120.834021,48.826328],[-120.834777,48.826189],[-120.835356,48.826029],[-120.835847,48.825696],[-120.836299,48.825327],[-120.836423,48.824987],[-120.836403,48.824798],[-120.835972,48.824376],[-120.835726,48.824083],[-120.835711,48.823786],[-120.835835,48.823447],[-120.836046,48.82328],[-120.83677,48.822933],[-120.837844,48.822675],[-120.838317,48.82245],[-120.838849,48.822118],[-120.839667,48.821773],[-120.840776,48.821344],[-120.841467,48.821114],[-120.843228,48.820715],[-120.843912,48.820656],[-120.844212,48.820644],[-120.844509,48.820397],[-120.845076,48.819886],[-120.845729,48.819251],[-120.846556,48.818717],[-120.847702,48.818037],[-120.848643,48.817398],[-120.849287,48.816987],[-120.84994,48.816684],[-120.85066,48.81641],[-120.850981,48.816245],[-120.851616,48.815726],[-120.852108,48.815357],[-120.852506,48.814978],[-120.852715,48.81455],[-120.852986,48.814267],[-120.853258,48.813957],[-120.853448,48.813655],[-120.853521,48.813224],[-120.853593,48.812821],[-120.853704,48.812445],[-120.853715,48.812184],[-120.854144,48.812039],[-120.855096,48.812075],[-120.855574,48.812048],[-120.855977,48.812172],[-120.856895,48.812675],[-120.857428,48.812955],[-120.857847,48.813359],[-120.858096,48.813588],[-120.858376,48.813746],[-120.859023,48.813893],[-120.859427,48.814009],[-120.860273,48.814294],[-120.860888,48.814567],[-120.861115,48.81467],[-120.861436,48.814505],[-120.861953,48.814514],[-120.862421,48.814388],[-120.862693,48.814087],[-120.862873,48.813695],[-120.863237,48.813477],[-120.863693,48.813314],[-120.864039,48.813186],[-120.864398,48.813084],[-120.864918,48.813013],[-120.865809,48.812877],[-120.866354,48.812887],[-120.866843,48.812923],[-120.867382,48.813059],[-120.867879,48.813221],[-120.868593,48.813423],[-120.86908,48.813486],[-120.869596,48.81354],[-120.870142,48.813506],[-120.870485,48.813458],[-120.871311,48.813554],[-120.871768,48.813706],[-120.872159,48.813813],[-120.8727,48.813895],[-120.873183,48.814074],[-120.873776,48.81422],[-120.874291,48.814293],[-120.87493,48.814323],[-120.875294,48.81441],[-120.875659,48.814471],[-120.876039,48.814514],[-120.876734,48.8145],[-120.877141,48.814534],[-120.877996,48.814622],[-120.878641,48.814823],[-120.879232,48.815023],[-120.8798,48.815132],[-120.880437,48.815198],[-120.881115,48.815282],[-120.882174,48.815365],[-120.882827,48.815395],[-120.883496,48.815362],[-120.884204,48.815357],[-120.884639,48.815383],[-120.884895,48.815451],[-120.885486,48.81565],[-120.886357,48.81599],[-120.886783,48.816223],[-120.887265,48.816421],[-120.887763,48.816565],[-120.888914,48.81673],[-120.890025,48.816885],[-120.890569,48.816913],[-120.891454,48.816911],[-120.892723,48.816881],[-120.893459,48.816858],[-120.894863,48.816848],[-120.895573,48.816816],[-120.896042,48.816671],[-120.89631,48.816451],[-120.896472,48.816157],[-120.896539,48.815853],[-120.896378,48.815472],[-120.896021,48.815222],[-120.89549,48.814889],[-120.895239,48.814695],[-120.895247,48.814507],[-120.895572,48.814225],[-120.895887,48.814194],[-120.896482,48.814304],[-120.897306,48.814463],[-120.897766,48.814534],[-120.898391,48.814582],[-120.898906,48.814645],[-120.899337,48.814752],[-120.900009,48.814971],[-120.900868,48.815608],[-120.90129,48.815939],[-120.902331,48.816453],[-120.903475,48.817131],[-120.904125,48.817538],[-120.904818,48.817911],[-120.905355,48.818109],[-120.906014,48.81831],[-120.906349,48.818451],[-120.906421,48.818678],[-120.906558,48.818986],[-120.906454,48.819191],[-120.90662,48.819464],[-120.907073,48.819697],[-120.907994,48.820164],[-120.908474,48.820406],[-120.908834,48.820602],[-120.90917,48.820716],[-120.909497,48.820722],[-120.909782,48.820745],[-120.910396,48.821044],[-120.910494,48.821307],[-120.911208,48.821508],[-120.911804,48.821582],[-120.912349,48.821592],[-120.912759,48.821555],[-120.913578,48.821857],[-120.914113,48.822092],[-120.914326,48.822213],[-120.914014,48.822189],[-120.914211,48.822364],[-120.914337,48.822591],[-120.914742,48.822688],[-120.91525,48.822931],[-120.915787,48.82313],[-120.916119,48.823325],[-120.916595,48.823666],[-120.916888,48.823842],[-120.917319,48.823958],[-120.917503,48.824114],[-120.917842,48.824498],[-120.918193,48.824901],[-120.918473,48.825059],[-120.918839,48.825083],[-120.918717,48.825405],[-120.919002,48.825428],[-120.919199,48.825621],[-120.919623,48.825574],[-120.919449,48.825832],[-120.919787,48.825901],[-120.92015,48.826016],[-120.920937,48.826408],[-120.921566,48.826689],[-120.922036,48.826868],[-120.922326,48.826775],[-120.923124,48.826906],[-120.923635,48.827068],[-120.924173,48.827249],[-120.92433,48.827081],[-120.924798,48.827296],[-120.925226,48.827493],[-120.925616,48.827608],[-120.926157,48.827698],[-120.926983,48.827839],[-120.927591,48.827967],[-120.928006,48.828127],[-120.928381,48.828287],[-120.929119,48.828237],[-120.930007,48.828181],[-120.930622,48.828156],[-120.931043,48.828182],[-120.931503,48.828262],[-120.932073,48.828317],[-120.932505,48.828415],[-120.933,48.828631],[-120.933289,48.828564],[-120.933445,48.828414],[-120.933761,48.828348],[-120.934243,48.828563],[-120.935081,48.828389],[-120.9354,48.82826],[-120.935863,48.828268],[-120.936283,48.82833],[-120.936636,48.828372],[-120.937062,48.828272],[-120.9375,48.828226],[-120.93789,48.828341],[-120.938434,48.828386],[-120.939038,48.828271],[-120.939735,48.828221],[-120.940252,48.82823],[-120.940926,48.828413],[-120.941329,48.828555],[-120.941839,48.828753],[-120.942193,48.828805],[-120.94249,48.828819],[-120.942906,48.828637],[-120.943363,48.828474],[-120.943854,48.828447],[-120.944339,48.828591],[-120.944826,48.828671],[-120.94537,48.828699],[-120.946341,48.828626],[-120.947035,48.828639],[-120.947485,48.828629],[-120.947922,48.828619],[-120.948259,48.828697],[-120.948693,48.82874],[-120.948933,48.828538],[-120.949215,48.827994],[-120.949565,48.827757],[-120.949858,48.827573],[-120.950327,48.827447],[-120.951216,48.827364],[-120.951959,48.827188],[-120.953383,48.827006],[-120.953896,48.826791],[-120.954231,48.826608],[-120.953539,48.826523],[-120.953201,48.826472],[-120.952948,48.826324],[-120.953044,48.825966],[-120.953203,48.825762],[-120.953523,48.825596],[-120.95384,48.825503],[-120.954162,48.825284],[-120.954557,48.824949],[-120.954755,48.824781],[-120.955225,48.824619],[-120.955463,48.824452],[-120.955737,48.824097],[-120.956115,48.823843],[-120.956615,48.8236],[-120.957166,48.823466],[-120.957948,48.823327],[-120.958577,48.823257],[-120.960034,48.823283],[-120.960807,48.823377],[-120.961436,48.823334],[-120.962239,48.823349],[-120.963171,48.823212],[-120.963677,48.823158],[-120.964287,48.823232],[-120.965016,48.823398],[-120.965473,48.82355],[-120.965672,48.823706],[-120.965922,48.823917],[-120.96649,48.824017],[-120.966774,48.824067],[-120.966944,48.824241],[-120.967366,48.824249],[-120.967863,48.824105],[-120.968276,48.823995],[-120.968699,48.823984],[-120.96924,48.824066],[-120.969696,48.824245],[-120.969982,48.824268],[-120.970811,48.82431],[-120.971742,48.824533],[-120.972149,48.824576],[-120.972375,48.824715],[-120.972528,48.824979],[-120.972615,48.825187],[-120.973055,48.82542],[-120.973359,48.825659],[-120.973577,48.825996],[-120.974993,48.826362],[-120.976246,48.826708],[-120.977376,48.827088],[-120.978455,48.82735],[-120.979249,48.827598],[-120.980071,48.827837],[-120.980638,48.827955],[-120.981413,48.827995],[-120.981956,48.828059],[-120.982813,48.828092],[-120.983178,48.828152],[-120.983502,48.828239],[-120.983743,48.828333],[-120.984036,48.828509],[-120.984187,48.828818],[-120.984349,48.829198],[-120.984678,48.829483],[-120.985019,48.829489],[-120.985743,48.82943],[-120.986721,48.829186],[-120.987889,48.828936],[-120.988838,48.82871],[-120.989622,48.828544],[-120.990053,48.828326],[-120.990519,48.828253],[-120.991171,48.82831],[-120.991043,48.828092],[-120.99064,48.827941],[-120.990623,48.827706],[-120.991005,48.827695],[-120.992,48.827677],[-120.992803,48.827708],[-120.993662,48.827687],[-120.994264,48.827626],[-120.994725,48.827688],[-120.995318,48.827851],[-120.995951,48.828033],[-120.996338,48.828229],[-120.996798,48.828327],[-120.997448,48.828419],[-120.997933,48.828553],[-120.998268,48.828668],[-120.998853,48.829064],[-120.999129,48.82933],[-120.999352,48.82955],[-120.999784,48.829647],[-121.000009,48.829804],[-121.00039,48.830171],[-121.000809,48.830592],[-121.000966,48.830747],[-121.000981,48.83037],[-121.000893,48.829855],[-121.000828,48.829422],[-121.000918,48.829217],[-121.001224,48.829411],[-121.001494,48.829479],[-121.00141,48.829181],[-121.001463,48.828552],[-121.001514,48.828292],[-121.001767,48.828089],[-121.002106,48.82814],[-121.002977,48.828506],[-121.003404,48.82872],[-121.004296,48.829258],[-121.004644,48.829426],[-121.005086,48.829613],[-121.005373,48.8296],[-121.00594,48.829376],[-121.006269,48.829328],[-121.006648,48.829406],[-121.007689,48.829946],[-121.007999,48.830032],[-121.008241,48.830118],[-121.008909,48.83012],[-121.009182,48.830431],[-121.009422,48.830579],[-121.010261,48.830728],[-121.010748,48.830809],[-121.011343,48.830936],[-121.011655,48.830968],[-121.011983,48.830947],[-121.012322,48.83098],[-121.012544,48.831217],[-121.012509,48.831766],[-121.012459,48.832008],[-121.012352,48.832303],[-121.012299,48.832608],[-121.011966,48.833088],[-121.012102,48.833441],[-121.012324,48.833697],[-121.012576,48.833872],[-121.013094,48.834205],[-121.013291,48.834379],[-121.01322,48.835143],[-121.013247,48.835494],[-121.013346,48.835748],[-121.013545,48.835886],[-121.013958,48.836136],[-121.01424,48.836231],[-121.014526,48.836254],[-121.014977,48.836216],[-121.015346,48.836187],[-121.015662,48.836111],[-121.016115,48.836047],[-121.016582,48.835947],[-121.016981,48.835855],[-121.017276,48.835986],[-121.017567,48.836189],[-121.017876,48.83632],[-121.017927,48.836735],[-121.017982,48.837087],[-121.018467,48.836537],[-121.018577,48.836161],[-121.018721,48.835957],[-121.018906,48.835771],[-121.019423,48.835438],[-121.020033,48.835188],[-121.020674,48.83483],[-121.020941,48.834619],[-121.021507,48.834421],[-121.021976,48.834295],[-121.022078,48.834125],[-121.022331,48.833923],[-121.022904,48.833915],[-121.02326,48.833867],[-121.023712,48.833812],[-121.024141,48.833648],[-121.024406,48.833491],[-121.024869,48.833139],[-121.025115,48.832792],[-121.025231,48.832614],[-121.025314,48.83222],[-121.025283,48.831985],[-121.025484,48.83171],[-121.025701,48.83139],[-121.025783,48.83104],[-121.025656,48.830822],[-121.025376,48.830664],[-121.025104,48.830633],[-121.024533,48.830596],[-121.024253,48.830456],[-121.024369,48.830269],[-121.024592,48.830138],[-121.02478,48.82988],[-121.024856,48.829666],[-121.025191,48.829465],[-121.025645,48.829355],[-121.026004,48.829245],[-121.026367,48.829026],[-121.026643,48.828914],[-121.026911,48.828684],[-121.027018,48.828398],[-121.027244,48.828195],[-121.027537,48.828011],[-121.027787,48.827899],[-121.028311,48.827746],[-121.028525,48.827488],[-121.028619,48.827193],[-121.028721,48.827006],[-121.028946,48.826848],[-121.029403,48.826649],[-121.029942,48.826469],[-121.030416,48.82618],[-121.031002,48.825839],[-121.03138,48.825585],[-121.031469,48.825397],[-121.031699,48.825095],[-121.031842,48.824918],[-121.032068,48.824715],[-121.032337,48.824809],[-121.032385,48.824621],[-121.032271,48.824395],[-121.032322,48.824134],[-121.032479,48.823948],[-121.032665,48.823717],[-121.032915,48.823605],[-121.033237,48.823385],[-121.033563,48.823076],[-121.033679,48.82288],[-121.033773,48.822567],[-121.033781,48.82236],[-121.033714,48.82199],[-121.033627,48.821773],[-121.033636,48.821197],[-121.033619,48.820936],[-121.033768,48.820623],[-121.033816,48.820426],[-121.033702,48.820208],[-121.033668,48.820028],[-121.033717,48.819822],[-121.033808,48.81959],[-121.034174,48.81929],[-121.034349,48.818987],[-121.034425,48.818781],[-121.034474,48.818575],[-121.03442,48.818223],[-121.034401,48.818007],[-121.034792,48.817429],[-121.034952,48.817153],[-121.035137,48.816949],[-121.03523,48.816672],[-121.035361,48.816467],[-121.035547,48.816236],[-121.035683,48.815888],[-121.035787,48.815656],[-121.035998,48.815497],[-121.036451,48.815046],[-121.036624,48.814815],[-121.036922,48.814514],[-121.037011,48.814327],[-121.037087,48.814112],[-121.03751,48.81376],[-121.037673,48.813421],[-121.037736,48.813197],[-121.037875,48.812785],[-121.03798,48.812517],[-121.038032,48.812248],[-121.038005,48.811879],[-121.038044,48.81125],[-121.038056,48.810935],[-121.037981,48.810754],[-121.038102,48.810459],[-121.038004,48.81017],[-121.037875,48.809987],[-121.037991,48.8098],[-121.038229,48.809634],[-121.038214,48.809318],[-121.038078,48.808983],[-121.03791,48.808746],[-121.037448,48.808361],[-121.036969,48.808074],[-121.036716,48.807934],[-121.036858,48.807775],[-121.037286,48.80762],[-121.037615,48.807572],[-121.037984,48.807191],[-121.038237,48.80698],[-121.038517,48.806804],[-121.038807,48.806683],[-121.038991,48.806507],[-121.039217,48.806322],[-121.039361,48.806117],[-121.039783,48.805423],[-121.039914,48.805191],[-121.040035,48.804896],[-121.040445,48.804507],[-121.040979,48.804093],[-121.041349,48.803677],[-121.041646,48.803403],[-121.04192,48.803012],[-121.042027,48.802708],[-121.042152,48.802296],[-121.042254,48.802109],[-121.042107,48.80171],[-121.042005,48.801529],[-121.041879,48.801266],[-121.041832,48.800707],[-121.041768,48.800256],[-121.041572,48.800046],[-121.041511,48.799856],[-121.041374,48.79953],[-121.041205,48.799338],[-121.040516,48.79884],[-121.040167,48.7987],[-121.039832,48.798568],[-121.039731,48.798377],[-121.039154,48.798152],[-121.038737,48.798009],[-121.038362,48.797841],[-121.038049,48.797503],[-121.037954,48.79715],[-121.037791,48.796779],[-121.037805,48.79641],[-121.037725,48.796031],[-121.037625,48.795795],[-121.037199,48.795554],[-121.036315,48.79517],[-121.036074,48.795058],[-121.036085,48.794788],[-121.03661,48.79459],[-121.036837,48.794369],[-121.036803,48.79418],[-121.036681,48.793827],[-121.036544,48.793501],[-121.036422,48.793121],[-121.03643,48.792932],[-121.036412,48.792698],[-121.036221,48.792353],[-121.035988,48.792043],[-121.035806,48.791806],[-121.035389,48.791682],[-121.035234,48.791472],[-121.035006,48.791027],[-121.034894,48.790765],[-121.034743,48.790438],[-121.034618,48.790157],[-121.03438,48.789982],[-121.034023,48.789697],[-121.033502,48.789454],[-121.033061,48.78924],[-121.032612,48.788881],[-121.032267,48.788651],[-121.032068,48.788521],[-121.031444,48.788466],[-121.030941,48.78843],[-121.030494,48.788386],[-121.03006,48.788343],[-121.029649,48.78839],[-121.029386,48.788502],[-121.028742,48.788608],[-121.028469,48.788622],[-121.028414,48.788297],[-121.028538,48.787921],[-121.028506,48.787678],[-121.028363,48.787522],[-121.028304,48.787287],[-121.028315,48.787009],[-121.02805,48.786824],[-121.027801,48.786559],[-121.027292,48.78637],[-121.02705,48.786267],[-121.027129,48.785999],[-121.027101,48.785683],[-121.027055,48.785449],[-121.026814,48.785354],[-121.026439,48.785186],[-121.026188,48.785011],[-121.026059,48.784811],[-121.026137,48.784569],[-121.026534,48.784513],[-121.02718,48.784353],[-121.027416,48.78424],[-121.027491,48.784062],[-121.027608,48.783857],[-121.027684,48.783651],[-121.028026,48.783261],[-121.028142,48.783092],[-121.028217,48.782904],[-121.028027,48.78255],[-121.027953,48.782342],[-121.027826,48.782115],[-121.027806,48.781926],[-121.027804,48.78162],[-121.027788,48.781341],[-121.027797,48.781107],[-121.027591,48.780806],[-121.027561,48.780545],[-121.02737,48.780209],[-121.027274,48.779883],[-121.027079,48.779646],[-121.026808,48.779255],[-121.026535,48.778935],[-121.026434,48.778726],[-121.026164,48.778659],[-121.025884,48.77851],[-121.02587,48.778186],[-121.02577,48.77795],[-121.025571,48.777821],[-121.025287,48.777771],[-121.025273,48.777429],[-121.025521,48.77701],[-121.025819,48.776719],[-121.026104,48.776391],[-121.026372,48.776143],[-121.026518,48.775903],[-121.026754,48.77543],[-121.026954,48.774849],[-121.026982,48.77412],[-121.026916,48.773723],[-121.026788,48.773514],[-121.026458,48.773248],[-121.026208,48.773037],[-121.025925,48.77296],[-121.025576,48.772846],[-121.025102,48.772784],[-121.024732,48.772831],[-121.024569,48.772496],[-121.024309,48.772185],[-121.023934,48.772017],[-121.023721,48.771896],[-121.023165,48.771842],[-121.022547,48.771975],[-121.022202,48.772113],[-121.021961,48.771992],[-121.022064,48.771805],[-121.022113,48.77159],[-121.022065,48.771085],[-121.021186,48.770251],[-121.020879,48.770102],[-121.020574,48.769881],[-121.020301,48.769561],[-121.020023,48.769359],[-121.019463,48.76907],[-121.018928,48.768827],[-121.018498,48.768694],[-121.017863,48.768584],[-121.01727,48.768763],[-121.01676,48.768943],[-121.016406,48.768937],[-121.016135,48.768896],[-121.01581,48.768854],[-121.015391,48.768793],[-121.015303,48.768612],[-121.015432,48.768101],[-121.015302,48.767937],[-121.015204,48.767674],[-121.015279,48.767496],[-121.015383,48.767264],[-121.015331,48.766867],[-121.015143,48.766441],[-121.015004,48.766177],[-121.014809,48.765949],[-121.014494,48.765665],[-121.014435,48.76543],[-121.014519,48.765009],[-121.014435,48.764728],[-121.014138,48.764318],[-121.013869,48.7639],[-121.013435,48.763523],[-121.013319,48.763359],[-121.013265,48.762999],[-121.013317,48.762721],[-121.013335,48.762262],[-121.013387,48.761975],[-121.013305,48.76165],[-121.013347,48.761255],[-121.013364,48.760832],[-121.013638,48.760441],[-121.01372,48.760092],[-121.013647,48.759865],[-121.013353,48.759392],[-121.012942,48.759124],[-121.012316,48.758763],[-121.012162,48.758526],[-121.012484,48.757956],[-121.012429,48.757622],[-121.012344,48.757369],[-121.012024,48.757201],[-121.011787,48.757017],[-121.011808,48.75682],[-121.011991,48.756661],[-121.011778,48.75654],[-121.011395,48.756255],[-121.011362,48.756047],[-121.01152,48.755843],[-121.011555,48.755637],[-121.011329,48.755156],[-121.01129,48.754418],[-121.01121,48.754047],[-121.010973,48.753854],[-121.010839,48.753447],[-121.010671,48.75321],[-121.010311,48.7527],[-121.010227,48.752411],[-121.010129,48.75213],[-121.010174,48.751672],[-121.009841,48.751496],[-121.009773,48.751144],[-121.009822,48.750596],[-121.009696,48.75036],[-121.009749,48.750037],[-121.009853,48.749822],[-121.00973,48.749478],[-121.009753,48.749263],[-121.009816,48.74903],[-121.009712,48.74856],[-121.009638,48.74837],[-121.009585,48.747982],[-121.009636,48.74774],[-121.009968,48.747242],[-121.010187,48.746886],[-121.010269,48.746519],[-121.010324,48.746151],[-121.010453,48.745658],[-121.010352,48.745441],[-121.01019,48.745078],[-121.010198,48.74488],[-121.010324,48.74445],[-121.01041,48.743975],[-121.010353,48.743704],[-121.01032,48.743506],[-121.010397,48.743282],[-121.010419,48.743067],[-121.010522,48.742169],[-121.010465,48.741889],[-121.010481,48.741493],[-121.010505,48.7409],[-121.010527,48.739974],[-121.010673,48.7394],[-121.010863,48.738702],[-121.01109,48.738121],[-121.011342,48.737612],[-121.011613,48.736942],[-121.01176,48.736666],[-121.013885,48.734157],[-121.014048,48.733818],[-121.014367,48.733189],[-121.014288,48.732922],[-121.013931,48.732655],[-121.01344,48.732332],[-121.012917,48.731819],[-121.01256,48.731552],[-121.01224,48.731375],[-121.012029,48.73121],[-121.011779,48.731007],[-121.011325,48.730451],[-121.011021,48.729888],[-121.010911,48.72922],[-121.01067,48.728784],[-121.010681,48.728496],[-121.011296,48.727733],[-121.011556,48.72736],[-121.010623,48.726876],[-121.010037,48.726569],[-121.009777,48.726258],[-121.009459,48.726037],[-121.009148,48.725987],[-121.008828,48.725846],[-121.008591,48.725635],[-121.008272,48.725117],[-121.008061,48.724942],[-121.007821,48.724821],[-121.007328,48.724579],[-121.007285,48.724281],[-121.006755,48.723921],[-121.006585,48.723747],[-121.006368,48.723392],[-121.006017,48.723323],[-121.005512,48.723378],[-121.005195,48.723498],[-121.004842,48.723483],[-121.004687,48.723255],[-121.004614,48.723047],[-121.004222,48.722986],[-121.003779,48.722835],[-121.003531,48.722579],[-121.003265,48.722439],[-121.002697,48.722357],[-121.002022,48.722229],[-121.001649,48.722042],[-121.001629,48.721853],[-121.001388,48.72175],[-121.000926,48.721418],[-121.000502,48.721132],[-121.000113,48.72099],[-121.000006,48.720601],[-121.000055,48.720395],[-120.999716,48.720029],[-120.999336,48.719681],[-120.998888,48.719313],[-120.998424,48.719017],[-120.998076,48.718885],[-120.997727,48.718771],[-120.997266,48.718736],[-120.996474,48.718803],[-120.996012,48.718795],[-120.995666,48.718609],[-120.994687,48.718278],[-120.99435,48.7182],[-120.993826,48.718397],[-120.993438,48.718238],[-120.993055,48.717943],[-120.992919,48.717599],[-120.992723,48.717416],[-120.992415,48.717284],[-120.991957,48.717168],[-120.99172,48.716984],[-120.991536,48.716828],[-120.991393,48.716673],[-120.990883,48.716502],[-120.990534,48.71637],[-120.990352,48.716178],[-120.990184,48.715941],[-120.98981,48.715781],[-120.989558,48.715615],[-120.989365,48.715351],[-120.989111,48.715256],[-120.988749,48.715106],[-120.988565,48.714968],[-120.988383,48.714758],[-120.988129,48.714636],[-120.987619,48.714466],[-120.987028,48.714284],[-120.98642,48.714211],[-120.985999,48.714176],[-120.98565,48.714071],[-120.985452,48.713915],[-120.985243,48.713722],[-120.985036,48.713449],[-120.98471,48.71311],[-120.984237,48.712697],[-120.983866,48.712439],[-120.983055,48.712002],[-120.981936,48.711406],[-120.981013,48.711048],[-120.980374,48.710713],[-120.980002,48.710491],[-120.979667,48.710377],[-120.979278,48.710235],[-120.978822,48.710074],[-120.978274,48.709857],[-120.977711,48.709659],[-120.977475,48.709421],[-120.977057,48.709341],[-120.976704,48.709335],[-120.976407,48.709276],[-120.976046,48.709126],[-120.975795,48.708959],[-120.975482,48.708621],[-120.975276,48.708338],[-120.974867,48.708025],[-120.975231,48.708095],[-120.975444,48.708215],[-120.975847,48.708339],[-120.976268,48.708356],[-120.976506,48.708171],[-120.976847,48.70815],[-120.976976,48.707972],[-120.976958,48.707747],[-120.977251,48.707887],[-120.977449,48.708035],[-120.977595,48.707794],[-120.977659,48.707562],[-120.977911,48.707719],[-120.978129,48.708029],[-120.978464,48.708151],[-120.978726,48.708019],[-120.979499,48.708125],[-120.980676,48.708604],[-120.982169,48.709323],[-120.983107,48.709672],[-120.983716,48.709746],[-120.984028,48.709751],[-120.984212,48.709926],[-120.984485,48.710218],[-120.985271,48.710277],[-120.985746,48.710303],[-120.986253,48.710546],[-120.987403,48.711025],[-120.988113,48.711289],[-120.989082,48.711873],[-120.990582,48.712448],[-120.993436,48.713163],[-120.993688,48.713321],[-120.994023,48.713426],[-120.994722,48.713627],[-120.995223,48.713698],[-120.995533,48.713767],[-120.996321,48.714122],[-120.996845,48.714275],[-120.998189,48.71465],[-120.998624,48.71499],[-120.999537,48.715303],[-121.000531,48.71559],[-121.001888,48.716032],[-121.002686,48.716448],[-121.003777,48.717142],[-121.005203,48.717836],[-121.006756,48.718586],[-121.008141,48.719114],[-121.009106,48.719502],[-121.009652,48.719641],[-121.010155,48.719669],[-121.010365,48.719863],[-121.010785,48.720169],[-121.011666,48.720585],[-121.012967,48.72114],[-121.015066,48.722029],[-121.015779,48.722362],[-121.016283,48.722362],[-121.016661,48.722306],[-121.017122,48.722223],[-121.017416,48.722334],[-121.017542,48.722528],[-121.017794,48.722972],[-121.017836,48.723167],[-121.018004,48.723583],[-121.01855,48.723861],[-121.019305,48.724138],[-121.020061,48.724555],[-121.020523,48.724721],[-121.021026,48.724805],[-121.021698,48.725304],[-121.022328,48.725693],[-121.022873,48.725915],[-121.023965,48.726442],[-121.025392,48.726831],[-121.026903,48.727191],[-121.027868,48.727191],[-121.028708,48.726997],[-121.030219,48.726885],[-121.030974,48.726996],[-121.032275,48.727523],[-121.033115,48.727995],[-121.034417,48.728578],[-121.036558,48.729299],[-121.037649,48.729743],[-121.038531,48.730048],[-121.039874,48.730242],[-121.041134,48.730353],[-121.042687,48.730436],[-121.044072,48.730574],[-121.045793,48.730823],[-121.04848,48.731267],[-121.049865,48.731599],[-121.050537,48.731655],[-121.050873,48.731765],[-121.051461,48.732265],[-121.052217,48.732765],[-121.053351,48.733597],[-121.054275,48.734263],[-121.054653,48.734541],[-121.055325,48.734901],[-121.056039,48.735206],[-121.057467,48.7354],[-121.058516,48.7354],[-121.059608,48.735371],[-121.060405,48.735288],[-121.061077,48.735121],[-121.062125,48.734648],[-121.062545,48.734398],[-121.062964,48.733981],[-121.063383,48.733481],[-121.06376,48.732842],[-121.064557,48.732203],[-121.065144,48.73162],[-121.065582,48.730952],[-121.065793,48.730784],[-121.066157,48.730502],[-121.066382,48.730317],[-121.066537,48.730176]]}},{"type":"Feature","properties":{"segment_type":"roadwalk","route_id":"main","region_id":"north-cascades","region_name":"North Cascades","section_id":null,"section_name":null,"route_type":"roadwalk"},"geometry":{"type":"LineString","coordinates":[[-121.066537,48.730176],[-121.066872,48.730307],[-121.066946,48.730498],[-121.066638,48.730726],[-121.066834,48.730946],[-121.066813,48.731143],[-121.066946,48.731559],[-121.067163,48.731923],[-121.067387,48.732133],[-121.067663,48.732363],[-121.06797,48.732521],[-121.068398,48.732717],[-121.068762,48.732795],[-121.069195,48.732866],[-121.069669,48.7329],[-121.069955,48.732896],[-121.070104,48.732908]]}},{"type":"Feature","properties":{"segment_type":"trail","route_id":"main","region_id":"north-cascades","region_name":"North Cascades","section_id":null,"section_name":null},"geometry":{"type":"LineString","coordinates":[[-121.070104,48.732908],[-121.069945,48.733157],[-121.069677,48.733413],[-121.069464,48.733644],[-121.069361,48.733849],[-121.069339,48.734074],[-121.069408,48.734399],[-121.06955,48.73459],[-121.069584,48.73477],[-121.069528,48.735174],[-121.069617,48.73568],[-121.06969,48.735906],[-121.069333,48.735999],[-121.068972,48.736182],[-121.068701,48.73651],[-121.068466,48.736983],[-121.068025,48.737488],[-121.06769,48.738049],[-121.067419,48.738378],[-121.067288,48.738618],[-121.067077,48.738795],[-121.066828,48.738908],[-121.066345,48.739089],[-121.066026,48.739236],[-121.065831,48.739368],[-121.065808,48.73961],[-121.065532,48.739696],[-121.06515,48.739743],[-121.064723,48.73988],[-121.064171,48.740087],[-121.063567,48.740229],[-121.06277,48.740441],[-121.062084,48.740573],[-121.061564,48.740673],[-121.061058,48.740727],[-121.060513,48.740763],[-121.059941,48.74078],[-121.059624,48.740892],[-121.059239,48.740984],[-121.058895,48.741086],[-121.058298,48.741409],[-121.057801,48.741599],[-121.057376,48.741691],[-121.05696,48.741882],[-121.056632,48.741939],[-121.056169,48.74194],[-121.055868,48.741989],[-121.05532,48.742079],[-121.05486,48.742035],[-121.054428,48.741938],[-121.054158,48.741897],[-121.05368,48.741925],[-121.053382,48.741902],[-121.053004,48.741815],[-121.05264,48.741755],[-121.052122,48.741782],[-121.051711,48.741847],[-121.051356,48.741886],[-121.050888,48.742022],[-121.050449,48.742122],[-121.049696,48.742254],[-121.049021,48.742458],[-121.048414,48.742682],[-121.047928,48.742943],[-121.047537,48.743189],[-121.047329,48.743311],[-121.046946,48.743341],[-121.046263,48.743437],[-121.045409,48.74371],[-121.044458,48.744018],[-121.044002,48.744208],[-121.043806,48.744349],[-121.043514,48.744515],[-121.043198,48.7446],[-121.042949,48.744694],[-121.042544,48.744966],[-121.042289,48.745214],[-121.042158,48.745437],[-121.042013,48.745677],[-121.04172,48.745852],[-121.041482,48.746046],[-121.041162,48.746229],[-121.040907,48.746486],[-121.04062,48.746868],[-121.040332,48.747268],[-121.040182,48.747643],[-121.039995,48.747901],[-121.039242,48.748005],[-121.038651,48.748157],[-121.038126,48.748373],[-121.037696,48.748591],[-121.03743,48.748784],[-121.037286,48.748988],[-121.037146,48.749427],[-121.037125,48.749616],[-121.037307,48.749835],[-121.037334,48.750186],[-121.037259,48.750383],[-121.037073,48.750622],[-121.037049,48.750883],[-121.037052,48.751153],[-121.037276,48.751678],[-121.037294,48.751922],[-121.037237,48.752325],[-121.037096,48.752818],[-121.036934,48.753139],[-121.03672,48.753396],[-121.036423,48.753679],[-121.036155,48.753908],[-121.035982,48.754175],[-121.035738,48.754837],[-121.03563,48.75551],[-121.035587,48.755932],[-121.035695,48.756303],[-121.035737,48.756484],[-121.035698,48.756906],[-121.036075,48.757353],[-121.036398,48.757457],[-121.036887,48.757475],[-121.037254,48.757481],[-121.037564,48.757567],[-121.038617,48.757783],[-121.039417,48.75786],[-121.039766,48.757965],[-121.040155,48.758115],[-121.040546,48.758203],[-121.040829,48.758279],[-121.041094,48.758455],[-121.04118,48.758708],[-121.041459,48.759217],[-121.041867,48.759593],[-121.042248,48.759923],[-121.042774,48.760409],[-121.043167,48.760802],[-121.043482,48.761105],[-121.044073,48.761645],[-121.04434,48.761767],[-121.044637,48.761835],[-121.045002,48.761895],[-121.04531,48.762026],[-121.045486,48.762749],[-121.045789,48.763015],[-121.045886,48.763323],[-121.045944,48.763566],[-121.046061,48.76373],[-121.046242,48.763976],[-121.046352,48.764275],[-121.046736,48.764552],[-121.046755,48.764768],[-121.046706,48.764974],[-121.046915,48.765211],[-121.047124,48.76544],[-121.047232,48.765801],[-121.047429,48.766003],[-121.047896,48.766236],[-121.04845,48.766344],[-121.0489,48.766307],[-121.049395,48.76618],[-121.049754,48.76606],[-121.050049,48.765804],[-121.050492,48.765956],[-121.050889,48.765917],[-121.051263,48.765744],[-121.051536,48.76573],[-121.051871,48.765862],[-121.052441,48.76589],[-121.053179,48.765803],[-121.053879,48.765653],[-121.054445,48.765456],[-121.054695,48.765316],[-121.054905,48.765167],[-121.055184,48.764982],[-121.055433,48.764888],[-121.055976,48.764924],[-121.056386,48.764868],[-121.056569,48.764727],[-121.056817,48.764632],[-121.056988,48.764797],[-121.057019,48.76504],[-121.05709,48.765338],[-121.057352,48.765586],[-121.057501,48.765957],[-121.058187,48.766185],[-121.058627,48.766417],[-121.058743,48.766581],[-121.058856,48.766826],[-121.059093,48.767729],[-121.059324,48.768102],[-121.059893,48.768525],[-121.060453,48.768823],[-121.061152,48.769059],[-121.061786,48.769205],[-121.062327,48.769277],[-121.062747,48.769338],[-121.062988,48.769432],[-121.063558,48.769838],[-121.06415,48.77001],[-121.064736,48.769983],[-121.065157,48.770008],[-121.065585,48.770214],[-121.065884,48.770237],[-121.066307,48.770208],[-121.066626,48.770033],[-121.066783,48.769856],[-121.06708,48.769915],[-121.067234,48.770169],[-121.067723,48.770537],[-121.068107,48.770805],[-121.06874,48.770995],[-121.069167,48.7712],[-121.068675,48.771255],[-121.067943,48.771198],[-121.067617,48.771174],[-121.067957,48.771522],[-121.068237,48.771689],[-121.068532,48.771801],[-121.068871,48.771843],[-121.069289,48.771931],[-121.068712,48.772083],[-121.068372,48.77206],[-121.06794,48.771971],[-121.068092,48.772271],[-121.068386,48.77242],[-121.068655,48.772505],[-121.068295,48.772643],[-121.067904,48.772565],[-121.067631,48.772578],[-121.068179,48.772848],[-121.068503,48.772908],[-121.068278,48.773093],[-121.067825,48.773202],[-121.067034,48.773252],[-121.066745,48.773328],[-121.06651,48.773423],[-121.066404,48.773682],[-121.066516,48.773963],[-121.066413,48.774168],[-121.066202,48.774344],[-121.066057,48.774567],[-121.066011,48.775061],[-121.065795,48.775363],[-121.065788,48.775561],[-121.066234,48.775631],[-121.066504,48.775699],[-121.067004,48.776148],[-121.067215,48.776314],[-121.067524,48.776436],[-121.068185,48.776591],[-121.068971,48.776685],[-121.069851,48.776799],[-121.070217,48.77685],[-121.070626,48.777181],[-121.070797,48.777345],[-121.071305,48.77757],[-121.071489,48.777753],[-121.071591,48.777934],[-121.071825,48.778226],[-121.072281,48.778396],[-121.072859,48.778585],[-121.07367,48.778734],[-121.074155,48.778868],[-121.074625,48.779038],[-121.074984,48.77926],[-121.075288,48.77949],[-121.075826,48.780038],[-121.076295,48.780568],[-121.076837,48.78136],[-121.077159,48.781842],[-121.077363,48.782196],[-121.077578,48.782641],[-121.077863,48.783365],[-121.077993,48.78388],[-121.078011,48.784114],[-121.07792,48.784356],[-121.077815,48.784615],[-121.077833,48.784876],[-121.078061,48.785321],[-121.078648,48.785978],[-121.07899,48.786308],[-121.07941,48.786702],[-121.079836,48.787312],[-121.080012,48.787693],[-121.080134,48.788063],[-121.080279,48.788552],[-121.080733,48.789135],[-121.080982,48.789409],[-121.081121,48.789672],[-121.081292,48.789837],[-121.082407,48.790233],[-121.083511,48.790558],[-121.084305,48.790805],[-121.084546,48.790908],[-121.084865,48.79112],[-121.085398,48.791795],[-121.086151,48.792392],[-121.086904,48.792989],[-121.087529,48.793395],[-121.088147,48.793613],[-121.088875,48.793805],[-121.089271,48.793775],[-121.089971,48.793643],[-121.090314,48.79355],[-121.090656,48.793528],[-121.091023,48.793543],[-121.091493,48.793704],[-121.092017,48.793902],[-121.092118,48.794119],[-121.092453,48.794242],[-121.093012,48.794593],[-121.093273,48.794903],[-121.093399,48.795148],[-121.093598,48.795664],[-121.093805,48.795938],[-121.094122,48.796204],[-121.094749,48.796538],[-121.095865,48.796934],[-121.096229,48.797021],[-121.096819,48.797274],[-121.09733,48.797444],[-121.097694,48.797531],[-121.097991,48.797599],[-121.098507,48.797626],[-121.098904,48.797956],[-121.099162,48.79832],[-121.099246,48.798618],[-121.099415,48.798846],[-121.099628,48.798976],[-121.100169,48.799065],[-121.100471,48.799007],[-121.100795,48.798725],[-121.101073,48.798577],[-121.101374,48.798519],[-121.10196,48.79851],[-121.102775,48.798578],[-121.103613,48.798753],[-121.104289,48.798881],[-121.104459,48.799046],[-121.104878,48.799134],[-121.105187,48.799247],[-121.105631,48.799407],[-121.105933,48.799682],[-121.106191,48.800082],[-121.106307,48.800246],[-121.106792,48.800398],[-121.10795,48.800372],[-121.108675,48.800285],[-121.10939,48.800117],[-121.110121,48.799868],[-121.110465,48.799775],[-121.111011,48.799739],[-121.111773,48.799751],[-121.112439,48.799789],[-121.113819,48.800036],[-121.114303,48.800206],[-121.114545,48.800291],[-121.115403,48.800278],[-121.116432,48.800439],[-121.117174,48.800631],[-121.117871,48.80093],[-121.11886,48.801423],[-121.119955,48.802026],[-121.120859,48.802607],[-121.121214,48.802955],[-121.121477,48.803202],[-121.121942,48.803507],[-121.122325,48.803837],[-121.122538,48.803966],[-121.123357,48.803917],[-121.123724,48.803941],[-121.124035,48.803991],[-121.124497,48.803656],[-121.124902,48.803375],[-121.125305,48.803166],[-121.125649,48.803063],[-121.126227,48.802911],[-121.126947,48.802968],[-121.127641,48.802979],[-121.127895,48.803109],[-121.12839,48.803351],[-121.128963,48.803675],[-121.129781,48.804021],[-121.130138,48.804315],[-121.130502,48.80442],[-121.130789,48.804397],[-121.131448,48.804264],[-121.131775,48.804251],[-121.132536,48.804282],[-121.13282,48.80434],[-121.133623,48.804371],[-121.134418,48.804582],[-121.134851,48.804661],[-121.135443,48.8045],[-121.136059,48.804411],[-121.136973,48.804381],[-121.137874,48.804323],[-121.138942,48.80416],[-121.139683,48.804028],[-121.141052,48.803835],[-121.14157,48.803807],[-121.142113,48.80387],[-121.142488,48.80402],[-121.142727,48.804203],[-121.143056,48.804155],[-121.143614,48.803786],[-121.144,48.803666],[-121.144389,48.803816],[-121.144712,48.80393],[-121.145201,48.803955],[-121.145472,48.803996],[-121.145793,48.804163],[-121.146311,48.804153],[-121.146744,48.804214],[-121.14769,48.804409],[-121.148442,48.804709],[-121.148977,48.804988],[-121.149508,48.805356],[-121.149874,48.805758],[-121.15044,48.805947],[-121.151541,48.805983],[-121.152114,48.805974],[-121.152521,48.806016],[-121.152817,48.806111],[-121.153131,48.806458],[-121.153419,48.806768],[-121.154085,48.807175],[-121.154701,48.807473],[-121.15535,48.807609],[-121.155697,48.807795],[-121.155906,48.808032],[-121.156239,48.808253],[-121.156721,48.808477],[-121.157179,48.80861],[-121.157775,48.808709],[-121.159675,48.808902],[-121.161138,48.809105],[-121.162357,48.809304],[-121.163276,48.809499],[-121.164303,48.809731],[-121.165084,48.809978],[-121.165409,48.810037],[-121.165684,48.809951],[-121.165695,48.809663],[-121.166163,48.809509],[-121.166572,48.809515],[-121.16744,48.809601],[-121.168549,48.809817],[-121.16936,48.809992],[-121.169863,48.810036],[-121.170787,48.810086],[-121.171439,48.810133],[-121.172089,48.810251],[-121.172629,48.810385],[-121.1732,48.810412],[-121.173743,48.810457],[-121.174857,48.810529],[-121.175508,48.810629],[-121.176346,48.810786],[-121.17721,48.811016],[-121.177799,48.811295],[-121.17871,48.811723],[-121.179614,48.812331],[-121.180229,48.812647],[-121.180765,48.812889],[-121.181222,48.813058],[-121.181514,48.813279],[-121.181804,48.813553],[-121.182511,48.814347],[-121.183173,48.814879],[-121.183733,48.815212],[-121.184402,48.815528],[-121.185372,48.81585],[-121.186246,48.816151],[-121.187085,48.816326],[-121.187571,48.816442],[-121.188217,48.816668],[-121.18905,48.816987],[-121.189586,48.817229],[-121.190094,48.817489],[-121.19044,48.817711],[-121.190625,48.817875],[-121.190809,48.818076],[-121.190991,48.818313],[-121.191657,48.82024],[-121.191702,48.82051],[-121.191689,48.820879],[-121.191735,48.821096],[-121.191862,48.821368],[-121.191937,48.821567],[-121.192036,48.821838],[-121.192193,48.822021],[-121.192618,48.822315],[-121.192853,48.822607],[-121.193032,48.822915],[-121.193627,48.823824],[-121.193913,48.824189],[-121.194013,48.824442],[-121.194218,48.824805],[-121.194376,48.82497],[-121.194695,48.825191],[-121.194824,48.825372],[-121.194923,48.825662],[-121.195142,48.826025],[-121.195405,48.826281],[-121.195502,48.826625],[-121.19587,48.826981],[-121.195973,48.827163],[-121.196042,48.827524],[-121.196193,48.82785],[-121.196433,48.828016],[-121.196614,48.828288],[-121.196704,48.828812],[-121.196927,48.829427],[-121.197186,48.829809],[-121.197316,48.829973],[-121.197695,48.830806],[-121.198055,48.831424],[-121.198314,48.831788],[-121.198843,48.832237],[-121.198945,48.832436],[-121.199282,48.832927],[-121.199492,48.833129],[-121.199623,48.833293],[-121.199746,48.833654],[-121.19984,48.834088],[-121.199986,48.834576],[-121.199958,48.83498],[-121.200111,48.835252],[-121.200533,48.835655],[-121.200802,48.835767],[-121.201154,48.835808],[-121.20125,48.83617],[-121.201348,48.836495],[-121.201605,48.836913],[-121.202267,48.837463],[-121.20277,48.837885],[-121.20327,48.838379],[-121.20348,48.838607],[-121.203877,48.838955],[-121.204165,48.839265],[-121.20459,48.839596],[-121.205284,48.839984],[-121.205819,48.84028],[-121.206084,48.840483],[-121.206177,48.840934],[-121.206469,48.841172],[-121.206949,48.841468],[-121.207268,48.841688],[-121.207558,48.841963],[-121.207684,48.842253],[-121.207838,48.842507],[-121.20854,48.842716],[-121.208862,48.842865],[-121.209043,48.843138],[-121.209228,48.843284],[-121.209581,48.843326],[-121.210094,48.843478],[-121.210707,48.843865],[-121.211239,48.844233],[-121.211531,48.844454],[-121.2125,48.844793],[-121.213437,48.845284],[-121.214395,48.845947],[-121.215225,48.846373],[-121.215438,48.84652],[-121.215508,48.846845],[-121.215962,48.847104],[-121.216281,48.847343],[-121.216897,48.847659],[-121.217189,48.847861],[-121.217345,48.848079],[-121.21753,48.848244],[-121.217906,48.848412],[-121.218331,48.848724],[-121.218755,48.849073],[-121.219102,48.849276],[-121.219627,48.849464],[-121.220271,48.849744],[-121.221025,48.850025],[-121.221809,48.850209],[-121.222401,48.850434],[-121.222749,48.850619],[-121.223121,48.850894],[-121.223424,48.851169],[-121.223638,48.851298],[-121.224069,48.85144],[-121.224545,48.851861],[-121.22517,48.852698],[-121.225589,48.853173],[-121.225769,48.853499],[-121.225945,48.853898],[-121.226149,48.854297],[-121.226196,48.854513],[-121.226296,48.854785],[-121.226615,48.855024],[-121.227248,48.855627],[-121.227827,48.856212],[-121.228141,48.856577],[-121.228405,48.856842],[-121.228668,48.857115],[-121.229017,48.857265],[-121.229606,48.857562],[-121.230277,48.857878],[-121.230735,48.858029],[-121.231372,48.858129],[-121.232102,48.858302],[-121.232532,48.858488],[-121.23336,48.858987],[-121.23379,48.859155],[-121.234249,48.859288],[-121.234818,48.859405],[-121.235196,48.859519],[-121.23576,48.859761],[-121.23627,48.859985],[-121.236647,48.860117],[-121.236914,48.860283],[-121.237071,48.860465],[-121.237304,48.860828],[-121.237517,48.860976],[-121.237861,48.86126],[-121.238074,48.861407],[-121.23811,48.861947],[-121.237987,48.862341],[-121.237894,48.862664],[-121.238299,48.86276],[-121.238542,48.862854],[-121.238839,48.86293],[-121.239165,48.862953],[-121.239459,48.863137],[-121.239948,48.863199],[-121.240105,48.863381],[-121.240505,48.863639],[-121.24099,48.863809],[-121.241579,48.864105],[-121.242149,48.864186],[-121.242419,48.86428],[-121.24298,48.864613],[-121.243674,48.865037],[-121.244238,48.865298],[-121.244991,48.865597],[-121.245475,48.865784],[-121.245878,48.86597],[-121.245379,48.866197],[-121.244911,48.866315],[-121.244309,48.866378],[-121.243654,48.866395],[-121.243377,48.866499],[-121.244078,48.866726],[-121.244538,48.86684],[-121.245162,48.86694],[-121.245618,48.867163],[-121.245885,48.867329],[-121.246236,48.867424],[-121.247118,48.867545],[-121.248229,48.867742],[-121.24888,48.867842],[-121.249528,48.868041],[-121.249956,48.868281],[-121.250274,48.868538],[-121.25051,48.868829],[-121.250633,48.869209],[-121.250828,48.86986],[-121.251029,48.870349],[-121.251013,48.870816],[-121.250948,48.87113],[-121.250496,48.871555],[-121.250045,48.87198],[-121.249673,48.872496],[-121.249555,48.872746],[-121.249599,48.873035],[-121.249665,48.873486],[-121.249871,48.873849],[-121.250099,48.874356],[-121.250492,48.874812],[-121.250574,48.875209],[-121.250779,48.87559],[-121.251064,48.876008],[-121.251222,48.876172],[-121.251363,48.876822],[-121.251704,48.877205],[-121.251829,48.877549],[-121.251929,48.877803],[-121.252352,48.878187],[-121.252564,48.878379],[-121.252832,48.878491],[-121.253101,48.878603],[-121.253252,48.878965],[-121.253475,48.879616],[-121.253542,48.880049],[-121.253521,48.880643],[-121.253557,48.881183],[-121.253647,48.881724],[-121.253744,48.882085],[-121.253872,48.882321],[-121.254163,48.882595],[-121.254536,48.882853],[-121.255005,48.883076],[-121.255383,48.88319],[-121.255975,48.883433],[-121.256443,48.88371],[-121.256731,48.884056],[-121.257177,48.884566],[-121.257546,48.884932],[-121.258082,48.885228],[-121.258239,48.88541],[-121.258688,48.885831],[-121.258981,48.886033],[-121.259357,48.886219],[-121.259923,48.886398],[-121.260241,48.886673],[-121.260877,48.887222],[-121.261251,48.887462],[-121.262045,48.887384],[-121.262428,48.887354],[-121.263053,48.887417],[-121.263411,48.887332],[-121.264092,48.887343],[-121.26461,48.887368],[-121.26573,48.887331],[-121.26633,48.88734],[-121.26605,48.887534],[-121.265669,48.88751],[-121.265232,48.88754],[-121.264957,48.88759],[-121.265524,48.88776],[-121.26607,48.88775],[-121.266508,48.887721],[-121.267028,48.887657],[-121.267277,48.887571],[-121.266992,48.887926],[-121.266496,48.888045],[-121.265668,48.888338],[-121.264843,48.888506],[-121.264566,48.888627],[-121.265576,48.888624],[-121.266589,48.888532],[-121.268128,48.888213],[-121.267985,48.888391],[-121.267677,48.88862],[-121.267041,48.88888],[-121.266546,48.888981],[-121.265968,48.889116],[-121.26569,48.889274],[-121.265358,48.889395],[-121.266041,48.889369],[-121.26651,48.889232],[-121.266922,48.889149],[-121.266671,48.889307],[-121.266282,48.889499],[-121.265925,48.889583],[-121.265649,48.889669],[-121.26655,48.889647],[-121.267044,48.889564],[-121.267427,48.889534],[-121.26704,48.889672],[-121.266707,48.889847],[-121.267249,48.889945],[-121.266944,48.890085],[-121.266396,48.890148],[-121.265246,48.890275],[-121.264781,48.890322],[-121.265377,48.890421],[-121.266059,48.890449],[-121.265862,48.890608],[-121.265562,48.890621],[-121.265151,48.890669],[-121.26482,48.890772],[-121.264464,48.890803],[-121.263915,48.890885],[-121.263745,48.89108],[-121.263334,48.891128],[-121.263575,48.891257],[-121.263392,48.891416],[-121.264014,48.891588],[-121.264338,48.891665],[-121.264637,48.891705],[-121.265293,48.891679],[-121.265855,48.891615],[-121.26637,48.891695],[-121.266915,48.891721],[-121.267955,48.891629],[-121.268833,48.891498],[-121.269598,48.891456],[-121.270035,48.891444],[-121.270443,48.891487],[-121.270657,48.891616],[-121.270759,48.891833],[-121.270504,48.892099],[-121.270426,48.892782],[-121.271326,48.892777],[-121.272094,48.892663],[-121.272646,48.892491],[-121.273033,48.892335],[-121.273613,48.892146],[-121.274297,48.892084],[-121.274956,48.891968],[-121.275311,48.891955],[-121.27616,48.89186],[-121.276584,48.89183],[-121.277517,48.8917],[-121.278473,48.891661],[-121.279507,48.89173],[-121.279866,48.891628],[-121.280139,48.891614],[-121.280465,48.891654],[-121.281035,48.891735],[-121.28144,48.891867],[-121.281769,48.891818],[-121.282126,48.891769],[-121.282892,48.891709],[-121.28379,48.891776],[-121.284549,48.891913],[-121.284901,48.892008],[-121.285172,48.892066],[-121.285692,48.89202],[-121.286017,48.892079],[-121.286293,48.891993],[-121.287366,48.891739],[-121.288689,48.891354],[-121.28924,48.891182],[-121.28987,48.89112],[-121.29069,48.89106],[-121.29113,48.890958],[-121.291546,48.890767],[-121.292095,48.890667],[-121.292367,48.890707],[-121.292638,48.890765],[-121.293475,48.891011],[-121.2941,48.891092],[-121.294553,48.891027],[-121.295023,48.890836],[-121.296043,48.890527],[-121.297696,48.890048],[-121.298218,48.889948],[-121.298492,48.889934],[-121.298763,48.889974],[-121.299035,48.889996],[-121.299913,48.889865],[-121.300436,48.889711],[-121.300819,48.88968],[-121.301145,48.889721],[-121.301499,48.889762],[-121.302112,48.889375],[-121.302643,48.889005],[-121.303227,48.888672],[-121.303725,48.888464],[-121.303976,48.888305],[-121.304122,48.88802],[-121.304156,48.887822],[-121.304658,48.887506],[-121.305378,48.88721],[-121.305772,48.886856],[-121.306193,48.886485],[-121.306416,48.886362],[-121.306665,48.88624],[-121.306837,48.886008],[-121.307093,48.885688],[-121.307289,48.885547],[-121.307405,48.885351],[-121.307604,48.885102],[-121.3078,48.884961],[-121.308076,48.884857],[-121.308874,48.884662],[-121.309523,48.884437],[-121.309882,48.884299],[-121.310306,48.883855],[-121.310475,48.883696],[-121.311252,48.883311],[-121.311615,48.883083],[-121.312287,48.882571],[-121.313151,48.882025],[-121.313485,48.881814],[-121.313762,48.881693],[-121.314475,48.881595],[-121.314834,48.881456],[-121.315534,48.880927],[-121.315978,48.880699],[-121.316309,48.880596],[-121.316695,48.880458],[-121.317299,48.880359],[-121.318068,48.88019],[-121.318458,48.879962],[-121.31909,48.879413],[-121.319503,48.879311],[-121.319834,48.87919],[-121.320145,48.878871],[-121.320395,48.878731],[-121.320728,48.878574],[-121.321367,48.878223],[-121.321619,48.878029],[-121.322219,48.878019],[-121.322654,48.878062],[-121.323066,48.877978],[-121.323504,48.877948],[-121.323803,48.877971],[-121.324125,48.878137],[-121.324505,48.878197],[-121.325188,48.877757],[-121.325967,48.8773],[-121.327069,48.876956],[-121.327376,48.876763],[-121.327629,48.876524],[-121.328317,48.876354],[-121.328487,48.876158],[-121.328711,48.876],[-121.329289,48.875828],[-121.329596,48.875617],[-121.330037,48.875479],[-121.331107,48.875297],[-121.331686,48.875107],[-121.331911,48.87486],[-121.332304,48.874594],[-121.332753,48.874205],[-121.333367,48.8738],[-121.333714,48.873607],[-121.334152,48.873541],[-121.33467,48.873549],[-121.335274,48.873459],[-121.335891,48.873342],[-121.336468,48.873215],[-121.337424,48.873166],[-121.338392,48.87318],[-121.339236,48.873237],[-121.339601,48.873332],[-121.340379,48.873307],[-121.341835,48.873004],[-121.342853,48.872731],[-121.343402,48.872631],[-121.343368,48.87282],[-121.343007,48.873021],[-121.342347,48.873183],[-121.342027,48.873385],[-121.341816,48.87358],[-121.342183,48.873621],[-121.342675,48.873592],[-121.343425,48.873594],[-121.344036,48.873666],[-121.344551,48.873781],[-121.344944,48.87385],[-121.345357,48.873721],[-121.346586,48.872848],[-121.347155,48.87255],[-121.347642,48.872251],[-121.348054,48.872176],[-121.34802,48.872374],[-121.348593,48.872382],[-121.348764,48.872555],[-121.348497,48.872794],[-121.348262,48.872908],[-121.347969,48.873093],[-121.347676,48.873295],[-121.348126,48.873302],[-121.348771,48.873176],[-121.349349,48.873013],[-121.3502,48.872855],[-121.350777,48.872728],[-121.351474,48.872684],[-121.351818,48.872581],[-121.352028,48.872431],[-121.352506,48.871979],[-121.352956,48.871581],[-121.353209,48.871359],[-121.353444,48.871264],[-121.353705,48.871177],[-121.353436,48.871479],[-121.353211,48.871701],[-121.353522,48.871778],[-121.35328,48.872098],[-121.352988,48.872274],[-121.35341,48.872298],[-121.353801,48.872015],[-121.354066,48.871812],[-121.354081,48.87219],[-121.354516,48.872233],[-121.355038,48.872123],[-121.354879,48.872391],[-121.354558,48.872638],[-121.354896,48.872715],[-121.355185,48.872647],[-121.354939,48.873057],[-121.355474,48.872975],[-121.355843,48.872935],[-121.355466,48.873218],[-121.355201,48.873403],[-121.356244,48.873211],[-121.356263,48.873454],[-121.356658,48.87346],[-121.35646,48.873673],[-121.356856,48.873678],[-121.356509,48.873844],[-121.35612,48.874082],[-121.355976,48.874314],[-121.356261,48.874354],[-121.356171,48.874595],[-121.3567,48.874279],[-121.356889,48.874737],[-121.357132,48.874825],[-121.357314,48.874675],[-121.357535,48.874993],[-121.35797,48.875062],[-121.358251,48.875219],[-121.358537,48.875223],[-121.359001,48.875229],[-121.359393,48.875325],[-121.359658,48.875158],[-121.359613,48.87486],[-121.359745,48.874556],[-121.36,48.874686],[-121.360158,48.874868],[-121.360561,48.875063],[-121.360898,48.875193],[-121.361252,48.875207],[-121.361492,48.875355],[-121.361747,48.875493],[-121.362042,48.87565],[-121.362186,48.87541],[-121.362569,48.87537],[-121.363027,48.875548],[-121.363598,48.875619],[-121.363884,48.875623],[-121.36418,48.875339],[-121.364297,48.875098],[-121.364887,48.874971],[-121.365311,48.874932],[-121.365869,48.874967],[-121.366083,48.875096],[-121.366624,48.875239],[-121.367946,48.875293],[-121.368244,48.875352],[-121.368661,48.87551],[-121.36906,48.875426],[-121.369761,48.874824],[-121.370095,48.874613],[-121.370506,48.874574],[-121.371527,48.874615],[-121.371952,48.874558],[-121.372474,48.87444],[-121.372815,48.874436],[-121.373129,48.87444],[-121.373429,48.874417],[-121.3738,48.874342],[-121.373858,48.874657],[-121.37417,48.874707],[-121.37454,48.874658],[-121.374823,48.874761],[-121.375258,48.874812],[-121.375535,48.87469],[-121.375754,48.874225],[-121.375847,48.873876],[-121.375857,48.87357],[-121.376028,48.873338],[-121.37617,48.873178],[-121.376375,48.873586],[-121.376489,48.87384],[-121.376948,48.87399],[-121.377671,48.873982],[-121.378303,48.873865],[-121.378587,48.873914],[-121.378928,48.873919],[-121.379217,48.873833],[-121.379591,48.873676],[-121.379693,48.873453],[-121.379916,48.873312],[-121.380202,48.873334],[-121.380849,48.87355],[-121.381187,48.873654],[-121.38141,48.873495],[-121.381919,48.873358],[-121.382233,48.873345],[-121.382119,48.873091],[-121.382434,48.873033],[-121.382848,48.872895],[-121.383151,48.8728],[-121.383778,48.872809],[-121.384253,48.872878],[-121.384614,48.873108],[-121.384768,48.873398],[-121.385077,48.873547],[-121.385445,48.873552],[-121.386364,48.873403],[-121.386825,48.873472],[-121.387113,48.873431],[-121.386643,48.8732],[-121.386429,48.873071],[-121.38696,48.873096],[-121.387491,48.87313],[-121.388157,48.873203],[-121.388493,48.873351],[-121.389268,48.873416],[-121.389989,48.873489],[-121.390639,48.873624],[-121.391289,48.873777],[-121.392195,48.874015],[-121.39287,48.874231],[-121.393518,48.874447],[-121.394236,48.874583],[-121.394887,48.874691],[-121.395543,48.874655],[-121.395982,48.87458],[-121.396416,48.874649],[-121.396821,48.874799],[-121.397537,48.875007],[-121.398065,48.87514],[-121.398337,48.875162],[-121.398937,48.875143],[-121.399347,48.875113],[-121.399232,48.874896],[-121.398855,48.874737],[-121.399183,48.874715],[-121.399482,48.874746],[-121.399782,48.874741],[-121.399559,48.874468],[-121.399871,48.874509],[-121.400532,48.874734],[-121.401211,48.874842],[-121.401741,48.874912],[-121.402125,48.875251],[-121.402396,48.875317],[-121.402778,48.875323],[-121.403202,48.875283],[-121.40358,48.875388],[-121.403793,48.875571],[-121.404149,48.87553],[-121.404774,48.875602],[-121.405074,48.875606],[-121.405475,48.875846],[-121.405895,48.87595],[-121.406245,48.876081],[-121.40666,48.876339],[-121.407099,48.876678],[-121.407566,48.877017],[-121.407817,48.877264],[-121.407903,48.877544],[-121.408639,48.878004],[-121.408957,48.878305],[-121.40915,48.878658],[-121.409416,48.878878],[-121.409979,48.879183],[-121.410454,48.879252],[-121.410779,48.879329],[-121.410944,48.879727],[-121.411117,48.879873],[-121.411504,48.880121],[-121.411811,48.880359],[-121.411965,48.88064],[-121.412128,48.881093],[-121.412198,48.881489],[-121.412394,48.881753],[-121.412635,48.881891],[-121.412746,48.882271],[-121.412821,48.882919],[-121.41304,48.883318],[-121.41338,48.883782],[-121.413425,48.884088],[-121.413624,48.884694],[-121.413696,48.88501],[-121.413786,48.885191],[-121.414184,48.885529],[-121.414301,48.885711],[-121.414321,48.885945],[-121.414296,48.886736],[-121.414245,48.887482],[-121.414297,48.887996],[-121.414264,48.888193],[-121.413981,48.888486],[-121.413976,48.888666],[-121.41409,48.888919],[-121.414483,48.889456],[-121.414515,48.889735],[-121.414549,48.890365],[-121.414652,48.890564],[-121.415073,48.890633],[-121.415518,48.89081],[-121.415753,48.891128],[-121.416104,48.891259],[-121.416457,48.891318],[-121.416456,48.891777],[-121.416373,48.892252],[-121.416354,48.892837],[-121.416491,48.893253],[-121.416631,48.893578],[-121.416438,48.894062],[-121.41588,48.894882],[-121.415539,48.895309],[-121.415176,48.895583],[-121.41522,48.895898],[-121.415417,48.896144],[-121.415507,48.896334],[-121.415458,48.896594],[-121.415149,48.897301],[-121.414852,48.898052],[-121.414844,48.898304],[-121.415124,48.898947],[-121.415573,48.899852],[-121.415563,48.900149],[-121.415679,48.900367],[-121.41603,48.900497],[-121.416597,48.900703],[-121.41724,48.901063],[-121.417979,48.901442],[-121.418283,48.901752],[-121.418542,48.902187],[-121.418713,48.902379],[-121.418887,48.902921],[-121.419017,48.903138],[-121.419174,48.903338],[-121.419624,48.903794],[-121.419835,48.904031],[-121.419911,48.904212],[-121.41994,48.90459],[-121.41995,48.905148],[-121.420094,48.905321],[-121.420525,48.905507],[-121.421235,48.905931],[-121.421548,48.906394],[-121.421711,48.906864],[-121.421954,48.906948],[-121.421943,48.907281],[-121.42204,48.907678],[-121.42225,48.907942],[-121.422544,48.908135],[-121.423225,48.908171],[-121.423548,48.90831],[-121.423895,48.908576],[-121.424394,48.908772],[-121.425057,48.908943],[-121.425491,48.90903],[-121.42616,48.909012],[-121.426789,48.908984],[-121.427205,48.908792],[-121.427552,48.908581],[-121.427839,48.908567],[-121.428742,48.908516],[-121.429907,48.908361],[-121.430181,48.90832],[-121.430486,48.908171],[-121.430947,48.907836],[-121.43164,48.907494],[-121.432152,48.907267],[-121.432459,48.907028],[-121.432837,48.906746],[-121.43314,48.906642],[-121.433496,48.906611],[-121.433825,48.906552],[-121.434102,48.906439],[-121.434978,48.905902],[-121.435828,48.905347],[-121.436032,48.904954],[-121.436187,48.904776],[-121.435733,48.904887],[-121.436183,48.904479],[-121.437097,48.90406],[-121.437676,48.903852],[-121.438282,48.903698],[-121.438275,48.903896],[-121.438955,48.903986],[-121.439359,48.904585],[-121.439023,48.904868],[-121.439017,48.905066],[-121.439761,48.904842],[-121.44042,48.904716],[-121.440911,48.904696],[-121.441374,48.904747],[-121.441734,48.904572],[-121.442249,48.904264],[-121.442736,48.903956],[-121.443012,48.903843],[-121.443448,48.903435],[-121.443725,48.903304],[-121.44406,48.903065],[-121.44455,48.902676],[-121.444884,48.902465],[-121.445079,48.901883],[-121.445249,48.901255],[-121.445461,48.900997],[-121.445697,48.900883],[-121.446373,48.90065],[-121.446709,48.900384],[-121.447167,48.900111],[-121.447457,48.899998],[-121.447656,48.899767],[-121.447947,48.899177],[-121.448134,48.898865],[-121.448257,48.898417],[-121.448497,48.898159],[-121.448829,48.89802],[-121.44924,48.897953],[-121.450089,48.897857],[-121.450654,48.897666],[-121.45085,48.897516],[-121.451097,48.897043],[-121.451202,48.896729],[-121.451385,48.896543],[-121.45165,48.896339],[-121.451845,48.896207],[-121.452038,48.89603],[-121.452424,48.895585],[-121.452528,48.895307],[-121.452659,48.895039],[-121.453235,48.894516],[-121.453487,48.894295],[-121.453523,48.894025],[-121.453629,48.893685],[-121.453812,48.893489],[-121.453931,48.893185],[-121.453895,48.892573],[-121.453902,48.892357],[-121.454046,48.892089],[-121.454473,48.891987],[-121.454723,48.891837],[-121.454892,48.891642],[-121.455088,48.891482],[-121.45542,48.891334],[-121.455843,48.891358],[-121.456282,48.891282],[-121.456584,48.891197],[-121.456916,48.891057],[-121.457272,48.891026],[-121.457615,48.890949],[-121.45848,48.890763],[-121.458785,48.890605],[-121.459117,48.890475],[-121.45969,48.890464],[-121.460253,48.890355],[-121.460761,48.890245],[-121.461013,48.89005],[-121.461411,48.889957],[-121.46203,48.889803],[-121.462511,48.889674],[-121.462829,48.889535],[-121.462989,48.889204],[-121.463255,48.888992],[-121.463776,48.88845],[-121.463828,48.888091],[-121.46389,48.887876],[-121.464282,48.887548],[-121.464557,48.887471],[-121.465064,48.887405],[-121.465395,48.887266],[-121.465672,48.887153],[-121.465789,48.886866],[-121.466275,48.886612],[-121.466906,48.886485],[-121.467279,48.886328],[-121.46772,48.886172],[-121.46802,48.886176],[-121.468568,48.886112],[-121.46893,48.885873],[-121.469059,48.885686],[-121.469471,48.885584],[-121.470128,48.88552],[-121.470435,48.885291],[-121.470508,48.885112],[-121.470791,48.884783],[-121.471123,48.884643],[-121.471785,48.884418],[-121.472503,48.884131],[-121.473739,48.883832],[-121.474102,48.883585],[-121.474677,48.883494],[-121.474925,48.883416],[-121.475161,48.883293],[-121.475617,48.883092],[-121.476376,48.882805],[-121.476668,48.882629],[-121.47689,48.882497],[-121.477221,48.882376],[-121.477632,48.882327],[-121.478148,48.882406],[-121.478575,48.882259],[-121.478907,48.88211],[-121.479289,48.882115],[-121.479643,48.882138],[-121.480217,48.8821],[-121.480666,48.882133],[-121.480993,48.882138],[-121.481405,48.882035],[-121.481806,48.881869],[-121.482311,48.881876],[-121.482567,48.881529],[-121.482949,48.881498],[-121.483159,48.88132],[-121.483614,48.881165],[-121.484464,48.881041],[-121.485178,48.88087],[-121.485934,48.880682],[-121.486562,48.880672],[-121.486986,48.880642],[-121.487641,48.880606],[-121.488023,48.880611],[-121.488692,48.880601],[-121.489222,48.880671],[-121.489483,48.880594],[-121.489598,48.879948],[-121.489876,48.879771],[-121.490279,48.879993],[-121.490693,48.880277],[-121.491167,48.8804],[-121.49164,48.880541],[-121.49188,48.880724],[-121.492314,48.881243],[-121.492566,48.881498],[-121.493006,48.881818],[-121.493205,48.882028],[-121.493724,48.88199],[-121.493826,48.882234],[-121.493833,48.882468],[-121.494033,48.882606],[-121.494414,48.882629],[-121.494559,48.882792],[-121.494781,48.882678],[-121.495112,48.882557],[-121.495369,48.882641],[-121.495552,48.882904],[-121.495625,48.883184],[-121.496206,48.882931],[-121.496928,48.882508],[-121.497287,48.882369],[-121.497626,48.882419],[-121.497972,48.882702],[-121.498388,48.882923],[-121.49868,48.883224],[-121.498964,48.8833],[-121.499413,48.883324],[-121.499685,48.883372],[-121.499913,48.883492],[-121.499967,48.88396],[-121.500389,48.883975],[-121.500673,48.884078],[-121.500816,48.884295],[-121.501266,48.884319],[-121.501662,48.884747],[-121.50182,48.884929],[-121.502217,48.884898],[-121.502487,48.884983],[-121.502641,48.885327],[-121.503038,48.885278],[-121.503278,48.885443],[-121.503463,48.885643],[-121.503832,48.88563],[-121.503975,48.885857],[-121.504385,48.885844],[-121.506126,48.886478],[-121.506206,48.887001],[-121.506627,48.887052],[-121.507038,48.887012],[-121.507435,48.886936],[-121.507939,48.88697],[-121.508908,48.887423],[-121.509249,48.887428],[-121.509516,48.887602],[-121.509844,48.888047],[-121.51065,48.888003],[-121.510493,48.888262],[-121.510952,48.888394],[-121.510728,48.888607],[-121.510969,48.888754],[-121.511407,48.888706],[-121.511742,48.888908],[-121.512069,48.888912],[-121.512872,48.889004],[-121.513367,48.889334],[-121.513787,48.88942],[-121.514156,48.889389],[-121.514619,48.889413],[-121.514905,48.889435],[-121.515394,48.889504],[-121.515758,48.889671],[-121.516346,48.889624],[-121.516903,48.889685],[-121.517339,48.889718],[-121.517706,48.889759],[-121.518049,48.889682],[-121.518395,48.889507],[-121.518646,48.889321],[-121.519108,48.88939],[-121.519871,48.889445],[-121.520132,48.889367],[-121.521356,48.888564],[-121.521677,48.888325],[-121.522268,48.888171],[-121.523626,48.887918],[-121.524811,48.887511],[-121.525439,48.887519],[-121.526518,48.887452],[-121.527139,48.887217],[-121.527834,48.886794],[-121.528491,48.886235],[-121.529116,48.886342],[-121.529389,48.88631],[-121.529425,48.88604],[-121.5296,48.885638],[-121.529849,48.885515],[-121.530061,48.885743],[-121.53044,48.88537],[-121.530653,48.885093],[-121.530835,48.884932],[-121.530958,48.885376],[-121.530827,48.88568],[-121.530888,48.885906],[-121.531189,48.885874],[-121.531294,48.885542],[-121.531494,48.885248],[-121.531653,48.884944],[-121.531885,48.884479],[-121.532289,48.884197],[-121.532611,48.883895],[-121.532988,48.883594],[-121.533925,48.883282],[-121.533986,48.883076],[-121.534612,48.883102],[-121.534954,48.88307],[-121.535443,48.883157],[-121.535836,48.883243],[-121.536549,48.883126],[-121.537204,48.883117],[-121.53702,48.882853],[-121.53746,48.882733],[-121.537099,48.882485],[-121.536035,48.882022],[-121.535825,48.881741],[-121.536055,48.88133],[-121.536577,48.881219],[-121.537478,48.881204],[-121.538278,48.88134],[-121.538894,48.881285],[-121.539443,48.881616],[-121.540053,48.881767],[-121.540506,48.882124],[-121.541742,48.883255],[-121.541886,48.883464],[-121.542312,48.883811],[-121.5427,48.884086],[-121.543476,48.885067],[-121.54359,48.885375],[-121.544373,48.886122],[-121.544801,48.886406],[-121.545068,48.886617],[-121.545427,48.886945],[-121.545639,48.887155],[-121.545926,48.88714],[-121.546195,48.887279],[-121.546455,48.887714],[-121.546762,48.887943],[-121.547075,48.887964],[-121.547612,48.888277],[-121.548175,48.888626],[-121.548962,48.88923],[-121.549073,48.889636],[-121.549161,48.88988],[-121.549594,48.890011],[-121.549861,48.890231],[-121.550338,48.890713],[-121.550961,48.890856],[-121.551439,48.89133],[-121.552287,48.89171],[-121.55341,48.892515],[-121.554205,48.892858],[-121.555001,48.893174],[-121.55527,48.893294],[-121.556255,48.893676],[-121.557347,48.894157],[-121.558323,48.894817],[-121.558805,48.895156],[-121.559362,48.895244],[-121.559904,48.89535],[-121.560305,48.895642],[-121.561043,48.895607],[-121.561356,48.895629],[-121.561693,48.895795],[-121.562276,48.895928],[-121.562885,48.896079],[-121.563806,48.896316],[-121.564515,48.896343],[-121.565344,48.896452],[-121.565868,48.896728],[-121.566566,48.897124],[-121.566863,48.897245],[-121.567102,48.89749],[-121.567522,48.897577],[-121.56841,48.89801],[-121.568651,48.898175],[-121.56899,48.89827],[-121.569343,48.898796],[-121.569916,48.899271],[-121.570846,48.899201],[-121.571645,48.899418],[-121.572197,48.899668],[-121.572521,48.900284],[-121.572905,48.900693],[-121.573139,48.90111],[-121.573499,48.901393],[-121.573708,48.90172],[-121.574108,48.902057],[-121.574524,48.902306],[-121.574982,48.902491],[-121.57526,48.9028],[-121.575493,48.903253],[-121.575596,48.903929],[-121.576045,48.904456],[-121.576581,48.905282],[-121.576824,48.905384],[-121.577157,48.905676],[-121.577734,48.906025],[-121.578378,48.906419],[-121.579301,48.906593],[-121.580074,48.906746],[-121.581244,48.906878],[-121.582317,48.90708],[-121.582963,48.907394],[-121.58357,48.907626],[-121.584263,48.908219],[-121.584842,48.908514],[-121.585326,48.908781],[-121.585804,48.909219],[-121.586762,48.909635],[-121.587175,48.909964],[-121.587358,48.910254],[-121.587752,48.91034],[-121.588158,48.910444],[-121.588428,48.910555],[-121.588796,48.91056],[-121.589168,48.910438],[-121.589726,48.91049],[-121.590476,48.910517],[-121.591797,48.910129],[-121.592124,48.910131]]}},{"type":"Feature","properties":{"segment_type":"roadwalk","route_id":"main","region_id":"north-cascades","region_name":"North Cascades","section_id":null,"section_name":null,"route_type":"roadwalk"},"geometry":{"type":"LineString","coordinates":[[-121.592124,48.910131],[-121.595537,48.910111],[-121.596556,48.910304],[-121.596924,48.910308],[-121.600762,48.910193],[-121.604839,48.91035],[-121.609123,48.910375],[-121.610643,48.910213],[-121.611818,48.910165],[-121.612799,48.909709],[-121.613786,48.909577],[-121.614395,48.909746],[-121.614803,48.909814],[-121.615172,48.9098],[-121.615733,48.909726],[-121.617225,48.909069],[-121.618262,48.908578],[-121.619659,48.908424],[-121.620585,48.908498],[-121.62151,48.908608],[-121.622003,48.908515],[-121.622885,48.907724],[-121.623554,48.907229],[-121.624765,48.906856],[-121.625848,48.90668],[-121.62623,48.906685],[-121.626994,48.906694],[-121.62776,48.906631],[-121.629635,48.905934],[-121.630625,48.905658],[-121.632001,48.905242],[-121.633549,48.904505],[-121.635492,48.90334],[-121.636929,48.902682],[-121.637368,48.90258],[-121.638176,48.902481],[-121.638825,48.902192],[-121.639177,48.901791],[-121.63962,48.901572],[-121.639935,48.90153],[-121.640346,48.900942],[-121.641189,48.900061],[-121.642034,48.899081],[-121.642986,48.898706],[-121.643749,48.898256],[-121.64522,48.897841],[-121.645765,48.897759],[-121.646987,48.897574],[-121.648801,48.897613],[-121.650588,48.897616],[-121.651481,48.897373],[-121.651757,48.897279],[-121.652796,48.89721],[-121.653668,48.897238],[-121.655278,48.89777],[-121.656022,48.898013],[-121.657365,48.898289],[-121.658164,48.898505],[-121.659045,48.89875],[-121.659696,48.898901],[-121.660349,48.898972],[-121.661115,48.899412],[-121.661562,48.899517],[-121.662306,48.899777],[-121.662829,48.900107],[-121.663167,48.900237],[-121.663697,48.900306],[-121.664106,48.900311],[-121.664839,48.900463],[-121.66556,48.900534],[-121.666406,48.900526],[-121.666977,48.900614],[-121.667437,48.900763],[-121.667776,48.90083],[-121.668907,48.901419],[-121.669676,48.901752],[-121.670528,48.902049],[-121.671328,48.90276],[-121.672745,48.903343],[-121.673486,48.903703],[-121.677147,48.905625],[-121.677847,48.905966],[-121.678343,48.906322],[-121.67879,48.906463],[-121.679566,48.906516],[-121.681018,48.906308],[-121.681572,48.906116],[-121.683579,48.905464],[-121.688545,48.905476],[-121.689145,48.905501],[-121.690212,48.905945],[-121.691029,48.905999],[-121.692383,48.905871],[-121.693067,48.905807],[-121.693379,48.905909],[-121.693634,48.906596],[-121.693713,48.906174],[-121.694096,48.905629],[-121.694441,48.905471],[-121.694773,48.905277],[-121.69525,48.904806],[-121.695671,48.904343],[-121.695812,48.904173],[-121.695899,48.903394],[-121.695866,48.90314],[-121.695831,48.902914],[-121.695458,48.902559],[-121.695082,48.902339],[-121.694093,48.902076],[-121.692833,48.901738],[-121.692262,48.901623],[-121.691274,48.901342],[-121.690286,48.901007],[-121.689437,48.900619],[-121.689074,48.90039],[-121.688353,48.899815],[-121.687696,48.899367],[-121.68672,48.8986],[-121.686315,48.898425],[-121.685759,48.898302],[-121.685364,48.898261],[-121.685093,48.898213],[-121.684662,48.898001],[-121.684315,48.897691],[-121.684017,48.897607],[-121.683274,48.897329],[-121.682977,48.89719],[-121.682334,48.896751],[-121.68195,48.896297],[-121.68171,48.896096],[-121.681319,48.895903],[-121.680869,48.895403],[-121.680564,48.895057],[-121.680179,48.894648],[-121.679462,48.89392],[-121.678729,48.893264],[-121.678466,48.892874],[-121.678335,48.892675],[-121.677183,48.891861],[-121.676822,48.891596],[-121.676528,48.891332],[-121.675864,48.890658],[-121.675544,48.890367],[-121.675027,48.889812],[-121.67428,48.889183],[-121.673691,48.888762],[-121.673358,48.888452],[-121.672568,48.887895],[-121.671948,48.8876],[-121.671396,48.887341],[-121.671195,48.887186],[-121.670516,48.886036],[-121.670043,48.885373],[-121.669874,48.885057],[-121.669607,48.884316],[-121.669475,48.884134],[-121.669415,48.883846],[-121.66936,48.883332],[-121.669164,48.88252],[-121.668911,48.88178],[-121.668721,48.881202],[-121.668647,48.880391],[-121.668969,48.879594],[-121.669401,48.879222],[-121.669447,48.879024],[-121.669616,48.877812],[-121.670409,48.877236],[-121.670387,48.877038],[-121.670243,48.876793],[-121.669823,48.87668],[-121.668734,48.876605],[-121.668301,48.876501],[-121.668129,48.876274],[-121.668233,48.875951],[-121.668931,48.874835],[-121.668807,48.874375],[-121.668596,48.874058],[-121.668277,48.873793],[-121.66816,48.873567],[-121.668329,48.873389],[-121.668898,48.87353],[-121.669335,48.874003],[-121.670314,48.874122],[-121.670649,48.874333],[-121.670671,48.874531],[-121.670589,48.87507],[-121.670716,48.875431],[-121.671014,48.875498],[-121.671424,48.875484],[-121.671969,48.875491],[-121.672711,48.875805],[-121.673582,48.87586],[-121.673898,48.875774],[-121.673319,48.875479],[-121.672452,48.875289],[-121.672074,48.875132],[-121.671916,48.874923],[-121.671955,48.874483],[-121.671781,48.873833],[-121.671655,48.873427],[-121.66998,48.872337],[-121.668988,48.871678],[-121.668151,48.871353],[-121.667568,48.871212],[-121.666558,48.871263],[-121.665528,48.871521],[-121.665522,48.871746],[-121.665446,48.872033],[-121.664804,48.87207],[-121.664451,48.871535],[-121.664458,48.871239],[-121.664932,48.870866],[-121.665012,48.870417],[-121.664885,48.870065],[-121.663619,48.869493],[-121.663013,48.869189],[-121.662192,48.869296],[-121.661727,48.869336],[-121.661117,48.869212],[-121.66055,48.869007],[-121.659439,48.868724],[-121.659063,48.868495],[-121.65884,48.868178],[-121.658745,48.867664],[-121.658802,48.867062],[-121.658612,48.866502],[-121.658585,48.864981],[-121.658435,48.864448],[-121.657971,48.863966],[-121.657524,48.863871],[-121.656671,48.864131],[-121.656048,48.864484],[-121.655634,48.865189],[-121.655381,48.865456],[-121.655137,48.865903],[-121.655022,48.866145],[-121.654748,48.866187],[-121.655006,48.865704],[-121.655155,48.865256],[-121.655504,48.864945],[-121.655684,48.864344],[-121.655817,48.86395],[-121.65646,48.862842],[-121.65663,48.862619],[-121.657373,48.861359],[-121.658364,48.859985],[-121.658657,48.859224],[-121.659024,48.858936],[-121.659543,48.858722],[-121.65992,48.858879],[-121.660005,48.859285],[-121.659942,48.861632],[-121.660072,48.861876],[-121.660878,48.863343],[-121.661196,48.86422],[-121.661512,48.865141],[-121.661682,48.865404],[-121.662547,48.865684],[-121.662884,48.86585],[-121.662909,48.866426],[-121.663545,48.86664],[-121.66389,48.866482],[-121.665158,48.865966],[-121.66553,48.865808],[-121.666145,48.865752],[-121.666521,48.865487],[-121.667218,48.864892],[-121.667835,48.864764],[-121.668715,48.864505],[-121.668858,48.864263],[-121.668728,48.863992],[-121.668429,48.863961],[-121.666891,48.864376],[-121.665484,48.865007],[-121.664975,48.865154],[-121.664635,48.865132],[-121.664575,48.864817],[-121.664988,48.864659],[-121.665662,48.864451],[-121.666535,48.86394],[-121.667073,48.863703],[-121.667418,48.863527],[-121.668174,48.863293],[-121.669029,48.862943],[-121.669723,48.862465],[-121.670441,48.862131],[-121.670785,48.862027],[-121.671491,48.862012],[-121.671901,48.862103],[-121.67239,48.862694],[-121.67283,48.863059],[-121.673587,48.86331],[-121.673994,48.863405],[-121.674123,48.863667],[-121.673974,48.864142],[-121.673892,48.864672],[-121.674251,48.865009],[-121.674627,48.86522],[-121.67516,48.8652],[-121.67589,48.86492],[-121.676155,48.865193],[-121.676135,48.865948],[-121.676362,48.866131],[-121.67697,48.866345],[-121.678083,48.866529],[-121.678872,48.866115],[-121.679504,48.865411],[-121.679647,48.865143],[-121.679616,48.864783],[-121.679798,48.864605],[-121.680752,48.864085],[-121.680827,48.863834],[-121.680601,48.863607],[-121.679781,48.863669],[-121.679276,48.863708],[-121.6789,48.863479],[-121.678952,48.863075],[-121.679398,48.862702],[-121.679585,48.862327],[-121.680505,48.862085],[-121.681314,48.861897],[-121.681884,48.860967],[-121.681934,48.860626],[-121.681597,48.860496],[-121.681024,48.860508],[-121.680445,48.860231],[-121.680426,48.859916],[-121.681167,48.858674],[-121.68145,48.8583],[-121.681936,48.857972],[-121.682106,48.857731],[-121.682117,48.8573],[-121.681962,48.856965],[-121.681655,48.856718],[-121.68173,48.856467],[-121.681823,48.855497],[-121.68183,48.855245],[-121.682524,48.854767],[-121.683078,48.854459],[-121.683082,48.854279],[-121.682883,48.854079],[-121.682309,48.854135],[-121.68196,48.854464],[-121.68015,48.856386],[-121.679876,48.856473],[-121.679815,48.856185],[-121.680165,48.855829],[-121.680475,48.855454],[-121.680972,48.854704],[-121.681194,48.854032],[-121.681508,48.853478],[-121.68202,48.853196],[-121.682912,48.852981],[-121.683121,48.852822],[-121.683685,48.852091],[-121.683963,48.851896],[-121.68447,48.851794],[-121.685505,48.851311],[-121.68591,48.850937],[-121.685984,48.850731],[-121.68571,48.850773],[-121.685471,48.851067],[-121.685058,48.851198],[-121.68472,48.851104],[-121.684588,48.85094],[-121.684661,48.850761],[-121.685968,48.850308],[-121.686246,48.850069]]}},{"type":"Feature","properties":{"segment_type":"trail","route_id":"main","region_id":"north-cascades","region_name":"North Cascades","section_id":null,"section_name":null},"geometry":{"type":"LineString","coordinates":[[-121.686246,48.850069],[-121.685703,48.84999],[-121.685128,48.850101],[-121.684543,48.850067],[-121.684143,48.850225],[-121.683865,48.850446],[-121.683454,48.850505],[-121.682873,48.850831],[-121.682073,48.851181],[-121.681339,48.851128],[-121.681143,48.850793],[-121.681107,48.850586],[-121.680678,48.85032],[-121.68048,48.850093],[-121.680355,48.849668],[-121.680131,48.849369],[-121.680996,48.849631],[-121.680707,48.849241],[-121.680142,48.848946],[-121.679741,48.848654],[-121.679977,48.848495],[-121.680288,48.84857],[-121.68065,48.848817],[-121.680889,48.848532],[-121.680642,48.848061],[-121.680274,48.847544],[-121.679668,48.847268],[-121.679447,48.846878],[-121.678949,48.846612],[-121.678855,48.846053],[-121.678451,48.845868],[-121.678191,48.845397],[-121.678242,48.844993],[-121.678347,48.844643],[-121.678284,48.844436],[-121.677744,48.84425],[-121.677315,48.843957],[-121.677126,48.843397],[-121.676832,48.843151],[-121.676184,48.842918],[-121.675072,48.842726],[-121.674776,48.842587],[-121.674177,48.842041],[-121.67356,48.841143],[-121.673204,48.840689],[-121.672558,48.840394],[-121.671827,48.840205],[-121.671081,48.840062],[-121.669801,48.840002],[-121.668879,48.839838],[-121.668517,48.839591],[-121.66805,48.839244],[-121.667548,48.83913],[-121.667323,48.838903],[-121.666874,48.83888],[-121.666748,48.838473],[-121.666621,48.838112],[-121.666189,48.837972],[-121.66578,48.837967],[-121.665651,48.837696],[-121.665291,48.837404],[-121.664791,48.837263],[-121.664414,48.837061],[-121.664121,48.836805],[-121.663643,48.836872],[-121.662802,48.8367],[-121.66233,48.836524],[-121.662062,48.836341],[-121.66145,48.836307],[-121.660814,48.836146],[-121.66006,48.835787],[-121.659909,48.835335],[-121.65967,48.835107],[-121.658399,48.834733],[-121.657927,48.834529],[-121.657643,48.833941],[-121.657585,48.833563],[-121.657985,48.833388],[-121.65817,48.833102],[-121.65834,48.832861],[-121.659587,48.832093],[-121.660817,48.831432],[-121.661536,48.831045],[-121.662116,48.831249],[-121.662457,48.831253],[-121.662899,48.831016],[-121.663278,48.830615],[-121.663596,48.830439],[-121.663834,48.830199],[-121.664136,48.83013],[-121.664687,48.829894],[-121.665234,48.829828],[-121.665535,48.829769],[-121.666063,48.82937],[-121.666486,48.828844],[-121.666533,48.828107],[-121.666074,48.82794],[-121.666475,48.827719],[-121.66678,48.827534],[-121.666798,48.827354],[-121.667102,48.827205],[-121.667871,48.82698],[-121.668284,48.826805],[-121.668533,48.826664],[-121.669096,48.826517],[-121.669576,48.826379],[-121.670149,48.826349],[-121.670604,48.826166],[-121.670952,48.825873],[-121.671203,48.825669],[-121.671652,48.825674],[-121.671965,48.825723],[-121.672274,48.825861],[-121.671981,48.826137],[-121.672223,48.826256],[-121.672395,48.826456],[-121.672213,48.826625],[-121.67218,48.826832],[-121.672617,48.826828],[-121.672894,48.826633],[-121.673211,48.82652],[-121.673798,48.826481],[-121.674641,48.826536],[-121.674956,48.82645],[-121.675057,48.826262],[-121.675299,48.826391],[-121.675252,48.826606],[-121.675687,48.826665],[-121.675897,48.826964],[-121.67612,48.826778],[-121.676275,48.826582],[-121.676616,48.826541],[-121.677568,48.826624],[-121.678793,48.826665],[-121.679286,48.826562],[-121.680009,48.826553],[-121.681124,48.82661],[-121.681562,48.826552],[-121.683875,48.82621],[-121.684652,48.82598],[-121.684939,48.825945],[-121.685224,48.825906],[-121.685601,48.825802],[-121.686099,48.825747],[-121.686577,48.82569],[-121.686882,48.825596],[-121.687286,48.8255],[-121.687553,48.825434],[-121.687865,48.825371],[-121.688111,48.825278],[-121.688359,48.825186],[-121.688654,48.825097],[-121.68911,48.824947],[-121.689432,48.824777],[-121.689644,48.824631],[-121.689866,48.824413],[-121.690072,48.824291],[-121.690366,48.824104],[-121.69071,48.82389],[-121.690897,48.823701],[-121.691245,48.822617],[-121.691402,48.822068],[-121.691585,48.821627],[-121.691705,48.821145],[-121.691598,48.820837],[-121.691284,48.820308],[-121.690992,48.819825],[-121.690954,48.819196],[-121.691271,48.81861],[-121.691418,48.818189],[-121.691022,48.817769],[-121.690654,48.817767],[-121.690098,48.8178],[-121.689575,48.817453],[-121.689967,48.817114],[-121.690567,48.816667],[-121.690708,48.816195],[-121.690849,48.815721],[-121.690791,48.815239],[-121.690533,48.81471],[-121.690211,48.814221],[-121.689578,48.813932],[-121.689069,48.813964],[-121.688583,48.813444],[-121.688838,48.813167],[-121.688765,48.812524],[-121.690006,48.812609],[-121.690372,48.812408],[-121.691468,48.812619],[-121.691824,48.812465],[-121.691889,48.811979],[-121.69165,48.811494],[-121.691333,48.810723],[-121.69065,48.810234],[-121.690418,48.809907],[-121.689908,48.809388],[-121.689553,48.808859],[-121.689538,48.808239],[-121.689382,48.80778],[-121.688899,48.807284],[-121.688991,48.80682],[-121.689089,48.806309],[-121.688568,48.805703],[-121.688512,48.805163],[-121.688731,48.804729],[-121.688798,48.803804],[-121.688568,48.803367],[-121.68816,48.802685],[-121.688171,48.801464],[-121.688135,48.800594],[-121.688004,48.800432],[-121.687836,48.799687],[-121.687527,48.799085],[-121.687087,48.798442],[-121.6869,48.798182],[-121.686111,48.797503],[-121.685148,48.796435],[-121.684369,48.7959],[-121.683984,48.79542],[-121.682905,48.794897],[-121.681762,48.794416],[-121.681411,48.79415],[-121.680942,48.793486],[-121.680252,48.792748],[-121.679562,48.79218],[-121.679206,48.791927],[-121.678181,48.791197],[-121.676799,48.790274],[-121.676611,48.79009],[-121.675905,48.7894],[-121.675609,48.788686],[-121.675792,48.787767],[-121.67558,48.786915],[-121.675209,48.786354],[-121.675446,48.786196],[-121.674781,48.785622],[-121.674067,48.784822],[-121.672749,48.783178],[-121.67224,48.782849],[-121.671677,48.782527],[-121.671425,48.782272],[-121.671381,48.781858],[-121.671142,48.781657],[-121.670727,48.781374],[-121.670598,48.781111],[-121.670667,48.780545],[-121.670713,48.779853],[-121.670569,48.779123],[-121.670137,48.778479],[-121.669669,48.778141],[-121.668826,48.777609],[-121.668327,48.777432],[-121.668098,48.777322],[-121.668524,48.777174],[-121.667679,48.776714],[-121.667657,48.776489],[-121.667865,48.776348],[-121.667422,48.776145],[-121.667389,48.775847],[-121.667775,48.775141],[-121.668185,48.77457],[-121.668123,48.774326],[-121.667844,48.773558],[-121.66768,48.77308],[-121.667854,48.772668],[-121.667942,48.771922],[-121.667793,48.77139],[-121.667646,48.770767],[-121.667377,48.77062],[-121.666434,48.770258],[-121.666019,48.770002],[-121.665656,48.769845],[-121.665102,48.769676],[-121.664769,48.769429],[-121.664196,48.768973],[-121.664083,48.768603],[-121.664091,48.768315],[-121.664174,48.767236],[-121.664174,48.766724],[-121.663877,48.765596],[-121.663925,48.765335],[-121.664055,48.76504],[-121.664225,48.764781],[-121.664665,48.764624],[-121.66498,48.764547],[-121.665121,48.76435],[-121.66531,48.763921],[-121.665723,48.763719],[-121.66674,48.763335],[-121.666908,48.763175],[-121.667217,48.763331],[-121.667501,48.763375],[-121.667625,48.763203],[-121.667607,48.762982],[-121.667761,48.762573],[-121.667768,48.762305],[-121.667822,48.762069],[-121.668078,48.762324],[-121.668501,48.762436]]}},{"type":"Feature","properties":{"segment_type":"roadwalk","route_id":"main","region_id":"north-cascades","region_name":"North Cascades","section_id":null,"section_name":null,"route_type":"roadwalk"},"geometry":{"type":"LineString","coordinates":[[-121.668501,48.762436],[-121.668277,48.761823],[-121.668037,48.761145],[-121.667977,48.760812],[-121.668037,48.759076],[-121.668317,48.758765],[-121.668421,48.75846],[-121.668376,48.758109],[-121.668573,48.757841],[-121.668743,48.7576],[-121.668762,48.757384],[-121.668755,48.757132],[-121.66872,48.756907],[-121.668567,48.756527],[-121.668531,48.756347],[-121.668742,48.756071],[-121.669412,48.755979],[-121.670159,48.756024],[-121.670528,48.755956],[-121.67142,48.755661],[-121.671846,48.755486],[-121.672311,48.755428],[-121.672829,48.755362],[-121.673186,48.755258],[-121.674206,48.754757],[-121.674632,48.754582],[-121.675143,48.7543],[-121.675436,48.754042],[-121.675592,48.753783],[-121.675668,48.753478],[-121.675762,48.753021],[-121.675837,48.752761],[-121.675927,48.752411],[-121.675916,48.751826],[-121.675907,48.751619],[-121.675981,48.751413],[-121.676194,48.751055],[-121.676593,48.750394],[-121.67671,48.75009],[-121.676715,48.749874],[-121.67685,48.749398],[-121.676943,48.748986],[-121.676978,48.74868],[-121.67689,48.748409],[-121.676692,48.748173],[-121.676423,48.748035],[-121.676127,48.747942],[-121.675772,48.747974],[-121.675319,48.748148],[-121.674932,48.74836],[-121.67463,48.748482],[-121.674347,48.748353],[-121.674434,48.748147],[-121.674826,48.74772],[-121.675243,48.747401],[-121.676004,48.746924],[-121.676341,48.746514],[-121.676429,48.746272],[-121.676435,48.746029],[-121.676308,48.745704],[-121.675587,48.744652],[-121.67531,48.744325],[-121.675315,48.744136],[-121.675497,48.743967],[-121.675918,48.743963],[-121.676261,48.74439],[-121.676515,48.744536],[-121.676857,48.744495],[-121.67707,48.744129],[-121.67696,48.743678],[-121.676608,48.74308],[-121.676279,48.742671],[-121.675823,48.742414],[-121.675599,48.742142],[-121.675351,48.741734],[-121.675036,48.74129],[-121.674676,48.741016],[-121.674249,48.740705],[-121.674187,48.740497],[-121.674066,48.739929],[-121.67418,48.739202],[-121.674235,48.738662],[-121.674174,48.738401],[-121.673854,48.738136],[-121.673316,48.737923],[-121.671538,48.737264],[-121.669928,48.736436],[-121.669606,48.73627],[-121.669211,48.736265],[-121.668355,48.736238],[-121.667731,48.736167],[-121.667096,48.736007],[-121.666368,48.735765],[-121.665698,48.735388],[-121.665042,48.734994],[-121.66452,48.734691],[-121.664049,48.734487],[-121.663335,48.734263],[-121.662889,48.734132],[-121.662367,48.733829],[-121.661591,48.734378],[-121.660939,48.734847],[-121.660291,48.735173],[-121.659741,48.735409],[-121.65869,48.735541],[-121.658007,48.735659],[-121.65711,48.735648],[-121.655153,48.735562],[-121.65343,48.735425],[-121.651222,48.735094],[-121.649502,48.734804],[-121.648636,48.73465],[-121.648365,48.73461],[-121.648052,48.734607],[-121.647601,48.734691],[-121.646506,48.734948],[-121.646042,48.735033],[-121.645323,48.734935],[-121.644826,48.734722],[-121.643753,48.734169],[-121.643215,48.73392],[-121.642812,48.733735],[-121.642272,48.733612],[-121.641865,48.73358],[-121.641091,48.733535],[-121.639768,48.733673],[-121.63847,48.7339],[-121.637811,48.734117],[-121.636986,48.734431],[-121.636532,48.734624],[-121.636299,48.73472],[-121.636051,48.734807],[-121.634923,48.734785],[-121.634094,48.734757],[-121.632887,48.734653],[-121.631788,48.734532],[-121.630866,48.734431],[-121.63004,48.734322],[-121.629227,48.734186],[-121.628445,48.733943],[-121.627393,48.733634],[-121.626961,48.733494],[-121.626556,48.733399],[-121.626191,48.733323],[-121.625216,48.733176],[-121.624419,48.732951],[-121.624053,48.732928],[-121.623058,48.732988],[-121.621915,48.733011],[-121.620977,48.732999],[-121.620558,48.732904],[-121.619531,48.732667],[-121.619099,48.732536],[-121.618597,48.732494],[-121.618038,48.732577],[-121.616968,48.732879],[-121.616431,48.733152],[-121.615885,48.733217],[-121.615273,48.733228],[-121.614794,48.733312],[-121.614502,48.733552],[-121.613925,48.733778],[-121.613309,48.733924],[-121.612719,48.734097],[-121.61181,48.734509],[-121.611422,48.734783],[-121.610937,48.73511],[-121.610712,48.735377],[-121.610606,48.735745],[-121.610551,48.736779],[-121.610345,48.737325],[-121.608997,48.737894],[-121.60795,48.738367],[-121.607303,48.738629],[-121.606691,48.738639],[-121.605113,48.738638],[-121.604023,48.738706],[-121.603642,48.738719],[-121.603327,48.738806],[-121.602708,48.739032],[-121.602408,48.739091],[-121.60173,48.739479],[-121.601494,48.739665],[-121.601326,48.739843],[-121.601233,48.740229],[-121.601135,48.740821],[-121.601081,48.741324],[-121.60115,48.741748],[-121.601196,48.742073],[-121.601025,48.742331],[-121.600802,48.742529],[-121.599673,48.743529],[-121.599286,48.74375],[-121.598532,48.743956],[-121.597997,48.744121],[-121.597707,48.744279],[-121.597456,48.744474],[-121.59726,48.744679],[-121.597074,48.745027],[-121.59674,48.745275],[-121.596396,48.745442],[-121.595825,48.745399],[-121.595547,48.745153],[-121.595006,48.744525],[-121.594635,48.744188],[-121.594243,48.744093],[-121.593578,48.744058],[-121.592991,48.744132],[-121.59262,48.744235],[-121.592132,48.744175],[-121.591378,48.743923],[-121.590836,48.743827],[-121.589989,48.743978],[-121.589017,48.744191],[-121.588063,48.744251],[-121.587569,48.744416],[-121.586549,48.744863],[-121.585679,48.745329],[-121.585089,48.74552],[-121.584416,48.745754],[-121.583911,48.74582],[-121.58334,48.745786],[-121.582261,48.745485],[-121.581307,48.74505],[-121.580894,48.74473],[-121.579848,48.744681],[-121.57828,48.744806],[-121.577927,48.744784],[-121.577263,48.744721],[-121.576623,48.744714],[-121.575483,48.744627],[-121.574766,48.744484],[-121.574157,48.744368],[-121.573396,48.744359],[-121.572955,48.74456],[-121.571663,48.745021],[-121.570936,48.745255],[-121.570431,48.745303],[-121.569531,48.745363],[-121.569202,48.745467],[-121.568692,48.745686],[-121.5676,48.745816],[-121.565908,48.746011],[-121.564014,48.746123],[-121.563278,48.746158],[-121.562143,48.74591],[-121.560957,48.745509],[-121.5602,48.745832],[-121.559218,48.746387],[-121.55836,48.746907],[-121.557806,48.747251],[-121.557649,48.74751],[-121.557528,48.747913],[-121.557512,48.748497],[-121.557307,48.748999],[-121.557084,48.749635],[-121.556835,48.749784],[-121.556411,48.749869],[-121.555809,48.750006],[-121.555776,48.750653],[-121.555486,48.751288],[-121.555084,48.751544],[-121.554531,48.751852],[-121.553993,48.752115],[-121.553571,48.75211],[-121.552428,48.752131],[-121.551898,48.752107],[-121.551544,48.752102],[-121.55132,48.752204]]}},{"type":"Feature","properties":{"segment_type":"trail","route_id":"main","region_id":"north-cascades","region_name":"North Cascades","section_id":null,"section_name":null},"geometry":{"type":"LineString","coordinates":[[-121.55132,48.752204],[-121.550699,48.752631],[-121.549997,48.75291],[-121.549651,48.753113],[-121.549454,48.753344],[-121.549162,48.753584],[-121.548761,48.753786],[-121.548398,48.754123],[-121.548266,48.754445],[-121.548099,48.754596],[-121.547495,48.754777],[-121.547262,48.754351],[-121.547135,48.754035],[-121.547236,48.753829],[-121.547583,48.753132],[-121.548246,48.751845],[-121.548789,48.751393],[-121.54967,48.750576],[-121.550023,48.750122],[-121.550354,48.749514],[-121.551106,48.748894],[-121.552018,48.747952],[-121.552152,48.747549],[-121.55241,48.746616],[-121.552303,48.745607],[-121.552305,48.744564],[-121.55247,48.744026],[-121.552532,48.743316],[-121.552703,48.743048],[-121.552806,48.742753],[-121.553179,48.742073],[-121.553495,48.741502],[-121.553561,48.741089],[-121.553816,48.740741],[-121.554175,48.740557],[-121.555246,48.740219],[-121.555949,48.739877],[-121.557095,48.739289],[-121.558109,48.738564],[-121.558744,48.738212],[-121.559196,48.738109],[-121.559811,48.738009],[-121.561885,48.737792],[-121.56261,48.73763],[-121.564418,48.737194],[-121.566089,48.736774],[-121.566547,48.736447],[-121.567306,48.73606],[-121.568191,48.735567],[-121.568828,48.735153],[-121.569198,48.735076],[-121.569729,48.735038],[-121.57026,48.735026],[-121.570652,48.735094],[-121.571006,48.735099],[-121.571309,48.734967],[-121.57145,48.734789],[-121.571524,48.734574],[-121.57179,48.734317],[-121.572026,48.73414],[-121.572185,48.733818],[-121.572245,48.733594],[-121.572347,48.733379],[-121.572831,48.733079],[-121.573296,48.732995],[-121.574267,48.732791],[-121.574533,48.732524],[-121.574892,48.732358],[-121.575191,48.732343],[-121.575515,48.73197],[-121.575521,48.731736],[-121.575418,48.731528],[-121.575605,48.731188],[-121.576298,48.730711],[-121.576887,48.730097],[-121.57719,48.729957],[-121.577697,48.729801],[-121.578236,48.729511],[-121.578597,48.729228],[-121.578945,48.728944],[-121.579278,48.728732],[-121.579645,48.72871],[-121.579907,48.728587],[-121.580115,48.728455],[-121.580441,48.728477],[-121.580824,48.728382],[-121.581497,48.728139],[-121.581773,48.728007],[-121.582061,48.727939],[-121.582496,48.727926],[-121.583219,48.727845],[-121.584229,48.727732],[-121.585047,48.727625],[-121.58576,48.727445],[-121.586159,48.727252],[-121.586963,48.726731],[-121.587268,48.726518],[-121.58761,48.726451],[-121.588196,48.726395],[-121.588512,48.726291],[-121.589044,48.726234],[-121.589606,48.726061],[-121.590442,48.725829],[-121.591006,48.725602],[-121.591515,48.725365],[-121.591814,48.725386],[-121.592245,48.725527],[-121.592821,48.725858],[-121.593523,48.726046],[-121.593917,48.726024],[-121.594316,48.725876],[-121.594901,48.725856],[-121.595338,48.725807],[-121.595607,48.725754],[-121.595913,48.725652],[-121.596055,48.725438],[-121.596278,48.725261],[-121.596366,48.725019],[-121.5964,48.724768],[-121.596368,48.72447],[-121.59624,48.724163],[-121.596448,48.72404],[-121.597214,48.724355],[-121.597697,48.724586],[-121.598128,48.724744],[-121.598555,48.725019],[-121.599215,48.725243],[-121.599771,48.725295],[-121.600275,48.725274],[-121.600646,48.725125],[-121.600841,48.724957],[-121.601097,48.72505],[-121.601403,48.725287],[-121.601702,48.725318],[-121.60238,48.725371],[-121.602911,48.72536],[-121.603581,48.725215],[-121.604058,48.725167],[-121.604649,48.72494],[-121.60498,48.724764],[-121.605327,48.724525],[-121.605538,48.724267],[-121.605692,48.724116],[-121.605969,48.723939],[-121.606538,48.723514],[-121.606585,48.723299],[-121.6067,48.723048],[-121.606923,48.722862],[-121.607534,48.722384],[-121.607954,48.721975],[-121.608242,48.72187],[-121.608958,48.721546],[-121.609553,48.721158],[-121.609997,48.720857],[-121.611095,48.720474],[-121.611828,48.72051],[-121.612291,48.720489],[-121.612627,48.720142],[-121.613599,48.720397],[-121.614127,48.720484],[-121.614692,48.720707],[-121.615059,48.720711],[-121.61575,48.7208],[-121.616077,48.720777],[-121.616447,48.720647],[-121.616776,48.72057],[-121.617369,48.720253],[-121.617617,48.720148],[-121.618063,48.720234],[-121.618746,48.72062],[-121.619234,48.72068],[-121.620089,48.720717],[-121.621029,48.720648],[-121.621808,48.720522],[-121.622095,48.720471],[-121.622508,48.720261],[-121.622851,48.720157],[-121.623423,48.720136],[-121.624203,48.719957],[-121.624742,48.71963],[-121.625396,48.719584],[-121.626173,48.719513],[-121.627898,48.719551],[-121.629905,48.719764],[-121.630991,48.719804],[-121.63174,48.719786],[-121.632399,48.719542],[-121.633057,48.719361],[-121.633431,48.719086],[-121.633777,48.718874],[-121.634047,48.71894],[-121.634425,48.719044],[-121.635222,48.718738],[-121.636586,48.718575],[-121.637387,48.718584],[-121.638037,48.718682],[-121.638595,48.718688],[-121.639206,48.718696],[-121.639672,48.718575],[-121.639998,48.718579],[-121.6408,48.718588],[-121.642258,48.71848],[-121.643427,48.718466],[-121.643846,48.718561],[-121.644492,48.718821],[-121.645176,48.719171],[-121.64597,48.719459],[-121.647095,48.719589],[-121.648114,48.719637],[-121.649242,48.71965],[-121.650183,48.719535],[-121.651031,48.719356],[-121.651882,48.71906],[-121.652876,48.718487],[-121.653936,48.717474],[-121.65504,48.716344],[-121.655619,48.715541],[-121.655818,48.715238],[-121.655827,48.714896],[-121.655687,48.714526],[-121.65556,48.714209],[-121.655525,48.713966],[-121.655576,48.713598],[-121.655731,48.712889],[-121.655993,48.712235],[-121.656043,48.711894],[-121.655955,48.711623],[-121.65569,48.711368],[-121.655513,48.710871],[-121.65464,48.709934],[-121.654609,48.709592],[-121.654215,48.708562],[-121.653918,48.707479],[-121.653977,48.706769],[-121.654109,48.705915],[-121.654167,48.705268],[-121.654177,48.7049],[-121.654474,48.704462],[-121.655055,48.703578],[-121.65535,48.703204],[-121.655453,48.702899],[-121.655462,48.702557],[-121.655605,48.702316],[-121.655845,48.701977],[-121.656189,48.701297],[-121.65659,48.700528],[-121.656948,48.699354],[-121.657101,48.698708],[-121.657118,48.69806],[-121.657084,48.697808],[-121.656768,48.697409],[-121.656542,48.697217],[-121.656452,48.697027],[-121.65656,48.69657],[-121.656571,48.696138],[-121.656496,48.69539],[-121.656228,48.694739],[-121.655829,48.693898],[-121.655702,48.693555],[-121.655473,48.692967],[-121.655767,48.692665],[-121.655912,48.692325],[-121.655922,48.69192],[-121.656173,48.69168],[-121.656549,48.691369],[-121.657224,48.690487],[-121.657666,48.689718],[-121.657822,48.689468],[-121.658198,48.68913],[-121.659161,48.688152],[-121.659264,48.687874],[-121.659465,48.687472],[-121.660252,48.685967],[-121.660395,48.685692],[-121.660405,48.685323],[-121.660302,48.684081],[-121.660135,48.683215],[-121.659625,48.682993],[-121.659444,48.682613],[-121.659285,48.681964],[-121.65895,48.681807],[-121.658873,48.681617],[-121.658824,48.681401],[-121.658889,48.681032],[-121.65942,48.679959],[-121.659776,48.678812],[-121.660273,48.678017],[-121.660758,48.677123],[-121.660765,48.67688],[-121.660734,48.676502],[-121.660929,48.676324],[-121.661207,48.676075],[-121.661374,48.675429],[-121.662023,48.674015],[-121.662618,48.672574],[-121.663558,48.670911],[-121.664218,48.669093],[-121.664467,48.668385],[-121.664805,48.667921],[-121.66504,48.667771],[-121.665186,48.667404],[-121.665459,48.666318],[-121.665752,48.665521],[-121.666189,48.664905],[-121.66718,48.664395],[-121.667995,48.663873],[-121.6681,48.663506],[-121.668111,48.663101],[-121.667989,48.662578],[-121.667624,48.66198],[-121.667214,48.661579],[-121.667178,48.66139],[-121.667682,48.661333],[-121.66793,48.66121],[-121.668173,48.660754],[-121.668368,48.66054],[-121.668737,48.660481],[-121.669213,48.660451],[-121.669587,48.660176],[-121.67016,48.659535],[-121.670466,48.658738],[-121.670666,48.658371],[-121.670978,48.657358],[-121.670989,48.656953],[-121.670861,48.656646],[-121.670541,48.656427],[-121.670123,48.656296],[-121.669842,48.656167],[-121.6698,48.655671],[-121.670058,48.655152],[-121.670239,48.654993],[-121.669821,48.654871],[-121.669171,48.6548],[-121.668999,48.654645],[-121.669561,48.654463],[-121.670219,48.654192],[-121.670415,48.653978],[-121.670561,48.653611],[-121.670877,48.652436],[-121.670934,48.651789],[-121.671181,48.651171],[-121.67177,48.650494],[-121.672569,48.650044],[-121.673564,48.649372],[-121.674344,48.648607],[-121.674966,48.647688],[-121.675175,48.646979],[-121.675189,48.646422],[-121.674667,48.645633]]}},{"type":"Feature","properties":{"segment_type":"roadwalk","route_id":"main","region_id":"north-cascades","region_name":"North Cascades","section_id":null,"section_name":null,"route_type":"roadwalk"},"geometry":{"type":"LineString","coordinates":[[-121.674667,48.645633],[-121.675216,48.645396],[-121.67631,48.645112],[-121.676653,48.644954],[-121.676794,48.644749],[-121.676772,48.644569],[-121.676309,48.644095],[-121.676154,48.643779],[-121.676324,48.64352],[-121.677888,48.643925],[-121.678647,48.643969],[-121.679124,48.643921],[-121.680044,48.644048],[-121.680572,48.64409],[-121.681211,48.644062],[-121.682031,48.643846],[-121.682345,48.643796],[-121.682791,48.643855],[-121.683239,48.64386],[-121.68366,48.643847],[-121.684201,48.643421],[-121.684544,48.643281],[-121.686334,48.643338],[-121.687366,48.643349],[-121.687633,48.644045],[-121.688037,48.645201],[-121.688338,48.645628],[-121.688961,48.645698],[-121.689437,48.645658],[-121.689752,48.645545],[-121.690037,48.645548],[-121.690349,48.645587],[-121.690587,48.645815],[-121.69102,48.646414],[-121.691106,48.646766],[-121.69141,48.647084],[-121.691715,48.647339],[-121.689697,48.650321],[-121.689718,48.650528],[-121.690062,48.650892],[-121.690234,48.651056],[-121.690455,48.651454],[-121.690659,48.651943],[-121.690796,48.652421],[-121.691112,48.652829],[-121.691377,48.653057],[-121.692132,48.653291],[-121.692465,48.653322],[-121.693012,48.653373],[-121.693986,48.653501],[-121.696153,48.653732],[-121.696572,48.653809],[-121.697258,48.654069],[-121.698529,48.654803],[-121.699705,48.655536],[-121.700288,48.656082],[-121.700657,48.656527],[-121.700786,48.656799],[-121.700872,48.657681],[-121.700885,48.658239],[-121.700987,48.658474],[-121.701113,48.658637],[-121.701357,48.658865],[-121.701946,48.659232],[-121.702777,48.659628],[-121.704013,48.660173],[-121.704673,48.660369],[-121.70577,48.660498],[-121.706354,48.660505],[-121.706911,48.660484],[-121.707538,48.660383],[-121.709928,48.65987],[-121.711976,48.659452],[-121.712543,48.659027],[-121.712874,48.658851],[-121.71465,48.660562],[-121.716036,48.662134],[-121.717091,48.663378],[-121.71792,48.664404],[-121.718266,48.665235],[-121.718371,48.665911],[-121.718356,48.666505],[-121.718299,48.666733],[-121.718819,48.666969],[-121.719019,48.667133],[-121.719034,48.667601],[-121.718906,48.66786],[-121.718614,48.668127],[-121.718553,48.66836],[-121.718943,48.669048],[-121.719034,48.669229],[-121.719187,48.6696],[-121.719294,48.670231],[-121.719286,48.670528],[-121.719058,48.671488],[-121.718957,48.671721],[-121.71872,48.671952],[-121.718335,48.672137],[-121.718033,48.672259],[-121.718025,48.672574],[-121.718318,48.672811],[-121.718613,48.672985],[-121.718922,48.673088],[-121.71922,48.673127],[-121.719642,48.673114],[-121.719965,48.673234],[-121.72028,48.67367],[-121.720739,48.673774],[-121.721105,48.673814],[-121.721331,48.673996],[-121.721709,48.674081],[-121.722101,48.674158],[-121.722445,48.674521],[-121.722873,48.674796],[-121.723495,48.674884],[-121.724174,48.674909],[-121.724647,48.675014],[-121.725211,48.675263],[-121.725853,48.675675],[-121.725998,48.675838],[-121.72645,48.67623],[-121.726594,48.676448],[-121.726765,48.676665],[-121.726882,48.676883],[-121.727108,48.677065],[-121.727726,48.67736],[-121.728049,48.67748],[-121.728347,48.677484],[-121.728826,48.677354],[-121.729141,48.677258],[-121.729769,48.677148],[-121.730398,48.676966],[-121.730828,48.676629],[-121.731371,48.676086],[-121.73158,48.6759],[-121.731855,48.675741],[-121.732116,48.675627],[-121.732526,48.675559],[-121.733152,48.675485],[-121.733688,48.675257],[-121.734295,48.674868],[-121.734739,48.674504],[-121.735074,48.674148],[-121.735571,48.673709],[-121.735851,48.674057],[-121.736198,48.674295],[-121.736695,48.674507],[-121.737276,48.674649],[-121.738865,48.674639],[-121.741687,48.674778],[-121.742324,48.674848],[-121.742755,48.674988],[-121.743454,48.67531],[-121.743946,48.675729],[-121.744717,48.676395],[-121.745526,48.677177],[-121.746282,48.677923],[-121.746919,48.678542],[-121.747291,48.678861],[-121.74764,48.679062],[-121.748312,48.67934],[-121.749134,48.6796],[-121.751227,48.680118],[-121.752092,48.680316],[-121.752877,48.680442],[-121.75377,48.680586],[-121.754525,48.68081],[-121.755065,48.680933],[-121.75592,48.680987],[-121.757708,48.681205],[-121.758221,48.681345],[-121.758892,48.681667],[-121.759363,48.681877],[-121.759683,48.682171],[-121.759767,48.68249],[-121.760116,48.682633],[-121.760372,48.682919],[-121.760307,48.683139],[-121.760055,48.683438],[-121.759603,48.683518],[-121.759201,48.683544],[-121.758722,48.683579],[-121.758247,48.683588],[-121.757725,48.683625],[-121.757106,48.683771],[-121.756697,48.683847],[-121.756155,48.683949],[-121.755616,48.684023],[-121.755261,48.684019],[-121.754735,48.683994],[-121.754293,48.683933],[-121.753853,48.683816],[-121.753454,48.683754],[-121.752922,48.683743],[-121.75248,48.683707],[-121.75204,48.683645],[-121.751557,48.683527],[-121.751118,48.683438],[-121.750635,48.683349],[-121.750241,48.683319],[-121.749759,48.683315],[-121.749846,48.683535],[-121.750283,48.683648],[-121.75072,48.683733],[-121.751068,48.6839],[-121.751417,48.684039],[-121.751719,48.684286],[-121.751933,48.684532],[-121.752191,48.684777],[-121.752536,48.684942],[-121.75288,48.68516],[-121.753178,48.685405],[-121.753522,48.685569],[-121.753953,48.685706],[-121.754385,48.685791],[-121.754821,48.68577],[-121.755255,48.685742],[-121.755773,48.685741],[-121.756249,48.68574],[-121.75672,48.685732],[-121.757233,48.685724],[-121.75757,48.68577],[-121.75808,48.685903],[-121.758338,48.686016],[-121.758808,48.686181],[-121.759184,48.686253],[-121.759863,48.686187],[-121.760291,48.686241],[-121.760759,48.686349],[-121.761142,48.686431],[-121.761574,48.686517],[-121.762114,48.68653],[-121.762532,48.68652],[-121.76299,48.686509],[-121.763452,48.686502],[-121.763916,48.686496],[-121.764293,48.686518],[-121.7648,48.686514],[-121.765178,48.686581],[-121.765482,48.686669],[-121.766027,48.686601],[-121.766677,48.686623],[-121.768128,48.686716],[-121.76793,48.686982],[-121.767649,48.687002],[-121.767358,48.686906],[-121.766666,48.686868],[-121.76618,48.686963],[-121.765562,48.687115],[-121.765225,48.687134],[-121.764884,48.68719],[-121.764518,48.687303],[-121.764206,48.687379],[-121.76381,48.687491],[-121.763467,48.687548],[-121.763126,48.687585],[-121.762832,48.687697],[-121.762418,48.687865],[-121.762059,48.68807],[-121.761593,48.688293],[-121.761052,48.688442],[-121.760712,48.688536],[-121.760443,48.688608],[-121.75997,48.688644],[-121.759308,48.688679],[-121.758893,48.688604],[-121.758479,48.688509],[-121.758146,48.688416],[-121.757268,48.688267],[-121.757001,48.68834],[-121.757104,48.688524],[-121.757341,48.688671],[-121.757916,48.688852],[-121.758307,48.688981],[-121.758684,48.689109],[-121.759066,48.689272],[-121.759329,48.689398],[-121.759585,48.689508],[-121.759838,48.689599],[-121.760092,48.689672],[-121.760459,48.689781],[-121.760796,48.689872],[-121.761307,48.690053],[-121.76157,48.690159],[-121.76208,48.690283],[-121.762465,48.690303],[-121.763228,48.690315],[-121.763563,48.690331],[-121.76384,48.690331],[-121.764476,48.690331],[-121.76481,48.69033],[-121.765509,48.69038],[-121.76587,48.690378],[-121.76623,48.690376],[-121.766645,48.690302],[-121.767284,48.69026],[-121.767752,48.690277],[-121.768192,48.690294],[-121.768659,48.690347],[-121.768988,48.690473],[-121.76929,48.690547],[-121.769728,48.690605],[-121.770167,48.690668],[-121.770768,48.69066],[-121.771119,48.690755],[-121.771363,48.690859],[-121.77174,48.690978],[-121.772714,48.691242],[-121.772985,48.691261],[-121.774089,48.69138],[-121.774408,48.691428],[-121.774918,48.691496],[-121.775725,48.69153],[-121.776547,48.691609],[-121.776923,48.691645],[-121.777349,48.691749],[-121.778175,48.691904],[-121.778665,48.691979],[-121.779623,48.692169],[-121.779989,48.692253],[-121.780315,48.692396],[-121.780906,48.69253],[-121.781528,48.692698],[-121.781792,48.692785],[-121.782202,48.692877],[-121.783258,48.692645],[-121.784115,48.692815],[-121.784833,48.692813],[-121.785311,48.692915],[-121.785648,48.69299],[-121.786473,48.693153],[-121.787027,48.693447],[-121.787387,48.69373],[-121.787982,48.693944],[-121.788701,48.694016],[-121.789128,48.694084],[-121.789848,48.694083],[-121.790484,48.693981],[-121.791021,48.694049],[-121.791659,48.694168],[-121.792282,48.694392],[-121.792714,48.694645],[-121.793184,48.695002],[-121.793508,48.695328],[-121.793502,48.696002],[-121.793851,48.696447],[-121.7943,48.696742],[-121.794705,48.696822],[-121.795387,48.696917],[-121.796168,48.696919],[-121.796645,48.697058],[-121.797576,48.6972],[-121.797964,48.697237],[-121.798625,48.697545],[-121.798981,48.69768],[-121.799958,48.698039],[-121.801048,48.698365],[-121.801536,48.6986],[-121.802159,48.698934],[-121.802618,48.699358],[-121.802904,48.699706],[-121.803297,48.700125],[-121.803543,48.700369],[-121.804108,48.700665],[-121.804652,48.700953],[-121.805037,48.701135],[-121.805673,48.701401],[-121.806055,48.701728],[-121.806052,48.702177],[-121.806235,48.702452],[-121.806856,48.702895],[-121.807105,48.70334],[-121.807103,48.703573],[-121.807231,48.703981],[-121.807412,48.704251],[-121.80753,48.704521],[-121.807673,48.704701],[-121.807888,48.704969],[-121.808158,48.705169],[-121.80849,48.705388],[-121.808792,48.70563],[-121.809058,48.705762],[-121.809323,48.705827],[-121.809795,48.706027],[-121.810206,48.706228],[-121.810545,48.706361],[-121.810915,48.706494],[-121.811321,48.706627],[-121.811793,48.706761],[-121.812094,48.706871],[-121.812529,48.707003],[-121.812843,48.707058]]}},{"type":"Feature","properties":{"segment_type":"trail","route_id":"main","region_id":"north-cascades","region_name":"North Cascades","section_id":null,"section_name":null},"geometry":{"type":"LineString","coordinates":[[-121.812843,48.707058],[-121.813194,48.706916],[-121.813225,48.706675],[-121.813455,48.706477],[-121.813925,48.70613],[-121.814228,48.705957],[-121.814665,48.705851],[-121.815066,48.70581],[-121.815367,48.70579],[-121.815736,48.705684],[-121.816104,48.705514],[-121.816438,48.705473],[-121.816772,48.705324],[-121.817205,48.705198],[-121.817537,48.705179],[-121.817802,48.705117],[-121.818198,48.705205],[-121.818495,48.705358],[-121.818756,48.705465],[-121.819184,48.705359],[-121.819612,48.70534],[-121.820073,48.705342],[-121.820663,48.705475],[-121.821287,48.705285],[-121.821712,48.70531],[-121.822137,48.705334],[-121.822398,48.705486],[-121.822692,48.70568],[-121.822986,48.705809],[-121.823247,48.705896],[-121.82367,48.706071],[-121.824027,48.706224],[-121.824254,48.706355],[-121.824514,48.706507],[-121.824773,48.706702],[-121.825194,48.706875],[-121.825614,48.707091],[-121.826,48.707458],[-121.826289,48.70763],[-121.826547,48.707824],[-121.826837,48.70806],[-121.826996,48.708338],[-121.827346,48.708703],[-121.827663,48.708938],[-121.828076,48.709152],[-121.828524,48.709258],[-121.829037,48.709365],[-121.829329,48.709471],[-121.829472,48.709959],[-121.829563,48.710171],[-121.829716,48.710467],[-121.830146,48.710972],[-121.830522,48.711266],[-121.830643,48.711475],[-121.8307,48.711663],[-121.830652,48.711933],[-121.830539,48.712222],[-121.830459,48.71251],[-121.830414,48.712735],[-121.830365,48.713042],[-121.830355,48.713246],[-121.83034,48.713489],[-121.83035,48.713748],[-121.830362,48.713987],[-121.830367,48.714262],[-121.83051,48.714419],[-121.830807,48.714615],[-121.831118,48.714532],[-121.831249,48.714371],[-121.831352,48.714129],[-121.831421,48.713946],[-121.831524,48.713703],[-121.831839,48.713352],[-121.832129,48.713447],[-121.832288,48.71362],[-121.832436,48.71385],[-121.832907,48.713929],[-121.833303,48.713866],[-121.833747,48.713818],[-121.834152,48.713828],[-121.833955,48.714023],[-121.833464,48.714184],[-121.833045,48.714308],[-121.832714,48.714452],[-121.832499,48.714674],[-121.832643,48.714855],[-121.833168,48.714769],[-121.833518,48.714602],[-121.833584,48.714915],[-121.833967,48.714838],[-121.834296,48.714765],[-121.834352,48.714948],[-121.83419,48.715178],[-121.834273,48.715357],[-121.834757,48.715059],[-121.83507,48.714878],[-121.834904,48.715475],[-121.834873,48.715714],[-121.834899,48.71593],[-121.835413,48.71585],[-121.835749,48.715804],[-121.835584,48.71619],[-121.83535,48.716421],[-121.835199,48.71661],[-121.834996,48.716784],[-121.834765,48.716996],[-121.834585,48.717223],[-121.83449,48.717487],[-121.835233,48.717193],[-121.835514,48.716882],[-121.835946,48.71675],[-121.83621,48.716623],[-121.836554,48.716469],[-121.837069,48.716391],[-121.837479,48.716546],[-121.83775,48.716747],[-121.837942,48.716914],[-121.838025,48.717107],[-121.838019,48.717356],[-121.838448,48.717624],[-121.838639,48.717771],[-121.838732,48.717967],[-121.838829,48.718166],[-121.839053,48.718295],[-121.839337,48.718464],[-121.839557,48.718667],[-121.839778,48.718869],[-121.839808,48.719062],[-121.84008,48.719205],[-121.840319,48.719364],[-121.840679,48.719585],[-121.840786,48.719785],[-121.841213,48.720141],[-121.841174,48.72038],[-121.841297,48.720682],[-121.84141,48.720988],[-121.842099,48.721015],[-121.84287,48.720888],[-121.843151,48.72111],[-121.843271,48.721387],[-121.843352,48.721588],[-121.843395,48.721914],[-121.843483,48.72249],[-121.843495,48.722862],[-121.843543,48.723208],[-121.843549,48.723405],[-121.843569,48.723793],[-121.843601,48.724167],[-121.843584,48.724474],[-121.843681,48.724729],[-121.843811,48.724938],[-121.843859,48.725203],[-121.843952,48.725508],[-121.844275,48.725783],[-121.844653,48.725707],[-121.844975,48.725604],[-121.845265,48.725469],[-121.84577,48.725352],[-121.846075,48.725024],[-121.846262,48.724877],[-121.846628,48.724896],[-121.847219,48.724948],[-121.847578,48.725137],[-121.84726,48.72536],[-121.847097,48.725628],[-121.847424,48.725736],[-121.848068,48.725732],[-121.84849,48.725738],[-121.849065,48.725877],[-121.849485,48.725915],[-121.850477,48.725969],[-121.851053,48.726033],[-121.851749,48.725741],[-121.851864,48.725495],[-121.852059,48.725144],[-121.852292,48.724824],[-121.852566,48.724529],[-121.852802,48.724309],[-121.85284,48.724036],[-121.852801,48.72372],[-121.852959,48.723487],[-121.853156,48.723149],[-121.853473,48.722893],[-121.853512,48.722504],[-121.85383,48.722281],[-121.854068,48.722051],[-121.854306,48.721842],[-121.854743,48.721685],[-121.8551,48.721553],[-121.85574,48.721302],[-121.856185,48.721238],[-121.856547,48.72106],[-121.856784,48.720766],[-121.856894,48.720437],[-121.856755,48.720095],[-121.856614,48.719778],[-121.85693,48.719676],[-121.857476,48.719948],[-121.857766,48.720092],[-121.858328,48.720097],[-121.858826,48.720167],[-121.85924,48.720073],[-121.860042,48.720076],[-121.860765,48.719967],[-121.861106,48.719843],[-121.861489,48.719558],[-121.861567,48.719234],[-121.861689,48.718912],[-121.861789,48.718651],[-121.862148,48.718421],[-121.862223,48.718149],[-121.862488,48.717884],[-121.862553,48.717583],[-121.862591,48.717258],[-121.86258,48.71669],[-121.862245,48.716441],[-121.862064,48.716145],[-121.862259,48.715799],[-121.862757,48.715773],[-121.863254,48.715829],[-121.863805,48.715832],[-121.864235,48.715669],[-121.864676,48.715506],[-121.865526,48.715561],[-121.866298,48.7157],[-121.866813,48.715839],[-121.867049,48.715618],[-121.867499,48.715536],[-121.868035,48.715508],[-121.86864,48.715424],[-121.868814,48.715177],[-121.869422,48.715149],[-121.869831,48.714931],[-121.870351,48.714741],[-121.870734,48.714577],[-121.870979,48.714173],[-121.871383,48.71396],[-121.871745,48.713801],[-121.872074,48.713431],[-121.872351,48.713168],[-121.872767,48.713037],[-121.873715,48.713101],[-121.873868,48.713338],[-121.874348,48.713277],[-121.875076,48.713292],[-121.87543,48.713186],[-121.875955,48.713029],[-121.876249,48.712905],[-121.876897,48.712574],[-121.877609,48.712266],[-121.878128,48.712287],[-121.879091,48.712249],[-121.879642,48.712116],[-121.880295,48.712114],[-121.880916,48.712305],[-121.881503,48.712419],[-121.881984,48.71244],[-121.882409,48.712504],[-121.883406,48.712485],[-121.88388,48.712325],[-121.884653,48.712167],[-121.885276,48.71187],[-121.885766,48.711788],[-121.88651,48.711605],[-121.887406,48.711258],[-121.8879,48.711114],[-121.888347,48.710966],[-121.888949,48.710613],[-121.889248,48.710494],[-121.889601,48.710171],[-121.889854,48.709772],[-121.890007,48.709402],[-121.89006,48.708961],[-121.889758,48.70855],[-121.889561,48.70817],[-121.88946,48.707837],[-121.889455,48.70735],[-121.88935,48.70699],[-121.889048,48.706687],[-121.889034,48.706276],[-121.88923,48.705918],[-121.889587,48.705684],[-121.890151,48.705515],[-121.890608,48.705223],[-121.890964,48.704866],[-121.891325,48.704669],[-121.891843,48.704733],[-121.892572,48.704436],[-121.892996,48.704106],[-121.893632,48.703802],[-121.894106,48.703595],[-121.894893,48.703318],[-121.895363,48.703248],[-121.896062,48.702975],[-121.896497,48.702838],[-121.896875,48.702804],[-121.897724,48.7027],[-121.898301,48.70256],[-121.898719,48.702037],[-121.898742,48.701407],[-121.898806,48.701126],[-121.898982,48.700667],[-121.899152,48.700349],[-121.899429,48.699924],[-121.899705,48.699499],[-121.900076,48.699148],[-121.900854,48.698629],[-121.901473,48.698215],[-121.901851,48.697757],[-121.902167,48.697232],[-121.902394,48.696699],[-121.902473,48.696228],[-121.902639,48.695873],[-121.902889,48.695217],[-121.902968,48.694707],[-121.903241,48.694243],[-121.903507,48.693891],[-121.903721,48.693573],[-121.903947,48.693211],[-121.904322,48.692857],[-121.90469,48.692488],[-121.906286,48.692155],[-121.908594,48.691754],[-121.909884,48.691664],[-121.910574,48.691647],[-121.91054,48.692562],[-121.909899,48.693436],[-121.909766,48.694125],[-121.9097,48.69447],[-121.909126,48.694999],[-121.908911,48.695462],[-121.909513,48.695732],[-121.91089,48.69564],[-121.911914,48.695443],[-121.912999,48.694787],[-121.914326,48.693839],[-121.915497,48.69318],[-121.916456,48.691842],[-121.916994,48.690685],[-121.917303,48.690048],[-121.918729,48.689326],[-121.919064,48.689146],[-121.91784,48.688891],[-121.917409,48.688902],[-121.9179,48.688432],[-121.918577,48.688187],[-121.91855,48.68773],[-121.917337,48.687646],[-121.917742,48.687179],[-121.919184,48.686742],[-121.917775,48.686263],[-121.916814,48.686059],[-121.918177,48.685739],[-121.919626,48.685416],[-121.920475,48.685166],[-121.919928,48.684666],[-121.918771,48.684066],[-121.916951,48.683941],[-121.916012,48.684136],[-121.914736,48.684454],[-121.913625,48.684653],[-121.912176,48.684976],[-121.911148,48.685116],[-121.909855,48.685148],[-121.907597,48.68492],[-121.905767,48.684623],[-121.903483,48.683937],[-121.901365,48.683133],[-121.899105,48.68136],[-121.898738,48.680969],[-121.898463,48.68069],[-121.898281,48.680524],[-121.898051,48.679341],[-121.89815,48.678829],[-121.897791,48.67845],[-121.897425,48.678031],[-121.896858,48.677544],[-121.896618,48.677121],[-121.896295,48.676758],[-121.896195,48.676503],[-121.896183,48.676303],[-121.896303,48.676129],[-121.896055,48.675709],[-121.895513,48.675387],[-121.89501,48.674985],[-121.894672,48.674481],[-121.89417,48.673827],[-121.893755,48.673409],[-121.893548,48.672952],[-121.893451,48.672532],[-121.89335,48.672215],[-121.893466,48.671829],[-121.893194,48.671295],[-121.892923,48.670939],[-121.892504,48.670659],[-121.891972,48.670413],[-121.891317,48.670408],[-121.890829,48.670406],[-121.890028,48.670408],[-121.889594,48.670086],[-121.888888,48.669728],[-121.888675,48.669375],[-121.888358,48.668915],[-121.888043,48.668563],[-121.887616,48.668315],[-121.88697,48.668137],[-121.886778,48.667826],[-121.886552,48.667501],[-121.886341,48.667004],[-121.886181,48.666755],[-121.886023,48.666329],[-121.885971,48.66608],[-121.885112,48.665617],[-121.884628,48.665546],[-121.884087,48.665368],[-121.883167,48.665261],[-121.882415,48.664976],[-121.88204,48.664514],[-121.881715,48.664195],[-121.88123,48.663911],[-121.8808,48.663627],[-121.880531,48.663272],[-121.880263,48.662811],[-121.879995,48.662491],[-121.879619,48.66203],[-121.879566,48.661745],[-121.879406,48.661246],[-121.879245,48.660962],[-121.879084,48.66039],[-121.879085,48.660139],[-121.878978,48.659637],[-121.878763,48.659172],[-121.878602,48.658743],[-121.878495,48.658386],[-121.878495,48.657997],[-121.878281,48.657359],[-121.878119,48.657144],[-121.878012,48.65646],[-121.877904,48.655956],[-121.87785,48.655451],[-121.87785,48.655126],[-121.877635,48.654516],[-121.877366,48.653875],[-121.877312,48.653301],[-121.877097,48.65309],[-121.876881,48.652375],[-121.876504,48.651556],[-121.875955,48.651357],[-121.875962,48.651027],[-121.875915,48.650844],[-121.875867,48.650627],[-121.875726,48.650441],[-121.875678,48.650134],[-121.875604,48.649908],[-121.875406,48.649724],[-121.875126,48.64955],[-121.874632,48.64933],[-121.873644,48.649416],[-121.873523,48.648924],[-121.874203,48.648686],[-121.874323,48.648317],[-121.87443,48.648056],[-121.874396,48.647762],[-121.874043,48.647381],[-121.873949,48.647104],[-121.873998,48.64686],[-121.87428,48.646524],[-121.874516,48.646249],[-121.874987,48.645636],[-121.874797,48.645141],[-121.874608,48.644708],[-121.874609,48.644432],[-121.874625,48.644341]]}},{"type":"Feature","properties":{"segment_type":"roadwalk","route_id":"main","region_id":"north-cascades","region_name":"North Cascades","section_id":null,"section_name":null,"route_type":"roadwalk"},"geometry":{"type":"LineString","coordinates":[[-121.874625,48.644341],[-121.874706,48.64388],[-121.874469,48.643508],[-121.874279,48.643229],[-121.874089,48.64295],[-121.874036,48.642731],[-121.87397,48.642228],[-121.874294,48.641951],[-121.874137,48.641636],[-121.873771,48.641393],[-121.873451,48.641181],[-121.872989,48.640875],[-121.872797,48.640658]]}},{"type":"Feature","properties":{"segment_type":"roadwalk","route_id":"main","region_id":"puget-sound","region_name":"Puget Sound","section_id":null,"section_name":null,"route_type":"roadwalk"},"geometry":{"type":"LineString","coordinates":[[-121.872797,48.640658],[-121.872903,48.640141],[-121.872857,48.639926],[-121.873253,48.639564],[-121.873585,48.639349],[-121.873821,48.639011],[-121.873398,48.63864],[-121.873357,48.638179],[-121.873505,48.63784],[-121.873368,48.637408],[-121.873561,48.637192],[-121.873628,48.636983],[-121.873349,48.636675],[-121.873211,48.636331],[-121.872896,48.635394],[-121.872842,48.634859],[-121.87295,48.634257],[-121.872893,48.63325],[-121.872895,48.633025],[-121.873059,48.632676],[-121.873244,48.632277],[-121.873192,48.632034],[-121.873417,48.631485],[-121.873882,48.631147],[-121.874112,48.630687],[-121.874253,48.630318],[-121.874345,48.629858],[-121.874294,48.629646],[-121.874223,48.629202],[-121.874689,48.628679],[-121.875704,48.628131],[-121.87617,48.6277],[-121.876436,48.627308],[-121.876638,48.626807],[-121.876767,48.626569],[-121.877272,48.626204],[-121.87785,48.626005],[-121.878315,48.625666],[-121.878326,48.625446],[-121.878384,48.625043],[-121.878661,48.624894],[-121.879,48.624771],[-121.879257,48.624701],[-121.879472,48.624479],[-121.879489,48.624218],[-121.879282,48.624081],[-121.878754,48.623563],[-121.878762,48.623374],[-121.879002,48.623268],[-121.880143,48.623396],[-121.88045,48.623381],[-121.881095,48.623028],[-121.881558,48.623001],[-121.882022,48.622735],[-121.882386,48.622595],[-121.882758,48.622158],[-121.882949,48.621998],[-121.88347,48.621706],[-121.883884,48.621413],[-121.884075,48.621199],[-121.884274,48.620765],[-121.884307,48.620562],[-121.884168,48.619459],[-121.884169,48.618852],[-121.884227,48.618605],[-121.884434,48.618171],[-121.884608,48.617632],[-121.884667,48.617026],[-121.884634,48.616324],[-121.884775,48.616091],[-121.884841,48.615691],[-121.884362,48.615187],[-121.88438,48.614904],[-121.884611,48.614776],[-121.884818,48.614634],[-121.884918,48.614041],[-121.884977,48.613439],[-121.884878,48.613038],[-121.884738,48.612699],[-121.884399,48.612138],[-121.884251,48.611435],[-121.884169,48.611245],[-121.884011,48.611073],[-121.883789,48.610931],[-121.883193,48.610714],[-121.883135,48.610533],[-121.883351,48.610405],[-121.883616,48.610363],[-121.885046,48.6103],[-121.88531,48.610253],[-121.885576,48.610062],[-121.885593,48.609878],[-121.885857,48.609691],[-121.886394,48.609742],[-121.88737,48.610237],[-121.887766,48.610277],[-121.888039,48.610243],[-121.889214,48.609877],[-121.890017,48.609939],[-121.89043,48.609947],[-121.89086,48.609821],[-121.891762,48.609146],[-121.891497,48.608918],[-121.891018,48.608792],[-121.891018,48.608414],[-121.891209,48.608047],[-121.891292,48.607607],[-121.891366,48.607392],[-121.891524,48.607029],[-121.891664,48.606819],[-121.892385,48.606367],[-121.89327,48.605638],[-121.893402,48.605473],[-121.893849,48.605207],[-121.894411,48.604965],[-121.89461,48.604837],[-121.894875,48.604565],[-121.894958,48.604381],[-121.895083,48.603973],[-121.895496,48.603541],[-121.895588,48.603362],[-121.895621,48.603132],[-121.896084,48.602552],[-121.896241,48.602194],[-121.89668,48.601775],[-121.897541,48.601028],[-121.897715,48.600206],[-121.897649,48.599783],[-121.897683,48.599306],[-121.897319,48.599352],[-121.897103,48.599674],[-121.896864,48.599816],[-121.896426,48.599915],[-121.895904,48.599959],[-121.894532,48.599816],[-121.893888,48.59972],[-121.89349,48.599743],[-121.89311,48.599816],[-121.89268,48.599928],[-121.892085,48.599945],[-121.891151,48.600161],[-121.890001,48.600366],[-121.888901,48.60067],[-121.888528,48.60091],[-121.888329,48.60124],[-121.887941,48.601475],[-121.887462,48.60161],[-121.887205,48.601747],[-121.886907,48.601982],[-121.886411,48.60245],[-121.886096,48.602609],[-121.885732,48.602718],[-121.88541,48.602769],[-121.88488,48.602755],[-121.884558,48.60281],[-121.88426,48.602897],[-121.883955,48.603069],[-121.883697,48.603607],[-121.883176,48.603719],[-121.882903,48.603689],[-121.882589,48.603587],[-121.882473,48.603375],[-121.882408,48.602974],[-121.882377,48.602914]]}},{"type":"Feature","properties":{"segment_type":"trail","route_id":"main","region_id":"puget-sound","region_name":"Puget Sound","section_id":null,"section_name":null},"geometry":{"type":"LineString","coordinates":[[-121.882377,48.602914],[-121.882596,48.602779],[-121.88305,48.602506],[-121.883559,48.602106],[-121.884117,48.601769],[-121.884624,48.601497],[-121.884727,48.601234],[-121.885032,48.600932],[-121.885387,48.600526],[-121.885692,48.60016],[-121.886048,48.599891],[-121.886505,48.599489],[-121.886708,48.599162],[-121.887113,48.598864],[-121.887823,48.598663],[-121.888795,48.598468],[-121.889607,48.598235],[-121.890009,48.597979],[-121.890409,48.597691],[-121.891382,48.597539],[-121.89194,48.59734],[-121.892194,48.597272],[-121.892995,48.596853],[-121.893498,48.596591],[-121.894073,48.596367],[-121.894433,48.596125],[-121.894683,48.59583],[-121.895081,48.595369],[-121.895384,48.595071],[-121.895896,48.59483],[-121.896351,48.594422]]}},{"type":"Feature","properties":{"segment_type":"roadwalk","route_id":"main","region_id":"puget-sound","region_name":"Puget Sound","section_id":null,"section_name":null,"route_type":"roadwalk"},"geometry":{"type":"LineString","coordinates":[[-121.896351,48.594422],[-121.896324,48.59327],[-121.896464,48.592925],[-121.89653,48.59262],[-121.89654,48.592395],[-121.896416,48.591782],[-121.896284,48.591533],[-121.896111,48.591347],[-121.895755,48.591231],[-121.895425,48.591205],[-121.895027,48.591229],[-121.894011,48.591439],[-121.893555,48.591448],[-121.893324,48.591352],[-121.892606,48.590836],[-121.891359,48.590037],[-121.890887,48.58979],[-121.889672,48.589247],[-121.888169,48.588778],[-121.887541,48.588525],[-121.887285,48.588383],[-121.886996,48.58789],[-121.886922,48.587439],[-121.887576,48.587392],[-121.888071,48.587352],[-121.888551,48.587163],[-121.889857,48.587301],[-121.890171,48.587232],[-121.890733,48.586936],[-121.891022,48.586818],[-121.891328,48.586789],[-121.891858,48.586799],[-121.89313,48.586856],[-121.893469,48.586918],[-121.894106,48.587135],[-121.894866,48.587462],[-121.895353,48.587539],[-121.896618,48.587353],[-121.89689,48.587373],[-121.897428,48.587536],[-121.898428,48.587734],[-121.898982,48.587758],[-121.89956,48.587714],[-121.900271,48.58755],[-121.900726,48.58772],[-121.901056,48.588164],[-121.901485,48.588542],[-121.901808,48.588689],[-121.902271,48.588819],[-121.902907,48.588938],[-121.903196,48.589044],[-121.903874,48.589239],[-121.904263,48.589405],[-121.904618,48.589476],[-121.905064,48.58953],[-121.906378,48.58965],[-121.907511,48.589742],[-121.908387,48.58975],[-121.908825,48.589808],[-121.909701,48.59001],[-121.910305,48.590119],[-121.910842,48.590246],[-121.911354,48.590502],[-121.911743,48.590735],[-121.912073,48.590838],[-121.91247,48.590805],[-121.913132,48.59047],[-121.913776,48.590048],[-121.914926,48.589564],[-121.915298,48.589451],[-121.915818,48.589375],[-121.916322,48.589375],[-121.917041,48.589616],[-121.917306,48.589803],[-121.917662,48.590166],[-121.918372,48.590703],[-121.918785,48.590887],[-121.919066,48.590962],[-121.920042,48.590526],[-121.920464,48.590399],[-121.921489,48.590328],[-121.922116,48.590257],[-121.923034,48.59009],[-121.923737,48.589841],[-121.924704,48.589832],[-121.925275,48.589769],[-121.926175,48.589661],[-121.926945,48.589317],[-121.927101,48.589125],[-121.92706,48.588895],[-121.927052,48.588706],[-121.927449,48.58835],[-121.92792,48.588175],[-121.928317,48.588264],[-121.928912,48.587878],[-121.929326,48.587499],[-121.929458,48.587141],[-121.929565,48.586971],[-121.929756,48.586766],[-121.929814,48.586586],[-121.929796,48.586357],[-121.929689,48.586099],[-121.929664,48.585829],[-121.929722,48.585614],[-121.930128,48.585591],[-121.931458,48.58621],[-121.931714,48.58628],[-121.933442,48.586395],[-121.933789,48.586394],[-121.934062,48.586356],[-121.935219,48.586047],[-121.9355,48.586014],[-121.935401,48.586355],[-121.934913,48.586724],[-121.934674,48.586937],[-121.934037,48.587179],[-121.933781,48.58732],[-121.933318,48.587572],[-121.933227,48.587779],[-121.933731,48.588193],[-121.934095,48.588506],[-121.934351,48.588653],[-121.934847,48.588878],[-121.934954,48.58905],[-121.93459,48.589172],[-121.934318,48.589399],[-121.934459,48.58963],[-121.93526,48.589741],[-121.935599,48.589825],[-121.936186,48.590046],[-121.93669,48.590105],[-121.937732,48.590074],[-121.938476,48.590081],[-121.938765,48.590115],[-121.939501,48.590351],[-121.940063,48.590487],[-121.940426,48.590522],[-121.940872,48.590508],[-121.941385,48.590431],[-121.942071,48.590244],[-121.942658,48.590029],[-121.943436,48.58965],[-121.943815,48.589491],[-121.944345,48.589307],[-121.944758,48.589212],[-121.945205,48.589162],[-121.945618,48.589148],[-121.945907,48.589267],[-121.946171,48.589706],[-121.946311,48.589833]]}},{"type":"Feature","properties":{"segment_type":"trail","route_id":"main","region_id":"puget-sound","region_name":"Puget Sound","section_id":null,"section_name":null},"geometry":{"type":"LineString","coordinates":[[-121.946311,48.589833],[-121.946501,48.590072],[-121.946749,48.590166],[-121.947244,48.590236],[-121.947266,48.590006],[-121.947251,48.589749],[-121.947234,48.589464],[-121.947302,48.589148],[-121.947289,48.58892],[-121.947665,48.58871],[-121.948583,48.588944],[-121.949126,48.589387],[-121.949488,48.589692],[-121.950402,48.58984],[-121.951437,48.589871],[-121.952462,48.589702],[-121.953684,48.589242],[-121.95448,48.58885],[-121.955746,48.588389],[-121.956773,48.588276],[-121.958021,48.588244],[-121.95901,48.588219],[-121.960104,48.588401],[-121.960988,48.588487]]}},{"type":"Feature","properties":{"segment_type":"roadwalk","route_id":"main","region_id":"puget-sound","region_name":"Puget Sound","section_id":null,"section_name":null,"route_type":"roadwalk"},"geometry":{"type":"LineString","coordinates":[[-121.960988,48.588487],[-121.961653,48.58883],[-121.962134,48.588974],[-121.962976,48.589184],[-121.963307,48.589299],[-121.96401,48.58967],[-121.96439,48.589822],[-121.964762,48.589875],[-121.965209,48.589865],[-121.965572,48.589805],[-121.966366,48.589534],[-121.966663,48.589527],[-121.967259,48.58956],[-121.967547,48.589499],[-121.968068,48.589302],[-121.968159,48.589545],[-121.967986,48.589746],[-121.967771,48.589929],[-121.967457,48.590097],[-121.966887,48.590285],[-121.966688,48.590432],[-121.966408,48.590767],[-121.966226,48.590913],[-121.965928,48.591041],[-121.964234,48.591332],[-121.962854,48.591468],[-121.962506,48.591478],[-121.962324,48.591621],[-121.96282,48.591652],[-121.963324,48.591621],[-121.963969,48.59155],[-121.964441,48.591662],[-121.965384,48.592188],[-121.966218,48.592564],[-121.966665,48.592609],[-121.967285,48.592308],[-121.967979,48.592171],[-121.968293,48.592025],[-121.968689,48.592015],[-121.968988,48.592103],[-121.969921,48.592449],[-121.970782,48.592412],[-121.971112,48.59241],[-121.9716,48.592545],[-121.971931,48.592557],[-121.972394,48.592458],[-121.972401,48.591918],[-121.972435,48.591698],[-121.972583,48.591443],[-121.972699,48.591057],[-121.972905,48.590775],[-121.973095,48.59039],[-121.973343,48.590185],[-121.973962,48.589925],[-121.974441,48.589345],[-121.974391,48.589043],[-121.974185,48.588758],[-121.974284,48.588493],[-121.97473,48.588214],[-121.975443,48.587624],[-121.975622,48.587475],[-121.975886,48.587329],[-121.976523,48.587231],[-121.976828,48.586973],[-121.977258,48.586833],[-121.977514,48.586736],[-121.978416,48.587325],[-121.978639,48.587443],[-121.979275,48.587463],[-121.979829,48.587355],[-121.980061,48.587236],[-121.980474,48.587181],[-121.980747,48.58721],[-121.981127,48.587331],[-121.982318,48.587688],[-121.983946,48.588102],[-121.984625,48.588198],[-121.985178,48.588189],[-121.986286,48.588118],[-121.986633,48.588126],[-121.986906,48.588173],[-121.987484,48.588322],[-121.988096,48.588422],[-121.988923,48.588501],[-121.989534,48.588588],[-121.989948,48.588596],[-121.990576,48.588574],[-121.991551,48.588362],[-121.992039,48.588317],[-121.992676,48.588309],[-121.993089,48.588362],[-121.993767,48.588485],[-121.994114,48.588443],[-121.994353,48.588216],[-121.994411,48.588037],[-121.994378,48.587843],[-121.994287,48.587523],[-121.994087,48.586927],[-121.993823,48.586304],[-121.993715,48.586132],[-121.993094,48.585695],[-121.992962,48.585532],[-121.992863,48.585355],[-121.992846,48.585171],[-121.992912,48.584893],[-121.993035,48.584732],[-121.993292,48.584577],[-121.99363,48.584517],[-121.994391,48.584451],[-121.994787,48.584347],[-121.994977,48.584213],[-121.995208,48.583496],[-121.995282,48.583312],[-121.995447,48.583111],[-121.995662,48.582928],[-121.996579,48.582424],[-121.997454,48.581828],[-121.997933,48.581635],[-121.998751,48.581129],[-121.999618,48.58066],[-122.000295,48.580328],[-122.000494,48.580195],[-122.000721,48.579973],[-122.001005,48.579696],[-122.001278,48.579495],[-122.001884,48.579181],[-122.00219,48.579072],[-122.003587,48.578832],[-122.00715,48.577994],[-122.008266,48.577752],[-122.009366,48.577496],[-122.01068,48.577089],[-122.011266,48.576964],[-122.012077,48.576849],[-122.013093,48.576763],[-122.013854,48.576729],[-122.016945,48.576778],[-122.017771,48.576749],[-122.018168,48.57669],[-122.019152,48.576464],[-122.019887,48.576358],[-122.020507,48.576323],[-122.021052,48.576337],[-122.021705,48.576477],[-122.022036,48.576471],[-122.02211,48.576256],[-122.021417,48.575386],[-122.021029,48.575045],[-122.020698,48.574872],[-122.02045,48.574779],[-122.019963,48.574708],[-122.02012,48.574507],[-122.020508,48.574434],[-122.020979,48.574406],[-122.021591,48.574425],[-122.023872,48.574633],[-122.024888,48.57466],[-122.025169,48.574635],[-122.025318,48.574479],[-122.025368,48.574227],[-122.025268,48.574015],[-122.025045,48.573788],[-122.024121,48.573191],[-122.023608,48.572966],[-122.023129,48.5728],[-122.020667,48.572298],[-122.020196,48.572285],[-122.019899,48.572301],[-122.019047,48.572343],[-122.016957,48.572519],[-122.016552,48.572497],[-122.016214,48.572238],[-122.016049,48.571706],[-122.01595,48.571169],[-122.015256,48.570682],[-122.014711,48.57039],[-122.013695,48.56972],[-122.012986,48.569178],[-122.012713,48.568919],[-122.012465,48.568845],[-122.012002,48.568814],[-122.011788,48.568502],[-122.011722,48.56798]]}},{"type":"Feature","properties":{"segment_type":"trail","route_id":"main","region_id":"puget-sound","region_name":"Puget Sound","section_id":null,"section_name":null},"geometry":{"type":"LineString","coordinates":[[-122.011722,48.56798],[-122.011218,48.567967],[-122.009563,48.567515],[-122.008168,48.567515],[-122.006821,48.567365],[-122.005799,48.567058],[-122.004775,48.566715],[-122.004198,48.566397],[-122.004,48.565884],[-122.004328,48.565474],[-122.005032,48.565156],[-122.005525,48.564823],[-122.005839,48.564535],[-122.006453,48.564218],[-122.007051,48.564123],[-122.007981,48.564059],[-122.008736,48.564079],[-122.009346,48.564203],[-122.00962,48.564256],[-122.009973,48.564107],[-122.010073,48.563764],[-122.010083,48.563423],[-122.010159,48.563181],[-122.0105,48.562832],[-122.010645,48.562228],[-122.010625,48.561889],[-122.010845,48.561523],[-122.011281,48.561252],[-122.012511,48.560659],[-122.013255,48.5605],[-122.014265,48.560253],[-122.015061,48.559952],[-122.015673,48.559596],[-122.01598,48.559188],[-122.016247,48.558601],[-122.016602,48.557992],[-122.016571,48.557472],[-122.016763,48.557147],[-122.016982,48.556781],[-122.017298,48.556513],[-122.017423,48.55609],[-122.017233,48.555934],[-122.016841,48.555925],[-122.01642,48.555936],[-122.015716,48.555754],[-122.015643,48.555536],[-122.01568,48.555155],[-122.015481,48.55484],[-122.015278,48.554465],[-122.015266,48.554266],[-122.01586,48.55361],[-122.016107,48.553362],[-122.016379,48.553337],[-122.017115,48.553451],[-122.017388,48.553454],[-122.017801,48.553102],[-122.017859,48.552922],[-122.01781,48.552697],[-122.017727,48.552485],[-122.017521,48.551984],[-122.017389,48.551483],[-122.017348,48.551114],[-122.018107,48.550915],[-122.018964,48.551088],[-122.019831,48.551383],[-122.020919,48.552037],[-122.021827,48.552613],[-122.022819,48.553067],[-122.023928,48.553478],[-122.024965,48.553691],[-122.026118,48.553821],[-122.02673,48.553985],[-122.027225,48.554192],[-122.027579,48.554063],[-122.028412,48.553881],[-122.029104,48.553862],[-122.02979,48.553744],[-122.02993,48.553561],[-122.029761,48.553265],[-122.029445,48.553013],[-122.029605,48.552669],[-122.029964,48.552619],[-122.030476,48.552626],[-122.031001,48.552832],[-122.031675,48.553015],[-122.032205,48.553321],[-122.032374,48.553616],[-122.032999,48.554],[-122.033785,48.554411],[-122.033896,48.554736],[-122.033786,48.555701],[-122.034105,48.556359],[-122.034619,48.556567],[-122.035388,48.555926],[-122.035583,48.555762],[-122.03598,48.555514],[-122.036187,48.555273],[-122.036551,48.554767],[-122.036964,48.55428],[-122.037228,48.554013],[-122.037336,48.553789],[-122.037411,48.553002],[-122.037568,48.552171],[-122.037684,48.551713],[-122.037934,48.551218],[-122.037581,48.551085],[-122.036585,48.551222],[-122.036224,48.551713],[-122.035567,48.551915],[-122.034158,48.551657],[-122.032669,48.550992],[-122.032088,48.550601],[-122.031845,48.550261],[-122.032234,48.550062],[-122.032432,48.549933],[-122.032894,48.549491],[-122.033225,48.549274],[-122.033721,48.549143],[-122.034307,48.549103],[-122.034555,48.548772],[-122.034489,48.548367],[-122.034531,48.548151],[-122.034407,48.547984],[-122.034424,48.547804],[-122.034606,48.547639],[-122.034936,48.547403],[-122.03511,48.54713],[-122.035167,48.546834],[-122.035493,48.546301],[-122.035818,48.546204],[-122.036745,48.546099],[-122.037499,48.546099],[-122.038253,48.546119],[-122.038825,48.546104],[-122.039329,48.545971],[-122.039463,48.545687],[-122.039587,48.545244],[-122.040047,48.544872],[-122.040816,48.544631],[-122.042018,48.544579],[-122.04235,48.544616],[-122.042897,48.544676],[-122.043546,48.544939],[-122.04371,48.545175],[-122.043728,48.545475],[-122.043756,48.545934],[-122.044169,48.546283],[-122.045038,48.54672],[-122.045552,48.546747],[-122.045943,48.546736],[-122.046562,48.547],[-122.046577,48.54726],[-122.046542,48.547681],[-122.046477,48.548103],[-122.046742,48.548496],[-122.047334,48.54882],[-122.048091,48.54888],[-122.049259,48.548769],[-122.049909,48.548552],[-122.050128,48.548186],[-122.050216,48.547143],[-122.050532,48.546375],[-122.050983,48.546363],[-122.051207,48.546577],[-122.051266,48.547056],[-122.051133,48.547359],[-122.050974,48.547723],[-122.050965,48.548064],[-122.051249,48.548276],[-122.05183,48.547921],[-122.05231,48.547549],[-122.052707,48.546724],[-122.053682,48.546254],[-122.055064,48.545582],[-122.055411,48.545747],[-122.055369,48.546124],[-122.055106,48.546595],[-122.055147,48.546946],[-122.05527,48.5475],[-122.055254,48.547797],[-122.055163,48.548116],[-122.055179,48.548296],[-122.055353,48.548486],[-122.055072,48.548596],[-122.054635,48.548615],[-122.054147,48.548597],[-122.053734,48.548617],[-122.053527,48.548858],[-122.053527,48.549195],[-122.053668,48.549489],[-122.053412,48.549631],[-122.052511,48.549713],[-122.051859,48.549847],[-122.051586,48.550106],[-122.051652,48.55052],[-122.051966,48.551247],[-122.052577,48.551553],[-122.052957,48.551885],[-122.053014,48.5522],[-122.0528,48.55237],[-122.052354,48.55246],[-122.052057,48.552557],[-122.051685,48.552923],[-122.051445,48.553204],[-122.050867,48.553483],[-122.049314,48.553708],[-122.048546,48.553972],[-122.048248,48.554109],[-122.047909,48.554794],[-122.047653,48.555211],[-122.047818,48.555464],[-122.048032,48.555605],[-122.048537,48.556315],[-122.048602,48.556338]]}},{"type":"Feature","properties":{"segment_type":"roadwalk","route_id":"main","region_id":"puget-sound","region_name":"Puget Sound","section_id":null,"section_name":null,"route_type":"roadwalk"},"geometry":{"type":"LineString","coordinates":[[-122.048602,48.556338],[-122.048809,48.555944],[-122.048859,48.555598],[-122.048975,48.555122],[-122.049148,48.554917],[-122.049413,48.554771],[-122.049916,48.554649],[-122.051949,48.554328],[-122.052601,48.554208],[-122.053055,48.554135],[-122.053791,48.554186],[-122.05413,48.554162],[-122.054386,48.554101],[-122.054708,48.553942],[-122.055476,48.553377],[-122.056112,48.553049],[-122.056583,48.552868],[-122.057326,48.552668],[-122.057971,48.552529],[-122.058631,48.55244],[-122.059507,48.552443],[-122.060308,48.552517],[-122.061382,48.552584],[-122.061713,48.552568],[-122.062101,48.552486],[-122.06258,48.552319],[-122.0631,48.552242],[-122.063968,48.552317],[-122.064257,48.552216],[-122.064249,48.552004],[-122.064059,48.551814],[-122.063935,48.551471],[-122.064018,48.551211],[-122.064315,48.550975],[-122.064745,48.550834],[-122.065257,48.550627],[-122.066198,48.550117],[-122.066487,48.550007],[-122.066933,48.549907],[-122.067586,48.549782],[-122.068114,48.549737],[-122.068519,48.549754],[-122.069163,48.549988],[-122.070146,48.550127],[-122.070675,48.550136],[-122.074111,48.549282],[-122.074532,48.54924],[-122.07611,48.54923],[-122.076753,48.549276],[-122.077381,48.549353],[-122.078902,48.54963],[-122.079827,48.549885],[-122.080182,48.549938],[-122.080925,48.549795],[-122.081231,48.549793],[-122.081544,48.549796],[-122.082379,48.549775],[-122.083833,48.549688],[-122.084378,48.549764],[-122.085088,48.54995],[-122.087963,48.550499],[-122.088781,48.550622],[-122.089037,48.550696],[-122.089417,48.550893],[-122.089895,48.550937],[-122.090226,48.550877],[-122.09054,48.550695],[-122.090903,48.550572],[-122.091598,48.550568],[-122.092357,48.550502],[-122.093505,48.550313],[-122.094356,48.550099],[-122.095232,48.549958],[-122.096655,48.549849],[-122.098213,48.549869],[-122.09932,48.549922],[-122.100212,48.550037],[-122.100732,48.550163],[-122.10117,48.550396],[-122.101526,48.550543],[-122.10179,48.550599],[-122.103145,48.550794],[-122.104087,48.550976],[-122.104525,48.551119],[-122.104756,48.551287],[-122.104921,48.55159],[-122.10479,48.552223],[-122.104526,48.552649],[-122.104601,48.552865],[-122.105295,48.552803],[-122.105624,48.552743],[-122.105971,48.552741],[-122.106856,48.552851],[-122.10712,48.552903],[-122.107417,48.553017],[-122.108442,48.553057],[-122.110474,48.553347],[-122.111069,48.553473],[-122.111573,48.553625],[-122.111779,48.553748],[-122.11211,48.554097],[-122.112895,48.554238],[-122.114498,48.554543],[-122.115613,48.554786],[-122.116687,48.554632],[-122.117447,48.554615],[-122.118199,48.554661],[-122.118595,48.554736],[-122.118893,48.554856],[-122.119232,48.555088],[-122.119431,48.555274],[-122.119579,48.555482],[-122.119761,48.555973],[-122.11987,48.556519],[-122.119853,48.556748],[-122.119771,48.556972],[-122.119383,48.557464],[-122.119425,48.55773],[-122.119839,48.558313],[-122.120418,48.559046],[-122.120418,48.55924],[-122.120153,48.559305],[-122.119839,48.559006],[-122.119517,48.558846],[-122.119104,48.558834],[-122.118319,48.559026],[-122.117849,48.558955],[-122.117204,48.55868],[-122.116889,48.558493],[-122.1167,48.558303],[-122.116715,48.55752],[-122.116591,48.557308],[-122.115756,48.557261],[-122.115641,48.557539],[-122.115319,48.557626],[-122.114659,48.557797],[-122.114279,48.557924],[-122.114105,48.55813],[-122.113875,48.559531],[-122.113917,48.559716],[-122.114074,48.559974],[-122.114405,48.560336],[-122.115454,48.561167],[-122.11534,48.561904],[-122.115472,48.562607],[-122.115407,48.562836],[-122.115573,48.562986],[-122.116011,48.563138],[-122.116399,48.563343],[-122.116548,48.5636],[-122.116284,48.56462],[-122.115938,48.565188],[-122.115872,48.565422],[-122.115873,48.565606],[-122.116047,48.566111],[-122.116501,48.566529],[-122.116973,48.567],[-122.117369,48.567268],[-122.117609,48.567365],[-122.118038,48.567357],[-122.11865,48.567283],[-122.119254,48.567409],[-122.119526,48.56737],[-122.120385,48.566963],[-122.120715,48.56666],[-122.121095,48.566456],[-122.121425,48.566368],[-122.122318,48.566209],[-122.123565,48.566043],[-122.123987,48.56601],[-122.124267,48.566044],[-122.12459,48.566289],[-122.124896,48.566485],[-122.125227,48.566663],[-122.12569,48.566774],[-122.12621,48.566945],[-122.126539,48.566952],[-122.127325,48.566984],[-122.127671,48.567028],[-122.128737,48.567063],[-122.1292,48.566855],[-122.129439,48.566677],[-122.129771,48.566585],[-122.130093,48.566551],[-122.130423,48.566554],[-122.131035,48.566779],[-122.131249,48.56692],[-122.132182,48.567039],[-122.132835,48.566909],[-122.133108,48.566898],[-122.133786,48.566975],[-122.134199,48.566937],[-122.13472,48.566937],[-122.135992,48.567113],[-122.136462,48.567395],[-122.136569,48.567571],[-122.13661,48.567806],[-122.136462,48.568223],[-122.136478,48.568506],[-122.13632,48.568672],[-122.136337,48.568946],[-122.136502,48.569208],[-122.137179,48.569465],[-122.137369,48.569611],[-122.137559,48.569815],[-122.137666,48.570085],[-122.137674,48.570324],[-122.137897,48.570618],[-122.138186,48.570831],[-122.13874,48.571128],[-122.13973,48.571603],[-122.139928,48.57174],[-122.140391,48.572436],[-122.140597,48.572635],[-122.141126,48.57295],[-122.141464,48.573523],[-122.142166,48.573852],[-122.142339,48.574056],[-122.142446,48.574286],[-122.14248,48.574521],[-122.142686,48.574698],[-122.143008,48.574794],[-122.143355,48.57486],[-122.143851,48.574846],[-122.144132,48.574893],[-122.14438,48.574994],[-122.144776,48.575244],[-122.145247,48.57518],[-122.145975,48.575289],[-122.14666,48.575492],[-122.147429,48.575336],[-122.147991,48.575146],[-122.148206,48.575004],[-122.148256,48.574379],[-122.148405,48.57416],[-122.148678,48.574063],[-122.149397,48.573726],[-122.150042,48.573398],[-122.150306,48.573171],[-122.150861,48.573058],[-122.15143,48.572945],[-122.151745,48.572916],[-122.152274,48.573118],[-122.152604,48.573246],[-122.152992,48.573334],[-122.153777,48.573417],[-122.154685,48.574053],[-122.154967,48.574366],[-122.15514,48.574614],[-122.155189,48.574839],[-122.155197,48.575109],[-122.155107,48.575329],[-122.154759,48.575812],[-122.154916,48.576259],[-122.155213,48.576882],[-122.155675,48.577457],[-122.155857,48.577813],[-122.156022,48.578017],[-122.156724,48.578661],[-122.156831,48.578837],[-122.156955,48.579198],[-122.156971,48.579432],[-122.156822,48.580267],[-122.156871,48.580682],[-122.156962,48.581101],[-122.157053,48.581277],[-122.157648,48.581798],[-122.158151,48.582301],[-122.158374,48.582699],[-122.158795,48.583008],[-122.158985,48.583261],[-122.159325,48.583403],[-122.159837,48.58356],[-122.160564,48.583821],[-122.160778,48.583935],[-122.161423,48.584197],[-122.161795,48.584402],[-122.162225,48.58481],[-122.162663,48.584979],[-122.163092,48.585216],[-122.163357,48.585407]]}},{"type":"Feature","properties":{"segment_type":"trail","route_id":"main","region_id":"puget-sound","region_name":"Puget Sound","section_id":null,"section_name":null},"geometry":{"type":"LineString","coordinates":[[-122.163357,48.585407],[-122.164858,48.586671],[-122.164811,48.587051],[-122.164753,48.587257],[-122.164596,48.587611],[-122.164629,48.588237],[-122.16462,48.588511],[-122.164761,48.588818],[-122.164594,48.589289],[-122.16447,48.589662],[-122.164322,48.590295],[-122.164214,48.590681],[-122.164321,48.591248],[-122.164436,48.591528],[-122.164511,48.592361],[-122.164469,48.593814],[-122.164411,48.594056],[-122.164187,48.594405],[-122.164154,48.594873],[-122.164253,48.595063],[-122.164286,48.595265],[-122.164153,48.596159],[-122.163938,48.596878],[-122.163773,48.597263],[-122.163549,48.597581],[-122.163177,48.597983],[-122.16321,48.598622],[-122.163391,48.599199],[-122.163424,48.599429],[-122.163358,48.599626],[-122.163051,48.600132],[-122.162993,48.600834],[-122.163055,48.601492],[-122.163103,48.601995],[-122.163137,48.602409],[-122.163218,48.603065],[-122.163637,48.603159],[-122.164356,48.603866],[-122.164439,48.604038],[-122.164472,48.604263],[-122.164389,48.604528],[-122.163859,48.605325],[-122.163661,48.605674],[-122.163537,48.606114],[-122.163528,48.606451],[-122.163421,48.606617],[-122.162825,48.606932],[-122.162675,48.607597],[-122.162584,48.607817],[-122.162559,48.608046],[-122.162832,48.608763],[-122.162956,48.609146],[-122.163055,48.609399],[-122.163187,48.609598],[-122.163261,48.611065],[-122.16341,48.611435],[-122.163616,48.611854],[-122.164162,48.612524],[-122.164318,48.612791],[-122.164393,48.613169],[-122.1645,48.614443],[-122.164913,48.614999],[-122.164975,48.615125]]}},{"type":"Feature","properties":{"segment_type":"roadwalk","route_id":"main","region_id":"puget-sound","region_name":"Puget Sound","section_id":null,"section_name":null,"route_type":"roadwalk"},"geometry":{"type":"LineString","coordinates":[[-122.164975,48.615125],[-122.165111,48.615504],[-122.165202,48.615681],[-122.165665,48.616161],[-122.16578,48.616485],[-122.165954,48.616793],[-122.166086,48.617117],[-122.166094,48.617347],[-122.165797,48.617615],[-122.165772,48.61801],[-122.165548,48.618962],[-122.165772,48.619283],[-122.166259,48.619516],[-122.16664,48.619676],[-122.166954,48.619895],[-122.167144,48.620049],[-122.167293,48.620279],[-122.167359,48.620478],[-122.167325,48.620675],[-122.166961,48.621653],[-122.166704,48.622011],[-122.167011,48.622374],[-122.167209,48.622604],[-122.167085,48.623076],[-122.167093,48.623296],[-122.16739,48.623591],[-122.167639,48.623489],[-122.167688,48.623287],[-122.167697,48.623035],[-122.167995,48.622678],[-122.168119,48.622283],[-122.168086,48.621774],[-122.168119,48.621576],[-122.168409,48.621273],[-122.168591,48.621],[-122.168756,48.620555],[-122.168889,48.620003],[-122.168939,48.619594],[-122.169501,48.619495],[-122.169948,48.619399],[-122.170246,48.619424],[-122.170899,48.619172],[-122.171173,48.61903],[-122.171453,48.618829],[-122.171752,48.618521],[-122.171991,48.618141],[-122.172504,48.617843],[-122.172827,48.617539],[-122.172943,48.617374],[-122.173184,48.616755],[-122.173646,48.616245],[-122.173655,48.615998],[-122.173911,48.615905],[-122.174101,48.616132],[-122.174482,48.61635],[-122.174697,48.616464],[-122.174862,48.616609],[-122.174986,48.616772],[-122.175085,48.616984],[-122.17516,48.617349],[-122.175449,48.618192],[-122.175457,48.618552],[-122.175374,48.619096],[-122.175258,48.619406],[-122.175234,48.619585],[-122.175267,48.61986],[-122.175225,48.62013],[-122.175043,48.62052],[-122.174728,48.620922],[-122.174438,48.621181],[-122.173785,48.621496],[-122.173892,48.622059],[-122.173504,48.622564],[-122.17376,48.622899],[-122.173925,48.623148],[-122.174008,48.623688],[-122.174083,48.623904],[-122.174548,48.624839],[-122.174762,48.625403],[-122.174729,48.625713],[-122.17458,48.625919],[-122.174762,48.626176],[-122.17525,48.626508],[-122.175457,48.626699],[-122.176168,48.627149],[-122.177674,48.628496],[-122.177864,48.628799],[-122.177839,48.629028],[-122.177359,48.629249],[-122.177086,48.629283],[-122.176805,48.629245],[-122.176374,48.62908],[-122.176102,48.629042],[-122.175672,48.629039],[-122.174447,48.628801],[-122.173611,48.628705],[-122.173264,48.628698],[-122.172751,48.628865],[-122.172585,48.629103],[-122.172685,48.629351],[-122.17362,48.62956],[-122.174066,48.629788],[-122.174562,48.630372],[-122.174984,48.630456],[-122.175555,48.630249],[-122.175878,48.630224],[-122.177317,48.630446],[-122.178086,48.63051],[-122.179055,48.630845],[-122.179418,48.631086],[-122.179824,48.631467],[-122.180064,48.631815],[-122.180246,48.631996],[-122.181272,48.632637],[-122.181916,48.633173],[-122.182413,48.63332],[-122.183191,48.63351],[-122.183812,48.633533],[-122.184209,48.633468],[-122.184449,48.63338],[-122.184763,48.633193],[-122.18631,48.632201],[-122.186798,48.631943],[-122.187228,48.631798],[-122.187642,48.631747],[-122.187924,48.631884],[-122.188171,48.632155],[-122.188205,48.632336],[-122.188122,48.632704],[-122.188238,48.633114],[-122.188047,48.633419],[-122.187733,48.633668],[-122.187212,48.633984],[-122.186765,48.634215],[-122.186599,48.634367],[-122.186517,48.63473],[-122.186591,48.6351],[-122.186508,48.635324],[-122.186318,48.635629],[-122.18655,48.636058],[-122.186534,48.636291],[-122.185731,48.637208],[-122.185416,48.637507],[-122.185292,48.6381],[-122.18521,48.63832],[-122.185035,48.638516],[-122.184489,48.638809],[-122.184159,48.639045],[-122.184034,48.639395],[-122.184092,48.639576],[-122.184257,48.639829],[-122.184472,48.64001],[-122.184779,48.640197],[-122.185135,48.640339],[-122.185499,48.640332],[-122.185838,48.640267],[-122.18645,48.640051],[-122.186682,48.639945],[-122.187071,48.639673],[-122.187716,48.639071],[-122.188726,48.638075],[-122.189065,48.637839],[-122.189645,48.637496],[-122.189892,48.637273],[-122.190323,48.636795],[-122.190744,48.636375],[-122.191406,48.6353],[-122.191572,48.635094],[-122.191845,48.63488],[-122.19278,48.634262],[-122.192863,48.633916],[-122.192821,48.633412],[-122.192863,48.633133],[-122.192945,48.632909],[-122.19364,48.631825],[-122.194021,48.631427],[-122.194277,48.631069],[-122.194707,48.6302],[-122.194881,48.629729],[-122.195154,48.629748],[-122.195146,48.630441],[-122.19484,48.631163],[-122.194815,48.631352],[-122.194939,48.631767],[-122.195121,48.632123],[-122.19561,48.632747],[-122.195791,48.633104],[-122.196007,48.633695],[-122.196255,48.634718],[-122.196247,48.634902],[-122.195858,48.635286],[-122.195089,48.635834],[-122.194939,48.636049],[-122.19484,48.636372],[-122.194865,48.636651],[-122.194956,48.637165],[-122.194932,48.637493],[-122.195006,48.638119],[-122.194932,48.638595],[-122.194807,48.639017],[-122.194444,48.639622],[-122.19437,48.639873],[-122.194766,48.639727],[-122.19518,48.639109],[-122.195353,48.638922],[-122.195717,48.638609],[-122.19638,48.637759],[-122.196338,48.637377],[-122.196355,48.637098],[-122.196578,48.636861],[-122.196776,48.63626],[-122.197025,48.636032],[-122.197612,48.635807],[-122.19872,48.635045],[-122.199383,48.634461],[-122.199548,48.634201],[-122.199581,48.633697],[-122.199539,48.633423],[-122.199597,48.63309],[-122.20025,48.631633],[-122.200912,48.63054],[-122.201036,48.630212],[-122.20121,48.629957],[-122.201416,48.629734],[-122.201723,48.629812],[-122.201946,48.630367],[-122.201988,48.631015],[-122.201988,48.631946],[-122.202038,48.632495],[-122.202071,48.632918],[-122.202178,48.633104],[-122.202568,48.633417],[-122.202716,48.633638],[-122.202766,48.633877],[-122.202733,48.634119],[-122.202807,48.634304],[-122.203544,48.635151],[-122.203693,48.635336],[-122.203933,48.635707],[-122.203991,48.635932],[-122.204008,48.636832],[-122.203966,48.637142],[-122.203761,48.637617],[-122.203785,48.637811],[-122.204008,48.638523],[-122.204067,48.638789],[-122.204017,48.639513],[-122.204058,48.639927],[-122.204175,48.640557],[-122.203596,48.641961],[-122.203348,48.64223],[-122.203025,48.642578],[-122.202934,48.642798],[-122.203009,48.643199],[-122.203117,48.64342],[-122.203431,48.643935],[-122.20353,48.644197],[-122.203539,48.644471],[-122.203448,48.644646],[-122.20296,48.645412],[-122.202645,48.645832],[-122.202728,48.64617],[-122.203001,48.646905],[-122.203233,48.647235],[-122.203316,48.647452],[-122.203399,48.647929],[-122.203391,48.648518],[-122.203416,48.649198],[-122.20345,48.649382],[-122.20359,48.64959],[-122.203921,48.649939],[-122.204791,48.650543],[-122.204997,48.650725],[-122.205121,48.650887],[-122.205031,48.651989],[-122.204584,48.652566],[-122.204601,48.652823],[-122.208366,48.652885],[-122.209989,48.652923],[-122.212497,48.652994],[-122.212878,48.652992],[-122.212911,48.65279],[-122.213299,48.651875],[-122.214325,48.649399],[-122.214448,48.649125],[-122.214862,48.648534],[-122.215036,48.648203],[-122.215101,48.647965],[-122.215167,48.647065],[-122.215217,48.646841],[-122.215729,48.6459],[-122.216126,48.64494],[-122.21687,48.642759],[-122.216977,48.642247],[-122.216977,48.64199],[-122.216769,48.641404],[-122.216571,48.640642],[-122.216512,48.639913],[-122.216495,48.639009],[-122.216553,48.638191],[-122.216668,48.637647],[-122.216751,48.637306],[-122.216833,48.636785],[-122.216833,48.636569],[-122.217139,48.636445],[-122.217404,48.636204],[-122.217536,48.635971],[-122.217586,48.63553],[-122.21756,48.635247],[-122.217411,48.634863],[-122.217419,48.634256],[-122.217865,48.633468],[-122.218038,48.632092],[-122.218204,48.63145],[-122.218311,48.631253],[-122.219088,48.630678],[-122.220056,48.629789],[-122.220701,48.629087],[-122.221287,48.62852],[-122.2218,48.628065],[-122.222006,48.62776],[-122.222172,48.627581],[-122.222842,48.627051],[-122.223156,48.626877],[-122.223536,48.626997],[-122.223959,48.627337],[-122.224256,48.62738],[-122.224521,48.627085],[-122.224537,48.626788],[-122.224495,48.626459],[-122.224504,48.626248],[-122.224917,48.625949],[-122.224992,48.625765],[-122.225196,48.624702]]}},{"type":"Feature","properties":{"segment_type":"trail","route_id":"main","region_id":"puget-sound","region_name":"Puget Sound","section_id":null,"section_name":null},"geometry":{"type":"LineString","coordinates":[[-122.225196,48.624702],[-122.225371,48.624128],[-122.22583,48.623577],[-122.226563,48.623296],[-122.226979,48.623056],[-122.227473,48.622699],[-122.227523,48.622126],[-122.227584,48.621707]]}},{"type":"Feature","properties":{"segment_type":"roadwalk","route_id":"main","region_id":"puget-sound","region_name":"Puget Sound","section_id":null,"section_name":null,"route_type":"roadwalk"},"geometry":{"type":"LineString","coordinates":[[-122.227584,48.621707],[-122.227832,48.621556],[-122.228329,48.621375],[-122.229353,48.620469],[-122.230445,48.61954],[-122.231056,48.619072],[-122.231296,48.618921],[-122.231825,48.618794],[-122.232288,48.618765],[-122.232512,48.618623],[-122.232553,48.618439],[-122.232569,48.618029],[-122.232883,48.617789],[-122.233859,48.617593],[-122.23533,48.61615],[-122.235519,48.616011],[-122.23585,48.615879],[-122.236611,48.615672],[-122.237711,48.615446],[-122.237992,48.615326],[-122.238183,48.615192],[-122.238562,48.614835],[-122.238802,48.614702],[-122.239777,48.614267],[-122.240026,48.614098],[-122.240323,48.613763],[-122.240645,48.613544],[-122.241414,48.613288],[-122.241671,48.613367],[-122.241232,48.613751],[-122.241043,48.613916],[-122.240828,48.614531],[-122.240424,48.615482],[-122.240283,48.615746],[-122.239879,48.61613],[-122.239697,48.616372],[-122.239556,48.616663],[-122.239458,48.617144],[-122.239483,48.617814],[-122.239352,48.618475],[-122.239278,48.619073],[-122.239213,48.619828],[-122.239213,48.620264],[-122.239571,48.620373],[-122.239906,48.620221],[-122.240178,48.619756],[-122.240398,48.619149],[-122.240841,48.618683],[-122.24194,48.618006],[-122.242643,48.617633],[-122.242924,48.617518],[-122.24323,48.61743],[-122.243803,48.61711],[-122.244299,48.616781],[-122.244526,48.616946],[-122.244332,48.617295],[-122.243749,48.618153],[-122.243095,48.618992],[-122.24305,48.619178],[-122.243083,48.619422],[-122.243331,48.619859],[-122.24348,48.620274],[-122.243654,48.620545],[-122.243821,48.620888],[-122.243895,48.621172],[-122.243887,48.621438],[-122.243723,48.622102],[-122.243731,48.622458],[-122.24379,48.62311],[-122.24413,48.624228],[-122.244114,48.624448],[-122.243868,48.624838],[-122.243365,48.625303],[-122.243232,48.625581],[-122.243381,48.625896],[-122.24377,48.625944],[-122.244018,48.625838],[-122.244407,48.625606],[-122.244961,48.62543],[-122.245308,48.625248],[-122.245631,48.625039],[-122.246077,48.624979],[-122.246085,48.625181],[-122.245772,48.625422],[-122.245573,48.625866],[-122.245416,48.626252],[-122.24507,48.626843],[-122.244938,48.627193],[-122.244946,48.62758],[-122.245178,48.627941],[-122.245112,48.628206],[-122.245097,48.628422],[-122.245229,48.629075],[-122.245388,48.629499],[-122.245603,48.629784],[-122.246058,48.629958],[-122.246736,48.62971],[-122.247025,48.629501],[-122.24772,48.628889],[-122.247918,48.628756],[-122.248142,48.628888],[-122.248084,48.62926],[-122.248092,48.629575],[-122.248192,48.629963],[-122.248036,48.630547],[-122.248102,48.63079],[-122.248342,48.630859]]}},{"type":"Feature","properties":{"segment_type":"trail","route_id":"main","region_id":"puget-sound","region_name":"Puget Sound","section_id":null,"section_name":null},"geometry":{"type":"LineString","coordinates":[[-122.248342,48.630859],[-122.248315,48.631174],[-122.248162,48.631425],[-122.247703,48.632213],[-122.247397,48.632697],[-122.24713,48.633271],[-122.247013,48.633882],[-122.246961,48.634656],[-122.246952,48.635222],[-122.247046,48.636185],[-122.247041,48.636554],[-122.246925,48.637021],[-122.24696,48.637399],[-122.247065,48.637643],[-122.246969,48.637975]]}},{"type":"Feature","properties":{"segment_type":"roadwalk","route_id":"main","region_id":"puget-sound","region_name":"Puget Sound","section_id":null,"section_name":null,"route_type":"roadwalk"},"geometry":{"type":"LineString","coordinates":[[-122.246969,48.637975],[-122.246622,48.63831],[-122.24639,48.638606],[-122.246209,48.638924],[-122.246044,48.639395],[-122.246028,48.64011],[-122.245922,48.640825],[-122.246203,48.641169],[-122.246377,48.641399],[-122.24632,48.641983],[-122.24661,48.642318],[-122.246701,48.642607],[-122.24671,48.643043],[-122.246769,48.64348],[-122.246943,48.644106],[-122.247109,48.644562],[-122.247266,48.644774],[-122.247498,48.645023],[-122.247838,48.645457],[-122.248277,48.645509],[-122.247862,48.644818],[-122.247639,48.644327],[-122.247588,48.644029],[-122.247621,48.643827],[-122.247803,48.643626],[-122.247604,48.642923],[-122.247554,48.642626],[-122.247635,48.642203],[-122.247801,48.641818],[-122.247934,48.642462],[-122.24834,48.642955],[-122.248573,48.643307],[-122.248887,48.643876],[-122.24907,48.644093],[-122.2495,48.644343],[-122.249509,48.644708],[-122.2496,48.644906],[-122.250097,48.645391],[-122.250214,48.645589],[-122.250305,48.645927],[-122.250388,48.646418],[-122.250422,48.64681]]}},{"type":"Feature","properties":{"segment_type":"trail","route_id":"main","region_id":"puget-sound","region_name":"Puget Sound","section_id":null,"section_name":null},"geometry":{"type":"LineString","coordinates":[[-122.250422,48.64681],[-122.250587,48.64759],[-122.250845,48.648126],[-122.251369,48.648423],[-122.251492,48.648253],[-122.252306,48.647487],[-122.252492,48.647024],[-122.25271,48.646389],[-122.253097,48.645692],[-122.253074,48.64525],[-122.253202,48.644925],[-122.253439,48.644468],[-122.253606,48.644208],[-122.25384,48.643994],[-122.254197,48.643699],[-122.254917,48.643542],[-122.255555,48.643388],[-122.256035,48.643306],[-122.257459,48.643248],[-122.257889,48.643197],[-122.258311,48.642965],[-122.258518,48.642773],[-122.258676,48.642522],[-122.258833,48.641921],[-122.258577,48.641613],[-122.258462,48.641388],[-122.258736,48.640939],[-122.258794,48.640688],[-122.25862,48.64052],[-122.258355,48.640379],[-122.257786,48.638905],[-122.257646,48.638598],[-122.257538,48.638476]]}},{"type":"Feature","properties":{"segment_type":"roadwalk","route_id":"main","region_id":"puget-sound","region_name":"Puget Sound","section_id":null,"section_name":null,"route_type":"roadwalk"},"geometry":{"type":"LineString","coordinates":[[-122.257538,48.638476],[-122.257581,48.637437],[-122.257515,48.636942],[-122.257127,48.635608],[-122.257054,48.63495],[-122.256964,48.634563],[-122.256609,48.633787],[-122.256418,48.633219],[-122.256312,48.633038],[-122.255973,48.632591],[-122.255824,48.632293],[-122.255725,48.631834],[-122.255677,48.631213],[-122.25571,48.630866],[-122.255802,48.630642],[-122.256232,48.629925],[-122.256307,48.629737],[-122.256398,48.629355],[-122.256416,48.628473],[-122.256895,48.628652],[-122.257077,48.628802],[-122.257201,48.628978],[-122.257655,48.630195],[-122.25782,48.630511],[-122.257961,48.630683],[-122.25825,48.630896],[-122.258738,48.631187],[-122.259143,48.631392],[-122.25997,48.631695],[-122.260698,48.631906],[-122.261045,48.632147],[-122.261343,48.632536],[-122.261788,48.633348],[-122.261896,48.633637],[-122.261912,48.634118],[-122.261977,48.634645],[-122.262068,48.63487],[-122.262192,48.63519],[-122.262233,48.635658],[-122.262339,48.636203],[-122.262801,48.637502],[-122.263033,48.638345],[-122.263238,48.640289],[-122.263361,48.640578],[-122.263791,48.641066],[-122.264428,48.641669],[-122.264617,48.641895],[-122.265262,48.643217],[-122.265344,48.643424],[-122.26532,48.643726],[-122.265203,48.644242],[-122.265302,48.644445],[-122.265666,48.644506],[-122.265914,48.644368],[-122.266363,48.643282],[-122.266536,48.643104],[-122.266917,48.642863],[-122.267132,48.642702],[-122.267382,48.642254],[-122.267573,48.642055],[-122.26787,48.641745],[-122.268002,48.641453],[-122.268086,48.641152],[-122.268078,48.640891],[-122.267925,48.64049]]}},{"type":"Feature","properties":{"segment_type":"trail","route_id":"main","region_id":"puget-sound","region_name":"Puget Sound","section_id":null,"section_name":null},"geometry":{"type":"LineString","coordinates":[[-122.267925,48.64049],[-122.268373,48.640439],[-122.269439,48.640361],[-122.270086,48.640513],[-122.270746,48.641161],[-122.271348,48.641828],[-122.271969,48.64222],[-122.272361,48.642717],[-122.272669,48.642823],[-122.273014,48.642813],[-122.27313,48.64261],[-122.273072,48.642383],[-122.273144,48.642152],[-122.273398,48.642088],[-122.273997,48.642013],[-122.274204,48.641865],[-122.274488,48.641599],[-122.275337,48.641375],[-122.276352,48.64106],[-122.276805,48.640733],[-122.277086,48.640411],[-122.277507,48.640107],[-122.277814,48.639747],[-122.278562,48.639225],[-122.279674,48.639079],[-122.280047,48.638957],[-122.28036,48.638345],[-122.280541,48.638077],[-122.280585,48.637812],[-122.281162,48.637407],[-122.281497,48.637912],[-122.281987,48.638156],[-122.282479,48.638428],[-122.282846,48.63876],[-122.283598,48.639053],[-122.284161,48.639094],[-122.284491,48.638856],[-122.284765,48.63842],[-122.285373,48.637831],[-122.285911,48.637472],[-122.286228,48.637034],[-122.286258,48.636834],[-122.28618,48.636552],[-122.286214,48.636327],[-122.286349,48.636102],[-122.286456,48.635924],[-122.286609,48.635718],[-122.286679,48.635483],[-122.286721,48.635276],[-122.286888,48.635079],[-122.287239,48.63501],[-122.287485,48.634839],[-122.287718,48.634677],[-122.287921,48.634487],[-122.288062,48.634332],[-122.288732,48.634175],[-122.289005,48.634272],[-122.289305,48.634386],[-122.289716,48.634354],[-122.289994,48.634318],[-122.29034,48.634266],[-122.290641,48.634257],[-122.291088,48.634502],[-122.291528,48.634961],[-122.291671,48.635165],[-122.291932,48.635535],[-122.292133,48.635987],[-122.292285,48.636326],[-122.292427,48.636522],[-122.292729,48.636527],[-122.293188,48.636286],[-122.293708,48.635985],[-122.294263,48.635569],[-122.294739,48.635269],[-122.295153,48.635],[-122.295559,48.634932],[-122.295941,48.635178],[-122.296001,48.635433],[-122.295829,48.635781],[-122.295665,48.636229],[-122.295643,48.636559],[-122.29566,48.63683],[-122.295954,48.637036],[-122.296323,48.637068],[-122.29662,48.636988],[-122.296837,48.636682],[-122.296879,48.636337],[-122.296965,48.635992],[-122.297233,48.63547],[-122.297344,48.635359]]}},{"type":"Feature","properties":{"segment_type":"roadwalk","route_id":"main","region_id":"puget-sound","region_name":"Puget Sound","section_id":null,"section_name":null,"route_type":"roadwalk"},"geometry":{"type":"LineString","coordinates":[[-122.297344,48.635359],[-122.29762,48.63513],[-122.297911,48.635293],[-122.29786,48.635495],[-122.297743,48.635684],[-122.297629,48.63593],[-122.297935,48.635993],[-122.29825,48.635855],[-122.298586,48.635717],[-122.298596,48.636203],[-122.298402,48.636537],[-122.298132,48.636702],[-122.297775,48.636841],[-122.297516,48.63708],[-122.297752,48.637181],[-122.298774,48.636955],[-122.299463,48.636607],[-122.300025,48.63629],[-122.300968,48.635863],[-122.301298,48.635639],[-122.301658,48.635543],[-122.302067,48.635532],[-122.30239,48.635522],[-122.30279,48.635368],[-122.303477,48.634991],[-122.303763,48.63474],[-122.303873,48.634122],[-122.304221,48.633826],[-122.30497,48.633404],[-122.305472,48.633176],[-122.305745,48.63321],[-122.305481,48.633611],[-122.305489,48.633957],[-122.305398,48.635032],[-122.305493,48.635637],[-122.305551,48.636032],[-122.305701,48.636357],[-122.305741,48.636641],[-122.305767,48.637026],[-122.305779,48.637212],[-122.306201,48.6374],[-122.306964,48.637207],[-122.307512,48.637005],[-122.307824,48.636825],[-122.308184,48.636728],[-122.30865,48.636601],[-122.309345,48.636491],[-122.311091,48.634634],[-122.312067,48.633979],[-122.312647,48.634018],[-122.316783,48.63039],[-122.318347,48.629023],[-122.319198,48.628277],[-122.319455,48.628062],[-122.322433,48.62543],[-122.323111,48.624836],[-122.32405,48.62396],[-122.324874,48.623272],[-122.325888,48.622522],[-122.326353,48.622219],[-122.327364,48.621712],[-122.328701,48.621171],[-122.331538,48.620072],[-122.331864,48.620038],[-122.332367,48.619987],[-122.333779,48.619932],[-122.33496,48.619912],[-122.334867,48.620757],[-122.334936,48.62172],[-122.335111,48.622873],[-122.335241,48.623242],[-122.335277,48.623602],[-122.335365,48.624206],[-122.335561,48.624837],[-122.335611,48.625651],[-122.335669,48.626263],[-122.335768,48.626642],[-122.335892,48.626899],[-122.336149,48.627152],[-122.336439,48.627271],[-122.33744,48.627582],[-122.33778,48.627607],[-122.338102,48.627523],[-122.338391,48.627286],[-122.338415,48.626981],[-122.338449,48.626738],[-122.339077,48.626008],[-122.339342,48.625807],[-122.339706,48.625873],[-122.339598,48.626295],[-122.339632,48.62652],[-122.340112,48.626851],[-122.340227,48.627036],[-122.340327,48.627374],[-122.340476,48.627537],[-122.341469,48.62819],[-122.341701,48.628416],[-122.341924,48.628683],[-122.34214,48.628815],[-122.343108,48.629072],[-122.34348,48.629308],[-122.343662,48.629507],[-122.343844,48.629837],[-122.343778,48.63003],[-122.343332,48.629834],[-122.34305,48.629832],[-122.343026,48.630097],[-122.343332,48.630634],[-122.343423,48.630981],[-122.343407,48.631161],[-122.343117,48.631537],[-122.342977,48.631725],[-122.342986,48.631946],[-122.34311,48.6325],[-122.343201,48.633193],[-122.343218,48.633665],[-122.343177,48.634007],[-122.343069,48.634254],[-122.34257,48.634715]]}},{"type":"Feature","properties":{"segment_type":"trail","route_id":"main","region_id":"puget-sound","region_name":"Puget Sound","section_id":null,"section_name":null},"geometry":{"type":"LineString","coordinates":[[-122.34257,48.634715],[-122.342377,48.63504],[-122.342648,48.635252],[-122.342888,48.635428],[-122.34318,48.635568],[-122.343704,48.635548],[-122.343973,48.635508],[-122.344861,48.63601],[-122.345005,48.636332],[-122.345384,48.636581],[-122.345631,48.636761],[-122.345846,48.636939],[-122.346195,48.637258],[-122.346408,48.637434],[-122.34657,48.637611],[-122.346706,48.63779],[-122.346867,48.637967],[-122.34695,48.638146],[-122.347085,48.638341],[-122.347202,48.638525],[-122.34738,48.638696],[-122.347652,48.639],[-122.347956,48.639325],[-122.348192,48.639587],[-122.348468,48.639643],[-122.348941,48.639793],[-122.349377,48.640082],[-122.34974,48.64034],[-122.350255,48.6407],[-122.350495,48.640787],[-122.350849,48.641004],[-122.351065,48.641237],[-122.35145,48.641602],[-122.35175,48.642039],[-122.351883,48.642328],[-122.352118,48.64267],[-122.352377,48.64301],[-122.352596,48.6433],[-122.352765,48.643484],[-122.353067,48.643853],[-122.353299,48.643948],[-122.353582,48.644059],[-122.353862,48.644284],[-122.35405,48.644425],[-122.354303,48.644597],[-122.354585,48.64488],[-122.354767,48.645049],[-122.35531,48.645625],[-122.355902,48.646021],[-122.35608,48.646384],[-122.35612,48.646777],[-122.356433,48.64719],[-122.357032,48.647274],[-122.358413,48.647396]]}},{"type":"Feature","properties":{"segment_type":"roadwalk","route_id":"main","region_id":"puget-sound","region_name":"Puget Sound","section_id":null,"section_name":null,"route_type":"roadwalk"},"geometry":{"type":"LineString","coordinates":[[-122.358413,48.647396],[-122.358793,48.647716],[-122.359721,48.648485],[-122.360466,48.648755],[-122.36098,48.648888],[-122.361576,48.648982],[-122.362064,48.649011],[-122.363048,48.649017],[-122.363595,48.648975],[-122.364125,48.648874],[-122.36525,48.648552],[-122.365564,48.648464],[-122.366143,48.648247],[-122.366458,48.648131],[-122.366781,48.648061],[-122.367219,48.647902],[-122.367864,48.647604],[-122.368079,48.64738],[-122.36835,48.645767],[-122.368433,48.64556],[-122.368557,48.645363],[-122.368755,48.645193],[-122.369036,48.645105],[-122.373605,48.645085],[-122.374714,48.645086],[-122.376295,48.64509],[-122.378257,48.645119],[-122.378613,48.645166],[-122.380424,48.645711],[-122.380954,48.645835],[-122.382807,48.646002],[-122.383221,48.646086],[-122.383536,48.646222],[-122.387132,48.649359],[-122.387297,48.649513],[-122.387438,48.649743],[-122.387488,48.649945],[-122.387412,48.650588],[-122.387859,48.650672],[-122.388165,48.650696],[-122.389216,48.650584],[-122.389589,48.650586],[-122.39026,48.650684],[-122.390706,48.650606],[-122.390996,48.65045],[-122.392007,48.649708],[-122.392727,48.64946],[-122.393601,48.648975],[-122.393695,48.648786],[-122.393762,48.648458],[-122.393854,48.648261],[-122.394251,48.648092],[-122.394913,48.648316],[-122.395814,48.648491],[-122.396245,48.648534],[-122.397246,48.648544],[-122.39761,48.648595],[-122.398545,48.648839],[-122.399042,48.649012],[-122.399547,48.649262],[-122.400622,48.649893],[-122.400937,48.650097],[-122.401292,48.650157],[-122.402733,48.649378],[-122.403155,48.649105],[-122.403561,48.648757],[-122.403875,48.648605],[-122.404422,48.648505],[-122.404728,48.648506],[-122.40544,48.64878],[-122.406565,48.649384],[-122.406888,48.649601],[-122.407499,48.650194],[-122.407676,48.650419],[-122.407949,48.650634],[-122.40837,48.650793],[-122.408673,48.650812],[-122.409841,48.650849],[-122.410204,48.650796],[-122.410755,48.650651],[-122.411369,48.65079],[-122.411731,48.651051],[-122.412021,48.651185],[-122.412256,48.651285],[-122.412653,48.651373],[-122.413689,48.651394],[-122.414197,48.651464],[-122.414493,48.648811],[-122.414535,48.647667],[-122.414962,48.647644],[-122.415117,48.647452],[-122.415683,48.647286],[-122.415929,48.647161],[-122.416217,48.646949],[-122.416578,48.646712],[-122.417003,48.646454],[-122.417206,48.646035],[-122.417124,48.645714],[-122.417023,48.645528],[-122.416705,48.645185],[-122.416713,48.644983],[-122.416792,48.64475],[-122.417451,48.643875],[-122.417971,48.643056],[-122.418163,48.642754],[-122.41832,48.642319],[-122.418395,48.642022],[-122.418446,48.641488],[-122.418478,48.64115],[-122.418352,48.640932]]}},{"type":"Feature","properties":{"segment_type":"trail","route_id":"main","region_id":"puget-sound","region_name":"Puget Sound","section_id":null,"section_name":null},"geometry":{"type":"LineString","coordinates":[[-122.418352,48.640932],[-122.418478,48.640673],[-122.418501,48.640356],[-122.418528,48.640129],[-122.418486,48.639865],[-122.418394,48.639592],[-122.418302,48.639359],[-122.418366,48.63908],[-122.418178,48.638868],[-122.417761,48.638671],[-122.417136,48.638448],[-122.416412,48.638434],[-122.415854,48.638197],[-122.415587,48.637828],[-122.415368,48.637557],[-122.414956,48.637605],[-122.414271,48.637805],[-122.414109,48.63744],[-122.414322,48.637271],[-122.414508,48.637123],[-122.414057,48.63702],[-122.413311,48.637267],[-122.413012,48.63707],[-122.413159,48.636623],[-122.412861,48.636427],[-122.412491,48.636402],[-122.412034,48.636359],[-122.411499,48.636037],[-122.411544,48.635813],[-122.411489,48.635337],[-122.411155,48.634991],[-122.411105,48.634583],[-122.411201,48.634111],[-122.41125,48.633859],[-122.411297,48.633546],[-122.411343,48.63317],[-122.411202,48.632761],[-122.410978,48.632594],[-122.410252,48.632256],[-122.409871,48.632157],[-122.408921,48.631944],[-122.408253,48.631669],[-122.407442,48.631418],[-122.406858,48.63126],[-122.406518,48.631146],[-122.405808,48.63114],[-122.405253,48.631011],[-122.40479,48.630909],[-122.404082,48.630849],[-122.403465,48.630911],[-122.402848,48.630962],[-122.402217,48.630903],[-122.401658,48.630658],[-122.401077,48.630338],[-122.400794,48.630182],[-122.400559,48.630089],[-122.39964,48.629892],[-122.399052,48.629758],[-122.398661,48.629627],[-122.398206,48.629457],[-122.397514,48.629257],[-122.397104,48.629045],[-122.396836,48.628832],[-122.396597,48.628548],[-122.396407,48.628224],[-122.396399,48.627805],[-122.396602,48.627154],[-122.396787,48.627009],[-122.397015,48.626831],[-122.397201,48.626391],[-122.397598,48.626092],[-122.397855,48.625827],[-122.398298,48.625624],[-122.399568,48.6254],[-122.401125,48.625129],[-122.401687,48.624862],[-122.402083,48.624382],[-122.402579,48.6239],[-122.403188,48.623581],[-122.403957,48.623408],[-122.40496,48.623329],[-122.405809,48.623442],[-122.406507,48.623483],[-122.407538,48.623453],[-122.408567,48.623389],[-122.40912,48.623373],[-122.409809,48.623503],[-122.410218,48.623591],[-122.410809,48.623389],[-122.411034,48.622982],[-122.410928,48.622534],[-122.410935,48.622267],[-122.411495,48.621689],[-122.411586,48.621411],[-122.411649,48.621148],[-122.411529,48.620588],[-122.41134,48.620403],[-122.411153,48.62011],[-122.410775,48.619835],[-122.410583,48.619695],[-122.410397,48.61956],[-122.410067,48.61935],[-122.409549,48.619062],[-122.40903,48.619002],[-122.408761,48.619026],[-122.408277,48.619071],[-122.407714,48.619247],[-122.407199,48.619387],[-122.406585,48.619249],[-122.406571,48.61887],[-122.407567,48.618897],[-122.408038,48.618826],[-122.408343,48.618826],[-122.409054,48.618791],[-122.408765,48.618597],[-122.409378,48.618542],[-122.408879,48.618365],[-122.407988,48.618325],[-122.407597,48.618314],[-122.407219,48.618354],[-122.406662,48.618449],[-122.404877,48.618993],[-122.405029,48.618811],[-122.404672,48.618922],[-122.404769,48.618705],[-122.404497,48.618775],[-122.404255,48.618878],[-122.403851,48.618705],[-122.403656,48.618407],[-122.40365,48.618013],[-122.404027,48.61772],[-122.404319,48.617703],[-122.404802,48.617572],[-122.405274,48.617537],[-122.405623,48.617506],[-122.405878,48.617421],[-122.406261,48.617199],[-122.406377,48.616974],[-122.406367,48.616686],[-122.40619,48.616533],[-122.405936,48.616415],[-122.405585,48.616127],[-122.405344,48.615991],[-122.405109,48.615888],[-122.404849,48.615785],[-122.404708,48.615612],[-122.40485,48.615301],[-122.405313,48.615179],[-122.40577,48.615003],[-122.406076,48.615003],[-122.406358,48.614915],[-122.406707,48.614665],[-122.407126,48.614504],[-122.407437,48.614468],[-122.407914,48.61445],[-122.408296,48.61445],[-122.408564,48.614414],[-122.408885,48.614396],[-122.409512,48.61445],[-122.409887,48.61445],[-122.410237,48.614468],[-122.410833,48.614594],[-122.411325,48.614612],[-122.411678,48.614576],[-122.411999,48.614631],[-122.412276,48.614704],[-122.412549,48.614777],[-122.412848,48.614832],[-122.413208,48.614923],[-122.413493,48.61505],[-122.413771,48.615178],[-122.414321,48.61536],[-122.41462,48.615415],[-122.415249,48.615472],[-122.415552,48.615508],[-122.415802,48.615599],[-122.416108,48.615708],[-122.416415,48.615816],[-122.416965,48.615835],[-122.417405,48.615727],[-122.418038,48.615658],[-122.41837,48.615365],[-122.418564,48.615219],[-122.418869,48.615109],[-122.419313,48.614999],[-122.41984,48.614962],[-122.420118,48.614944],[-122.420423,48.614907],[-122.420869,48.614651],[-122.420953,48.61443],[-122.421011,48.614228],[-122.421153,48.614062],[-122.421352,48.613913],[-122.421525,48.613579],[-122.42167,48.613374],[-122.421758,48.613168],[-122.421877,48.61298],[-122.421993,48.612736],[-122.422135,48.612512],[-122.422331,48.612364],[-122.422445,48.612196],[-122.422822,48.611728],[-122.423691,48.611368],[-122.424247,48.611197],[-122.424517,48.611133],[-122.424718,48.610985],[-122.425002,48.610575],[-122.425287,48.610323],[-122.42549,48.610131],[-122.425891,48.610005],[-122.426259,48.610023],[-122.426566,48.61025],[-122.426889,48.610407],[-122.427277,48.610762],[-122.427445,48.611172],[-122.427449,48.611523],[-122.427482,48.611946],[-122.427395,48.612579],[-122.427392,48.612771],[-122.427442,48.614465],[-122.42774,48.614226],[-122.428178,48.613312],[-122.428706,48.61229],[-122.428837,48.612047],[-122.428903,48.611632],[-122.428956,48.61131],[-122.428872,48.611023],[-122.428828,48.610792],[-122.42888,48.61047],[-122.429029,48.609789],[-122.428841,48.609444],[-122.428447,48.608908],[-122.427947,48.608462],[-122.427362,48.608057],[-122.426169,48.607478],[-122.426189,48.607287],[-122.427284,48.607261],[-122.428005,48.607493],[-122.428756,48.607913],[-122.429343,48.608564],[-122.429912,48.609248],[-122.430146,48.609533],[-122.430385,48.609857],[-122.430769,48.611128],[-122.431021,48.611951],[-122.431033,48.612318],[-122.430923,48.612628],[-122.430928,48.61282],[-122.430936,48.613669],[-122.431267,48.613574],[-122.431317,48.613153],[-122.431477,48.612856],[-122.431598,48.612503],[-122.431764,48.612096],[-122.431769,48.611861],[-122.431745,48.611559],[-122.431772,48.611242],[-122.431881,48.610949],[-122.432039,48.610644],[-122.431901,48.610247],[-122.431769,48.61007],[-122.431706,48.609889],[-122.431604,48.609692],[-122.431557,48.609424],[-122.431614,48.609198],[-122.431559,48.608938],[-122.431317,48.608727],[-122.431134,48.608538],[-122.431003,48.6083],[-122.430895,48.60807],[-122.430828,48.607833],[-122.430794,48.607614],[-122.430598,48.607377],[-122.430408,48.607177],[-122.430149,48.606983],[-122.429889,48.60681],[-122.429663,48.606636],[-122.429375,48.606608],[-122.429086,48.606454],[-122.428833,48.606315],[-122.428586,48.606236],[-122.428231,48.606124],[-122.427993,48.605886],[-122.427962,48.605632],[-122.42806,48.605372],[-122.428328,48.605188],[-122.428958,48.605237],[-122.42935,48.605293],[-122.429674,48.605317],[-122.43007,48.605267],[-122.430557,48.605201],[-122.430862,48.605308],[-122.4311,48.605465],[-122.431451,48.605566],[-122.431764,48.60533]]}},{"type":"Feature","properties":{"segment_type":"roadwalk","route_id":"main","region_id":"puget-sound","region_name":"Puget Sound","section_id":null,"section_name":null,"route_type":"roadwalk"},"geometry":{"type":"LineString","coordinates":[[-122.431764,48.60533],[-122.431727,48.604965],[-122.431649,48.604632],[-122.431543,48.604433],[-122.431355,48.604226],[-122.4311,48.60399],[-122.430438,48.603762],[-122.428953,48.603188],[-122.427347,48.602407],[-122.42616,48.601807],[-122.424921,48.601081],[-122.424005,48.60051],[-122.423399,48.600066],[-122.423212,48.599894],[-122.423025,48.599587],[-122.422293,48.598342],[-122.42207,48.59772],[-122.421706,48.596333],[-122.421614,48.594857],[-122.421619,48.594452],[-122.421732,48.594048],[-122.42179,48.593733],[-122.421876,48.593293],[-122.421825,48.590639],[-122.421961,48.580644],[-122.421996,48.578062],[-122.422111,48.569777],[-122.422145,48.567348],[-122.422114,48.565363],[-122.422548,48.565326],[-122.425601,48.565],[-122.427596,48.564839],[-122.428423,48.564771],[-122.429266,48.564604],[-122.429823,48.564454],[-122.430613,48.564098],[-122.432113,48.563332],[-122.433052,48.562949],[-122.433733,48.562692],[-122.434167,48.56264],[-122.434805,48.562589],[-122.435537,48.562584],[-122.437772,48.562658],[-122.439643,48.562613],[-122.439928,48.562551],[-122.44049,48.562041],[-122.440789,48.561926],[-122.441196,48.561955],[-122.442156,48.562166],[-122.442467,48.562204],[-122.443578,48.562209],[-122.443604,48.561851],[-122.443633,48.561446],[-122.443658,48.561094],[-122.443971,48.561032],[-122.444177,48.560746],[-122.444181,48.560395],[-122.444259,48.556994],[-122.449482,48.555229],[-122.450623,48.554965],[-122.451806,48.554673],[-122.452715,48.554525],[-122.455403,48.554061],[-122.455838,48.554],[-122.461303,48.553603],[-122.4619,48.553579],[-122.462333,48.553581],[-122.463091,48.553674],[-122.466258,48.55404],[-122.466393,48.549002],[-122.466585,48.548751],[-122.467169,48.54861],[-122.467915,48.548542],[-122.472118,48.548336],[-122.471923,48.541021],[-122.471907,48.537395],[-122.471963,48.526735],[-122.472109,48.519269],[-122.472016,48.517783],[-122.472183,48.517316],[-122.472348,48.517146],[-122.472677,48.516743],[-122.472937,48.516474],[-122.473251,48.51626],[-122.473985,48.515948],[-122.47469,48.515825],[-122.475369,48.515721],[-122.475883,48.515723],[-122.477129,48.515684],[-122.477482,48.515667],[-122.478406,48.515348],[-122.479139,48.515162],[-122.479697,48.514913],[-122.480432,48.514511],[-122.480841,48.514216],[-122.481265,48.513858],[-122.481497,48.513643],[-122.48184,48.513159],[-122.482019,48.512872],[-122.482091,48.512476],[-122.482031,48.511765],[-122.482038,48.5111],[-122.482017,48.509165],[-122.482119,48.50707],[-122.482166,48.506476],[-122.48227,48.505577],[-122.482314,48.505208],[-122.482318,48.504875],[-122.482249,48.503624],[-122.482121,48.502886],[-122.481913,48.502103],[-122.481851,48.501472],[-122.481804,48.501204],[-122.481749,48.500896],[-122.481733,48.499835],[-122.48167,48.499384],[-122.481677,48.498674],[-122.481784,48.497496],[-122.481904,48.496354],[-122.482047,48.495581],[-122.482342,48.494511],[-122.482552,48.493801],[-122.482584,48.493298],[-122.482591,48.492695],[-122.482594,48.492317],[-122.482423,48.491867],[-122.482185,48.491326],[-122.481179,48.489054],[-122.480357,48.487467],[-122.47993,48.486799],[-122.479718,48.486542],[-122.479435,48.486248],[-122.479235,48.48595],[-122.478929,48.485499],[-122.478702,48.485074],[-122.478273,48.484271],[-122.477864,48.483505],[-122.47742,48.482692],[-122.476989,48.481908],[-122.476525,48.481062],[-122.476324,48.48089],[-122.47577,48.480717],[-122.475176,48.480624],[-122.474667,48.480537],[-122.473285,48.4803]]}},{"type":"Feature","properties":{"segment_type":"trail","route_id":"main","region_id":"puget-sound","region_name":"Puget Sound","section_id":null,"section_name":null},"geometry":{"type":"LineString","coordinates":[[-122.473285,48.4803],[-122.473234,48.48003],[-122.473155,48.479823],[-122.472819,48.479542],[-122.472227,48.479189],[-122.472026,48.479053],[-122.471839,48.478845],[-122.471387,48.478033],[-122.471106,48.477735],[-122.470797,48.477473],[-122.470177,48.477263],[-122.469908,48.477127],[-122.469734,48.476982],[-122.469616,48.476586],[-122.469593,48.476172],[-122.469544,48.47565],[-122.469425,48.475442],[-122.469064,48.475027],[-122.468958,48.474801],[-122.4688,48.474405],[-122.468687,48.473523],[-122.468663,48.473208],[-122.468666,48.472947],[-122.468872,48.47266],[-122.46901,48.472364],[-122.469097,48.471824],[-122.469302,48.471618],[-122.470217,48.470813],[-122.4703,48.470624],[-122.470275,48.470435],[-122.469685,48.469911],[-122.469269,48.469648],[-122.46919,48.469386],[-122.469411,48.468992],[-122.469818,48.468832],[-122.47074,48.468665],[-122.471079,48.468594],[-122.471365,48.468407],[-122.471937,48.468068],[-122.472845,48.467946],[-122.473063,48.467776],[-122.473268,48.467588],[-122.473689,48.467383],[-122.473841,48.467087],[-122.474009,48.466539],[-122.474133,48.46635],[-122.474475,48.466001],[-122.47464,48.465723],[-122.4747,48.465084],[-122.474711,48.46405],[-122.474838,48.463511],[-122.475035,48.462837],[-122.475189,48.462289],[-122.475193,48.461893],[-122.474736,48.46163],[-122.474401,48.461313],[-122.474161,48.461006],[-122.473989,48.460619],[-122.473964,48.460394],[-122.473942,48.459962],[-122.473917,48.459773],[-122.473689,48.459583],[-122.473122,48.459481],[-122.472541,48.459352],[-122.472083,48.459179],[-122.471923,48.459008],[-122.471927,48.458576],[-122.471808,48.458368],[-122.471592,48.458242],[-122.470997,48.458221],[-122.47032,48.458344],[-122.469926,48.458459],[-122.469698,48.458341],[-122.469105,48.458113],[-122.468944,48.45795],[-122.468744,48.457707],[-122.468625,48.457481],[-122.468573,48.457238],[-122.468467,48.457049],[-122.467955,48.456821],[-122.467685,48.456784],[-122.467251,48.456881],[-122.466804,48.457005],[-122.466209,48.457002],[-122.465789,48.456982]]}},{"type":"Feature","properties":{"segment_type":"roadwalk","route_id":"main","region_id":"puget-sound","region_name":"Puget Sound","section_id":null,"section_name":null,"route_type":"roadwalk"},"geometry":{"type":"LineString","coordinates":[[-122.465789,48.456982],[-122.465643,48.454147],[-122.465593,48.453751],[-122.465515,48.453508],[-122.465522,48.452851],[-122.465609,48.452267],[-122.465647,48.451251],[-122.465851,48.448552],[-122.470949,48.44854],[-122.471323,48.447714],[-122.493611,48.451665],[-122.501252,48.453021],[-122.503938,48.453545],[-122.509561,48.454578],[-122.509582,48.45483],[-122.511981,48.455216],[-122.512348,48.455255],[-122.512883,48.455189],[-122.514618,48.455507],[-122.518682,48.456226],[-122.521234,48.456722],[-122.522961,48.457161],[-122.525025,48.457737],[-122.525646,48.457962],[-122.525494,48.45818],[-122.525613,48.458504],[-122.525868,48.45873],[-122.527921,48.460493],[-122.528646,48.461098],[-122.528834,48.461252],[-122.529116,48.461424],[-122.529682,48.46167],[-122.530395,48.462077],[-122.531095,48.462539],[-122.531645,48.463018],[-122.532047,48.46347],[-122.532408,48.463867],[-122.532501,48.46411],[-122.532818,48.464894],[-122.533261,48.465229],[-122.533814,48.465501],[-122.534421,48.465629],[-122.535043,48.465677],[-122.535896,48.465617],[-122.536735,48.465558],[-122.537272,48.466046],[-122.537674,48.466425],[-122.538318,48.467049],[-122.538828,48.467536],[-122.539563,48.468538],[-122.539889,48.469031],[-122.540243,48.469566],[-122.540831,48.470414],[-122.541175,48.471243],[-122.54136,48.471757],[-122.541398,48.472018],[-122.541665,48.472469],[-122.542589,48.473525],[-122.543124,48.474175],[-122.543591,48.474906],[-122.543816,48.475446],[-122.544353,48.475916],[-122.544651,48.476154],[-122.545146,48.476549],[-122.545548,48.476983],[-122.546058,48.477461],[-122.546165,48.477642],[-122.546243,48.477984],[-122.546267,48.478263],[-122.546195,48.478821],[-122.546124,48.479117],[-122.546425,48.480315],[-122.546737,48.481729],[-122.546828,48.482134],[-122.546961,48.482404],[-122.547548,48.483333],[-122.54801,48.484117],[-122.548415,48.484803],[-122.548734,48.485461],[-122.548907,48.485723],[-122.549055,48.485903],[-122.549309,48.486165],[-122.549753,48.486536],[-122.549995,48.486735],[-122.550141,48.487023],[-122.550222,48.487228],[-122.550646,48.48806],[-122.55082,48.488321],[-122.551409,48.489007],[-122.55177,48.489476],[-122.552704,48.491036],[-122.553383,48.492299],[-122.554064,48.493435],[-122.554318,48.493778],[-122.55468,48.494184],[-122.555701,48.495043],[-122.55609,48.495404],[-122.556598,48.496189],[-122.556851,48.496702],[-122.557063,48.497126],[-122.557182,48.497459],[-122.557247,48.497802],[-122.557202,48.498296],[-122.557257,48.499781],[-122.557435,48.499992],[-122.55774,48.500074],[-122.558197,48.500136],[-122.558502,48.500138],[-122.559052,48.50014],[-122.559754,48.500041],[-122.560518,48.499963],[-122.56148,48.499788],[-122.563214,48.499669],[-122.566236,48.499293],[-122.567633,48.499047],[-122.568256,48.498932],[-122.569764,48.498344],[-122.570797,48.497871],[-122.571695,48.497289],[-122.572896,48.496142],[-122.573319,48.495658],[-122.573647,48.495272],[-122.573816,48.494908],[-122.574047,48.49441],[-122.574423,48.492963],[-122.57455,48.492604],[-122.574881,48.491849],[-122.575078,48.490986],[-122.575763,48.488326],[-122.575792,48.488056],[-122.575753,48.48784],[-122.575581,48.487398],[-122.575105,48.486056],[-122.574577,48.484525],[-122.574034,48.483038],[-122.573733,48.481859],[-122.573324,48.480544],[-122.573186,48.479284],[-122.573084,48.478527],[-122.573059,48.478329],[-122.57298,48.478059],[-122.572702,48.47733]]}},{"type":"Feature","properties":{"segment_type":"trail","route_id":"main","region_id":"puget-sound","region_name":"Puget Sound","section_id":null,"section_name":null},"geometry":{"type":"LineString","coordinates":[[-122.572702,48.47733],[-122.589716,48.482179],[-122.591175,48.48274],[-122.59175,48.483035],[-122.593111,48.483734],[-122.593806,48.484119],[-122.595547,48.485085],[-122.596494,48.485734],[-122.597186,48.486411],[-122.597626,48.486946],[-122.598168,48.487861],[-122.598481,48.488508],[-122.598916,48.489648],[-122.599462,48.490839],[-122.600066,48.492007],[-122.600401,48.492458],[-122.600778,48.492866],[-122.602838,48.494651],[-122.609198,48.50449]]}},{"type":"Feature","properties":{"segment_type":"roadwalk","route_id":"main","region_id":"puget-sound","region_name":"Puget Sound","section_id":null,"section_name":null,"route_type":"roadwalk"},"geometry":{"type":"LineString","coordinates":[[-122.609198,48.50449],[-122.622135,48.504521],[-122.625789,48.504541],[-122.626227,48.504291],[-122.629929,48.504276],[-122.629895,48.503805],[-122.631315,48.503794],[-122.634004,48.50381]]}},{"type":"Feature","properties":{"segment_type":"trail","route_id":"main","region_id":"puget-sound","region_name":"Puget Sound","section_id":null,"section_name":null},"geometry":{"type":"LineString","coordinates":[[-122.634004,48.50381],[-122.634803,48.503797],[-122.634812,48.503502],[-122.634911,48.503289],[-122.635213,48.503089],[-122.635521,48.502984],[-122.636149,48.502945],[-122.637509,48.502938],[-122.637694,48.502803],[-122.637878,48.502668],[-122.637911,48.502458],[-122.637748,48.502205],[-122.637475,48.502117],[-122.637112,48.502129],[-122.636946,48.501844],[-122.637176,48.501676],[-122.637224,48.50132],[-122.637135,48.501097],[-122.63702,48.500843],[-122.637104,48.500663],[-122.63706,48.50039],[-122.636916,48.500073],[-122.636872,48.499739],[-122.636829,48.499528],[-122.637107,48.499358],[-122.637415,48.499252],[-122.63807,48.499263],[-122.638458,48.499267],[-122.638841,48.49919],[-122.639047,48.499023],[-122.63932,48.498772],[-122.639427,48.498576],[-122.639768,48.498259],[-122.640442,48.497851],[-122.640975,48.497512],[-122.641306,48.497405],[-122.641771,48.497454],[-122.642122,48.497282],[-122.642473,48.49711],[-122.642724,48.496893],[-122.643162,48.496573],[-122.64415,48.495637],[-122.644086,48.495221],[-122.644931,48.494603],[-122.645309,48.493886],[-122.645685,48.493531],[-122.645758,48.493161],[-122.645902,48.492952],[-122.646333,48.492557],[-122.646567,48.492354],[-122.646918,48.491929],[-122.64709,48.491523],[-122.647067,48.4912],[-122.646895,48.490805],[-122.646542,48.490282],[-122.646178,48.489608],[-122.64597,48.488699],[-122.645824,48.487865],[-122.645784,48.487313],[-122.645879,48.486643],[-122.645946,48.485974],[-122.645862,48.485595],[-122.645611,48.485298],[-122.645233,48.485234],[-122.64472,48.485269],[-122.644073,48.485442],[-122.643528,48.485441],[-122.643115,48.485282],[-122.642653,48.485239],[-122.642353,48.485459],[-122.641904,48.485883],[-122.641729,48.485731],[-122.641569,48.485541],[-122.6415,48.485172],[-122.641275,48.485036],[-122.641048,48.484852],[-122.640908,48.484494],[-122.640834,48.484268],[-122.640186,48.484021],[-122.639187,48.484091],[-122.636345,48.484133],[-122.636074,48.483866],[-122.636022,48.483543],[-122.635996,48.483182],[-122.636036,48.482532],[-122.636129,48.482224],[-122.636227,48.481993],[-122.636393,48.48071],[-122.636377,48.480482],[-122.635572,48.48045],[-122.634542,48.480483],[-122.632938,48.480514],[-122.632866,48.480307],[-122.632974,48.480119],[-122.633211,48.479837],[-122.633703,48.479628],[-122.634023,48.479361],[-122.634557,48.478717],[-122.634566,48.478508],[-122.634473,48.478221],[-122.634197,48.478069],[-122.633917,48.477885],[-122.633899,48.477628],[-122.633814,48.477454],[-122.633604,48.47722],[-122.633605,48.476898],[-122.633678,48.476465],[-122.633679,48.475899],[-122.633696,48.475547],[-122.633941,48.474629],[-122.634536,48.473582],[-122.635157,48.472647],[-122.635646,48.47227],[-122.635975,48.472069],[-122.636018,48.471858],[-122.636203,48.471242],[-122.636609,48.470905],[-122.637042,48.470548],[-122.637019,48.470225],[-122.636996,48.469901],[-122.636933,48.469427],[-122.636597,48.469197],[-122.63624,48.468953],[-122.635959,48.468638],[-122.635382,48.46818],[-122.635502,48.467852],[-122.635446,48.467323],[-122.635558,48.46703],[-122.635539,48.466764],[-122.63528,48.466353],[-122.635112,48.466015],[-122.634953,48.465791],[-122.634708,48.46557],[-122.634363,48.465562],[-122.633896,48.465844],[-122.633547,48.466154],[-122.63309,48.466311],[-122.632794,48.466469],[-122.632265,48.466677],[-122.631878,48.46688],[-122.631657,48.467086],[-122.631267,48.467238],[-122.631001,48.467403],[-122.632489,48.465412],[-122.633229,48.46453],[-122.633737,48.464019],[-122.634407,48.463368],[-122.634859,48.462878],[-122.635233,48.462484],[-122.635382,48.462175],[-122.635713,48.461993],[-122.636095,48.461714],[-122.6364,48.461571],[-122.63678,48.461273],[-122.636951,48.460867],[-122.636993,48.460656],[-122.636916,48.460372],[-122.636344,48.45999],[-122.636216,48.459804],[-122.635088,48.459267],[-122.634461,48.458906],[-122.634126,48.458631],[-122.633724,48.458224],[-122.633649,48.457578],[-122.633606,48.45697],[-122.633452,48.456422],[-122.633402,48.456118],[-122.633345,48.45572],[-122.633136,48.455212],[-122.632993,48.454816],[-122.632757,48.454308],[-122.632408,48.453843],[-122.631944,48.453362],[-122.631775,48.453005],[-122.63173,48.452778],[-122.631571,48.452554],[-122.631059,48.451407],[-122.631043,48.451179],[-122.631203,48.451022],[-122.631543,48.450954],[-122.632257,48.450931],[-122.633146,48.45098]]}},{"type":"Feature","properties":{"segment_type":"roadwalk","route_id":"main","region_id":"puget-sound","region_name":"Puget Sound","section_id":null,"section_name":null,"route_type":"roadwalk"},"geometry":{"type":"LineString","coordinates":[[-122.633146,48.45098],[-122.633352,48.450522],[-122.633395,48.450279],[-122.633424,48.449955],[-122.633257,48.448767],[-122.633123,48.448542],[-122.632885,48.447848],[-122.633008,48.44748],[-122.634612,48.448312],[-122.634869,48.448376],[-122.635423,48.448396],[-122.635694,48.448379],[-122.63625,48.448183],[-122.637037,48.447798],[-122.637241,48.447565],[-122.638918,48.445735],[-122.639353,48.445304],[-122.640018,48.445019],[-122.642524,48.44437],[-122.64293,48.444371],[-122.644269,48.444348],[-122.644715,48.44435],[-122.645026,48.444413],[-122.645526,48.444451],[-122.646839,48.444149],[-122.648005,48.443703],[-122.648331,48.443569],[-122.648584,48.444092],[-122.648704,48.444362],[-122.648702,48.444596],[-122.648673,48.444874],[-122.648957,48.44501],[-122.64946,48.444616],[-122.650103,48.44352],[-122.650867,48.442416],[-122.651237,48.441841],[-122.65159,48.441609],[-122.652403,48.441242],[-122.653867,48.440806],[-122.654327,48.440672],[-122.654558,48.44052],[-122.654857,48.440305],[-122.655183,48.440054],[-122.65654,48.439446],[-122.658329,48.438822],[-122.659061,48.438473],[-122.658918,48.437663],[-122.65891,48.436817],[-122.658731,48.435233],[-122.658567,48.433568],[-122.653983,48.433609],[-122.651091,48.433546],[-122.650604,48.433527],[-122.650214,48.433219],[-122.650134,48.433012],[-122.649312,48.432722],[-122.648476,48.432404],[-122.647263,48.431762],[-122.646468,48.431454],[-122.645402,48.431118],[-122.644525,48.430899],[-122.644038,48.430879],[-122.643619,48.430932]]}},{"type":"Feature","properties":{"segment_type":"trail","route_id":"main","region_id":"puget-sound","region_name":"Puget Sound","section_id":null,"section_name":null},"geometry":{"type":"LineString","coordinates":[[-122.643619,48.430932],[-122.643198,48.430499],[-122.642881,48.43028],[-122.642351,48.430068],[-122.641381,48.429727],[-122.641067,48.429537],[-122.640916,48.429227],[-122.641111,48.428964],[-122.641501,48.428408],[-122.641904,48.428024],[-122.642353,48.427695],[-122.642955,48.427104],[-122.643365,48.426834],[-122.643761,48.426363],[-122.643785,48.426105],[-122.643638,48.425853],[-122.642814,48.425736],[-122.641407,48.425294],[-122.640121,48.424735],[-122.639597,48.424608],[-122.63895,48.424572],[-122.638268,48.42465],[-122.63847,48.424472],[-122.638358,48.424104],[-122.638213,48.42388],[-122.638188,48.423538],[-122.638264,48.423286],[-122.638362,48.42296],[-122.638789,48.422318],[-122.638848,48.421944],[-122.639187,48.421276],[-122.639625,48.420804],[-122.639903,48.420481],[-122.63987,48.420024],[-122.640015,48.419648],[-122.640425,48.419378],[-122.641438,48.419117],[-122.642154,48.418923],[-122.64274,48.418704],[-122.643554,48.418678],[-122.643938,48.418637],[-122.644275,48.418541],[-122.644556,48.418274],[-122.64453,48.417904],[-122.644507,48.41759],[-122.644446,48.417334],[-122.644389,48.417136],[-122.644407,48.416846],[-122.64495,48.416575],[-122.645483,48.416215],[-122.646032,48.415483],[-122.646636,48.41492],[-122.647203,48.414445],[-122.647964,48.413677],[-122.648813,48.412935],[-122.649207,48.412436],[-122.649251,48.411863],[-122.648992,48.411242],[-122.648608,48.410683],[-122.648106,48.41027],[-122.647797,48.410139]]}},{"type":"Feature","properties":{"segment_type":"roadwalk","route_id":"main","region_id":"puget-sound","region_name":"Puget Sound","section_id":null,"section_name":null,"route_type":"roadwalk"},"geometry":{"type":"LineString","coordinates":[[-122.647797,48.410139],[-122.646227,48.409645],[-122.645972,48.409491],[-122.64577,48.409311],[-122.645448,48.40895],[-122.645005,48.408553],[-122.644738,48.408192],[-122.644565,48.407804],[-122.644477,48.406761],[-122.644427,48.405119]]}},{"type":"Feature","properties":{"segment_type":"trail","route_id":"main","region_id":"puget-sound","region_name":"Puget Sound","section_id":null,"section_name":null},"geometry":{"type":"LineString","coordinates":[[-122.644427,48.405119],[-122.644143,48.405054],[-122.643902,48.404959],[-122.643607,48.404955],[-122.643172,48.404946],[-122.642874,48.404945],[-122.642606,48.405009],[-122.642228,48.404991],[-122.641799,48.404965],[-122.641519,48.404872],[-122.641168,48.404849],[-122.640761,48.404845],[-122.640443,48.404804],[-122.640149,48.40469],[-122.639685,48.404685],[-122.639411,48.404611],[-122.639019,48.404516],[-122.638672,48.404542],[-122.638135,48.404603],[-122.637844,48.404558],[-122.637541,48.404489],[-122.637146,48.40446],[-122.636804,48.404397],[-122.636317,48.404445],[-122.635923,48.404348],[-122.635508,48.404333],[-122.635167,48.4043],[-122.634809,48.404197],[-122.634515,48.40407],[-122.634297,48.403959],[-122.634075,48.403777],[-122.633981,48.403607],[-122.633958,48.403409],[-122.633957,48.403168],[-122.63391,48.402934],[-122.633813,48.402717],[-122.633654,48.40251],[-122.633489,48.402326],[-122.633208,48.402144],[-122.633017,48.401993],[-122.632988,48.40178],[-122.632837,48.40157],[-122.63274,48.401344],[-122.632684,48.401018],[-122.632748,48.400745],[-122.63277,48.400494],[-122.632985,48.400146],[-122.633274,48.399982],[-122.633491,48.399763],[-122.633718,48.399536],[-122.63425,48.399451],[-122.634544,48.399491],[-122.634791,48.399627],[-122.635136,48.399619],[-122.635418,48.399569],[-122.635718,48.399564],[-122.635516,48.399413],[-122.6358,48.399336],[-122.636095,48.399111],[-122.636508,48.398992],[-122.636859,48.398891],[-122.637053,48.398729],[-122.637329,48.398618],[-122.637426,48.398391],[-122.637678,48.398266],[-122.637852,48.39807],[-122.638123,48.397984],[-122.638402,48.3979],[-122.638689,48.39776],[-122.638721,48.397578],[-122.638903,48.397356],[-122.638807,48.397134],[-122.638722,48.396879],[-122.638789,48.39667],[-122.638891,48.396467],[-122.639098,48.396338],[-122.639039,48.396047],[-122.638705,48.395953],[-122.638358,48.395908],[-122.638116,48.395722],[-122.637972,48.39555],[-122.637806,48.395398],[-122.637421,48.395267],[-122.636787,48.395244],[-122.636473,48.395251]]}},{"type":"Feature","properties":{"segment_type":"roadwalk","route_id":"main","region_id":"puget-sound","region_name":"Puget Sound","section_id":null,"section_name":null,"route_type":"roadwalk"},"geometry":{"type":"LineString","coordinates":[[-122.636473,48.395251],[-122.636133,48.395251],[-122.635798,48.395279],[-122.635528,48.395328],[-122.635229,48.395419],[-122.634996,48.395574],[-122.634989,48.395768],[-122.634919,48.396002],[-122.634683,48.396181],[-122.634415,48.396308],[-122.63418,48.39642],[-122.633711,48.396664],[-122.633226,48.396667],[-122.63293,48.396624],[-122.632638,48.396634],[-122.632335,48.396693],[-122.632045,48.39683],[-122.631516,48.396945],[-122.631193,48.396958],[-122.63091,48.396911],[-122.630552,48.396872],[-122.630134,48.396757],[-122.629928,48.396547],[-122.629593,48.396498],[-122.629051,48.396538],[-122.628536,48.396573],[-122.628256,48.396611],[-122.627847,48.396723],[-122.627548,48.396796],[-122.62724,48.396936],[-122.626829,48.397338],[-122.626719,48.397564],[-122.626519,48.39787],[-122.626505,48.398079],[-122.626263,48.398403],[-122.625997,48.398669],[-122.625574,48.398994],[-122.625246,48.399202],[-122.624879,48.399418],[-122.62442,48.399728],[-122.624171,48.399954],[-122.623921,48.400196],[-122.623566,48.40042],[-122.623213,48.400699],[-122.622812,48.400986],[-122.622548,48.401141],[-122.621768,48.40153],[-122.621249,48.401957],[-122.620772,48.402356],[-122.620445,48.40265],[-122.620182,48.402918],[-122.619745,48.403298],[-122.61934,48.403694],[-122.619021,48.40404],[-122.618616,48.404498],[-122.618298,48.404808],[-122.618034,48.405159],[-122.617965,48.405152]]}},{"type":"Feature","properties":{"segment_type":"trail","route_id":"main","region_id":"puget-sound","region_name":"Puget Sound","section_id":null,"section_name":null},"geometry":{"type":"LineString","coordinates":[[-122.617965,48.405152],[-122.617636,48.405045],[-122.617585,48.404801],[-122.617592,48.40458],[-122.617545,48.404305],[-122.617573,48.404114],[-122.617612,48.403889],[-122.617473,48.403557],[-122.617245,48.403293],[-122.616976,48.403221],[-122.616741,48.403433],[-122.616452,48.403546],[-122.616247,48.403759],[-122.61584,48.404057],[-122.61567,48.404228],[-122.61515,48.404367],[-122.61482,48.404529],[-122.614557,48.404791],[-122.614254,48.404957],[-122.61377,48.405451],[-122.613128,48.405949],[-122.612718,48.406345],[-122.612415,48.406415],[-122.61201,48.406667],[-122.611913,48.406938],[-122.611537,48.407133],[-122.61131,48.407297],[-122.611023,48.407576],[-122.610475,48.407879],[-122.610219,48.408082],[-122.610026,48.4083],[-122.609822,48.408466],[-122.609291,48.40879],[-122.608996,48.408917],[-122.608706,48.408948],[-122.608303,48.409076],[-122.60815,48.409238],[-122.60799,48.409501],[-122.607793,48.409729],[-122.607549,48.409843],[-122.607283,48.409723],[-122.606991,48.409551],[-122.606566,48.409311],[-122.606009,48.409061],[-122.605288,48.408832],[-122.604694,48.408637],[-122.604297,48.40845],[-122.604039,48.408267],[-122.603559,48.408183],[-122.602924,48.408006],[-122.60245,48.407941],[-122.602118,48.407908],[-122.601562,48.407671],[-122.601086,48.407443],[-122.600687,48.407222],[-122.600472,48.406892],[-122.600234,48.406408],[-122.600048,48.405868],[-122.599825,48.405458],[-122.599525,48.40514],[-122.599194,48.404814],[-122.599052,48.404575],[-122.599038,48.404294],[-122.598907,48.403948],[-122.598841,48.403538],[-122.59884,48.403094],[-122.59892,48.402552],[-122.599015,48.402294],[-122.598942,48.40192],[-122.598914,48.401664],[-122.598852,48.401358],[-122.598842,48.401112],[-122.598967,48.400885],[-122.598961,48.400504],[-122.5989,48.399863],[-122.598918,48.399508],[-122.598861,48.399324],[-122.598904,48.398867],[-122.598856,48.398516],[-122.598874,48.398225],[-122.599226,48.397905]]}},{"type":"Feature","properties":{"segment_type":"roadwalk","route_id":"main","region_id":"puget-sound","region_name":"Puget Sound","section_id":null,"section_name":null,"route_type":"roadwalk"},"geometry":{"type":"LineString","coordinates":[[-122.599226,48.397905],[-122.599475,48.397763],[-122.599522,48.397488],[-122.599539,48.397099],[-122.599646,48.396497],[-122.599798,48.396283],[-122.60027,48.395787],[-122.600481,48.395502],[-122.600224,48.395411],[-122.599863,48.395548],[-122.599306,48.395666],[-122.599091,48.395628]]}},{"type":"Feature","properties":{"segment_type":"trail","route_id":"main","region_id":"puget-sound","region_name":"Puget Sound","section_id":null,"section_name":null},"geometry":{"type":"LineString","coordinates":[[-122.599091,48.395628],[-122.59876,48.395458],[-122.598512,48.395272],[-122.598267,48.395166],[-122.597966,48.39513],[-122.597578,48.395017],[-122.597247,48.395063],[-122.596875,48.395159],[-122.596516,48.395203],[-122.596212,48.395212],[-122.596174,48.395185]]}},{"type":"Feature","properties":{"segment_type":"roadwalk","route_id":"main","region_id":"puget-sound","region_name":"Puget Sound","section_id":null,"section_name":null,"route_type":"roadwalk"},"geometry":{"type":"LineString","coordinates":[[-122.596174,48.395185],[-122.596537,48.39493],[-122.596659,48.394697],[-122.596629,48.393782],[-122.596199,48.394],[-122.595579,48.39417],[-122.595257,48.394257],[-122.589326,48.394242],[-122.588993,48.394155],[-122.588673,48.393954],[-122.588498,48.393607],[-122.587789,48.392549],[-122.587299,48.391759],[-122.587069,48.391344],[-122.587167,48.390986],[-122.58748,48.39076],[-122.588198,48.390516],[-122.588786,48.390333],[-122.589218,48.390135],[-122.589635,48.389892],[-122.590015,48.389645],[-122.590243,48.389379],[-122.590338,48.389083],[-122.590301,48.388875],[-122.589888,48.3881],[-122.589186,48.386732],[-122.588167,48.384802],[-122.587425,48.38342],[-122.585889,48.380478],[-122.585487,48.379463],[-122.584618,48.378273],[-122.583554,48.376881],[-122.582656,48.375652],[-122.582399,48.374917],[-122.582264,48.373559],[-122.582423,48.372826],[-122.582901,48.372113],[-122.58393,48.370845],[-122.584978,48.370141],[-122.586594,48.369425],[-122.589229,48.368698],[-122.591674,48.368053],[-122.592473,48.367848],[-122.592988,48.367627],[-122.593234,48.367418],[-122.593381,48.367112],[-122.593389,48.365822],[-122.593431,48.363636],[-122.593437,48.362691],[-122.593568,48.362454],[-122.593812,48.362196],[-122.594934,48.361554],[-122.596844,48.360479],[-122.597915,48.359881],[-122.598449,48.359638],[-122.599499,48.359351],[-122.600144,48.359141],[-122.600491,48.359029],[-122.599966,48.358773],[-122.599292,48.35861],[-122.598716,48.358451],[-122.59838,48.358154],[-122.598192,48.357807],[-122.598212,48.357475],[-122.598312,48.357079],[-122.598346,48.356756],[-122.59814,48.356513],[-122.597703,48.356269],[-122.597,48.356001],[-122.595761,48.355544],[-122.594944,48.355224],[-122.594155,48.354908],[-122.593859,48.354704],[-122.593676,48.354444],[-122.593628,48.354027],[-122.593618,48.350849],[-122.592052,48.350842],[-122.590901,48.350835],[-122.589947,48.350834],[-122.588716,48.350851],[-122.58788,48.350842],[-122.587444,48.350838],[-122.587046,48.350672],[-122.587141,48.350349],[-122.588091,48.349535],[-122.591458,48.346624],[-122.592907,48.345321],[-122.593298,48.344729],[-122.59343,48.344241],[-122.593458,48.34006],[-122.593486,48.334228],[-122.593525,48.325904],[-122.593788,48.325657],[-122.594099,48.325605],[-122.595635,48.325561],[-122.596293,48.325608],[-122.597132,48.325606],[-122.60112,48.325588],[-122.607083,48.325595],[-122.609822,48.325591],[-122.611598,48.325597],[-122.61511,48.325609],[-122.621755,48.325654],[-122.623169,48.325681],[-122.626295,48.325678],[-122.628055,48.325674],[-122.628614,48.325793],[-122.629598,48.328935],[-122.631284,48.32864],[-122.63223,48.328454],[-122.633011,48.328263],[-122.633694,48.328063],[-122.63487,48.32768],[-122.636269,48.327217],[-122.637651,48.326771],[-122.638186,48.326606],[-122.638886,48.326388],[-122.639642,48.326211],[-122.640423,48.326065],[-122.641189,48.325968],[-122.641986,48.32589],[-122.643409,48.325849],[-122.646016,48.325884],[-122.647538,48.32588],[-122.648771,48.325906],[-122.649249,48.325881],[-122.649619,48.325895],[-122.654422,48.325896],[-122.656477,48.325889],[-122.658369,48.325904],[-122.659767,48.325894],[-122.664348,48.325908],[-122.66554,48.325884],[-122.666239,48.325886],[-122.669513,48.325828],[-122.671873,48.325857],[-122.674792,48.325879],[-122.678534,48.325908],[-122.679406,48.325969],[-122.679875,48.325993],[-122.680541,48.326152],[-122.680977,48.326171],[-122.682128,48.32617],[-122.684365,48.326185],[-122.685196,48.326183],[-122.68578,48.32609],[-122.686635,48.326079],[-122.687293,48.326072],[-122.689925,48.326056],[-122.690936,48.326059],[-122.691158,48.320639],[-122.691232,48.31139],[-122.696485,48.311386],[-122.700646,48.311393],[-122.701272,48.311286],[-122.701591,48.311117],[-122.701805,48.310941]]}},{"type":"Feature","properties":{"segment_type":"trail","route_id":"main","region_id":"puget-sound","region_name":"Puget Sound","section_id":null,"section_name":null},"geometry":{"type":"LineString","coordinates":[[-122.701805,48.310941],[-122.702168,48.311],[-122.702364,48.310586],[-122.702692,48.310354],[-122.70288,48.310197],[-122.70311,48.310066],[-122.703439,48.310028],[-122.703836,48.310184],[-122.704194,48.31035],[-122.704606,48.310354],[-122.705063,48.310065],[-122.705421,48.309867],[-122.706026,48.309785],[-122.706652,48.309764],[-122.706552,48.30952],[-122.706388,48.309277],[-122.706122,48.309091],[-122.705776,48.308898],[-122.706486,48.308609],[-122.70717,48.308516],[-122.708474,48.308359],[-122.709575,48.308332],[-122.710784,48.308328],[-122.712616,48.308295],[-122.712603,48.308482],[-122.713027,48.308468],[-122.713552,48.308558],[-122.713843,48.308725],[-122.714318,48.308997],[-122.716211,48.307925],[-122.716511,48.307725],[-122.716513,48.307625]]}},{"type":"Feature","properties":{"segment_type":"roadwalk","route_id":"main","region_id":"puget-sound","region_name":"Puget Sound","section_id":null,"section_name":null,"route_type":"roadwalk"},"geometry":{"type":"LineString","coordinates":[[-122.716513,48.307625],[-122.718583,48.306333],[-122.721401,48.304549],[-122.721738,48.304289],[-122.722132,48.303831],[-122.722428,48.303404],[-122.722724,48.302933],[-122.722912,48.30256],[-122.723266,48.301837],[-122.723676,48.300938],[-122.723856,48.30052],[-122.72425,48.299536],[-122.724464,48.298987],[-122.724677,48.298448],[-122.724703,48.298354]]}},{"type":"Feature","properties":{"segment_type":"trail","route_id":"main","region_id":"puget-sound","region_name":"Puget Sound","section_id":null,"section_name":null,"route_type":"cross-country"},"geometry":{"type":"LineString","coordinates":[[-122.724703,48.298354],[-122.725112,48.297959],[-122.725168,48.297617],[-122.7254,48.297024],[-122.725686,48.296458],[-122.72604,48.29591],[-122.726272,48.295451],[-122.726517,48.294984],[-122.726818,48.294103],[-122.727106,48.293249],[-122.727367,48.292386],[-122.727519,48.291667],[-122.727753,48.29066],[-122.728112,48.289122],[-122.728278,48.288295],[-122.728637,48.286757],[-122.72883,48.285993],[-122.729021,48.285525],[-122.729445,48.28442],[-122.729732,48.28353],[-122.730087,48.282739],[-122.730414,48.282092],[-122.730782,48.281382],[-122.731177,48.2806],[-122.731707,48.279729],[-122.732101,48.279163],[-122.732304,48.278912],[-122.732427,48.278705],[-122.732711,48.278436],[-122.733239,48.278095],[-122.733752,48.27788],[-122.734333,48.277603],[-122.734847,48.277271],[-122.735185,48.276966],[-122.735565,48.276589],[-122.73608,48.27596],[-122.736541,48.27544],[-122.736852,48.275206],[-122.737136,48.275036],[-122.737447,48.274893],[-122.737811,48.274777],[-122.738175,48.27476],[-122.738539,48.274724],[-122.738919,48.274329],[-122.739218,48.273853],[-122.739491,48.273188],[-122.739993,48.272406],[-122.740373,48.271922],[-122.74086,48.2715],[-122.741524,48.270871],[-122.742187,48.270243],[-122.743149,48.269328],[-122.743922,48.268421],[-122.744518,48.267756],[-122.744844,48.267289],[-122.745142,48.266831],[-122.745481,48.266499],[-122.746334,48.265718],[-122.747091,48.265207],[-122.747389,48.264929],[-122.747781,48.264597],[-122.748255,48.264085],[-122.748756,48.2636],[-122.749406,48.263035],[-122.750096,48.262478],[-122.751029,48.261689],[-122.751597,48.261231],[-122.751896,48.260818],[-122.752303,48.260189],[-122.75267,48.25947],[-122.753377,48.258194],[-122.753934,48.257224],[-122.754492,48.256127],[-122.754642,48.255669],[-122.755102,48.255202],[-122.755835,48.254232],[-122.756716,48.252938],[-122.757491,48.251482],[-122.758267,48.249819],[-122.758717,48.248633],[-122.759224,48.246879],[-122.759673,48.2458],[-122.760041,48.244973],[-122.760342,48.243957],[-122.761268,48.241701],[-122.761789,48.239813],[-122.762211,48.238707],[-122.762429,48.238285],[-122.762903,48.23762],[-122.763324,48.236874],[-122.76365,48.236227],[-122.763989,48.235769],[-122.764571,48.235158],[-122.764937,48.234637],[-122.765019,48.234304],[-122.765209,48.234008],[-122.765467,48.233531],[-122.766076,48.232957],[-122.766779,48.232328],[-122.767252,48.23187],[-122.767585,48.23132],[-122.768051,48.230819],[-122.768552,48.230173],[-122.769027,48.229463],[-122.769394,48.228726],[-122.769639,48.228177],[-122.769762,48.227656],[-122.769793,48.226864],[-122.769768,48.226396],[-122.769743,48.225937],[-122.769798,48.225586],[-122.769962,48.225218],[-122.770152,48.224858],[-122.770126,48.224642],[-122.769751,48.224192],[-122.768972,48.223614],[-122.768127,48.223001],[-122.76798,48.222758],[-122.767511,48.222163],[-122.76691,48.221109],[-122.765975,48.219497],[-122.765136,48.217561],[-122.764709,48.216633],[-122.764106,48.21602],[-122.763557,48.215515],[-122.762616,48.21509],[-122.761098,48.214457],[-122.759916,48.214068],[-122.759082,48.213841],[-122.758194,48.213677],[-122.757723,48.213613],[-122.757253,48.213432],[-122.756124,48.213061],[-122.754767,48.212626],[-122.753637,48.21239],[-122.752453,48.212217],[-122.75172,48.212106],[-122.751243,48.212034],[-122.749522,48.211643],[-122.747439,48.210919],[-122.745504,48.21024],[-122.743638,48.209255],[-122.741893,48.208198],[-122.741437,48.20791],[-122.741102,48.207585],[-122.740434,48.206558],[-122.739701,48.205224],[-122.739179,48.204584],[-122.738254,48.203872]]}},{"type":"Feature","properties":{"segment_type":"trail","route_id":"main","region_id":"puget-sound","region_name":"Puget Sound","section_id":null,"section_name":null},"geometry":{"type":"LineString","coordinates":[[-122.738254,48.203872],[-122.737729,48.203915],[-122.737122,48.203784],[-122.736685,48.203644],[-122.736341,48.20356],[-122.736853,48.203995],[-122.737372,48.204298],[-122.737872,48.204567],[-122.738044,48.204739],[-122.737376,48.204595],[-122.736686,48.204392],[-122.736045,48.204128],[-122.735751,48.203995],[-122.735163,48.203717],[-122.734668,48.20352],[-122.734285,48.203378],[-122.733915,48.203176],[-122.733476,48.203],[-122.732984,48.202838],[-122.732111,48.202309],[-122.731289,48.201927],[-122.730984,48.201704],[-122.730286,48.201307],[-122.729942,48.201106],[-122.72937,48.200783],[-122.729007,48.200676],[-122.728683,48.200616],[-122.727924,48.200438],[-122.727394,48.20023],[-122.726247,48.199852],[-122.72515,48.199424],[-122.724468,48.199079],[-122.723742,48.198627],[-122.723145,48.198231],[-122.72255,48.19787],[-122.721804,48.197622],[-122.721162,48.197332],[-122.720493,48.197189],[-122.719901,48.197102],[-122.719235,48.196981],[-122.718916,48.196991],[-122.718233,48.196883],[-122.717925,48.196798],[-122.717592,48.196619],[-122.717366,48.196436],[-122.71698,48.196242],[-122.716534,48.195988],[-122.715979,48.195685],[-122.714419,48.194988],[-122.713781,48.194771],[-122.712932,48.194573],[-122.711898,48.194274],[-122.711444,48.194135],[-122.710546,48.193893],[-122.709838,48.193545],[-122.709604,48.193429],[-122.709566,48.193141],[-122.709446,48.192915],[-122.708775,48.192563],[-122.708159,48.192066],[-122.707033,48.191227],[-122.706028,48.190486]]}},{"type":"Feature","properties":{"segment_type":"trail","route_id":"main","region_id":"puget-sound","region_name":"Puget Sound","section_id":null,"section_name":null,"route_type":"cross-country"},"geometry":{"type":"LineString","coordinates":[[-122.706028,48.190486],[-122.705265,48.189864],[-122.704255,48.188961],[-122.704074,48.188799],[-122.703473,48.188163],[-122.702455,48.187086],[-122.702148,48.18676],[-122.700623,48.185236],[-122.700074,48.184686],[-122.699779,48.184559],[-122.699094,48.184296],[-122.698786,48.184089],[-122.698491,48.183944],[-122.697604,48.183797],[-122.69622,48.183461],[-122.695429,48.183117],[-122.694316,48.182493],[-122.694004,48.182299],[-122.693056,48.181707],[-122.692533,48.181355],[-122.692172,48.180967],[-122.691557,48.180371],[-122.691155,48.180001],[-122.690769,48.179443],[-122.69018,48.178847],[-122.689631,48.178459],[-122.688748,48.177719],[-122.68832,48.177322],[-122.687679,48.17642],[-122.686773,48.175059],[-122.685922,48.1735],[-122.684953,48.171293],[-122.684475,48.170347],[-122.684503,48.170059],[-122.683933,48.168681],[-122.683848,48.16842],[-122.683392,48.167024],[-122.683104,48.165746],[-122.682872,48.164081],[-122.68276,48.162972],[-122.682789,48.162335],[-122.682858,48.161948],[-122.682701,48.161354],[-122.681799,48.159273],[-122.681215,48.158048],[-122.680497,48.156651],[-122.679644,48.155578],[-122.679043,48.15492],[-122.678668,48.154676],[-122.67809,48.154494],[-122.677566,48.154493],[-122.677014,48.154626],[-122.675881,48.155136],[-122.674735,48.15569],[-122.674438,48.155914],[-122.674396,48.156399]]}},{"type":"Feature","properties":{"segment_type":"roadwalk","route_id":"main","region_id":"puget-sound","region_name":"Puget Sound","section_id":null,"section_name":null,"route_type":"roadwalk"},"geometry":{"type":"LineString","coordinates":[[-122.674396,48.156399],[-122.674154,48.15671],[-122.674112,48.156921],[-122.674145,48.157497],[-122.674251,48.157961],[-122.674391,48.158375],[-122.674637,48.158727]]}},{"type":"Feature","properties":{"segment_type":"roadwalk","route_id":"main","region_id":"olympic-peninsula","region_name":"Olympic Peninsula","section_id":null,"section_name":null,"route_type":"roadwalk"},"geometry":{"type":"LineString","coordinates":[[-122.674637,48.158727],[-122.674743,48.158979],[-122.674767,48.159271],[-122.674759,48.159465],[-122.674612,48.15977],[-122.674439,48.159963],[-122.674119,48.160273],[-122.67348,48.160109],[-122.671365,48.159375]]}},{"type":"Feature","properties":{"segment_type":"ferry","route_id":"roadwalk","name":"Puget Sound Ferry (Keystone/Fort Casey to Port Townsend)","region_id":"olympic-peninsula","region_name":"Olympic Peninsula","section_id":null,"section_name":null,"state":"WA"},"geometry":{"type":"LineString","coordinates":[[-122.671365,48.159375],[-122.672147,48.15876],[-122.672706,48.157556],[-122.6725,48.156035],[-122.672596,48.155783],[-122.672774,48.155379],[-122.673112,48.154966],[-122.673423,48.154724],[-122.673923,48.154419],[-122.674785,48.154053],[-122.676039,48.153625],[-122.677615,48.153107],[-122.680055,48.152133],[-122.684019,48.150327],[-122.71942,48.133072],[-122.736142,48.12487],[-122.738002,48.123714],[-122.739224,48.12274],[-122.739595,48.122233],[-122.740042,48.121577],[-122.740301,48.120921],[-122.740871,48.119672],[-122.741471,48.118044],[-122.741796,48.117415],[-122.742121,48.116975],[-122.7425,48.116427],[-122.74304,48.115817],[-122.743661,48.115287],[-122.744147,48.114901],[-122.751356,48.110463],[-122.75308,48.109675],[-122.755096,48.109392],[-122.757407,48.109325],[-122.758737,48.109328],[-122.759261,48.109374],[-122.759918,48.109519],[-122.762748,48.110524],[-122.762962,48.110668],[-122.763475,48.111449]]}},{"type":"Feature","properties":{"segment_type":"roadwalk","route_id":"main","region_id":"olympic-peninsula","region_name":"Olympic Peninsula","section_id":null,"section_name":null,"route_type":"roadwalk"},"geometry":{"type":"LineString","coordinates":[[-122.763475,48.111449],[-122.763836,48.111291],[-122.764507,48.111009],[-122.765335,48.110659],[-122.766261,48.110279],[-122.76681,48.110073],[-122.767072,48.109925],[-122.767481,48.109751],[-122.768178,48.109446],[-122.768563,48.109348],[-122.76889,48.109443],[-122.769046,48.109601],[-122.769267,48.109898],[-122.769848,48.109647],[-122.770225,48.109482],[-122.770668,48.109298],[-122.771576,48.108931],[-122.772634,48.108461],[-122.773789,48.107955],[-122.774223,48.107794],[-122.774673,48.10819],[-122.774971,48.108503]]}},{"type":"Feature","properties":{"segment_type":"trail","route_id":"main","region_id":"olympic-peninsula","region_name":"Olympic Peninsula","section_id":null,"section_name":null},"geometry":{"type":"LineString","coordinates":[[-122.774971,48.108503],[-122.776086,48.107995],[-122.779288,48.106596],[-122.779545,48.106454],[-122.780392,48.10587],[-122.780646,48.105689],[-122.781526,48.105082],[-122.782223,48.104568],[-122.783856,48.103502],[-122.787469,48.101028],[-122.787715,48.100859],[-122.790792,48.098891],[-122.793005,48.097504],[-122.793647,48.097213],[-122.79405,48.09698],[-122.795221,48.096469],[-122.795651,48.096317],[-122.796041,48.096219],[-122.796431,48.096184],[-122.79686,48.09616],[-122.797183,48.096201],[-122.797902,48.096381],[-122.798869,48.096713],[-122.799669,48.097012],[-122.800432,48.097284],[-122.800818,48.097397],[-122.80121,48.097408],[-122.801866,48.09739],[-122.802618,48.097328],[-122.802967,48.097329],[-122.803437,48.097392],[-122.806643,48.098406],[-122.807754,48.098726],[-122.80827,48.09887],[-122.80875,48.098949],[-122.809247,48.098968],[-122.809918,48.09896],[-122.810348,48.098898],[-122.811015,48.098778],[-122.811388,48.098673],[-122.811876,48.098513],[-122.812365,48.098352],[-122.813129,48.097928],[-122.813563,48.097661],[-122.813752,48.097374],[-122.814009,48.096933],[-122.814154,48.096555],[-122.814226,48.096367],[-122.814746,48.094264],[-122.815067,48.093073],[-122.815137,48.092874],[-122.815263,48.092512],[-122.815367,48.09225],[-122.815504,48.091906],[-122.815784,48.091559],[-122.816001,48.091334],[-122.81673,48.090891],[-122.817173,48.090739],[-122.817748,48.090545],[-122.818104,48.090488],[-122.818491,48.090435],[-122.819001,48.090427],[-122.819592,48.090501],[-122.820163,48.090607],[-122.821469,48.0909],[-122.824315,48.091731],[-122.825227,48.091894],[-122.826637,48.092005],[-122.82798,48.092007],[-122.830263,48.091857],[-122.832144,48.091752],[-122.8344,48.091638],[-122.835037,48.09159],[-122.83569,48.091541],[-122.836348,48.091353],[-122.837061,48.091048],[-122.83764,48.090626],[-122.838475,48.089925],[-122.839068,48.089198],[-122.839675,48.088335],[-122.840026,48.087624],[-122.840283,48.087031],[-122.840311,48.086572],[-122.840286,48.086095],[-122.840221,48.085429],[-122.839888,48.084682],[-122.839487,48.084088],[-122.83926,48.083547],[-122.839234,48.083206],[-122.839208,48.082864],[-122.839498,48.080345],[-122.839553,48.07985],[-122.839381,48.079238],[-122.839155,48.078509],[-122.838728,48.077644],[-122.838395,48.07669],[-122.838143,48.075925],[-122.83789,48.075007],[-122.837571,48.074008],[-122.837459,48.073593],[-122.837293,48.072973],[-122.836577,48.070261],[-122.835475,48.06609],[-122.835011,48.064332],[-122.834693,48.062982],[-122.834775,48.062541],[-122.834898,48.061929],[-122.835411,48.060976],[-122.835412,48.06059],[-122.835414,48.060185],[-122.835281,48.05969],[-122.834961,48.059077],[-122.834053,48.057753],[-122.829816,48.052304],[-122.829255,48.05161],[-122.828679,48.051114],[-122.828198,48.050655],[-122.827595,48.05033],[-122.826912,48.049987],[-122.826456,48.049752],[-122.826064,48.049512]]}},{"type":"Feature","properties":{"segment_type":"roadwalk","route_id":"main","region_id":"olympic-peninsula","region_name":"Olympic Peninsula","section_id":null,"section_name":null,"route_type":"roadwalk"},"geometry":{"type":"LineString","coordinates":[[-122.826064,48.049512],[-122.825747,48.049517],[-122.825207,48.049539],[-122.824537,48.049565],[-122.824152,48.049569],[-122.823441,48.049559],[-122.822835,48.049517],[-122.822197,48.049503],[-122.821592,48.049466],[-122.821117,48.04942],[-122.820299,48.049351],[-122.819825,48.04931],[-122.819538,48.049283],[-122.819604,48.048536],[-122.81962,48.048145],[-122.819636,48.047672],[-122.819669,48.046746],[-122.819685,48.046422],[-122.819734,48.045675],[-122.819759,48.044919],[-122.819766,48.044685],[-122.819775,48.04447],[-122.819791,48.043831],[-122.819832,48.043255],[-122.819856,48.042769],[-122.819889,48.042391],[-122.819921,48.04213],[-122.820003,48.041906],[-122.820102,48.041555],[-122.820224,48.041218],[-122.820322,48.040943],[-122.820477,48.040656],[-122.820665,48.040404],[-122.820837,48.040134],[-122.821033,48.039829],[-122.821205,48.039586],[-122.821434,48.039263],[-122.821622,48.03893],[-122.821851,48.038615],[-122.822137,48.038247],[-122.822521,48.037663],[-122.82284,48.037177],[-122.8232,48.036683],[-122.823633,48.036036],[-122.823952,48.035515],[-122.824254,48.035083],[-122.824524,48.034688],[-122.824859,48.034193],[-122.825129,48.033816],[-122.825276,48.033537],[-122.825415,48.033308],[-122.825578,48.032962],[-122.825734,48.032575],[-122.825832,48.032314],[-122.825971,48.031919],[-122.82611,48.031456],[-122.826224,48.031028],[-122.826338,48.030579],[-122.826526,48.02994],[-122.826746,48.029167],[-122.827,48.028236],[-122.827237,48.027431],[-122.827498,48.026487],[-122.827588,48.02619],[-122.827661,48.025956],[-122.827751,48.025758],[-122.827931,48.025425],[-122.828176,48.025012],[-122.828421,48.024652],[-122.828633,48.024266],[-122.828887,48.023857],[-122.829108,48.023439],[-122.829279,48.023025],[-122.829426,48.02263],[-122.829655,48.022081],[-122.829834,48.021663],[-122.829965,48.021281],[-122.830096,48.02093],[-122.830186,48.020615],[-122.830243,48.020264],[-122.830275,48.020008],[-122.830333,48.019671],[-122.830381,48.019315],[-122.830536,48.01878],[-122.830651,48.01825],[-122.830724,48.017845],[-122.830847,48.017296],[-122.830904,48.017008],[-122.830936,48.016828],[-122.831018,48.01637],[-122.831124,48.015704],[-122.831181,48.015227],[-122.831213,48.014948],[-122.831164,48.014737],[-122.830943,48.01448],[-122.830772,48.014255],[-122.830551,48.014003],[-122.830363,48.013777],[-122.83024,48.013561],[-122.830101,48.013264],[-122.829945,48.013025],[-122.829856,48.012814],[-122.829798,48.012571],[-122.829733,48.012256],[-122.8297,48.012013],[-122.8297,48.011779],[-122.829708,48.011545],[-122.829741,48.01132],[-122.829806,48.011095],[-122.829977,48.010673],[-122.8301,48.010412],[-122.830296,48.01016],[-122.830492,48.009963],[-122.830729,48.009729],[-122.831023,48.009451],[-122.831358,48.009118],[-122.831742,48.008718],[-122.832159,48.008323],[-122.832633,48.007842],[-122.83309,48.007366],[-122.833548,48.006935],[-122.833833,48.006603],[-122.833964,48.006405],[-122.834111,48.006171],[-122.834307,48.005838],[-122.834454,48.005623],[-122.834658,48.005425],[-122.834977,48.005174],[-122.835426,48.004823],[-122.835769,48.004576],[-122.836186,48.004186],[-122.836464,48.003907],[-122.83666,48.003637],[-122.836872,48.003377],[-122.837028,48.003026],[-122.837134,48.002765],[-122.837174,48.002513],[-122.837198,48.00223],[-122.837345,48.001902],[-122.837476,48.001731],[-122.837689,48.001551],[-122.838015,48.001282],[-122.838358,48.001031],[-122.838783,48.000761],[-122.839257,48.000429],[-122.839698,48.000169],[-122.840025,48.000025],[-122.840662,47.999891],[-122.841216,47.999815],[-122.842016,47.999479],[-122.842368,47.999309],[-122.842596,47.999129],[-122.843037,47.998761],[-122.843217,47.998581],[-122.843462,47.998424],[-122.843674,47.998276],[-122.843936,47.998015],[-122.844197,47.997804],[-122.844393,47.997647],[-122.844867,47.997261],[-122.845095,47.996964],[-122.845438,47.996659],[-122.846917,47.995689],[-122.847105,47.995518],[-122.847382,47.995366],[-122.847742,47.995258],[-122.848003,47.995097],[-122.848207,47.99489],[-122.848411,47.994719],[-122.848697,47.994477],[-122.849122,47.994145],[-122.850265,47.993318],[-122.850477,47.993125],[-122.850723,47.99295],[-122.850984,47.992824],[-122.851245,47.992744],[-122.851793,47.992547],[-122.852389,47.992372],[-122.852797,47.99226],[-122.853467,47.992081],[-122.854586,47.991803],[-122.855011,47.991687],[-122.855575,47.991544],[-122.85653,47.991185],[-122.857233,47.990889],[-122.85769,47.990642],[-122.858254,47.990332],[-122.858613,47.990108],[-122.859029,47.989938],[-122.859626,47.989803],[-122.859986,47.989795],[-122.860394,47.989831],[-122.860794,47.989904],[-122.861064,47.98999],[-122.861628,47.990152],[-122.862184,47.990301],[-122.862674,47.990392],[-122.863017,47.990464],[-122.863344,47.990492],[-122.863712,47.99051],[-122.864202,47.990475],[-122.864872,47.990458],[-122.865828,47.990432],[-122.866269,47.990419],[-122.866572,47.990397],[-122.866866,47.990397],[-122.867396,47.99038],[-122.867724,47.990362],[-122.868001,47.990362],[-122.868426,47.990354],[-122.868982,47.990453],[-122.869309,47.990598],[-122.869807,47.990805],[-122.870077,47.990895],[-122.871271,47.991356],[-122.871957,47.991482],[-122.872488,47.991591],[-122.872881,47.991677],[-122.873445,47.991749],[-122.873714,47.99179],[-122.87463,47.992007],[-122.875177,47.992152],[-122.875823,47.992215],[-122.876297,47.992189],[-122.876769,47.99219],[-122.877309,47.992154],[-122.87766,47.992087],[-122.877963,47.992002],[-122.878428,47.991858],[-122.87878,47.991764],[-122.879148,47.991666],[-122.879622,47.991468],[-122.879973,47.991257],[-122.880374,47.990961],[-122.88111,47.99026],[-122.881748,47.98964],[-122.882149,47.989262],[-122.882517,47.988885],[-122.88282,47.98862],[-122.883073,47.988476],[-122.883384,47.988346],[-122.883736,47.988238],[-122.884201,47.988099],[-122.884634,47.988014],[-122.885067,47.987925],[-122.885656,47.987885],[-122.886481,47.987832],[-122.886914,47.9878],[-122.887339,47.987981],[-122.887739,47.988143],[-122.888359,47.988418],[-122.889152,47.988815],[-122.889511,47.989018],[-122.889633,47.98918],[-122.889968,47.989162],[-122.890442,47.989387],[-122.890638,47.989514],[-122.89081,47.989658],[-122.890956,47.989856],[-122.891512,47.989568],[-122.891798,47.989371],[-122.89264,47.988796],[-122.892853,47.988625],[-122.893164,47.988211],[-122.893696,47.987501],[-122.894121,47.987011],[-122.894546,47.986503],[-122.894791,47.986238],[-122.895233,47.985757],[-122.895732,47.985258],[-122.89637,47.984679],[-122.896803,47.984274],[-122.897057,47.984004],[-122.897212,47.983762],[-122.897351,47.983546],[-122.897449,47.983348],[-122.897466,47.983087],[-122.89745,47.982844],[-122.897327,47.982583],[-122.897123,47.982367],[-122.896903,47.98216],[-122.896715,47.981971],[-122.896511,47.981615],[-122.896544,47.981359],[-122.896585,47.980864],[-122.896627,47.980383],[-122.896611,47.980158],[-122.896529,47.979775],[-122.896448,47.979217],[-122.896449,47.978731],[-122.896906,47.978444],[-122.8972,47.978215],[-122.897568,47.97822],[-122.898189,47.978247],[-122.898491,47.978211],[-122.898802,47.978162],[-122.899145,47.978131],[-122.899839,47.978172],[-122.900256,47.978186],[-122.900591,47.978213],[-122.901089,47.978227],[-122.901505,47.978169],[-122.902224,47.978071],[-122.90278,47.977981],[-122.903033,47.977919],[-122.903303,47.977838],[-122.903769,47.977658],[-122.904087,47.977542],[-122.904398,47.977425],[-122.904896,47.977299],[-122.905207,47.977219],[-122.905444,47.97703],[-122.905648,47.976891],[-122.905942,47.976796],[-122.906293,47.976671],[-122.906645,47.97641],[-122.906914,47.976329],[-122.907274,47.976375],[-122.907601,47.976186],[-122.907748,47.975934],[-122.907903,47.975727],[-122.908108,47.975597],[-122.90841,47.975503],[-122.909022,47.975413],[-122.909643,47.975333],[-122.910174,47.975306],[-122.910778,47.975316],[-122.911497,47.97537],[-122.911946,47.975398],[-122.912257,47.975362],[-122.912535,47.975299],[-122.91309,47.975111],[-122.913711,47.974895],[-122.914046,47.97467],[-122.914267,47.974464],[-122.914504,47.974266],[-122.915027,47.97401],[-122.91537,47.973772],[-122.915713,47.973511],[-122.91595,47.973268],[-122.916342,47.973089],[-122.916996,47.973022],[-122.917543,47.972964],[-122.918025,47.973],[-122.918572,47.973095],[-122.919176,47.973208],[-122.919552,47.973222],[-122.920197,47.973231],[-122.920916,47.973151],[-122.921464,47.973074],[-122.921937,47.97303],[-122.92233,47.973048],[-122.923318,47.973049],[-122.923653,47.973058],[-122.923963,47.973076],[-122.924281,47.973526],[-122.924388,47.973751],[-122.924788,47.973958],[-122.925196,47.974076],[-122.925604,47.974215],[-122.9258,47.974467],[-122.926062,47.974634],[-122.926462,47.974553],[-122.926862,47.974518],[-122.927246,47.97459],[-122.92763,47.974554],[-122.92794,47.974383],[-122.928259,47.974307],[-122.928651,47.974393],[-122.929051,47.97451],[-122.929361,47.974546],[-122.929623,47.974479],[-122.930203,47.974403],[-122.930521,47.974412],[-122.930971,47.974223],[-122.931232,47.974043],[-122.931502,47.973873],[-122.931706,47.973675],[-122.931927,47.973558],[-122.932245,47.973486],[-122.932801,47.973334],[-122.933209,47.973271],[-122.933822,47.973271],[-122.934164,47.973298],[-122.93463,47.973398],[-122.93512,47.973506],[-122.935382,47.973614],[-122.935749,47.973794],[-122.935945,47.973983],[-122.936166,47.974096],[-122.936517,47.974263],[-122.936844,47.974362],[-122.937235,47.974506],[-122.937546,47.97456],[-122.937856,47.974533],[-122.939474,47.974318],[-122.940723,47.974134],[-122.941581,47.974022],[-122.941998,47.973964],[-122.942267,47.974014],[-122.942578,47.974059],[-122.942872,47.974104],[-122.943272,47.97414],[-122.943566,47.974329],[-122.943656,47.9745],[-122.943738,47.974716],[-122.943852,47.974986],[-122.943983,47.975166],[-122.944162,47.975382],[-122.94435,47.975535],[-122.944603,47.975697],[-122.944815,47.975814],[-122.945183,47.975986],[-122.945902,47.975689],[-122.946719,47.975366],[-122.947781,47.974961],[-122.948475,47.974701],[-122.948761,47.974566],[-122.949104,47.974467],[-122.949463,47.97444],[-122.949863,47.974418],[-122.950207,47.974422],[-122.950484,47.974477],[-122.950795,47.974549],[-122.951073,47.974589],[-122.951366,47.974621],[-122.952355,47.974612],[-122.953106,47.974545],[-122.953694,47.974527],[-122.954078,47.974514],[-122.954487,47.974532],[-122.95483,47.974667],[-122.95514,47.974901],[-122.955304,47.975081],[-122.955508,47.97527],[-122.955892,47.975603],[-122.95617,47.975793],[-122.95657,47.975946],[-122.957068,47.976081],[-122.957452,47.976189],[-122.95773,47.976243],[-122.958228,47.976306],[-122.958767,47.976351],[-122.959217,47.976378],[-122.959494,47.976379],[-122.959821,47.976334],[-122.960074,47.976271],[-122.960458,47.976109],[-122.961013,47.975848],[-122.961316,47.975704],[-122.961871,47.975579],[-122.962141,47.97552],[-122.962459,47.975507],[-122.962917,47.975489],[-122.96335,47.975498],[-122.963889,47.97548],[-122.964224,47.975431],[-122.964624,47.975085],[-122.964811,47.974869],[-122.965122,47.974698],[-122.965473,47.974617],[-122.965906,47.9745],[-122.966167,47.974419],[-122.966518,47.974186],[-122.966722,47.973997],[-122.966967,47.973781],[-122.967228,47.973565],[-122.967441,47.973421],[-122.967751,47.97325],[-122.968135,47.973196],[-122.968421,47.973241],[-122.968789,47.973332],[-122.969295,47.973494],[-122.969793,47.973719],[-122.970054,47.9738],[-122.970227,47.974403],[-122.97026,47.974826],[-122.970333,47.975176],[-122.970472,47.975541],[-122.970571,47.975851],[-122.970693,47.976148],[-122.970816,47.976337],[-122.971175,47.976625],[-122.971486,47.976814],[-122.971739,47.976945],[-122.972001,47.977129],[-122.972148,47.977309],[-122.972303,47.977561],[-122.972213,47.977885],[-122.972058,47.978047],[-122.97183,47.978272],[-122.971675,47.978447],[-122.97165,47.978632],[-122.971765,47.978956],[-122.972288,47.979361],[-122.972852,47.979658],[-122.973334,47.979775],[-122.973775,47.979811],[-122.974289,47.97982],[-122.974706,47.979838],[-122.975025,47.979847],[-122.975687,47.980054],[-122.976161,47.980207],[-122.976365,47.980405],[-122.976529,47.980999],[-122.976676,47.981323],[-122.977011,47.98153],[-122.977362,47.981674],[-122.977836,47.981782],[-122.978498,47.98198],[-122.978964,47.982043],[-122.979356,47.982088],[-122.979936,47.982133],[-122.980826,47.982161],[-122.982664,47.982188],[-122.983106,47.98221],[-122.983947,47.982566],[-122.984348,47.982719],[-122.984626,47.982733],[-122.985157,47.982773],[-122.985704,47.982818],[-122.985982,47.982854],[-122.986456,47.982944],[-122.987461,47.983124],[-122.988588,47.983358],[-122.989642,47.983552],[-122.990645,47.983781],[-122.991342,47.983827],[-122.993326,47.983926],[-122.993915,47.983872],[-122.994398,47.983728],[-122.995751,47.983557],[-122.996957,47.983431],[-122.998137,47.983386],[-122.999021,47.983458],[-122.999825,47.983584],[-123.000777,47.983728],[-123.001296,47.983863],[-123.001566,47.983935],[-123.001835,47.984088],[-123.002162,47.98429],[-123.00248,47.984493],[-123.002847,47.984848],[-123.003182,47.985096],[-123.003664,47.985258],[-123.004137,47.985311],[-123.004644,47.985329],[-123.004914,47.985374],[-123.005224,47.985482],[-123.00542,47.985635],[-123.005469,47.985455],[-123.005282,47.985289],[-123.00484,47.98519],[-123.004424,47.985028],[-123.0044,47.984758],[-123.004653,47.98465],[-123.005282,47.984839],[-123.005633,47.984826],[-123.006385,47.984412],[-123.006998,47.98407],[-123.007407,47.983867],[-123.007652,47.983773],[-123.007955,47.983647],[-123.008543,47.983246],[-123.008797,47.983107],[-123.009017,47.983003],[-123.00936,47.982949],[-123.009654,47.98299],[-123.010316,47.982954],[-123.010602,47.982922],[-123.010929,47.982837],[-123.011321,47.982594],[-123.01155,47.982369],[-123.011837,47.981919],[-123.011935,47.981744],[-123.011919,47.98151],[-123.012409,47.981442],[-123.013054,47.981559],[-123.013332,47.981618],[-123.013789,47.981676],[-123.014329,47.981563],[-123.014566,47.981438],[-123.014933,47.981226],[-123.015211,47.981181],[-123.015783,47.981181],[-123.016281,47.981293],[-123.016861,47.981329],[-123.017531,47.981221],[-123.01803,47.98105],[-123.018348,47.980974],[-123.019042,47.981167],[-123.019786,47.981446],[-123.020431,47.981698],[-123.021378,47.98217],[-123.021844,47.982458],[-123.022235,47.982696],[-123.022742,47.982952],[-123.02302,47.983078],[-123.02324,47.983245],[-123.024661,47.984279],[-123.025722,47.98508],[-123.026465,47.985651],[-123.026678,47.985804],[-123.027045,47.985948],[-123.027437,47.986055],[-123.028132,47.986177],[-123.028491,47.986199],[-123.028997,47.986195],[-123.029447,47.986244],[-123.02997,47.986325],[-123.030787,47.986446],[-123.031416,47.986567],[-123.031685,47.986689],[-123.032338,47.987147],[-123.032681,47.987444],[-123.032886,47.987638],[-123.033139,47.987853],[-123.033449,47.987894],[-123.033743,47.987862],[-123.034013,47.987867],[-123.03443,47.987894],[-123.034715,47.987907],[-123.03514,47.987862],[-123.035876,47.98788],[-123.036219,47.987929],[-123.036505,47.987938],[-123.036774,47.987861],[-123.037404,47.987573],[-123.038,47.987524],[-123.038449,47.987573],[-123.038817,47.987555],[-123.039283,47.987442],[-123.039544,47.987397],[-123.03983,47.987438],[-123.040124,47.987563],[-123.040451,47.987644],[-123.040999,47.987581],[-123.04135,47.987464],[-123.041881,47.987414],[-123.042396,47.987414],[-123.043008,47.98754],[-123.043311,47.987639],[-123.043703,47.987805],[-123.04403,47.987872],[-123.044577,47.987877],[-123.044928,47.987827],[-123.045182,47.98776],[-123.045582,47.987755],[-123.046121,47.987836],[-123.046538,47.987898],[-123.046897,47.987993],[-123.047453,47.988114],[-123.048114,47.988235],[-123.048482,47.988312],[-123.049013,47.98837],[-123.04943,47.988388],[-123.05001,47.98841],[-123.050484,47.988423],[-123.052371,47.98844],[-123.053572,47.988462],[-123.054422,47.988484],[-123.055231,47.988502],[-123.055615,47.988551],[-123.055778,47.988817],[-123.055851,47.989051],[-123.056097,47.989374],[-123.056366,47.989523],[-123.056734,47.98959],[-123.057804,47.989733],[-123.058221,47.989769],[-123.058866,47.989836],[-123.059635,47.98994],[-123.060149,47.990052],[-123.06046,47.990155],[-123.061031,47.990303],[-123.061399,47.990406],[-123.0618,47.990492],[-123.062184,47.990541],[-123.062698,47.990563],[-123.063213,47.990608],[-123.063524,47.990626],[-123.064063,47.990648],[-123.064913,47.990733],[-123.065664,47.990818],[-123.066326,47.990939],[-123.066645,47.99102],[-123.06689,47.991132],[-123.067544,47.991384],[-123.067911,47.991496],[-123.068189,47.991608],[-123.068426,47.991766],[-123.068647,47.992031],[-123.068696,47.992242],[-123.068712,47.992697],[-123.068802,47.99289],[-123.068957,47.993047],[-123.069227,47.993286],[-123.06948,47.993394],[-123.071474,47.993397],[-123.07221,47.993203],[-123.072528,47.993126],[-123.072994,47.992978],[-123.073427,47.992829],[-123.073754,47.992707],[-123.074424,47.992675],[-123.0752,47.992661],[-123.075723,47.992683],[-123.076082,47.99271],[-123.076687,47.992786],[-123.077145,47.992867],[-123.077561,47.992952],[-123.077995,47.993064],[-123.078321,47.993064],[-123.078665,47.9931],[-123.078975,47.993091],[-123.079473,47.993036],[-123.079915,47.992987],[-123.080854,47.992972],[-123.081279,47.992954],[-123.081761,47.992922],[-123.082064,47.992787],[-123.082464,47.992571],[-123.083068,47.992512],[-123.083411,47.992507],[-123.085454,47.992501],[-123.086835,47.9925],[-123.088306,47.992508],[-123.08887,47.992508],[-123.089965,47.992498],[-123.090782,47.992484],[-123.090986,47.99234],[-123.090986,47.991633],[-123.091001,47.990644],[-123.091001,47.989793],[-123.091,47.989092],[-123.091,47.988885],[-123.091016,47.987459],[-123.091015,47.986078],[-123.091031,47.985587],[-123.091194,47.985308],[-123.091513,47.985137],[-123.092951,47.985082],[-123.093228,47.985037],[-123.093547,47.98491],[-123.094405,47.984581],[-123.095066,47.984279],[-123.095426,47.98405],[-123.095858,47.983824],[-123.096062,47.983676],[-123.096209,47.983523],[-123.096364,47.983284],[-123.096536,47.983064],[-123.096805,47.982915],[-123.097124,47.98282],[-123.09763,47.982694],[-123.098439,47.982351],[-123.099059,47.982108],[-123.099427,47.981982],[-123.099795,47.981738],[-123.10004,47.981531],[-123.100186,47.981378],[-123.100309,47.981162],[-123.100512,47.980321],[-123.100602,47.979893],[-123.100692,47.979628],[-123.100977,47.97907],[-123.101197,47.978602],[-123.101262,47.978354],[-123.101319,47.977999],[-123.101327,47.977666],[-123.101409,47.977279],[-123.101531,47.976793],[-123.101563,47.976509],[-123.101571,47.976293],[-123.101571,47.976001],[-123.101448,47.975515],[-123.101244,47.97512],[-123.10117,47.974886],[-123.101006,47.974414],[-123.100859,47.97409],[-123.100736,47.973671],[-123.100654,47.973352],[-123.10058,47.972992],[-123.100605,47.972623],[-123.100629,47.972192],[-123.100726,47.971701],[-123.10071,47.971242],[-123.100636,47.970936],[-123.100521,47.970721],[-123.100456,47.970527],[-123.100448,47.970338],[-123.100447,47.970113],[-123.100676,47.969798],[-123.100986,47.969407],[-123.101108,47.96924],[-123.1011,47.969033],[-123.100847,47.968691],[-123.100446,47.968534],[-123.099997,47.968368],[-123.099858,47.968184],[-123.099825,47.967586],[-123.099653,47.967401],[-123.099171,47.967168],[-123.098836,47.967024],[-123.098648,47.966894],[-123.098362,47.966566],[-123.098256,47.966381],[-123.098272,47.966017],[-123.098321,47.965751],[-123.09855,47.965625],[-123.098827,47.965625],[-123.099138,47.96571],[-123.099775,47.965917],[-123.100052,47.965934],[-123.100428,47.965934],[-123.100714,47.965911],[-123.100918,47.96579],[-123.101163,47.965502],[-123.101751,47.965438],[-123.102886,47.965703],[-123.103646,47.965828],[-123.103915,47.965823],[-123.104201,47.965719],[-123.104274,47.965521],[-123.104102,47.965036],[-123.103898,47.964752],[-123.103734,47.964505],[-123.103514,47.964208],[-123.103105,47.963876],[-123.102876,47.963764],[-123.102288,47.963553],[-123.102002,47.963476],[-123.10161,47.963216],[-123.10152,47.962892],[-123.101406,47.962586],[-123.101275,47.962343],[-123.101103,47.962141],[-123.101168,47.961858],[-123.101364,47.961552],[-123.1016,47.960985],[-123.101772,47.96058],[-123.101788,47.960359],[-123.101502,47.960202],[-123.100987,47.960216],[-123.100693,47.960252],[-123.100334,47.960257],[-123.100163,47.960118],[-123.100137,47.959717],[-123.099966,47.95951],[-123.099892,47.959281],[-123.10017,47.95915],[-123.100864,47.959348],[-123.101133,47.959374],[-123.101721,47.959324],[-123.102448,47.959175],[-123.102693,47.959045],[-123.102832,47.958856],[-123.102937,47.958667],[-123.10297,47.958433],[-123.10297,47.95783],[-123.102978,47.957564],[-123.103018,47.957339],[-123.103092,47.957155],[-123.103344,47.956849],[-123.103663,47.956498],[-123.103875,47.95634],[-123.104348,47.956047],[-123.104479,47.955791],[-123.104356,47.955588],[-123.104005,47.955323],[-123.103792,47.955134],[-123.103653,47.954941],[-123.103612,47.954338],[-123.103661,47.954122],[-123.103816,47.953839],[-123.104028,47.953546],[-123.10415,47.953375],[-123.104272,47.95311],[-123.104264,47.952862],[-123.10419,47.952673],[-123.103855,47.952458],[-123.103185,47.952013],[-123.102948,47.951824],[-123.10272,47.9515],[-123.10263,47.951019],[-123.102539,47.950524],[-123.102474,47.95007],[-123.102326,47.949665],[-123.102228,47.949225],[-123.102163,47.948973],[-123.101991,47.948694],[-123.101762,47.948564],[-123.101362,47.948425],[-123.101076,47.948371],[-123.100529,47.948056],[-123.099933,47.947729],[-123.09919,47.947369],[-123.09879,47.947158],[-123.098496,47.94696],[-123.098291,47.946686],[-123.098275,47.946331],[-123.098315,47.946052],[-123.098168,47.945823],[-123.097907,47.945625],[-123.097613,47.945414],[-123.097425,47.94518],[-123.097466,47.944955],[-123.097743,47.944635],[-123.097792,47.944428],[-123.097579,47.944114],[-123.097252,47.943934],[-123.096812,47.943889],[-123.096452,47.943764],[-123.095196,47.942659]]}},{"type":"Feature","properties":{"segment_type":"trail","route_id":"main","region_id":"olympic-peninsula","region_name":"Olympic Peninsula","section_id":null,"section_name":null},"geometry":{"type":"LineString","coordinates":[[-123.095196,47.942659],[-123.09492,47.942703],[-123.094494,47.942662],[-123.093998,47.942433],[-123.09375,47.942342],[-123.093332,47.942216],[-123.093052,47.942172],[-123.092757,47.942134],[-123.092464,47.941986],[-123.09229,47.941721],[-123.092118,47.941431],[-123.091863,47.941206],[-123.091657,47.941078],[-123.091387,47.941039],[-123.091074,47.940996],[-123.090755,47.940967],[-123.090249,47.940974],[-123.089825,47.940983],[-123.089347,47.940879],[-123.08907,47.940819],[-123.088931,47.940611],[-123.088982,47.940385],[-123.088773,47.940172],[-123.088418,47.939998],[-123.088052,47.939824],[-123.087869,47.939573],[-123.087759,47.9394],[-123.087612,47.939104],[-123.087498,47.93884],[-123.08734,47.93847],[-123.087204,47.938075],[-123.087158,47.937862],[-123.087099,47.937633],[-123.087046,47.937447],[-123.086968,47.937161],[-123.087019,47.936817],[-123.087002,47.936633],[-123.087029,47.936317],[-123.087141,47.936071],[-123.087254,47.935762],[-123.08727,47.935559],[-123.087218,47.935219],[-123.087099,47.935008],[-123.086992,47.934815],[-123.086848,47.934599],[-123.086509,47.93429],[-123.086249,47.934147],[-123.086214,47.933904],[-123.086344,47.933701],[-123.086457,47.933397],[-123.086523,47.933141],[-123.086422,47.932775],[-123.086368,47.932472],[-123.086266,47.932194],[-123.086219,47.931964],[-123.086301,47.931787],[-123.086395,47.931495],[-123.086368,47.931248],[-123.086301,47.931036],[-123.08622,47.93078],[-123.086143,47.930576],[-123.086048,47.930363],[-123.085856,47.930076],[-123.085734,47.929912],[-123.085632,47.929733],[-123.085438,47.929407],[-123.085257,47.929178],[-123.085086,47.928986],[-123.084902,47.928801],[-123.084841,47.928613],[-123.084839,47.92838],[-123.084824,47.927941],[-123.084736,47.927723],[-123.084622,47.927429],[-123.084503,47.927138],[-123.084328,47.926865],[-123.084024,47.926531],[-123.083713,47.926331],[-123.083546,47.926161],[-123.083244,47.92597],[-123.082965,47.925819],[-123.082747,47.925697],[-123.08248,47.92548],[-123.082289,47.925298],[-123.081975,47.924925],[-123.081733,47.92462],[-123.081584,47.924374],[-123.081523,47.924191],[-123.081707,47.924009],[-123.081977,47.924135],[-123.082175,47.924282],[-123.082438,47.924409],[-123.082446,47.924217],[-123.08228,47.924075],[-123.082012,47.923806],[-123.081844,47.923614],[-123.082281,47.923713],[-123.082765,47.923848],[-123.083094,47.92393],[-123.083416,47.924008],[-123.083711,47.924044],[-123.084,47.924118],[-123.084294,47.9242],[-123.084894,47.9243],[-123.085164,47.924311],[-123.085614,47.92436],[-123.08589,47.924404],[-123.0863,47.924465],[-123.086594,47.924568],[-123.087159,47.924689],[-123.087661,47.92489],[-123.088079,47.925019],[-123.08846,47.925056],[-123.088825,47.924911],[-123.088983,47.924694],[-123.089042,47.924446],[-123.089139,47.924156],[-123.089233,47.923793],[-123.089278,47.9236],[-123.08938,47.9234],[-123.089449,47.92321],[-123.089442,47.922957],[-123.089561,47.922697],[-123.089668,47.922528],[-123.089683,47.922316],[-123.089617,47.922104],[-123.089746,47.92189],[-123.089891,47.921659],[-123.090034,47.921278],[-123.090085,47.921058],[-123.090101,47.920871],[-123.090134,47.920676],[-123.090134,47.920489],[-123.090111,47.920237],[-123.090025,47.92005],[-123.08985,47.91988],[-123.089685,47.919733],[-123.089598,47.919529],[-123.089529,47.919346],[-123.089423,47.919151],[-123.089338,47.918974],[-123.08919,47.918678],[-123.089164,47.918449],[-123.089102,47.918244],[-123.089121,47.917953],[-123.08926,47.91758],[-123.089372,47.917416],[-123.089469,47.917225],[-123.089614,47.917],[-123.089882,47.916882],[-123.090343,47.916963],[-123.090899,47.916985],[-123.091237,47.916973],[-123.091568,47.916895],[-123.091932,47.916721],[-123.092036,47.916404],[-123.09208,47.9162],[-123.092151,47.915962],[-123.092177,47.91571],[-123.092191,47.915476],[-123.092236,47.915272],[-123.092166,47.914989],[-123.091967,47.914633],[-123.091855,47.914304],[-123.091836,47.914065],[-123.091897,47.913878],[-123.09215,47.913601],[-123.092478,47.913441],[-123.092653,47.913254],[-123.092679,47.912998],[-123.09268,47.912754],[-123.092671,47.912538],[-123.092619,47.912289],[-123.092601,47.912065],[-123.092522,47.911742],[-123.092384,47.911482],[-123.092149,47.911234],[-123.091811,47.911049],[-123.091613,47.910918],[-123.09143,47.910749],[-123.091271,47.910462],[-123.091236,47.910232],[-123.091334,47.910046],[-123.091602,47.909915],[-123.091792,47.909785],[-123.091835,47.909559],[-123.092097,47.909379],[-123.092261,47.909134],[-123.092417,47.908975],[-123.092855,47.908988],[-123.093167,47.909226],[-123.09347,47.909365],[-123.093869,47.909516],[-123.09418,47.909529],[-123.094459,47.909491],[-123.094763,47.909438],[-123.095119,47.90936],[-123.095351,47.909259],[-123.095623,47.909147],[-123.095839,47.909039],[-123.096193,47.909026],[-123.096533,47.909255],[-123.096803,47.909456],[-123.097142,47.90955],[-123.097478,47.909585],[-123.097766,47.909629],[-123.097993,47.909512],[-123.098261,47.909498],[-123.098432,47.9093],[-123.098617,47.909135],[-123.098773,47.908879],[-123.098686,47.908675],[-123.098771,47.908462],[-123.098972,47.908296],[-123.099156,47.908136],[-123.099179,47.907823],[-123.099058,47.907568],[-123.098938,47.907351],[-123.098757,47.90713],[-123.0986,47.9069],[-123.098573,47.906656],[-123.098653,47.906427],[-123.098702,47.906157],[-123.09865,47.905884],[-123.0986,47.905693],[-123.098686,47.90531],[-123.098817,47.905041],[-123.098919,47.904864],[-123.099049,47.904655],[-123.099216,47.904474],[-123.099448,47.90436],[-123.09971,47.9043],[-123.099866,47.904143],[-123.100004,47.903852],[-123.100116,47.903609],[-123.100128,47.903323],[-123.100042,47.903114],[-123.099892,47.902955],[-123.099649,47.90282],[-123.099398,47.902572],[-123.099292,47.902391],[-123.099197,47.902173],[-123.099033,47.901787],[-123.098878,47.901513],[-123.098649,47.901304],[-123.098348,47.901236],[-123.097957,47.901241],[-123.097686,47.901205],[-123.097342,47.900984],[-123.097087,47.900844],[-123.096804,47.900709],[-123.096585,47.900445],[-123.096508,47.900189],[-123.096549,47.899924],[-123.096742,47.89957],[-123.096846,47.899238],[-123.096863,47.898983],[-123.096862,47.898769],[-123.096854,47.89858],[-123.096801,47.898318],[-123.096678,47.89812],[-123.096558,47.897889],[-123.096436,47.897724],[-123.096281,47.897511],[-123.096046,47.897277],[-123.095865,47.896957],[-123.095632,47.896665],[-123.09544,47.896483],[-123.095194,47.896257],[-123.094988,47.896113],[-123.094781,47.895952],[-123.094572,47.895836],[-123.094188,47.895646],[-123.09385,47.895546],[-123.093737,47.895293],[-123.093779,47.895051],[-123.093806,47.894746],[-123.093989,47.894443],[-123.09411,47.894134],[-123.094318,47.893869],[-123.094517,47.893739],[-123.095007,47.893652],[-123.095273,47.893601],[-123.095793,47.893544],[-123.096273,47.893518],[-123.0966,47.893448],[-123.096801,47.893197],[-123.096933,47.892931],[-123.096993,47.892727],[-123.097142,47.892494],[-123.097203,47.892306],[-123.097139,47.892063],[-123.096854,47.891795],[-123.096603,47.891635],[-123.096377,47.891513],[-123.096089,47.891366],[-123.095837,47.891201],[-123.09563,47.891035],[-123.095411,47.89088],[-123.095179,47.890692],[-123.094919,47.890432],[-123.094699,47.890249],[-123.094483,47.890081],[-123.094231,47.889902],[-123.094049,47.889755],[-123.093885,47.889533],[-123.093886,47.889273],[-123.093796,47.889091],[-123.093635,47.888853],[-123.093495,47.888644],[-123.093207,47.888406],[-123.092875,47.888187],[-123.092574,47.888015],[-123.092341,47.88788],[-123.092124,47.887689],[-123.092069,47.887463],[-123.09227,47.8873],[-123.092393,47.887133],[-123.092384,47.886916],[-123.092113,47.886691],[-123.091877,47.886526],[-123.091687,47.886362],[-123.091462,47.886071],[-123.091349,47.885892],[-123.091178,47.885637],[-123.091063,47.885428],[-123.09097,47.885255],[-123.090862,47.885029],[-123.090689,47.884882],[-123.090786,47.884691],[-123.091089,47.884608],[-123.091792,47.884838],[-123.092409,47.885155],[-123.093285,47.885796],[-123.093789,47.886132],[-123.094155,47.886388],[-123.09445,47.886618],[-123.094701,47.886843],[-123.095115,47.887095],[-123.095463,47.887207],[-123.095786,47.887315],[-123.096079,47.887403],[-123.09648,47.887441],[-123.096905,47.887359],[-123.097227,47.887089],[-123.097305,47.886912],[-123.097402,47.886705],[-123.097653,47.88656],[-123.098157,47.886621],[-123.098623,47.886565],[-123.098808,47.8864],[-123.098745,47.886097],[-123.098573,47.885867],[-123.098397,47.885593],[-123.098217,47.885372],[-123.098111,47.885201],[-123.097989,47.884924],[-123.097747,47.884518],[-123.097627,47.884303],[-123.097399,47.883926],[-123.097199,47.883557],[-123.097104,47.883348],[-123.096955,47.883115],[-123.096689,47.882802],[-123.096577,47.882467],[-123.0964,47.882073],[-123.096256,47.88176],[-123.096236,47.881492],[-123.096114,47.881217],[-123.096036,47.881013],[-123.095969,47.880784],[-123.095905,47.880454],[-123.095863,47.880128],[-123.095819,47.879885],[-123.095786,47.879677],[-123.09576,47.879455],[-123.095588,47.879242],[-123.095396,47.879057],[-123.095143,47.878787],[-123.094884,47.878532],[-123.094658,47.878306],[-123.094466,47.878107],[-123.09429,47.877919],[-123.094031,47.877573],[-123.093919,47.87735],[-123.093773,47.877081],[-123.093669,47.876847],[-123.093562,47.876652],[-123.093372,47.876409],[-123.093259,47.87614],[-123.093214,47.875962],[-123.093205,47.875762],[-123.093224,47.875545],[-123.093285,47.875259],[-123.093268,47.875045],[-123.093254,47.874818],[-123.093271,47.87456],[-123.093318,47.87432],[-123.093424,47.873948],[-123.093466,47.873618],[-123.093478,47.873415],[-123.093702,47.873218],[-123.093823,47.87301],[-123.093961,47.872629],[-123.094129,47.872077],[-123.094259,47.871691],[-123.094343,47.871187],[-123.094381,47.870939],[-123.094578,47.870779],[-123.09495,47.870355],[-123.095014,47.869937],[-123.094994,47.869386],[-123.094935,47.868874],[-123.0949,47.868458],[-123.094814,47.868262],[-123.094734,47.868014],[-123.094682,47.867837],[-123.094543,47.867568],[-123.094492,47.867325],[-123.094526,47.866973],[-123.094517,47.866654],[-123.0945,47.86603],[-123.094336,47.865537],[-123.094188,47.865211],[-123.094118,47.865029],[-123.094372,47.864761],[-123.094481,47.864561],[-123.094589,47.864312],[-123.094623,47.86407],[-123.094654,47.863861],[-123.094577,47.863566],[-123.094507,47.863389],[-123.094874,47.863097],[-123.095115,47.862746],[-123.095264,47.862411],[-123.095335,47.8619],[-123.095367,47.861326],[-123.095379,47.860945],[-123.095367,47.860394],[-123.095237,47.859464],[-123.094926,47.85851],[-123.094603,47.85765],[-123.094458,47.857044],[-123.094424,47.856622],[-123.094474,47.856188],[-123.094596,47.856001],[-123.0949,47.855762],[-123.095063,47.855397],[-123.095196,47.854986],[-123.095448,47.854591],[-123.095826,47.854208],[-123.096001,47.85375],[-123.096365,47.853301],[-123.096721,47.852967],[-123.097166,47.852898],[-123.097797,47.852872],[-123.098162,47.852645],[-123.098475,47.852351],[-123.099064,47.851569],[-123.09938,47.851148],[-123.099743,47.850793],[-123.10002,47.850615],[-123.100264,47.850483],[-123.100576,47.850368],[-123.100913,47.850238],[-123.101168,47.850106],[-123.101408,47.849921],[-123.101617,47.849755],[-123.101789,47.849507],[-123.101983,47.849355],[-123.102277,47.849295],[-123.102451,47.849447],[-123.102555,47.849764],[-123.102634,47.850182],[-123.102686,47.850532],[-123.103015,47.850319],[-123.103275,47.849925],[-123.103529,47.849585],[-123.103812,47.84927],[-123.104041,47.848996],[-123.10405,47.849391],[-123.103868,47.849886],[-123.103735,47.85039],[-123.103674,47.850767],[-123.103588,47.851219],[-123.103477,47.852046],[-123.10338,47.852503],[-123.103259,47.852923],[-123.103076,47.853384],[-123.102921,47.853744],[-123.102911,47.853999],[-123.102902,47.854348],[-123.102921,47.854885],[-123.10304,47.855368],[-123.103224,47.855828],[-123.103327,47.85613],[-123.10347,47.856413],[-123.103477,47.855837],[-123.103476,47.855368],[-123.103493,47.854912],[-123.103639,47.854429],[-123.103824,47.853987],[-123.104168,47.853579],[-123.104422,47.853223],[-123.104701,47.852806],[-123.105029,47.852399],[-123.105419,47.851895],[-123.106046,47.85114],[-123.106826,47.850353],[-123.107181,47.84999],[-123.107554,47.84967],[-123.107929,47.849407],[-123.108209,47.848987],[-123.108608,47.848617],[-123.109015,47.848231],[-123.109361,47.847851],[-123.111036,47.846117],[-123.111738,47.845407],[-123.112765,47.844382],[-123.113771,47.843361],[-123.114594,47.842541],[-123.11475,47.84239],[-123.114935,47.84223],[-123.11495,47.841931],[-123.11529,47.841685],[-123.116019,47.841048],[-123.116801,47.840385],[-123.117157,47.840145],[-123.117539,47.839841],[-123.11766,47.839633],[-123.117427,47.839429],[-123.117661,47.839282],[-123.118101,47.839281],[-123.118651,47.839383],[-123.11891,47.839446],[-123.118657,47.83978],[-123.118293,47.840125],[-123.118033,47.840336],[-123.117875,47.840537],[-123.118431,47.840289],[-123.11931,47.839808],[-123.120127,47.839312],[-123.120532,47.839079],[-123.12081,47.838818],[-123.121105,47.838505],[-123.121286,47.838346],[-123.121279,47.838645],[-123.121107,47.839005],[-123.120803,47.839216],[-123.12056,47.839435],[-123.120219,47.839733],[-123.120038,47.839887],[-123.120375,47.839773],[-123.120968,47.839534],[-123.121332,47.839405],[-123.122017,47.83923],[-123.122545,47.839182],[-123.123477,47.838987],[-123.123908,47.838874],[-123.124198,47.838784],[-123.123934,47.839096],[-123.123658,47.839299],[-123.124116,47.839347],[-123.124577,47.839157],[-123.125013,47.838896],[-123.125384,47.838535],[-123.125567,47.838328],[-123.12583,47.838392],[-123.126298,47.838284],[-123.126576,47.838045],[-123.126462,47.837858],[-123.126625,47.837676],[-123.12686,47.837551],[-123.127206,47.837368],[-123.127391,47.837203],[-123.127513,47.837017],[-123.127676,47.836747],[-123.127713,47.836491],[-123.127762,47.836214],[-123.127791,47.835749],[-123.127886,47.835523],[-123.127981,47.835167],[-123.128092,47.834915],[-123.128217,47.834707],[-123.128353,47.834551],[-123.128598,47.834304],[-123.129012,47.83409],[-123.129455,47.833884],[-123.129924,47.833702],[-123.130376,47.833509],[-123.130769,47.833276],[-123.131104,47.833028],[-123.1314,47.832803],[-123.131652,47.832611],[-123.131741,47.83225],[-123.131712,47.832048],[-123.131601,47.831825],[-123.131453,47.831617],[-123.131298,47.831439],[-123.131122,47.831127],[-123.130958,47.830853],[-123.130783,47.830572],[-123.130621,47.830314],[-123.130576,47.830033],[-123.130551,47.829646],[-123.130557,47.829243],[-123.130654,47.829038],[-123.130794,47.828805],[-123.13087,47.828592],[-123.130965,47.828341],[-123.13114,47.828055],[-123.131376,47.827784],[-123.13154,47.827542],[-123.131697,47.827295],[-123.131729,47.827108],[-123.131833,47.826878],[-123.13188,47.826652],[-123.13195,47.826297],[-123.132034,47.826092],[-123.132164,47.825802],[-123.132253,47.825611],[-123.132314,47.825415],[-123.132349,47.825093],[-123.132348,47.824904],[-123.132406,47.824656],[-123.13245,47.824452],[-123.13258,47.824065],[-123.132745,47.823922],[-123.132927,47.823718],[-123.133154,47.823418],[-123.133442,47.823132],[-123.1337,47.822866],[-123.133995,47.822638],[-123.134255,47.822446],[-123.134464,47.822302],[-123.134881,47.822055],[-123.135239,47.821955],[-123.135159,47.821704],[-123.135057,47.821525],[-123.134905,47.821235],[-123.134767,47.821057],[-123.13456,47.820792],[-123.134437,47.820589],[-123.134255,47.820337],[-123.13402,47.820098],[-123.133725,47.819786],[-123.133448,47.819495],[-123.133293,47.819221],[-123.133334,47.818867],[-123.133362,47.818562],[-123.133388,47.81824],[-123.133693,47.818053],[-123.133962,47.817954],[-123.134301,47.817884],[-123.134472,47.817615],[-123.134484,47.817428],[-123.134535,47.817216],[-123.13477,47.816899],[-123.135001,47.816696],[-123.135239,47.816461],[-123.135496,47.816187],[-123.135725,47.815928],[-123.136055,47.815658],[-123.136323,47.815463],[-123.136583,47.815271],[-123.13687,47.815134],[-123.137243,47.814921],[-123.137521,47.814756],[-123.138103,47.814473],[-123.13838,47.81439],[-123.138804,47.814209],[-123.138925,47.813905],[-123.138899,47.8137],[-123.13889,47.813497],[-123.138858,47.813141],[-123.138822,47.812881],[-123.138839,47.812628],[-123.138873,47.812373],[-123.138988,47.812129],[-123.139143,47.811956],[-123.13951,47.8116],[-123.139796,47.811435],[-123.140063,47.811295],[-123.140317,47.811162],[-123.140586,47.811079],[-123.14087,47.810958],[-123.141402,47.810832],[-123.141669,47.810706],[-123.142043,47.810507],[-123.142253,47.810385],[-123.142286,47.810115],[-123.142267,47.809869],[-123.142217,47.809656],[-123.142156,47.809399],[-123.142112,47.809222],[-123.142035,47.809048],[-123.142457,47.809308],[-123.142719,47.809429],[-123.142894,47.809595],[-123.1431,47.809748],[-123.143265,47.80989],[-123.143607,47.810168],[-123.14377,47.810354],[-123.14397,47.810545],[-123.144248,47.810566],[-123.144177,47.810258],[-123.144023,47.809811],[-123.143925,47.809621],[-123.143838,47.809403],[-123.143789,47.809117],[-123.143691,47.808943],[-123.144119,47.809135],[-123.144474,47.80933],[-123.14483,47.809564],[-123.145141,47.80978],[-123.145401,47.809937],[-123.145618,47.810155],[-123.145793,47.810332],[-123.145991,47.810572],[-123.146132,47.810731],[-123.146287,47.810901],[-123.146557,47.810928],[-123.1466,47.810714],[-123.146625,47.810532],[-123.146618,47.810307],[-123.146584,47.81008],[-123.14652,47.809851],[-123.146427,47.80959],[-123.146269,47.809316],[-123.146175,47.809131],[-123.145966,47.808922],[-123.145731,47.808658],[-123.145541,47.808527],[-123.145185,47.808205],[-123.144873,47.807858],[-123.144622,47.807534],[-123.144492,47.807281],[-123.144283,47.807055],[-123.144144,47.806869],[-123.143902,47.806629],[-123.143768,47.80647],[-123.143596,47.806249],[-123.143476,47.806032],[-123.143527,47.80571],[-123.143717,47.805498],[-123.144022,47.805406],[-123.144456,47.805285],[-123.144923,47.805355],[-123.145192,47.80544],[-123.145697,47.805433],[-123.146046,47.805423],[-123.146496,47.805099],[-123.146721,47.804864],[-123.146965,47.804672],[-123.147235,47.804513],[-123.147469,47.804382],[-123.147719,47.804234],[-123.147996,47.804048],[-123.148276,47.803935],[-123.148588,47.803808],[-123.14884,47.803718],[-123.149083,47.803593],[-123.14957,47.80338],[-123.149854,47.803267],[-123.150056,47.803137],[-123.150306,47.802907],[-123.150629,47.802568],[-123.150696,47.802348],[-123.150713,47.802087],[-123.150656,47.801899],[-123.150315,47.801552],[-123.14996,47.801356],[-123.149541,47.801101],[-123.149239,47.800902],[-123.149021,47.800741],[-123.148797,47.800554],[-123.148954,47.800342],[-123.148976,47.80012],[-123.148815,47.799876],[-123.148552,47.799547],[-123.148292,47.799182],[-123.148169,47.798822],[-123.148204,47.798597],[-123.148276,47.798296],[-123.148336,47.798076],[-123.148458,47.797898],[-123.148543,47.797698],[-123.148586,47.797399],[-123.148622,47.797113],[-123.148736,47.796921],[-123.148716,47.796579],[-123.148952,47.796209],[-123.148961,47.795954],[-123.148866,47.795632],[-123.148693,47.795224],[-123.148447,47.79482],[-123.148247,47.794542],[-123.147978,47.794265],[-123.147737,47.793883],[-123.147511,47.793471],[-123.147426,47.793207],[-123.147389,47.793023],[-123.147303,47.792729],[-123.147205,47.792267],[-123.147139,47.791973],[-123.147156,47.791709],[-123.147191,47.791486],[-123.147233,47.791252],[-123.147302,47.790971],[-123.147346,47.790685],[-123.147344,47.790455],[-123.147222,47.790103],[-123.147051,47.789725],[-123.146914,47.789569],[-123.146685,47.789456],[-123.146374,47.789339],[-123.146251,47.789026],[-123.146331,47.788821],[-123.146453,47.788553],[-123.14653,47.788258],[-123.146564,47.788018],[-123.146555,47.787742],[-123.146531,47.78755],[-123.146825,47.787294],[-123.146826,47.786974],[-123.146851,47.786699],[-123.146991,47.786474],[-123.147008,47.786218],[-123.146921,47.78591],[-123.147102,47.785684],[-123.14713,47.785484],[-123.147196,47.785233],[-123.147251,47.784998],[-123.147293,47.784743],[-123.147318,47.784495],[-123.147301,47.784282],[-123.147327,47.784048],[-123.14746,47.783757],[-123.147536,47.783358],[-123.147658,47.782993],[-123.147752,47.782819],[-123.147884,47.78258],[-123.147981,47.782208],[-123.148049,47.78199],[-123.148161,47.781678],[-123.148195,47.78134],[-123.148345,47.781161],[-123.148621,47.780854],[-123.148797,47.78062],[-123.148997,47.780446],[-123.149255,47.780216],[-123.14942,47.780067],[-123.149584,47.779907],[-123.149777,47.779687],[-123.149957,47.779543],[-123.150122,47.7794],[-123.150324,47.779278],[-123.150828,47.778991],[-123.15113,47.778823],[-123.151408,47.778674],[-123.151694,47.778518],[-123.151972,47.778353],[-123.152278,47.778201],[-123.152778,47.77801],[-123.152998,47.777841],[-123.153238,47.77765],[-123.15343,47.777473],[-123.153733,47.777346],[-123.154011,47.77756],[-123.154405,47.777629],[-123.15469,47.777555],[-123.155039,47.777512],[-123.15528,47.777373],[-123.155636,47.777039],[-123.155747,47.776795],[-123.155835,47.776486],[-123.156183,47.77663],[-123.156424,47.776735],[-123.156537,47.776527],[-123.156703,47.776244],[-123.156876,47.775927],[-123.157155,47.775631],[-123.157301,47.775436],[-123.157266,47.775193],[-123.157243,47.774955],[-123.157504,47.774777],[-123.157712,47.774512],[-123.158049,47.774335],[-123.158281,47.774242],[-123.158473,47.773978],[-123.158744,47.773775],[-123.158927,47.773489],[-123.158996,47.773298],[-123.15922,47.773033],[-123.159462,47.772806],[-123.159647,47.77258],[-123.159879,47.772386],[-123.160148,47.77223],[-123.160496,47.772017],[-123.160818,47.771835],[-123.161027,47.771688],[-123.161382,47.771626],[-123.161745,47.771561],[-123.162095,47.771548],[-123.162456,47.771543],[-123.162928,47.771451],[-123.163267,47.771379],[-123.163683,47.771132],[-123.163928,47.771044],[-123.164203,47.771022],[-123.164482,47.770984],[-123.165105,47.771075],[-123.16534,47.770802],[-123.165091,47.770584],[-123.164977,47.77042],[-123.165037,47.770193],[-123.165099,47.769964],[-123.165593,47.769625],[-123.16562,47.769312],[-123.165521,47.76913],[-123.165394,47.768927],[-123.165715,47.768731],[-123.166132,47.768767],[-123.166374,47.768627],[-123.166575,47.768489],[-123.166688,47.768284],[-123.166684,47.768023],[-123.166608,47.767685],[-123.166555,47.767507],[-123.166357,47.767259],[-123.166738,47.767312],[-123.167026,47.767311],[-123.167251,47.767425],[-123.167536,47.767515],[-123.167833,47.767616],[-123.168206,47.767685],[-123.168605,47.767781],[-123.169101,47.767946],[-123.169395,47.768058],[-123.169688,47.768146],[-123.169949,47.768253],[-123.170211,47.768393],[-123.170495,47.76854],[-123.170949,47.768679],[-123.171288,47.768722],[-123.171617,47.768696],[-123.172016,47.768709],[-123.172292,47.768696],[-123.172639,47.768727],[-123.172952,47.768726],[-123.1735,47.768695],[-123.173908,47.768701],[-123.174317,47.768665],[-123.174629,47.768648],[-123.175019,47.768631],[-123.175575,47.768519],[-123.17599,47.76851],[-123.176384,47.768502],[-123.176852,47.768509],[-123.177234,47.768592],[-123.17764,47.768575],[-123.178014,47.768553],[-123.178301,47.768605],[-123.178664,47.768622],[-123.179248,47.768665],[-123.179628,47.768808],[-123.179891,47.768948],[-123.180194,47.769096],[-123.180487,47.769265],[-123.180733,47.769477],[-123.180975,47.76962],[-123.181427,47.769803],[-123.181832,47.769951],[-123.182215,47.77005],[-123.182452,47.770155],[-123.183042,47.770077],[-123.183368,47.770012],[-123.183256,47.769768],[-123.183569,47.769852],[-123.183935,47.769855],[-123.184309,47.769938],[-123.184595,47.769968],[-123.184377,47.769824],[-123.184162,47.76965],[-123.184448,47.769587],[-123.184801,47.769569],[-123.185228,47.76939],[-123.185543,47.769326],[-123.185818,47.769474],[-123.186124,47.769681],[-123.186358,47.769893],[-123.186523,47.770224],[-123.186566,47.770446],[-123.186816,47.770761],[-123.186922,47.771028],[-123.187397,47.771191],[-123.187894,47.771205],[-123.188405,47.771266],[-123.188829,47.771101],[-123.189171,47.771014],[-123.189229,47.771296],[-123.189484,47.771444],[-123.189697,47.771574],[-123.189759,47.771235],[-123.190108,47.771409],[-123.19014,47.77111],[-123.190437,47.770848],[-123.190592,47.770684],[-123.190899,47.770628],[-123.191347,47.770542],[-123.191789,47.770615],[-123.192085,47.770488],[-123.192372,47.770372],[-123.192467,47.770124],[-123.192718,47.769847],[-123.192876,47.769638],[-123.192782,47.769374],[-123.192713,47.769178],[-123.192668,47.768992],[-123.192712,47.768805],[-123.192745,47.768626],[-123.192799,47.768397],[-123.193042,47.768279],[-123.193475,47.76795],[-123.193727,47.767785],[-123.193936,47.767627],[-123.194038,47.767455],[-123.194308,47.767321],[-123.194447,47.767603],[-123.194438,47.767927],[-123.194456,47.768149],[-123.194463,47.768492],[-123.194715,47.768761],[-123.194795,47.768443],[-123.194838,47.768223],[-123.195045,47.768493],[-123.195279,47.768354],[-123.195444,47.768584],[-123.196001,47.768589],[-123.196285,47.768575],[-123.196827,47.768506],[-123.197053,47.768367],[-123.197346,47.768193],[-123.19764,47.768124],[-123.197971,47.767881],[-123.198154,47.767716],[-123.198483,47.767512],[-123.198849,47.767433],[-123.199159,47.767445],[-123.199586,47.767346],[-123.199803,47.767026],[-123.200029,47.766709],[-123.200343,47.766469],[-123.200627,47.766266],[-123.200829,47.766143],[-123.20106,47.76604],[-123.201269,47.765901],[-123.201453,47.765727],[-123.201685,47.765566],[-123.202019,47.765389],[-123.202449,47.765186],[-123.202215,47.765045],[-123.201929,47.765024],[-123.201469,47.764929],[-123.201419,47.76473],[-123.201895,47.76472],[-123.202172,47.764643],[-123.202536,47.764504],[-123.20285,47.764352],[-123.20297,47.76413],[-123.203213,47.763935],[-123.203424,47.763723],[-123.203702,47.763497],[-123.203893,47.763315],[-123.204151,47.763085],[-123.204454,47.762777],[-123.204603,47.76248],[-123.20475,47.76222],[-123.204968,47.761922],[-123.205236,47.761557],[-123.205444,47.761379],[-123.205542,47.761122],[-123.205663,47.760936],[-123.205713,47.760592],[-123.205785,47.760297],[-123.205887,47.760037],[-123.206,47.759851],[-123.205984,47.759585],[-123.205638,47.759491],[-123.205236,47.75933],[-123.205421,47.759183],[-123.205689,47.759087],[-123.206184,47.759058],[-123.206461,47.758983],[-123.20673,47.758901],[-123.206374,47.758691],[-123.205965,47.758626],[-123.205611,47.758452],[-123.206072,47.758402],[-123.206598,47.758423],[-123.20661,47.758239],[-123.206931,47.758063],[-123.207223,47.757958],[-123.207458,47.757832],[-123.207634,47.757681],[-123.207817,47.757512],[-123.207919,47.757241],[-123.207692,47.75709],[-123.207338,47.7569],[-123.207226,47.756691],[-123.207511,47.756696],[-123.207772,47.756622],[-123.207735,47.756436],[-123.207484,47.756178],[-123.207831,47.756215],[-123.207798,47.755936],[-123.207608,47.755797],[-123.207554,47.755592],[-123.208178,47.755527],[-123.208048,47.755272],[-123.207807,47.755151],[-123.208118,47.755024],[-123.208569,47.754833],[-123.208265,47.754686],[-123.207963,47.754563],[-123.207606,47.754412],[-123.207217,47.754269],[-123.206825,47.754052],[-123.206558,47.753896],[-123.206884,47.753749],[-123.207269,47.753714],[-123.207684,47.753705],[-123.207946,47.75367],[-123.208249,47.753628],[-123.208543,47.753567],[-123.20891,47.753493],[-123.208772,47.753315],[-123.208423,47.753163],[-123.208119,47.753002],[-123.207563,47.752677],[-123.207266,47.752493],[-123.206809,47.752363],[-123.206357,47.75218],[-123.206087,47.752052],[-123.206385,47.751982],[-123.206437,47.751787],[-123.205921,47.751638],[-123.205592,47.751543],[-123.206116,47.751434],[-123.20674,47.7513],[-123.207,47.751218],[-123.206783,47.751088],[-123.206433,47.750901],[-123.206124,47.750814],[-123.205793,47.750692],[-123.205367,47.75055],[-123.205105,47.750407],[-123.205072,47.750224],[-123.205378,47.750149],[-123.205714,47.75003],[-123.205983,47.749964],[-123.206261,47.749898],[-123.206008,47.749522],[-123.205866,47.74936],[-123.206451,47.74943],[-123.207128,47.749564],[-123.207538,47.74963],[-123.208025,47.749707],[-123.207747,47.749409],[-123.207241,47.749096],[-123.206903,47.748921],[-123.207617,47.748964],[-123.208222,47.749031],[-123.208648,47.749107],[-123.208606,47.748878],[-123.208223,47.748527],[-123.207901,47.748245],[-123.20824,47.748354],[-123.208718,47.748579],[-123.209265,47.748796],[-123.210027,47.749101],[-123.210391,47.749244],[-123.210845,47.749481],[-123.211353,47.749816],[-123.211844,47.749968],[-123.212261,47.750116],[-123.212642,47.750259],[-123.213136,47.750468],[-123.213683,47.750698],[-123.214265,47.750965],[-123.214647,47.751157],[-123.214993,47.751326],[-123.215273,47.751482],[-123.215566,47.751577],[-123.21602,47.751817],[-123.216426,47.752154],[-123.216617,47.752315],[-123.217172,47.752468],[-123.217588,47.752659],[-123.217859,47.752988],[-123.217921,47.753267],[-123.218214,47.753274],[-123.218477,47.753228],[-123.218769,47.753219],[-123.21909,47.753207],[-123.219438,47.753093],[-123.219709,47.753136],[-123.219909,47.753341],[-123.220239,47.753435],[-123.220534,47.753497],[-123.220852,47.753592],[-123.221269,47.753808],[-123.221512,47.754061],[-123.221581,47.754318],[-123.221782,47.754448],[-123.221984,47.754326],[-123.222259,47.754205],[-123.222522,47.753991],[-123.222832,47.754009],[-123.223243,47.754017],[-123.22352,47.754121],[-123.22378,47.75439],[-123.223985,47.754599],[-123.224194,47.754721],[-123.224482,47.754877],[-123.224743,47.754975],[-123.225071,47.755111],[-123.225462,47.755224],[-123.225803,47.755381],[-123.226386,47.755662],[-123.226895,47.755858],[-123.227312,47.755997],[-123.227927,47.756195],[-123.22844,47.756374],[-123.228833,47.756522],[-123.229205,47.756643],[-123.2297,47.756814],[-123.230308,47.757017],[-123.230678,47.757117],[-123.231003,47.757173],[-123.231368,47.757247],[-123.231834,47.75738],[-123.232269,47.757555],[-123.232781,47.757816],[-123.233199,47.75815],[-123.233475,47.758306],[-123.233831,47.758444],[-123.234048,47.758562],[-123.234656,47.758613],[-123.235221,47.758596],[-123.235506,47.75877],[-123.235544,47.75897],[-123.235821,47.758992],[-123.236122,47.758988],[-123.236556,47.759217],[-123.237001,47.759507],[-123.237393,47.759721],[-123.237764,47.759933],[-123.238198,47.760168],[-123.238527,47.760336],[-123.238779,47.760484],[-123.23923,47.760667],[-123.239858,47.760953],[-123.24017,47.761105],[-123.240664,47.761226],[-123.24088,47.761414],[-123.24121,47.761604],[-123.241523,47.761691],[-123.241879,47.761804],[-123.242124,47.761917],[-123.242399,47.762139],[-123.242633,47.76229],[-123.243014,47.762342],[-123.243417,47.762425],[-123.243839,47.76258],[-123.244215,47.76272],[-123.244681,47.762859],[-123.245097,47.763058],[-123.245333,47.763223],[-123.245706,47.763449],[-123.245949,47.763696],[-123.245969,47.763953],[-123.246261,47.764018],[-123.246594,47.764456],[-123.247008,47.764858],[-123.247217,47.764986],[-123.247503,47.765177],[-123.247816,47.765346],[-123.248153,47.76552],[-123.248528,47.765879],[-123.248822,47.766169],[-123.249092,47.766452],[-123.249387,47.766761],[-123.249656,47.767043],[-123.249864,47.76722],[-123.250121,47.767424],[-123.250376,47.767727],[-123.250558,47.76797],[-123.250882,47.768284],[-123.251158,47.768531],[-123.251583,47.768931],[-123.251746,47.769129],[-123.2519,47.769281],[-123.252184,47.769609],[-123.252501,47.769901],[-123.252688,47.770071],[-123.253127,47.770385],[-123.253322,47.770601],[-123.253696,47.770964],[-123.253842,47.771139],[-123.253956,47.771364],[-123.254078,47.771557],[-123.254248,47.771746],[-123.254403,47.771894],[-123.2545,47.772182],[-123.25476,47.772424],[-123.255313,47.772621],[-123.255582,47.77271],[-123.256168,47.77292],[-123.256688,47.773126],[-123.25707,47.773332],[-123.257233,47.773521],[-123.257322,47.773763],[-123.257395,47.773957],[-123.257696,47.77419],[-123.258135,47.774306],[-123.258509,47.77449],[-123.259005,47.774754],[-123.259265,47.774879],[-123.259533,47.775027],[-123.259794,47.775148],[-123.260022,47.775323],[-123.260168,47.775494],[-123.260257,47.775664],[-123.260266,47.776119],[-123.260224,47.776339],[-123.260134,47.776605],[-123.260102,47.776947],[-123.260102,47.777131],[-123.260052,47.777469],[-123.260174,47.777806],[-123.260361,47.77804],[-123.260613,47.778336],[-123.260694,47.778709],[-123.260734,47.778993],[-123.260742,47.779424],[-123.260725,47.779712],[-123.260717,47.780059],[-123.260766,47.780387],[-123.260936,47.780819],[-123.260985,47.781043],[-123.260903,47.781309],[-123.26109,47.781439],[-123.261301,47.781659],[-123.261342,47.781857],[-123.261423,47.782104],[-123.261626,47.782401],[-123.261756,47.782603],[-123.261984,47.782976],[-123.262138,47.783223],[-123.262195,47.783528],[-123.262333,47.78383],[-123.262495,47.784095],[-123.26247,47.784401],[-123.262462,47.784693],[-123.262388,47.785026],[-123.262372,47.785251],[-123.262323,47.785467],[-123.262297,47.786799],[-123.262273,47.786992],[-123.262183,47.787244],[-123.262199,47.787627],[-123.262215,47.788063],[-123.262223,47.788252],[-123.262165,47.78868],[-123.262214,47.788963],[-123.262173,47.789323],[-123.262173,47.789521],[-123.262221,47.789813],[-123.262205,47.789998],[-123.262066,47.790227],[-123.261846,47.790489],[-123.262188,47.790771],[-123.262391,47.790938],[-123.262586,47.791234],[-123.262569,47.791535],[-123.26261,47.791904],[-123.262715,47.792273],[-123.262683,47.792507],[-123.262723,47.792885],[-123.262723,47.793141],[-123.262747,47.793546],[-123.262698,47.793861],[-123.262624,47.794194],[-123.262534,47.794698],[-123.262526,47.794896],[-123.262567,47.795089],[-123.262525,47.795332],[-123.262509,47.795557],[-123.262557,47.79594],[-123.262565,47.796331],[-123.262606,47.796565],[-123.262727,47.796785],[-123.263012,47.797054],[-123.263297,47.797297],[-123.263647,47.79757],[-123.263875,47.797678],[-123.264184,47.797623],[-123.264583,47.797253],[-123.264762,47.797118],[-123.265218,47.797292],[-123.26547,47.797499],[-123.265714,47.797777],[-123.266202,47.79792],[-123.266414,47.798158],[-123.266471,47.798374],[-123.266551,47.798616],[-123.2666,47.798805],[-123.266877,47.7992],[-123.267023,47.799375],[-123.267202,47.799546],[-123.267414,47.799762],[-123.267658,47.799986],[-123.267894,47.800251],[-123.268081,47.800601],[-123.268227,47.800767],[-123.268503,47.801023],[-123.26869,47.801162],[-123.268935,47.801445],[-123.269301,47.801894],[-123.269699,47.802379],[-123.269911,47.802626],[-123.270089,47.802792],[-123.270285,47.802953],[-123.270448,47.803115],[-123.270854,47.803321],[-123.271441,47.803549],[-123.271693,47.803647],[-123.272042,47.80375],[-123.272328,47.803817],[-123.272653,47.803942],[-123.272906,47.804045],[-123.273166,47.804116],[-123.273589,47.804259],[-123.273842,47.804344],[-123.274077,47.804434],[-123.274305,47.804586],[-123.274623,47.804792],[-123.274875,47.805007],[-123.275143,47.805263],[-123.275656,47.805374],[-123.276015,47.805464],[-123.276266,47.805607],[-123.276478,47.80576],[-123.276926,47.805911],[-123.277317,47.806014],[-123.27774,47.806242],[-123.278057,47.806381],[-123.278334,47.806331],[-123.278636,47.806303],[-123.279108,47.806221],[-123.279433,47.806243],[-123.279938,47.806462],[-123.280312,47.806726],[-123.280508,47.807027],[-123.280679,47.80727],[-123.280996,47.807328],[-123.281322,47.80743],[-123.281639,47.807569],[-123.28185,47.807703],[-123.282152,47.807892],[-123.282453,47.808003],[-123.282811,47.808317],[-123.283071,47.808456],[-123.283324,47.808568],[-123.283706,47.808711],[-123.283943,47.808805],[-123.284187,47.808917],[-123.284545,47.809073],[-123.284854,47.80928],[-123.285277,47.809481],[-123.285514,47.809651],[-123.285717,47.809844],[-123.286058,47.810077],[-123.28649,47.810364],[-123.286775,47.810543],[-123.287101,47.810565],[-123.287451,47.810573],[-123.287988,47.810621],[-123.288346,47.810715],[-123.28877,47.810862],[-123.289022,47.810974],[-123.28947,47.811126],[-123.289869,47.811242],[-123.290211,47.811358],[-123.290577,47.811488],[-123.290895,47.81159],[-123.291432,47.811814],[-123.291668,47.811971],[-123.291969,47.812091],[-123.292311,47.812158],[-123.292718,47.812242],[-123.293215,47.812367],[-123.293744,47.812492],[-123.294078,47.812558],[-123.294347,47.812616],[-123.294656,47.812674],[-123.295218,47.812839],[-123.295479,47.812964],[-123.295755,47.813134],[-123.296146,47.813313],[-123.296602,47.81356],[-123.297009,47.81377],[-123.297278,47.813864],[-123.297677,47.813966],[-123.298125,47.81397],[-123.298637,47.81404],[-123.299256,47.814052],[-123.299574,47.814096],[-123.299949,47.814167],[-123.300404,47.814306],[-123.30069,47.8143],[-123.30104,47.814223],[-123.301373,47.8142],[-123.301658,47.814145],[-123.302074,47.81395],[-123.302334,47.813855],[-123.30262,47.813692],[-123.30288,47.813516],[-123.303035,47.813354],[-123.303222,47.813209],[-123.303524,47.813038],[-123.304118,47.812879],[-123.304557,47.812869],[-123.304989,47.812624],[-123.305274,47.812444],[-123.305697,47.812335],[-123.30626,47.812275],[-123.306674,47.812238],[-123.307,47.812165],[-123.307326,47.811863],[-123.307798,47.811699],[-123.308287,47.811513],[-123.308702,47.811413],[-123.309402,47.811362],[-123.309875,47.811316],[-123.310282,47.811216],[-123.310567,47.811098],[-123.310933,47.81089],[-123.311202,47.810651],[-123.311373,47.810461],[-123.311495,47.810263],[-123.311691,47.810042],[-123.312268,47.80991],[-123.312545,47.809765],[-123.313115,47.809607],[-123.313522,47.809506],[-123.313832,47.809505],[-123.314133,47.809352],[-123.314605,47.809296],[-123.314988,47.809053],[-123.315273,47.80884],[-123.315574,47.808718],[-123.315997,47.808604],[-123.316315,47.808594],[-123.3166,47.808508],[-123.316893,47.808354],[-123.317088,47.808228],[-123.317317,47.808007],[-123.317569,47.807871],[-123.318025,47.807721],[-123.318294,47.807685],[-123.318757,47.807629],[-123.319222,47.807376],[-123.319474,47.807214],[-123.319808,47.807042],[-123.320084,47.806879],[-123.320483,47.806693],[-123.320817,47.806526],[-123.321053,47.806413],[-123.321395,47.806264],[-123.321778,47.806172],[-123.322429,47.805797],[-123.322665,47.805671],[-123.323178,47.80553],[-123.323805,47.80537],[-123.324342,47.805355],[-123.324806,47.8053],[-123.325124,47.80525],[-123.325474,47.805168],[-123.326003,47.80491],[-123.326491,47.804742],[-123.326703,47.804606],[-123.327207,47.804295],[-123.327476,47.804222],[-123.327843,47.80423],[-123.328356,47.804287],[-123.328706,47.804304],[-123.329316,47.804298],[-123.329731,47.804301],[-123.330041,47.804345],[-123.33057,47.804343],[-123.331148,47.80418],[-123.331767,47.80398],[-123.332052,47.803921],[-123.33228,47.803817],[-123.332532,47.803668],[-123.332792,47.803581],[-123.333167,47.803459],[-123.333533,47.803377],[-123.333785,47.80329],[-123.33398,47.803164],[-123.334372,47.802942],[-123.334998,47.802765],[-123.33534,47.802674],[-123.335812,47.802569],[-123.336056,47.802425],[-123.336366,47.802311],[-123.336952,47.802219],[-123.337131,47.802044],[-123.337302,47.80189],[-123.337619,47.8017],[-123.33801,47.801618],[-123.338791,47.801517],[-123.338995,47.801395],[-123.339613,47.801195],[-123.33989,47.801014],[-123.340305,47.800766],[-123.340549,47.80058],[-123.340745,47.800386],[-123.34085,47.800215],[-123.340931,47.79999],[-123.341135,47.799661],[-123.341388,47.79948],[-123.341876,47.799299],[-123.342291,47.799064],[-123.342355,47.798843],[-123.342958,47.798504],[-123.343226,47.798391],[-123.343585,47.798205],[-123.343885,47.798033],[-123.344268,47.797928],[-123.344646,47.797756],[-123.34496,47.797598],[-123.345448,47.797354],[-123.345896,47.797186],[-123.346262,47.797068],[-123.346579,47.796923],[-123.346872,47.796791],[-123.34723,47.79666],[-123.347653,47.796519],[-123.348134,47.796297],[-123.348418,47.796207],[-123.349013,47.79598],[-123.349607,47.795699],[-123.349818,47.795572],[-123.350233,47.795306],[-123.350542,47.795233],[-123.350819,47.79516],[-123.351128,47.795154],[-123.35143,47.794938],[-123.351763,47.79482],[-123.352178,47.79458],[-123.352462,47.794444],[-123.35265,47.79429],[-123.352739,47.79411],[-123.352918,47.793687],[-123.352918,47.793412],[-123.352763,47.793071],[-123.352697,47.792824],[-123.35251,47.792442],[-123.352502,47.79224],[-123.352225,47.792119],[-123.351606,47.791909],[-123.351394,47.791735],[-123.35106,47.791497],[-123.350645,47.791327],[-123.350344,47.791274],[-123.349717,47.791222],[-123.34944,47.791264],[-123.349155,47.791292],[-123.348862,47.791292],[-123.348472,47.79124],[-123.348073,47.791254],[-123.347601,47.791247],[-123.347202,47.791234],[-123.346909,47.791222],[-123.347186,47.791082],[-123.34756,47.790986],[-123.347983,47.790859],[-123.348309,47.790768],[-123.34887,47.790573],[-123.34913,47.790522],[-123.349538,47.790431],[-123.349749,47.790291],[-123.349822,47.790052],[-123.349733,47.789729],[-123.349659,47.789554],[-123.349724,47.789315],[-123.34974,47.78913],[-123.349732,47.788946],[-123.349659,47.788654],[-123.349552,47.788312],[-123.349357,47.788034],[-123.349137,47.787841],[-123.348909,47.787707],[-123.348624,47.78751],[-123.34838,47.787371],[-123.348005,47.787156],[-123.347582,47.787135],[-123.347402,47.786717],[-123.347411,47.78651],[-123.347459,47.786294],[-123.347272,47.786016],[-123.347158,47.785778],[-123.34693,47.785567],[-123.346816,47.785396],[-123.34706,47.785305],[-123.347337,47.785188],[-123.347596,47.784845],[-123.347938,47.784749],[-123.348231,47.784726],[-123.348671,47.784725],[-123.349028,47.784769],[-123.349509,47.784866],[-123.349875,47.784955],[-123.35025,47.785075],[-123.350535,47.7852],[-123.351031,47.78537],[-123.351219,47.785207],[-123.351039,47.784947],[-123.350779,47.784691],[-123.350477,47.784355],[-123.350167,47.784095],[-123.350029,47.783924],[-123.349834,47.783763],[-123.349517,47.783553],[-123.349256,47.783333],[-123.348963,47.783136],[-123.348597,47.782957],[-123.348141,47.782859],[-123.347693,47.782879],[-123.347254,47.782898],[-123.347424,47.7827],[-123.347693,47.782577],[-123.348116,47.782459],[-123.348555,47.782494],[-123.348824,47.78252],[-123.349076,47.782591],[-123.349369,47.78268],[-123.349743,47.782886],[-123.350012,47.783025],[-123.350298,47.783154],[-123.35055,47.783234],[-123.351029,47.783161],[-123.350802,47.782887],[-123.350696,47.782721],[-123.350541,47.782492],[-123.351005,47.782518],[-123.351241,47.782602],[-123.351599,47.78275],[-123.351892,47.78287],[-123.352397,47.783031],[-123.352877,47.7832],[-123.353414,47.783298],[-123.353781,47.783387],[-123.354253,47.783552],[-123.354595,47.783685],[-123.354871,47.783806],[-123.355449,47.783935],[-123.355693,47.78419],[-123.355824,47.784383],[-123.356052,47.784689],[-123.356256,47.784899],[-123.356549,47.785123],[-123.356859,47.785365],[-123.357143,47.785468],[-123.357461,47.785665],[-123.357892,47.785812],[-123.358185,47.785933],[-123.358796,47.786084],[-123.359488,47.786226],[-123.359879,47.78635],[-123.360098,47.786525],[-123.360522,47.786735],[-123.360888,47.786932],[-123.361459,47.787259],[-123.361776,47.787415],[-123.36237,47.787629],[-123.36268,47.787763],[-123.362907,47.787947],[-123.363095,47.788171],[-123.363608,47.788376],[-123.364039,47.788488],[-123.364911,47.7888],[-123.365261,47.788812],[-123.365586,47.788933],[-123.365814,47.78922],[-123.366043,47.789336],[-123.366254,47.789448],[-123.366572,47.789568],[-123.366913,47.789648],[-123.367231,47.789643],[-123.367622,47.789614],[-123.36789,47.789546],[-123.368232,47.789594],[-123.368615,47.789458],[-123.368932,47.789381],[-123.369371,47.789339],[-123.369656,47.789275],[-123.369998,47.789175],[-123.370486,47.788984],[-123.370835,47.788839],[-123.371405,47.788626],[-123.371731,47.788535],[-123.372325,47.788362],[-123.372585,47.788289],[-123.372846,47.788225],[-123.373138,47.788148],[-123.373399,47.788084],[-123.373659,47.787971],[-123.37396,47.787884],[-123.374237,47.787776],[-123.374644,47.787594],[-123.375058,47.787525],[-123.374895,47.787715],[-123.374571,47.787959],[-123.374327,47.788234],[-123.374148,47.788415],[-123.373912,47.788685],[-123.373709,47.788942],[-123.37353,47.789213],[-123.373441,47.789452],[-123.373677,47.789554],[-123.373978,47.789553],[-123.374344,47.789561],[-123.374637,47.789745],[-123.374703,47.789956],[-123.374598,47.790204],[-123.374874,47.790297],[-123.375167,47.790314],[-123.375436,47.790318],[-123.376006,47.790406],[-123.376299,47.790369],[-123.376709,47.790462],[-123.37701,47.790722],[-123.376896,47.790943],[-123.3767,47.791191],[-123.377164,47.791401],[-123.37757,47.791571],[-123.378389,47.791926],[-123.378913,47.792102],[-123.379825,47.792108],[-123.380109,47.792147],[-123.380671,47.792375],[-123.381354,47.792786],[-123.381826,47.792951],[-123.382152,47.793013],[-123.382517,47.793169],[-123.382982,47.793253],[-123.383437,47.793396],[-123.384022,47.793875],[-123.384299,47.794113],[-123.384502,47.794278],[-123.384828,47.79443],[-123.385357,47.79473],[-123.385576,47.794968],[-123.385649,47.795237],[-123.385779,47.795615],[-123.385933,47.795803],[-123.386381,47.796261],[-123.386836,47.796857],[-123.387072,47.796978],[-123.387609,47.796936],[-123.387894,47.796971],[-123.388415,47.797082],[-123.389171,47.797335],[-123.389766,47.797617],[-123.390067,47.797661],[-123.390702,47.797636],[-123.391492,47.797579],[-123.392086,47.797357],[-123.392566,47.797211],[-123.393169,47.796908],[-123.393397,47.796745],[-123.394048,47.796891],[-123.394423,47.797137],[-123.395106,47.797549],[-123.395562,47.797763],[-123.395984,47.798],[-123.396677,47.798331],[-123.397173,47.798514],[-123.397327,47.798689],[-123.397319,47.798976],[-123.397197,47.799256],[-123.397074,47.799508],[-123.397302,47.800106],[-123.397188,47.800534],[-123.397008,47.800885],[-123.396666,47.801161],[-123.396511,47.801436],[-123.396641,47.801633],[-123.397121,47.802086],[-123.397284,47.8024],[-123.397389,47.802647],[-123.397552,47.802809],[-123.397642,47.80311],[-123.397796,47.80333],[-123.397845,47.803559],[-123.398113,47.803751],[-123.398268,47.803904],[-123.398447,47.804092],[-123.399098,47.804279],[-123.399586,47.804583],[-123.399896,47.80478],[-123.400489,47.804962],[-123.400774,47.805222],[-123.400888,47.80542],[-123.401588,47.805516],[-123.402362,47.805626],[-123.403209,47.805803],[-123.403818,47.805963],[-123.404429,47.806199],[-123.404722,47.806401],[-123.404535,47.806694],[-123.404608,47.806896],[-123.404966,47.806989],[-123.404949,47.807241],[-123.40477,47.807476],[-123.404681,47.807669],[-123.404713,47.807894],[-123.405006,47.808276],[-123.405177,47.808531],[-123.405226,47.808747],[-123.404965,47.809005],[-123.405038,47.809225],[-123.405493,47.809633],[-123.405689,47.809924],[-123.40586,47.810396],[-123.4059,47.810733],[-123.406144,47.811002],[-123.406307,47.811222],[-123.406445,47.811663],[-123.406461,47.812445],[-123.407397,47.813153],[-123.408447,47.813923],[-123.409229,47.814554],[-123.409945,47.815029],[-123.410352,47.81527],[-123.410408,47.815454],[-123.410229,47.81564],[-123.410457,47.815738],[-123.410742,47.815849],[-123.411125,47.815816],[-123.411492,47.815856],[-123.411833,47.815913],[-123.412925,47.815765],[-123.413324,47.815736],[-123.413633,47.815767],[-123.414016,47.815869],[-123.41461,47.816132],[-123.414968,47.816149],[-123.415945,47.816038],[-123.416475,47.816035],[-123.417224,47.815974],[-123.417916,47.815981],[-123.418462,47.816109],[-123.418787,47.81614],[-123.419081,47.816134],[-123.420042,47.815951],[-123.421003,47.815893],[-123.421988,47.815745],[-123.422525,47.815717],[-123.423095,47.815697],[-123.424065,47.815747],[-123.424667,47.815817],[-123.424871,47.815937],[-123.425017,47.816148],[-123.424968,47.816481],[-123.424797,47.816882],[-123.424765,47.817107],[-123.425212,47.817403],[-123.426312,47.81748],[-123.426931,47.817509],[-123.427598,47.817673],[-123.428705,47.818146],[-123.429357,47.818593],[-123.429691,47.81892],[-123.429764,47.819149],[-123.429707,47.819613],[-123.429462,47.820095],[-123.429006,47.820754],[-123.428811,47.820939],[-123.428958,47.821244],[-123.429023,47.821658],[-123.429202,47.8219],[-123.429414,47.822313],[-123.429585,47.82256],[-123.429983,47.822549],[-123.43105,47.822276],[-123.432191,47.821876],[-123.433795,47.821321],[-123.434813,47.821011],[-123.435187,47.820955],[-123.435513,47.820972],[-123.435692,47.821259],[-123.435692,47.821507],[-123.435839,47.821727],[-123.435912,47.822208],[-123.436197,47.822261],[-123.437101,47.822073],[-123.437891,47.821885],[-123.438372,47.821856],[-123.439072,47.821867],[-123.439553,47.821901],[-123.439537,47.821713],[-123.439105,47.821566],[-123.437948,47.821417],[-123.43759,47.821392],[-123.437354,47.821253],[-123.437672,47.82087],[-123.43816,47.820535],[-123.438714,47.820218],[-123.439292,47.819806],[-123.439455,47.819639],[-123.439504,47.819445],[-123.439178,47.81915],[-123.438714,47.818976],[-123.43803,47.81888],[-123.437264,47.818878],[-123.43535,47.818984],[-123.434886,47.818981],[-123.435416,47.81866],[-123.43632,47.81822],[-123.437069,47.817804],[-123.437525,47.81741],[-123.438144,47.816828],[-123.438868,47.815894],[-123.439617,47.814852],[-123.440196,47.814314],[-123.44079,47.813619],[-123.441214,47.813235],[-123.441775,47.812814],[-123.44215,47.812583],[-123.442777,47.812388],[-123.44364,47.812182],[-123.44434,47.812094],[-123.444608,47.81207],[-123.444682,47.812245],[-123.444462,47.812444],[-123.444804,47.812461],[-123.444837,47.812654],[-123.445138,47.812707],[-123.445456,47.812688],[-123.445757,47.812583],[-123.446693,47.812035],[-123.447792,47.81128],[-123.448565,47.8108],[-123.449193,47.810505],[-123.449885,47.810246],[-123.450333,47.81014],[-123.450788,47.810107],[-123.451399,47.810109],[-123.452653,47.810266],[-123.453875,47.810405],[-123.453988,47.811044],[-123.454054,47.81143],[-123.454135,47.811741],[-123.45416,47.811992],[-123.454103,47.812335],[-123.454095,47.81273],[-123.454006,47.812965],[-123.453859,47.81315],[-123.453835,47.813451],[-123.453835,47.813694],[-123.453664,47.814064],[-123.453607,47.814415],[-123.453322,47.81496],[-123.453257,47.815177],[-123.453363,47.815541],[-123.453485,47.815779],[-123.454039,47.816276],[-123.454552,47.816733],[-123.454789,47.816884],[-123.455375,47.817035],[-123.456377,47.817517],[-123.457134,47.817735],[-123.457729,47.818114],[-123.458234,47.818603],[-123.45843,47.819092],[-123.458511,47.819619],[-123.458243,47.820578],[-123.458162,47.821114],[-123.458276,47.821586],[-123.458455,47.821904],[-123.458911,47.822622],[-123.459319,47.823156],[-123.459645,47.823586],[-123.459971,47.824165],[-123.460778,47.825467],[-123.461406,47.826454],[-123.461593,47.826809],[-123.461732,47.827186],[-123.461691,47.827573],[-123.461699,47.827915],[-123.461813,47.828207],[-123.462197,47.828597],[-123.462392,47.828879],[-123.462767,47.829485],[-123.463199,47.830392],[-123.46333,47.830689],[-123.463713,47.831146],[-123.464079,47.831612],[-123.464438,47.832133],[-123.464593,47.832506],[-123.464683,47.832753],[-123.464968,47.833075],[-123.465294,47.833299],[-123.465539,47.833492],[-123.465759,47.833801],[-123.465913,47.834034],[-123.466044,47.834331],[-123.466297,47.834851],[-123.466378,47.835081],[-123.466403,47.835297],[-123.466591,47.8358],[-123.466656,47.836771],[-123.466722,47.837198],[-123.466926,47.837517],[-123.46717,47.837831],[-123.467252,47.838064],[-123.466894,47.839132],[-123.466479,47.839939],[-123.466357,47.840223],[-123.466276,47.840484],[-123.466121,47.840723],[-123.465559,47.841571],[-123.465258,47.842126],[-123.465201,47.8424],[-123.465169,47.843156],[-123.465202,47.843404],[-123.4653,47.843763],[-123.465324,47.844001],[-123.465545,47.844198],[-123.46561,47.844455],[-123.465691,47.844787],[-123.465765,47.845372],[-123.465814,47.845668],[-123.465497,47.846295],[-123.465269,47.846813],[-123.465066,47.847152],[-123.464846,47.847409],[-123.464332,47.847694],[-123.464072,47.847858],[-123.464398,47.848077],[-123.464773,47.848287],[-123.464862,47.848457],[-123.464855,47.848727],[-123.464741,47.849402],[-123.464554,47.84992],[-123.464497,47.850879],[-123.464424,47.851374],[-123.464693,47.851733],[-123.464979,47.852258],[-123.465174,47.852572],[-123.465573,47.85285],[-123.466292,47.853625],[-123.466479,47.853836],[-123.467343,47.854372],[-123.468272,47.854957],[-123.469023,47.855665],[-123.469675,47.856468],[-123.469822,47.856845],[-123.469676,47.857201],[-123.469155,47.858481],[-123.468617,47.859423],[-123.46786,47.860182],[-123.467567,47.860687],[-123.467209,47.861759],[-123.46703,47.862282],[-123.466892,47.862481],[-123.466639,47.862689],[-123.466289,47.863072],[-123.465735,47.863344],[-123.465018,47.863595],[-123.464708,47.863731],[-123.464227,47.864142],[-123.463975,47.864332],[-123.46395,47.864755],[-123.464146,47.864889],[-123.464268,47.865064],[-123.46457,47.865607],[-123.464676,47.865904],[-123.465051,47.866114],[-123.465459,47.866391],[-123.465696,47.866584],[-123.4659,47.866853],[-123.466071,47.867199],[-123.466071,47.867878],[-123.46595,47.86849],[-123.466072,47.868764],[-123.466243,47.869006],[-123.466325,47.869487],[-123.466374,47.870131],[-123.466497,47.87031],[-123.467434,47.870715],[-123.468111,47.870911],[-123.468495,47.871058],[-123.468666,47.87121],[-123.46847,47.871395],[-123.46825,47.871594],[-123.46834,47.87189],[-123.468617,47.871979],[-123.468959,47.872054],[-123.469188,47.872206],[-123.46953,47.872524],[-123.469677,47.872767],[-123.469711,47.873014],[-123.469686,47.873217],[-123.469531,47.873523],[-123.46945,47.873847],[-123.469434,47.874185],[-123.469149,47.874658],[-123.469009,47.87501],[-123.469058,47.875226],[-123.469148,47.87541],[-123.469148,47.875617],[-123.46932,47.875791],[-123.469499,47.875935],[-123.46963,47.876127],[-123.469776,47.876392],[-123.469916,47.876851],[-123.469989,47.877305],[-123.469965,47.877948],[-123.470234,47.878275],[-123.470674,47.878579],[-123.471025,47.878992],[-123.471319,47.879378],[-123.471499,47.879899],[-123.471597,47.880249],[-123.47163,47.880519],[-123.47198,47.880657],[-123.472405,47.881015],[-123.472641,47.881253],[-123.472927,47.881629],[-123.47305,47.881818],[-123.473522,47.881973],[-123.473922,47.882111],[-123.47433,47.882465],[-123.474542,47.882887],[-123.474551,47.88313],[-123.47429,47.883302],[-123.4742,47.883496],[-123.474477,47.883706],[-123.474722,47.883835],[-123.475057,47.884113],[-123.475261,47.884247],[-123.475636,47.884425],[-123.47602,47.884694],[-123.476305,47.884828],[-123.476688,47.884929],[-123.477088,47.885072],[-123.477333,47.885192],[-123.477863,47.885464],[-123.478377,47.885768],[-123.478629,47.885974],[-123.478777,47.886216],[-123.478793,47.886639],[-123.478712,47.886936],[-123.478623,47.887405],[-123.47824,47.887856],[-123.478011,47.888042],[-123.478003,47.888406],[-123.477858,47.889059],[-123.47785,47.889783],[-123.477907,47.889986],[-123.478021,47.890179],[-123.478152,47.89038],[-123.47838,47.890514],[-123.478674,47.890599],[-123.479685,47.890954],[-123.479882,47.891097],[-123.479629,47.89131],[-123.479556,47.891913],[-123.479556,47.892147],[-123.479662,47.892506],[-123.479818,47.89278],[-123.479826,47.893235],[-123.479672,47.893501],[-123.479533,47.893677],[-123.479468,47.893969],[-123.479362,47.894262],[-123.479175,47.89456],[-123.479158,47.894771],[-123.479151,47.895527],[-123.479176,47.895937],[-123.479347,47.896183],[-123.479926,47.896437],[-123.480302,47.89658],[-123.480971,47.896829],[-123.481338,47.896931],[-123.481786,47.896987],[-123.482333,47.897034],[-123.482855,47.897221],[-123.483181,47.897242],[-123.483573,47.897245],[-123.484062,47.897432],[-123.484348,47.897656],[-123.484552,47.897952],[-123.485026,47.898476],[-123.485483,47.899113],[-123.485761,47.899539],[-123.486071,47.900064],[-123.486397,47.90022],[-123.486814,47.900349],[-123.487173,47.900555],[-123.48763,47.900692],[-123.488038,47.900866],[-123.48856,47.901165],[-123.48896,47.90151],[-123.489246,47.901823],[-123.489491,47.9022],[-123.489638,47.902623],[-123.489655,47.903194],[-123.489876,47.903778],[-123.49004,47.904317],[-123.490129,47.904519],[-123.490399,47.904477],[-123.490569,47.904288],[-123.490896,47.904493],[-123.491052,47.904726],[-123.491264,47.905094],[-123.491322,47.905562],[-123.491346,47.906093],[-123.491363,47.906462],[-123.491249,47.906872],[-123.491029,47.907232],[-123.49072,47.907549],[-123.490068,47.90792],[-123.49006,47.908105],[-123.490297,47.908621],[-123.490395,47.908895],[-123.49042,47.909088],[-123.490323,47.909736],[-123.490274,47.9102],[-123.490209,47.91056],[-123.490438,47.911239],[-123.490536,47.911535],[-123.490627,47.912052],[-123.490627,47.912394],[-123.490594,47.912579],[-123.490473,47.912912],[-123.490579,47.913159],[-123.490563,47.913447],[-123.490123,47.91402],[-123.489683,47.914436],[-123.489341,47.914784],[-123.489373,47.914977],[-123.48983,47.915304],[-123.490035,47.915825],[-123.49028,47.916093],[-123.490313,47.916273],[-123.490672,47.916758],[-123.490836,47.916995],[-123.490909,47.917251],[-123.491203,47.917556],[-123.491318,47.917776],[-123.491482,47.918644],[-123.491588,47.91885],[-123.491792,47.918989],[-123.491907,47.919168],[-123.491981,47.919415],[-123.492071,47.91982],[-123.492528,47.919975],[-123.492878,47.920005],[-123.493156,47.920139],[-123.493524,47.920403],[-123.493695,47.92065],[-123.493883,47.920946],[-123.494291,47.921101],[-123.494822,47.921139],[-123.495197,47.921187],[-123.495606,47.92142],[-123.495924,47.921526],[-123.496577,47.921766],[-123.496952,47.921913],[-123.497238,47.92211],[-123.497557,47.922473],[-123.497875,47.922647],[-123.498455,47.922928],[-123.498855,47.923169],[-123.49919,47.923496],[-123.499378,47.923774],[-123.499754,47.923885],[-123.500219,47.923887],[-123.500692,47.923989],[-123.500937,47.924078],[-123.501305,47.92423],[-123.501606,47.924552],[-123.502169,47.924617],[-123.502765,47.924677],[-123.50314,47.924738],[-123.503621,47.924858],[-123.503866,47.924951],[-123.504266,47.925071],[-123.504608,47.925249],[-123.505081,47.925531],[-123.505522,47.925659],[-123.505832,47.925785],[-123.506191,47.925971],[-123.50655,47.926118],[-123.506933,47.926215],[-123.507202,47.926241],[-123.507651,47.926244],[-123.507986,47.926364],[-123.508198,47.926574],[-123.50841,47.926758],[-123.508858,47.926972],[-123.509143,47.927078],[-123.509609,47.927243],[-123.509894,47.927372],[-123.510147,47.927528],[-123.510465,47.927765],[-123.510938,47.928078],[-123.511175,47.928207],[-123.511501,47.928341],[-123.51186,47.928506],[-123.512317,47.92863],[-123.512692,47.928741],[-123.513222,47.928972],[-123.513597,47.929159],[-123.51385,47.92928],[-123.514381,47.929426],[-123.514625,47.929515],[-123.514854,47.929626],[-123.51509,47.929724],[-123.515327,47.929867],[-123.51562,47.930059],[-123.515971,47.930273],[-123.516314,47.930443],[-123.516526,47.930554],[-123.51682,47.930688],[-123.517113,47.930821],[-123.517636,47.931067],[-123.518035,47.931267],[-123.518574,47.931526],[-123.519039,47.931704],[-123.519683,47.931899],[-123.520067,47.931996],[-123.520385,47.932084],[-123.520932,47.932194],[-123.521258,47.932233],[-123.521593,47.932308],[-123.52196,47.932505],[-123.522139,47.932756],[-123.522359,47.932993],[-123.522726,47.933167],[-123.523077,47.933336],[-123.523387,47.93351],[-123.523509,47.933771],[-123.523395,47.933942],[-123.523191,47.934114],[-123.523044,47.934295],[-123.522889,47.934466],[-123.522677,47.934683],[-123.522488,47.93499],[-123.522244,47.935356],[-123.522096,47.935626],[-123.521851,47.935798],[-123.521574,47.935907],[-123.521263,47.935958],[-123.520864,47.93592],[-123.520504,47.935912],[-123.51999,47.935933],[-123.519582,47.935952],[-123.51928,47.936017],[-123.519508,47.936191],[-123.520055,47.936274],[-123.52052,47.936371],[-123.520389,47.936592],[-123.520055,47.936634],[-123.519581,47.936717],[-123.519467,47.936884],[-123.519409,47.937096],[-123.519222,47.937254],[-123.518862,47.937386],[-123.518609,47.937509],[-123.518372,47.937703],[-123.518079,47.937858],[-123.517793,47.937913],[-123.517409,47.937996],[-123.517123,47.938082],[-123.51736,47.938207],[-123.517678,47.93817],[-123.518005,47.938227],[-123.517858,47.938416],[-123.51825,47.938505],[-123.518535,47.938548],[-123.518788,47.938741],[-123.519343,47.9389],[-123.519449,47.939075],[-123.519212,47.939207],[-123.519049,47.939396],[-123.519432,47.939566],[-123.519693,47.939636],[-123.520224,47.939823],[-123.520501,47.939934],[-123.520738,47.94005],[-123.521199,47.940299],[-123.521847,47.940827],[-123.522684,47.941498],[-123.523345,47.941918],[-123.524476,47.942579],[-123.525124,47.943098],[-123.525719,47.943635],[-123.526462,47.944234],[-123.526707,47.944611],[-123.527059,47.945041],[-123.527304,47.945436],[-123.527417,47.945975],[-123.527851,47.946576],[-123.528017,47.947061],[-123.528154,47.947366],[-123.52845,47.947527],[-123.52872,47.947706],[-123.528615,47.94794],[-123.528296,47.948193],[-123.528272,47.948446],[-123.528621,47.948534],[-123.529237,47.948513],[-123.530108,47.948581],[-123.53062,47.948822],[-123.530915,47.948874],[-123.531263,47.948891],[-123.531586,47.949051],[-123.532047,47.949607],[-123.532642,47.950099],[-123.533141,47.950474],[-123.534084,47.950956],[-123.534569,47.951224],[-123.534971,47.951258],[-123.536354,47.951575],[-123.537559,47.95157],[-123.537961,47.951568],[-123.538097,47.951783],[-123.538104,47.952512],[-123.538668,47.952563],[-123.539509,47.952343],[-123.540473,47.952339],[-123.541652,47.952333],[-123.543593,47.952216],[-123.544959,47.952227],[-123.546125,47.95233],[-123.546823,47.952435],[-123.547333,47.952594],[-123.547977,47.952609],[-123.549063,47.952712],[-123.54976,47.95278],[-123.55035,47.95285],[-123.550672,47.952938],[-123.551878,47.952932],[-123.55315,47.95298],[-123.553929,47.953174],[-123.555084,47.953403],[-123.556009,47.953488],[-123.557124,47.953807],[-123.558696,47.954231],[-123.562013,47.955096],[-123.562899,47.955218],[-123.563569,47.955269],[-123.564064,47.955266],[-123.565005,47.955532],[-123.566538,47.956091],[-123.568163,47.956497],[-123.568836,47.956817],[-123.570355,47.957242],[-123.570946,47.957383],[-123.571202,47.957563],[-123.571405,47.957704],[-123.571837,47.95808],[-123.572355,47.958878],[-123.572679,47.959111],[-123.572978,47.959505],[-123.57394,47.960418],[-123.574455,47.961018],[-123.575076,47.961393],[-123.575967,47.962018],[-123.576685,47.962735],[-123.57685,47.96313],[-123.57712,47.963299],[-123.577713,47.963656],[-123.578148,47.964176],[-123.578932,47.96482],[-123.579337,47.965105],[-123.579742,47.965409],[-123.580233,47.966172],[-123.580857,47.966852],[-123.581127,47.967085],[-123.581611,47.967208],[-123.582165,47.967637],[-123.582545,47.968067],[-123.583287,47.968531]]}},{"type":"Feature","properties":{"segment_type":"roadwalk","route_id":"main","region_id":"olympic-peninsula","region_name":"Olympic Peninsula","section_id":null,"section_name":null,"route_type":"roadwalk"},"geometry":{"type":"LineString","coordinates":[[-123.583287,47.968531],[-123.583597,47.96871],[-123.583879,47.968708],[-123.584628,47.968633],[-123.585114,47.9689],[-123.585843,47.969418],[-123.586046,47.969624],[-123.586386,47.970081],[-123.587335,47.971075],[-123.587663,47.971577],[-123.587771,47.971748],[-123.587978,47.972161],[-123.588008,47.972502],[-123.588123,47.973131],[-123.587859,47.973529],[-123.587592,47.973629],[-123.586965,47.97383],[-123.586725,47.973948],[-123.586406,47.97422],[-123.585981,47.974501],[-123.58589,47.974726],[-123.586158,47.974779],[-123.586829,47.974866],[-123.587326,47.974989],[-123.587529,47.975132],[-123.587491,47.975348],[-123.587238,47.975511],[-123.586705,47.975775],[-123.586574,47.976028],[-123.587433,47.976158],[-123.587728,47.976184],[-123.588172,47.976316],[-123.588538,47.976683],[-123.588988,47.977383],[-123.589396,47.977876],[-123.589322,47.978416],[-123.589298,47.978722],[-123.589369,47.979018],[-123.589616,47.979548],[-123.590156,47.979869],[-123.590493,47.980038],[-123.591086,47.980359],[-123.591329,47.980556],[-123.591385,47.980762],[-123.591498,47.981248],[-123.591608,47.981454],[-123.592014,47.981803],[-123.59211,47.981982],[-123.592246,47.982189],[-123.59245,47.98243],[-123.592586,47.982592],[-123.592629,47.982897],[-123.592663,47.983464],[-123.593148,47.983767],[-123.593513,47.984045],[-123.594054,47.98442],[-123.594864,47.984928],[-123.595567,47.985437],[-123.595825,47.985751],[-123.596164,47.986136],[-123.596414,47.986855],[-123.596583,47.98761],[-123.59699,47.987994],[-123.597664,47.988306],[-123.597893,47.988475],[-123.59803,47.988709],[-123.598614,47.989344],[-123.598992,47.989549],[-123.599758,47.989752],[-123.600295,47.989858],[-123.600499,47.990099],[-123.601288,47.991103],[-123.601089,47.991293],[-123.600315,47.991531],[-123.598417,47.992045],[-123.597857,47.992246],[-123.597631,47.992427],[-123.597393,47.992698],[-123.597088,47.993005],[-123.596037,47.99374],[-123.595533,47.994192],[-123.595337,47.994616],[-123.595249,47.995129],[-123.595434,47.996064],[-123.595629,47.996648],[-123.596093,47.997365],[-123.596271,47.997697],[-123.596368,47.998012],[-123.596522,47.998533],[-123.596987,47.999313],[-123.597408,47.999851],[-123.59752,48.000255],[-123.597753,48.000695],[-123.598094,48.001206],[-123.598259,48.00152],[-123.598304,48.001942],[-123.598174,48.002294],[-123.597752,48.002899],[-123.597222,48.003441],[-123.596557,48.003913],[-123.595904,48.004294],[-123.594542,48.004742],[-123.593355,48.005288],[-123.592597,48.005805],[-123.592372,48.006112],[-123.592378,48.00658],[-123.592207,48.006877],[-123.591384,48.007592],[-123.590601,48.008307],[-123.590109,48.008733],[-123.589842,48.008824],[-123.589549,48.00896],[-123.589313,48.009474],[-123.589116,48.009763],[-123.588732,48.010233],[-123.588393,48.011063],[-123.588128,48.01137],[-123.587971,48.011713],[-123.587491,48.013092],[-123.587494,48.013362],[-123.587631,48.013622],[-123.587861,48.013846],[-123.588293,48.014068],[-123.588764,48.014246],[-123.589062,48.014469],[-123.589552,48.01456],[-123.590191,48.014679],[-123.590091,48.014194],[-123.58988,48.013322],[-123.589574,48.012388],[-123.589393,48.011741],[-123.589455,48.011345],[-123.58956,48.011102],[-123.589759,48.010921],[-123.592057,48.009056],[-123.592391,48.008883],[-123.593086,48.008744],[-123.593675,48.008651],[-123.594276,48.008468],[-123.594636,48.008241],[-123.595063,48.008113],[-123.595425,48.008111],[-123.595761,48.008182],[-123.595924,48.008379],[-123.59613,48.008756],[-123.596467,48.008934],[-123.597128,48.009263],[-123.597625,48.009369],[-123.599694,48.009673],[-123.600057,48.009788],[-123.600367,48.009894],[-123.600662,48.009893],[-123.600929,48.009846],[-123.601156,48.009737],[-123.601688,48.009347],[-123.601911,48.008968],[-123.602202,48.008589],[-123.602199,48.008346],[-123.602063,48.008149],[-123.60196,48.007412],[-123.601884,48.006629],[-123.602173,48.006097],[-123.602304,48.005826],[-123.602301,48.00561],[-123.602201,48.005026],[-123.601791,48.004407],[-123.601128,48.003853],[-123.600788,48.003432],[-123.600652,48.003235],[-123.600783,48.003009],[-123.601078,48.003052],[-123.601619,48.003455],[-123.602118,48.003695],[-123.603021,48.00405],[-123.603423,48.004093],[-123.60408,48.004062],[-123.60451,48.004168],[-123.605023,48.004417],[-123.605484,48.004883],[-123.606026,48.005411],[-123.6063,48.005904],[-123.606504,48.006164],[-123.60644,48.006434],[-123.606264,48.007389],[-123.60607,48.007966],[-123.606005,48.008218],[-123.606315,48.008324],[-123.606674,48.008053],[-123.607295,48.007294],[-123.607589,48.007157],[-123.608187,48.006713],[-123.608385,48.006505],[-123.608382,48.006217],[-123.608178,48.005975],[-123.608145,48.005481],[-123.608064,48.004239],[-123.607921,48.003502],[-123.608306,48.003212],[-123.608815,48.003102],[-123.609603,48.002904],[-123.610392,48.002706],[-123.61063,48.002399],[-123.610893,48.001993],[-123.611317,48.001595],[-123.611897,48.000719],[-123.612095,48.00043],[-123.612399,48.000096],[-123.612786,47.999977],[-123.613146,47.999777],[-123.613251,47.999587],[-123.612966,47.999274],[-123.613236,47.998337],[-123.613314,47.998093],[-123.61308,47.997627],[-123.613251,47.997302],[-123.613421,47.996986],[-123.613517,47.996068],[-123.613742,47.995761],[-123.613899,47.995499],[-123.613272,47.994549],[-123.612986,47.99419],[-123.612956,47.993929],[-123.612895,47.993291],[-123.613025,47.993011],[-123.613397,47.992694],[-123.613582,47.992451],[-123.613412,47.99166],[-123.61346,47.991264],[-123.613831,47.990848],[-123.61411,47.990621],[-123.61424,47.990306],[-123.614465,47.990062],[-123.614651,47.989926],[-123.615011,47.989771],[-123.615129,47.989581],[-123.615203,47.989023],[-123.615067,47.988835],[-123.614689,47.988594],[-123.614445,47.988388],[-123.614294,47.98811],[-123.61421,47.987814],[-123.614286,47.987399],[-123.61417,47.986707],[-123.614248,47.986446],[-123.614526,47.986156],[-123.614597,47.985427],[-123.614484,47.984906],[-123.614169,47.984341],[-123.614032,47.984063],[-123.613773,47.983704],[-123.613434,47.983409],[-123.613405,47.983184],[-123.613537,47.983013],[-123.614618,47.982656],[-123.615488,47.982552],[-123.617134,47.982319],[-123.617683,47.982298],[-123.6185,47.982311],[-123.620929,47.982595],[-123.622192,47.982813],[-123.623694,47.98294],[-123.624822,47.98306],[-123.625131,47.983139],[-123.625267,47.9833],[-123.625524,47.983488],[-123.626275,47.983583],[-123.62664,47.983675],[-123.627754,47.983998],[-123.628239,47.984148],[-123.628641,47.984173],[-123.629135,47.98399],[-123.630087,47.98403],[-123.630934,47.984268],[-123.631231,47.984446],[-123.63217,47.984513],[-123.632532,47.984556],[-123.633043,47.984706],[-123.633367,47.984857],[-123.633649,47.984928],[-123.634372,47.984834],[-123.634869,47.984948],[-123.634978,47.985127],[-123.635075,47.985325],[-123.635185,47.985612],[-123.635349,47.985809],[-123.636326,47.985696],[-123.636808,47.985675],[-123.637117,47.985709],[-123.637721,47.98585],[-123.638393,47.985954],[-123.638781,47.985889],[-123.639851,47.985784],[-123.64056,47.985672],[-123.640856,47.985698],[-123.641866,47.98616],[-123.642281,47.986113],[-123.642586,47.985841],[-123.642813,47.985723],[-123.643415,47.985701],[-123.643752,47.985816],[-123.644093,47.986309],[-123.644536,47.986352],[-123.644815,47.986125],[-123.645188,47.985943]]}},{"type":"Feature","properties":{"segment_type":"trail","route_id":"main","region_id":"olympic-peninsula","region_name":"Olympic Peninsula","section_id":null,"section_name":null},"geometry":{"type":"LineString","coordinates":[[-123.645188,47.985943],[-123.64583,47.985868],[-123.646662,47.985998],[-123.647952,47.986234],[-123.648355,47.986285],[-123.649869,47.986304],[-123.6507,47.986254],[-123.651169,47.986279],[-123.651492,47.98634],[-123.651788,47.986491],[-123.652058,47.986606],[-123.652326,47.986578],[-123.652739,47.986378],[-123.653231,47.986132],[-123.653499,47.986085],[-123.653888,47.986128],[-123.654533,47.986295],[-123.654936,47.986365],[-123.655594,47.986424],[-123.655863,47.986522],[-123.6562,47.9867],[-123.656499,47.986977],[-123.656947,47.987406],[-123.657065,47.987631],[-123.657273,47.987809],[-123.657513,47.9877],[-123.657576,47.987376],[-123.657546,47.987106],[-123.65777,47.986799],[-123.658276,47.986526],[-123.658928,47.98618],[-123.659662,47.98596],[-123.660756,47.985531],[-123.661782,47.985093],[-123.662516,47.984819],[-123.663583,47.984462],[-123.664638,47.984186],[-123.665535,47.984046],[-123.666591,47.983851],[-123.667326,47.983676],[-123.667832,47.983484],[-123.668431,47.983129],[-123.669151,47.982828],[-123.670313,47.982578],[-123.671329,47.982321],[-123.672316,47.982009],[-123.673144,47.981797],[-123.673744,47.981551],[-123.674171,47.981404],[-123.674601,47.981456],[-123.675045,47.981633],[-123.675271,47.981515],[-123.6752,47.981209],[-123.675008,47.980868],[-123.675006,47.980671],[-123.675191,47.980463],[-123.675901,47.980485],[-123.67664,47.980652],[-123.677029,47.980632],[-123.677536,47.980476],[-123.678056,47.980239],[-123.678414,47.979994],[-123.67868,47.979812],[-123.679295,47.979746],[-123.679859,47.979805],[-123.680666,47.980007],[-123.681027,47.979933],[-123.681021,47.979528],[-123.681247,47.979356],[-123.682011,47.979388],[-123.682743,47.979023],[-123.6833,47.978561],[-123.683698,47.97828],[-123.684125,47.978151],[-123.684663,47.978256],[-123.685846,47.978564],[-123.686232,47.9784],[-123.686336,47.978138],[-123.686227,47.977959],[-123.686003,47.977276],[-123.686377,47.977162],[-123.688771,47.97802],[-123.689211,47.97768],[-123.689855,47.977703],[-123.690324,47.977763],[-123.691113,47.977588],[-123.691474,47.977577],[-123.692252,47.977572],[-123.692748,47.977596],[-123.693017,47.977702],[-123.693608,47.977816],[-123.694011,47.97784],[-123.694498,47.97718],[-123.694762,47.976936],[-123.695095,47.976772],[-123.695495,47.976617],[-123.696031,47.976595],[-123.696407,47.976674],[-123.696875,47.97659],[-123.697462,47.976443],[-123.697757,47.976396],[-123.698102,47.976151],[-123.698327,47.975997],[-123.698713,47.975787],[-123.69902,47.975695],[-123.699423,47.975747],[-123.69969,47.975673],[-123.700289,47.975382],[-123.701049,47.975125],[-123.701768,47.974806],[-123.702677,47.974347],[-123.703497,47.97386],[-123.705055,47.973085],[-123.705814,47.972757],[-123.706106,47.972602],[-123.706374,47.972573],[-123.706845,47.972705],[-123.707112,47.972623],[-123.707269,47.97237],[-123.707601,47.972188],[-123.708135,47.971987],[-123.70843,47.972057],[-123.708832,47.972027],[-123.709069,47.971693],[-123.709401,47.971484],[-123.710361,47.971181],[-123.711484,47.971021],[-123.712152,47.970819],[-123.712685,47.970636],[-123.712856,47.970437],[-123.71304,47.970121],[-123.71333,47.969831],[-123.713769,47.969577],[-123.714142,47.969412],[-123.714623,47.969301],[-123.715224,47.969181],[-123.715422,47.968963],[-123.715056,47.968669],[-123.714679,47.968518],[-123.714021,47.968432],[-123.713779,47.968326],[-123.713682,47.968092],[-123.713823,47.967687],[-123.714059,47.967307],[-123.714337,47.967054],[-123.714643,47.966899],[-123.714572,47.96662],[-123.714597,47.966431],[-123.714393,47.966253],[-123.714267,47.965885],[-123.71413,47.965624],[-123.713886,47.965446],[-123.713498,47.96543],[-123.712953,47.965758],[-123.712595,47.966075],[-123.712209,47.966257],[-123.712432,47.965878],[-123.712429,47.965653],[-123.712069,47.965763],[-123.711803,47.965954],[-123.711509,47.965974],[-123.711663,47.965523],[-123.711659,47.96519],[-123.711481,47.964903],[-123.711203,47.964167],[-123.710791,47.963486],[-123.710325,47.962688],[-123.709916,47.962151],[-123.709513,47.961118],[-123.709414,47.960732],[-123.709115,47.960392],[-123.708693,47.959927],[-123.708324,47.959389],[-123.708145,47.959057],[-123.708019,47.958662],[-123.707908,47.958348],[-123.707679,47.958233],[-123.707439,47.958369],[-123.707207,47.958037],[-123.707044,47.957832],[-123.706704,47.957474],[-123.706593,47.957205],[-123.706853,47.9566],[-123.707114,47.956131],[-123.707246,47.95595],[-123.707485,47.955786],[-123.707911,47.955658],[-123.708366,47.955601],[-123.708633,47.9555],[-123.709164,47.955218],[-123.709672,47.955107],[-123.710166,47.955014],[-123.7105,47.95494],[-123.710561,47.954535],[-123.710489,47.954112],[-123.710513,47.953905],[-123.710796,47.954047],[-123.711064,47.954082],[-123.711195,47.95382],[-123.711312,47.953567],[-123.71207,47.95323],[-123.712468,47.952939],[-123.71264,47.952758],[-123.712373,47.952823],[-123.712678,47.952569],[-123.713022,47.952297],[-123.712832,47.952127],[-123.713161,47.951721],[-123.713293,47.951558],[-123.712785,47.951588],[-123.713073,47.951109],[-123.713576,47.950728],[-123.71384,47.950421],[-123.71393,47.950123],[-123.713803,47.949674],[-123.713604,47.948884],[-123.713694,47.94855],[-123.71385,47.948216],[-123.714126,47.947882],[-123.714458,47.947655],[-123.715018,47.947489],[-123.715487,47.947459],[-123.716144,47.947545],[-123.716787,47.94755],[-123.71704,47.947459],[-123.717375,47.947457],[-123.717775,47.947319],[-123.718079,47.947074],[-123.718609,47.946639],[-123.71906,47.946303],[-123.71883,47.946188],[-123.719149,47.94597],[-123.718959,47.945836],[-123.718553,47.945515],[-123.718509,47.945227],[-123.718573,47.945011],[-123.718943,47.94464],[-123.719339,47.944241],[-123.719521,47.943862],[-123.719598,47.943574],[-123.719607,47.943295],[-123.719361,47.942936],[-123.719236,47.942631],[-123.719231,47.942271],[-123.719293,47.941911],[-123.719505,47.941712],[-123.719968,47.941322],[-123.720046,47.941142],[-123.719962,47.940899],[-123.719129,47.940697],[-123.718699,47.940592],[-123.717976,47.94057],[-123.71756,47.940491],[-123.717999,47.940327],[-123.717863,47.940148],[-123.717567,47.940068],[-123.717298,47.939971],[-123.717618,47.939879],[-123.717348,47.939701],[-123.717115,47.939297],[-123.717018,47.9391],[-123.717042,47.938893],[-123.717245,47.939018],[-123.717447,47.939151],[-123.717309,47.938846],[-123.717713,47.938997],[-123.71771,47.93879],[-123.718087,47.938932],[-123.718083,47.938635],[-123.717905,47.938375],[-123.718618,47.938586],[-123.719073,47.938601],[-123.719432,47.938428],[-123.719873,47.938354],[-123.721908,47.938296],[-123.721864,47.938035],[-123.722132,47.938051],[-123.722712,47.938381],[-123.723262,47.93844],[-123.724064,47.938327],[-123.724774,47.938332],[-123.725498,47.93839],[-123.725993,47.938423],[-123.726408,47.938402],[-123.726902,47.938273],[-123.727303,47.938244],[-123.727799,47.938241],[-123.728897,47.938297],[-123.729794,47.938273],[-123.730101,47.938208],[-123.729791,47.938066],[-123.729388,47.937988],[-123.729882,47.937885],[-123.73015,47.937866],[-123.730551,47.937845],[-123.729624,47.937572],[-123.729221,47.93753],[-123.729218,47.937314],[-123.729618,47.937203],[-123.729885,47.937112],[-123.729721,47.936888],[-123.729651,47.936681],[-123.730172,47.936615],[-123.73084,47.936476],[-123.731602,47.936372],[-123.73231,47.936277],[-123.732899,47.936238],[-123.733193,47.936236],[-123.732825,47.935788],[-123.732354,47.93562],[-123.731991,47.935524],[-123.732592,47.935385],[-123.733154,47.935336],[-123.733715,47.93527],[-123.734358,47.935266],[-123.735308,47.935278],[-123.735925,47.935319],[-123.736541,47.935315],[-123.737116,47.935275],[-123.737692,47.935316],[-123.738107,47.935314],[-123.738374,47.93524],[-123.739108,47.935073],[-123.739401,47.934981],[-123.740766,47.934892],[-123.740441,47.934687],[-123.740007,47.934267],[-123.739829,47.93398],[-123.741154,47.933944],[-123.741689,47.933923],[-123.742384,47.93382],[-123.742983,47.9336],[-123.743557,47.933452],[-123.744092,47.933413],[-123.744856,47.933471],[-123.745446,47.933539],[-123.745809,47.933662],[-123.746119,47.933795],[-123.746627,47.933747],[-123.747149,47.933753],[-123.747511,47.933795],[-123.747819,47.933793],[-123.747748,47.933524],[-123.748308,47.93334],[-123.748776,47.933292],[-123.749218,47.933307],[-123.749902,47.933366],[-123.750545,47.933407],[-123.750974,47.933449],[-123.750771,47.933297],[-123.750178,47.933013],[-123.749867,47.93279],[-123.749891,47.932592],[-123.75013,47.932492],[-123.750596,47.932336],[-123.749884,47.932115],[-123.74889,47.931906],[-123.748581,47.931818],[-123.74835,47.931594],[-123.747293,47.931619],[-123.746729,47.931515],[-123.746487,47.931427],[-123.746109,47.931267],[-123.74548,47.931289],[-123.744516,47.931259],[-123.744153,47.931172],[-123.743709,47.931013],[-123.743278,47.930836],[-123.742782,47.930749],[-123.741979,47.930799],[-123.740974,47.930743],[-123.739273,47.930681],[-123.738483,47.930642],[-123.738319,47.930445],[-123.73801,47.93033],[-123.738047,47.930114],[-123.737313,47.930289],[-123.736617,47.930303],[-123.73588,47.930262],[-123.735516,47.930121],[-123.735004,47.929863],[-123.734666,47.929622],[-123.734365,47.929165],[-123.734106,47.928807],[-123.733821,47.928602],[-123.734019,47.928385],[-123.734366,47.928266],[-123.734862,47.928334],[-123.735629,47.92859],[-123.736031,47.928615],[-123.73545,47.928286],[-123.735086,47.928099],[-123.734949,47.927884],[-123.734693,47.927751],[-123.734049,47.927683],[-123.73414,47.927484],[-123.733884,47.927378],[-123.733681,47.92719],[-123.734345,47.926826],[-123.734597,47.926672],[-123.73434,47.92643],[-123.734493,47.925908],[-123.734686,47.925348],[-123.734615,47.925088],[-123.734519,47.9249],[-123.734275,47.924685],[-123.733911,47.924553],[-123.733694,47.924329],[-123.73337,47.924151],[-123.73301,47.924261],[-123.732813,47.92447],[-123.732641,47.924669],[-123.732465,47.924517],[-123.7325,47.924112],[-123.732269,47.923888],[-123.731907,47.923846],[-123.731437,47.923759],[-123.731086,47.923554],[-123.730868,47.923267],[-123.730624,47.923071],[-123.730221,47.922939],[-123.72955,47.922835],[-123.72912,47.922748],[-123.729786,47.922492],[-123.730506,47.922307],[-123.730838,47.922107],[-123.73037,47.92211],[-123.730009,47.922157],[-123.730138,47.921814],[-123.730026,47.921455],[-123.729754,47.921187],[-123.729684,47.920945],[-123.729639,47.920603],[-123.729527,47.920271],[-123.729296,47.919993],[-123.72901,47.919671],[-123.728579,47.91944],[-123.727985,47.919129],[-123.727553,47.918817],[-123.727375,47.91853],[-123.727278,47.918351],[-123.727262,47.918135],[-123.727359,47.917396],[-123.727462,47.917099],[-123.727579,47.916846],[-123.727816,47.916584],[-123.728214,47.916311],[-123.728611,47.916012],[-123.728795,47.915768],[-123.728964,47.915452],[-123.729384,47.914846],[-123.729911,47.914222],[-123.730279,47.913761],[-123.730434,47.913337],[-123.730666,47.912751],[-123.730861,47.912309],[-123.731111,47.911992],[-123.731254,47.911694],[-123.731542,47.911279],[-123.731807,47.911043],[-123.732126,47.910915],[-123.732542,47.910993],[-123.73266,47.910822],[-123.732455,47.910499],[-123.732425,47.910283],[-123.732556,47.91012],[-123.733047,47.909784],[-123.733258,47.909549],[-123.733,47.909308],[-123.732595,47.90904],[-123.732793,47.908877],[-123.733489,47.908855],[-123.73409,47.908806],[-123.734612,47.908776],[-123.735347,47.908753],[-123.735883,47.908786],[-123.736219,47.908855],[-123.736514,47.908943],[-123.736945,47.909094],[-123.737384,47.908965],[-123.737367,47.90865],[-123.737108,47.908364],[-123.737145,47.908139],[-123.737368,47.907795],[-123.73739,47.90748],[-123.738066,47.907944],[-123.738335,47.908032],[-123.738992,47.908118],[-123.739434,47.90816],[-123.740063,47.908156],[-123.740865,47.908115],[-123.741734,47.908037],[-123.74243,47.908078],[-123.743168,47.90819],[-123.743664,47.908223],[-123.744051,47.908184],[-123.744691,47.908045],[-123.745453,47.907968],[-123.746549,47.907844],[-123.74731,47.907749],[-123.747604,47.907684],[-123.747843,47.907575],[-123.748217,47.907527],[-123.748668,47.907254],[-123.748906,47.907046],[-123.749265,47.906882],[-123.749558,47.90679],[-123.750094,47.906858],[-123.750498,47.907017],[-123.750862,47.907213],[-123.751131,47.907301],[-123.751923,47.907494],[-123.753211,47.907701],[-123.754858,47.907754],[-123.75602,47.907638],[-123.756768,47.907534],[-123.757434,47.907341],[-123.758022,47.907283],[-123.758582,47.907144],[-123.759247,47.906852],[-123.760058,47.906514],[-123.760444,47.906367],[-123.760792,47.906329],[-123.761823,47.90643],[-123.762399,47.906435],[-123.763082,47.906494],[-123.763431,47.906572],[-123.763755,47.906732],[-123.764129,47.906712],[-123.764717,47.906654],[-123.765303,47.90647],[-123.765851,47.906403],[-123.766639,47.906326],[-123.767401,47.906294],[-123.767697,47.906346],[-123.768271,47.906306],[-123.769446,47.906109],[-123.770112,47.905925],[-123.770512,47.905814],[-123.771368,47.905772],[-123.772156,47.905668],[-123.772743,47.905556],[-123.773277,47.90549],[-123.774146,47.90543],[-123.775028,47.905343],[-123.775793,47.905153],[-123.776455,47.905054],[-123.777028,47.904888],[-123.777547,47.904687],[-123.778065,47.904396],[-123.778396,47.904195],[-123.778737,47.904607],[-123.779109,47.905324],[-123.77945,47.905781],[-123.779939,47.906254],[-123.780171,47.906541],[-123.780098,47.907036],[-123.780784,47.907229],[-123.781776,47.907376],[-123.782222,47.907651],[-123.78252,47.907928],[-123.782672,47.908233],[-123.782904,47.90852],[-123.783837,47.909152],[-123.784552,47.909552],[-123.785226,47.909889],[-123.786104,47.910378],[-123.786615,47.910546],[-123.786881,47.91049],[-123.787176,47.91047],[-123.787432,47.910603],[-123.787734,47.911132],[-123.78802,47.911454],[-123.788868,47.911781],[-123.789782,47.912026],[-123.790153,47.912094],[-123.790963,47.912243],[-123.792226,47.912594],[-123.793034,47.912868],[-123.793303,47.91301],[-123.794325,47.913327],[-123.794876,47.913458],[-123.795547,47.913534],[-123.796216,47.913557],[-123.796844,47.913471],[-123.79763,47.913259],[-123.798085,47.913229],[-123.798889,47.913322],[-123.799977,47.913557],[-123.800741,47.913678],[-123.801787,47.913806],[-123.802578,47.913863],[-123.803245,47.913724],[-123.804433,47.913526],[-123.804992,47.913315],[-123.805616,47.912996],[-123.805773,47.912779],[-123.805809,47.9125],[-123.805722,47.912069],[-123.805918,47.911761],[-123.807052,47.911564],[-123.80764,47.911461],[-123.808603,47.911437],[-123.809685,47.911348],[-123.810432,47.91119],[-123.810819,47.911133],[-123.811395,47.911156],[-123.811931,47.911206],[-123.812736,47.911308],[-123.813298,47.911286],[-123.813618,47.91123],[-123.813747,47.910941],[-123.813892,47.910778],[-123.813983,47.910598],[-123.814477,47.910522],[-123.81481,47.91043],[-123.814777,47.91088],[-123.81474,47.911114],[-123.81524,47.911435],[-123.816291,47.911859],[-123.817218,47.912104],[-123.817745,47.912389],[-123.818233,47.912799],[-123.81868,47.913165],[-123.818374,47.913284],[-123.819105,47.913782],[-123.819863,47.914308],[-123.820876,47.91493],[-123.821336,47.915206],[-123.821446,47.915376],[-123.820684,47.915463],[-123.820566,47.915625],[-123.820244,47.915583],[-123.8198,47.915442],[-123.819657,47.916541],[-123.819162,47.916517],[-123.818773,47.916466],[-123.818979,47.917661],[-123.819054,47.918174],[-123.819391,47.918306],[-123.819686,47.91834],[-123.819951,47.918194],[-123.820611,47.918477],[-123.820912,47.918052],[-123.821178,47.917897],[-123.821685,47.917822],[-123.82202,47.91781],[-123.822436,47.917888],[-123.822319,47.91815],[-123.822341,47.918681],[-123.822453,47.918986],[-123.822643,47.919165],[-123.82297,47.919495],[-123.822659,47.920172],[-123.822395,47.920408],[-123.821451,47.920784],[-123.821001,47.92112],[-123.820913,47.921462],[-123.821012,47.921786],[-123.821166,47.922243],[-123.821104,47.922532],[-123.820974,47.922776],[-123.821071,47.923009],[-123.821293,47.923475],[-123.821245,47.923835],[-123.821346,47.924266],[-123.821608,47.92475],[-123.821681,47.925164],[-123.821726,47.925496],[-123.82216,47.925844],[-123.822545,47.925634],[-123.822782,47.925345],[-123.823056,47.924947],[-123.823197,47.924514],[-123.823302,47.923578],[-123.823553,47.923369],[-123.824055,47.922915],[-123.824689,47.922407],[-123.824914,47.922261],[-123.825429,47.922636],[-123.826112,47.923521],[-123.826399,47.923861],[-123.826778,47.92411],[-123.827275,47.924242],[-123.82796,47.924381],[-123.828826,47.92495],[-123.829327,47.925343],[-123.829466,47.925639],[-123.829607,47.926096],[-123.829575,47.926583],[-123.829448,47.927033],[-123.829712,47.926789],[-123.830242,47.926452],[-123.830559,47.926153],[-123.830729,47.925908],[-123.831181,47.925716],[-123.831407,47.926443],[-123.831247,47.927317],[-123.831217,47.927956],[-123.83123,47.928775],[-123.831507,47.929376],[-123.832014,47.930065],[-123.832463,47.930548],[-123.833059,47.930993],[-123.833599,47.931232],[-123.834095,47.931318],[-123.834818,47.931313],[-123.835538,47.931128],[-123.835842,47.930883],[-123.836204,47.930916],[-123.836797,47.931146],[-123.837432,47.93151],[-123.838024,47.931713],[-123.839153,47.931974],[-123.841177,47.932086],[-123.844016,47.932128],[-123.847072,47.932339],[-123.849322,47.932385],[-123.850634,47.932439],[-123.852293,47.932363],[-123.853226,47.932087],[-123.853907,47.931956],[-123.854992,47.93201],[-123.855663,47.932131],[-123.856666,47.932207],[-123.857238,47.932615],[-123.857968,47.933023],[-123.858466,47.933217],[-123.859057,47.93333],[-123.859967,47.933323],[-123.861172,47.933296],[-123.862549,47.933214],[-123.863392,47.933135],[-123.865516,47.932858],[-123.867759,47.932509],[-123.86852,47.93235],[-123.869389,47.932289],[-123.870608,47.932334],[-123.871706,47.932326],[-123.872548,47.932247],[-123.873617,47.932122],[-123.874258,47.932063],[-123.875164,47.931805],[-123.875818,47.931683],[-123.876271,47.931544],[-123.876483,47.931408],[-123.877407,47.931401],[-123.878358,47.931456],[-123.87904,47.931424],[-123.87992,47.931192],[-123.880599,47.930935],[-123.881249,47.930588],[-123.881896,47.930079],[-123.882145,47.92979],[-123.88241,47.929599],[-123.882796,47.929497],[-123.883035,47.929369],[-123.883099,47.92917],[-123.883232,47.928351],[-123.88344,47.927971],[-123.883462,47.927728],[-123.883363,47.927387],[-123.883394,47.926883],[-123.883861,47.926753],[-123.884678,47.926783],[-123.88552,47.926732],[-123.886802,47.926533],[-123.887936,47.926317],[-123.889176,47.926001],[-123.890043,47.925842],[-123.890938,47.9257],[-123.892113,47.925565],[-123.893128,47.925422],[-123.893794,47.925228],[-123.894391,47.924899],[-123.894653,47.924555],[-123.894928,47.924193],[-123.89503,47.923896],[-123.895187,47.923723],[-123.895545,47.923523],[-123.895998,47.923402],[-123.896386,47.92339],[-123.897084,47.923502],[-123.8975,47.923534],[-123.898137,47.923206],[-123.898187,47.923007],[-123.897796,47.922866],[-123.897273,47.922816],[-123.897619,47.922697],[-123.898406,47.922565],[-123.898872,47.922399],[-123.899149,47.922181],[-123.899279,47.921937],[-123.899573,47.921926],[-123.899671,47.92215],[-123.899939,47.922175],[-123.900109,47.92193],[-123.900198,47.921687],[-123.900182,47.921507],[-123.900855,47.921718],[-123.901178,47.921805],[-123.901295,47.921606],[-123.900982,47.921339],[-123.900643,47.921089],[-123.901042,47.920942],[-123.901591,47.920956],[-123.902075,47.921051],[-123.902627,47.921236],[-123.902978,47.921422],[-123.903236,47.921654],[-123.903494,47.921859],[-123.903892,47.921667],[-123.904302,47.921376],[-123.904634,47.921238],[-123.905235,47.921125],[-123.906251,47.921045],[-123.907052,47.920967],[-123.907879,47.920799],[-123.908667,47.920693],[-123.908976,47.920727],[-123.908489,47.921217],[-123.907752,47.921924],[-123.907514,47.922088],[-123.907796,47.92214],[-123.908345,47.922135],[-123.908587,47.922251],[-123.908138,47.922551],[-123.907409,47.922962],[-123.906759,47.923336],[-123.906161,47.923583],[-123.905845,47.923883],[-123.905569,47.924146],[-123.905506,47.924389],[-123.905636,47.924955],[-123.905722,47.925287],[-123.905621,47.925603],[-123.905466,47.925937],[-123.90551,47.926144],[-123.905781,47.926331],[-123.906149,47.926688],[-123.906368,47.92701],[-123.906672,47.926746],[-123.906814,47.926484],[-123.906902,47.926124],[-123.907224,47.926193],[-123.907335,47.926426],[-123.907301,47.926777],[-123.90727,47.927282],[-123.907319,47.927758],[-123.907628,47.927837],[-123.907826,47.927709],[-123.908123,47.927851],[-123.908516,47.928108],[-123.908947,47.928258],[-123.909497,47.928317],[-123.909913,47.928349],[-123.910116,47.928474],[-123.910239,47.928635],[-123.91059,47.929595],[-123.910907,47.930105],[-123.911251,47.930606],[-123.911752,47.930908],[-123.912411,47.931119],[-123.913448,47.931461],[-123.914644,47.931731],[-123.915975,47.932026],[-123.917411,47.932204],[-123.918939,47.932308],[-123.920455,47.932467],[-123.921433,47.932504],[-123.922207,47.932381],[-123.922606,47.932252],[-123.922818,47.932133],[-123.922987,47.931835],[-123.923292,47.931688],[-123.92382,47.932026],[-123.92467,47.932361],[-123.925881,47.93272],[-123.927094,47.93316],[-123.92851,47.933743],[-123.929508,47.934149],[-123.930263,47.934412],[-123.931451,47.934979],[-123.932556,47.935366],[-123.932881,47.93557],[-123.933141,47.935856],[-123.933689,47.936544],[-123.934135,47.936801],[-123.934511,47.93687],[-123.934872,47.936849],[-123.935344,47.937025],[-123.936166,47.937325],[-123.937054,47.93756],[-123.938422,47.937693],[-123.939696,47.937782],[-123.940486,47.937793],[-123.941266,47.937985],[-123.942422,47.938191],[-123.943228,47.938337],[-123.944234,47.938437],[-123.945387,47.938509],[-123.946283,47.938474],[-123.946925,47.938415],[-123.947766,47.938282],[-123.949085,47.937956],[-123.950201,47.937461],[-123.951141,47.936896],[-123.951776,47.936449],[-123.952078,47.936132],[-123.952397,47.936021],[-123.952715,47.935848],[-123.953086,47.935611],[-123.954133,47.935008],[-123.954739,47.934508],[-123.955026,47.934083],[-123.955178,47.933614],[-123.955315,47.933064],[-123.955723,47.932683],[-123.956146,47.932355],[-123.956393,47.931975],[-123.956794,47.931216],[-123.956986,47.930747],[-123.956982,47.930504],[-123.956936,47.930216],[-123.957227,47.930025],[-123.957572,47.929851],[-123.957757,47.929697],[-123.957764,47.929391],[-123.957796,47.928914],[-123.958004,47.928624],[-123.958237,47.928172],[-123.958645,47.927818],[-123.959003,47.927581],[-123.959389,47.92747],[-123.959828,47.927331],[-123.960425,47.927038],[-123.961126,47.926609],[-123.961657,47.926317],[-123.962359,47.925942],[-123.962824,47.92574],[-123.96321,47.925629],[-123.96413,47.925415],[-123.964502,47.925267],[-123.965112,47.924947],[-123.965949,47.924643],[-123.966428,47.924495],[-123.966907,47.924347],[-123.967776,47.92425],[-123.968592,47.924225],[-123.968899,47.924169],[-123.969336,47.923958],[-123.969775,47.923765],[-123.97016,47.9236],[-123.970601,47.923588],[-123.971422,47.923788],[-123.971784,47.923865],[-123.972091,47.923809],[-123.9725,47.923481],[-123.97284,47.923065],[-123.973509,47.922321],[-123.974036,47.921867],[-123.97427,47.921496],[-123.974332,47.921253],[-123.974298,47.920839],[-123.974305,47.920515],[-123.974687,47.920179],[-123.975283,47.919868],[-123.976401,47.919498],[-123.977027,47.919331],[-123.977628,47.919263],[-123.978951,47.919198],[-123.979887,47.919118],[-123.98066,47.918949],[-123.98159,47.91859],[-123.982254,47.918324],[-123.98332,47.918054],[-123.98441,47.917676],[-123.985167,47.917336],[-123.985884,47.917033],[-123.987704,47.916316],[-123.988833,47.915883],[-123.989883,47.915514],[-123.990735,47.915273],[-123.991763,47.915093],[-123.992763,47.91494],[-123.993202,47.914766],[-123.993453,47.914602],[-123.993954,47.914228],[-123.994681,47.913727],[-123.995186,47.913561],[-123.99576,47.913484],[-123.996296,47.913533],[-123.996957,47.913779],[-123.997496,47.913973],[-123.998061,47.914121],[-123.998786,47.914222],[-123.999281,47.914236],[-123.999668,47.914152],[-124.000199,47.913931],[-124.000755,47.913638],[-124.001273,47.913409],[-124.001586,47.913019],[-124.001699,47.912622],[-124.001662,47.912092],[-124.001507,47.910996],[-124.001719,47.910166],[-124.002075,47.90992],[-124.002394,47.909809],[-124.002822,47.909805],[-124.003507,47.909925],[-124.003966,47.910101],[-124.004326,47.91008],[-124.004911,47.909877],[-124.005227,47.909586],[-124.005946,47.909382],[-124.006959,47.909175],[-124.007638,47.908998],[-124.008118,47.908922],[-124.00897,47.908699],[-124.009715,47.908476],[-124.010124,47.908185],[-124.010517,47.90774],[-124.010834,47.90754],[-124.011286,47.907365],[-124.01167,47.907181],[-124.012484,47.907048],[-124.012746,47.906776],[-124.012856,47.906208],[-124.013048,47.905793],[-124.01331,47.905484],[-124.013946,47.905182],[-124.014357,47.90498],[-124.014581,47.904798],[-124.014908,47.904409],[-124.015252,47.904226],[-124.015744,47.904023],[-124.016489,47.903846],[-124.017034,47.903661],[-124.0173,47.903533],[-124.017498,47.903396],[-124.01775,47.903304],[-124.018497,47.903207],[-124.019021,47.903274],[-124.019581,47.90318],[-124.020806,47.902881],[-124.021843,47.902548],[-124.022922,47.902295],[-124.023854,47.902089],[-124.024306,47.901914],[-124.024504,47.901759],[-124.024854,47.901225],[-124.025009,47.900918],[-124.025392,47.900698],[-124.025816,47.900452],[-124.026172,47.900206],[-124.026125,47.899873],[-124.025984,47.899505],[-124.02622,47.89926],[-124.026599,47.898798],[-124.026956,47.898597],[-124.027004,47.898273],[-124.026973,47.898093],[-124.027462,47.897765],[-124.027779,47.897582],[-124.028092,47.897183],[-124.028354,47.896875],[-124.028671,47.896674],[-124.029454,47.896343],[-124.029638,47.896162],[-124.029738,47.895855],[-124.029784,47.895459],[-124.030048,47.895258],[-124.030409,47.895237],[-124.031001,47.89543],[-124.031549,47.895398],[-124.032131,47.895087],[-124.032741,47.894775],[-124.033073,47.894682],[-124.033391,47.894526],[-124.033549,47.894372],[-124.033581,47.893958],[-124.033963,47.893666],[-124.034279,47.893403],[-124.034655,47.892832],[-124.034848,47.892435],[-124.035111,47.892235],[-124.035598,47.892491],[-124.035893,47.892515],[-124.03632,47.892467],[-124.036867,47.892372],[-124.03732,47.892278],[-124.037583,47.892077],[-124.038061,47.891902],[-124.039261,47.891693],[-124.039596,47.89169],[-124.040146,47.891775],[-124.041033,47.891983],[-124.041717,47.892067],[-124.042373,47.892106],[-124.042988,47.892073],[-124.044148,47.891901],[-124.045125,47.891919],[-124.045768,47.891931],[-124.04613,47.891991],[-124.046401,47.892186],[-124.046696,47.892183],[-124.047015,47.8921],[-124.047035,47.891748],[-124.0475,47.891591],[-124.04789,47.891696],[-124.048189,47.891954],[-124.048869,47.891813],[-124.049295,47.891728],[-124.049616,47.891698],[-124.049911,47.89174],[-124.050233,47.891782],[-124.050592,47.891689],[-124.050882,47.89147],[-124.051425,47.891222],[-124.051943,47.891038],[-124.052529,47.890906],[-124.053278,47.890873],[-124.054227,47.890864],[-124.055111,47.890883],[-124.056249,47.890917],[-124.057329,47.890772],[-124.0579,47.890551],[-124.058415,47.89024],[-124.058675,47.88986],[-124.058696,47.889581],[-124.058598,47.889357],[-124.058201,47.888929],[-124.05797,47.888733],[-124.058031,47.888444],[-124.058307,47.888199],[-124.058867,47.888131],[-124.059324,47.888235],[-124.059757,47.888474],[-124.060374,47.888531],[-124.060694,47.888483],[-124.061151,47.888614],[-124.06105,47.888264],[-124.06114,47.888083],[-124.061472,47.887972],[-124.061725,47.887879],[-124.062327,47.887892],[-124.063104,47.887948],[-124.064508,47.887935],[-124.066006,47.887921],[-124.067439,47.887997],[-124.068819,47.888093],[-124.070161,47.888323],[-124.071045,47.888378],[-124.071987,47.888639],[-124.072713,47.888821],[-124.073197,47.888933],[-124.073598,47.88893],[-124.074279,47.888851],[-124.074797,47.888676],[-124.075474,47.888426],[-124.07619,47.888132],[-124.076824,47.887712],[-124.076953,47.887513],[-124.077314,47.886861],[-124.077644,47.886615],[-124.078013,47.886387],[-124.078506,47.886292],[-124.07916,47.886214],[-124.079666,47.886111],[-124.080292,47.885943],[-124.081195,47.885628],[-124.081896,47.88528],[-124.082402,47.885158],[-124.08287,47.885136],[-124.08315,47.885115],[-124.083549,47.884994],[-124.084148,47.884836],[-124.08448,47.884751],[-124.085295,47.884681],[-124.085616,47.884696],[-124.086101,47.88488],[-124.086916,47.884791],[-124.087594,47.884614],[-124.08794,47.884521],[-124.088597,47.884596],[-124.089228,47.884707],[-124.09006,47.884852],[-124.090852,47.88497],[-124.091427,47.884983],[-124.091787,47.884916],[-124.092492,47.88472],[-124.092945,47.884644],[-124.094137,47.884732],[-124.095409,47.884765],[-124.096318,47.884756],[-124.096772,47.884707],[-124.097251,47.884576],[-124.097651,47.884545],[-124.098428,47.884565],[-124.099377,47.884574],[-124.100473,47.884527],[-124.101476,47.884491],[-124.102679,47.884452],[-124.103615,47.88447],[-124.104472,47.88448],[-124.105009,47.884583],[-124.105345,47.884669],[-124.106163,47.884769],[-124.106753,47.884809],[-124.107514,47.884738],[-124.108435,47.884685],[-124.109344,47.884649],[-124.110119,47.884623],[-124.110576,47.884691],[-124.110924,47.884723],[-124.111378,47.884701],[-124.112033,47.884677],[-124.112354,47.884665],[-124.112741,47.884598],[-124.113098,47.884405],[-124.1144,47.884033],[-124.115079,47.883855],[-124.115878,47.883695],[-124.116505,47.883644],[-124.117185,47.883502],[-124.117917,47.88336],[-124.118609,47.883209],[-124.119409,47.883048],[-124.120316,47.882977],[-124.121582,47.882721],[-124.122488,47.882559],[-124.123059,47.882401],[-124.123445,47.882289],[-124.123844,47.882213],[-124.12442,47.882208],[-124.124899,47.882095],[-124.125353,47.882064],[-124.126273,47.881956],[-124.126646,47.881889],[-124.127137,47.881677],[-124.12771,47.8816],[-124.128643,47.881455],[-124.129657,47.881337],[-124.130805,47.881218],[-124.131514,47.881256],[-124.132893,47.881288],[-124.133777,47.881369],[-124.134484,47.881272],[-124.135524,47.881127],[-124.136456,47.880919],[-124.137336,47.880776],[-124.138017,47.880733],[-124.138589,47.880619],[-124.138786,47.880437],[-124.139224,47.880262],[-124.139824,47.880202],[-124.140261,47.880009],[-124.140749,47.879707],[-124.141037,47.879407],[-124.141363,47.879017],[-124.1418,47.878815],[-124.142676,47.878509],[-124.143356,47.878431],[-124.143744,47.878427],[-124.144481,47.878509],[-124.1451,47.878647],[-124.145945,47.878774],[-124.146699,47.879],[-124.147416,47.879362],[-124.148525,47.879944],[-124.149498,47.880385],[-124.150671,47.880796],[-124.151746,47.881046],[-124.152523,47.881074],[-124.153542,47.88119],[-124.154374,47.881298],[-124.154922,47.881293],[-124.156044,47.881219],[-124.157165,47.881099],[-124.157967,47.881091],[-124.158437,47.881194],[-124.159315,47.881581],[-124.160434,47.881975],[-124.161405,47.882316],[-124.161727,47.882349],[-124.162276,47.882379],[-124.162693,47.882483],[-124.163578,47.882591],[-124.164678,47.882742],[-124.165537,47.882886],[-124.16614,47.882898],[-124.1665,47.882858],[-124.167044,47.882682],[-124.167456,47.88257],[-124.16783,47.882548],[-124.168139,47.882581],[-124.168396,47.88274],[-124.16864,47.882855],[-124.169029,47.882923],[-124.169351,47.882973],[-124.170048,47.883038],[-124.171362,47.883169],[-124.171763,47.883165],[-124.172282,47.883015],[-124.172747,47.882876],[-124.173422,47.883157],[-124.174017,47.883474],[-124.174408,47.883596],[-124.174822,47.883556],[-124.175587,47.883089],[-124.176207,47.882714],[-124.176323,47.882533],[-124.176546,47.882306],[-124.176968,47.88205],[-124.177515,47.88199],[-124.178158,47.882055],[-124.178965,47.882227],[-124.179837,47.882344],[-124.180416,47.882527],[-124.182672,47.884069],[-124.183389,47.884449],[-124.183983,47.884677],[-124.184318,47.884718],[-124.185078,47.884575],[-124.188259,47.883895],[-124.189122,47.883598],[-124.190049,47.883219],[-124.191031,47.882894],[-124.191897,47.882732],[-124.192683,47.882589],[-124.193551,47.882508],[-124.19434,47.882536],[-124.195438,47.882587],[-124.196619,47.882755],[-124.197804,47.883094],[-124.199032,47.88354],[-124.200189,47.883852],[-124.200752,47.883909],[-124.201219,47.883859],[-124.201833,47.883798],[-124.202342,47.883829],[-124.202852,47.883896],[-124.203414,47.883908],[-124.203989,47.883884],[-124.2053,47.883915],[-124.206597,47.883901],[-124.20832,47.883766],[-124.209388,47.883683],[-124.210443,47.883609],[-124.211165,47.883601],[-124.211972,47.8838],[-124.213399,47.884198],[-124.214883,47.884723],[-124.215532,47.885013],[-124.21701,47.885879],[-124.217928,47.886256],[-124.218654,47.88641],[-124.219164,47.886459],[-124.219511,47.88641],[-124.220375,47.886185],[-124.221281,47.886049],[-124.222715,47.885611],[-124.223644,47.885286],[-124.224546,47.884962],[-124.225275,47.884684],[-124.225617,47.884438],[-124.226077,47.884073],[-124.226776,47.883678],[-124.22785,47.883271],[-124.228886,47.882945],[-124.22951,47.882767],[-124.230297,47.882669],[-124.231339,47.882604],[-124.232499,47.882465],[-124.233618,47.882264],[-124.234442,47.88204],[-124.234975,47.881962],[-124.235923,47.88188],[-124.236646,47.881917],[-124.23764,47.882095],[-124.238713,47.882227],[-124.239502,47.882228],[-124.240089,47.882141],[-124.24102,47.881915],[-124.24138,47.881884],[-124.241862,47.881905],[-124.242847,47.882255],[-124.243561,47.882472],[-124.244082,47.882466],[-124.244869,47.882368],[-124.245481,47.882208],[-124.246268,47.882119],[-124.247087,47.882127],[-124.247685,47.882103],[-124.248324,47.88197],[-124.248791,47.88192],[-124.249454,47.882228],[-124.249883,47.882295],[-124.250351,47.882263],[-124.251067,47.882039],[-124.251729,47.881744],[-124.252749,47.88131],[-124.253542,47.880942],[-124.254152,47.880719],[-124.25487,47.880558],[-124.255673,47.880577],[-124.256784,47.880582],[-124.258173,47.880522],[-124.259335,47.880464],[-124.260616,47.880324],[-124.262096,47.880119],[-124.26383,47.879947],[-124.266499,47.879684],[-124.267686,47.879581],[-124.268596,47.879598],[-124.26955,47.879776],[-124.270881,47.880031],[-124.271978,47.880307]]}},{"type":"Feature","properties":{"segment_type":"roadwalk","route_id":"main","region_id":"olympic-peninsula","region_name":"Olympic Peninsula","section_id":null,"section_name":null,"route_type":"roadwalk"},"geometry":{"type":"LineString","coordinates":[[-124.271978,47.880307],[-124.273756,47.880557],[-124.274438,47.880559],[-124.274879,47.880545],[-124.275598,47.880393],[-124.276565,47.88004],[-124.277214,47.879763],[-124.27786,47.879396],[-124.278451,47.878948],[-124.278954,47.878718],[-124.27943,47.878524],[-124.279976,47.878418],[-124.280657,47.878384],[-124.281673,47.878355],[-124.282341,47.878338],[-124.282954,47.878241],[-124.283472,47.878109],[-124.28452,47.877756],[-124.285275,47.87745],[-124.286246,47.877224],[-124.28707,47.877025],[-124.287852,47.876747],[-124.28838,47.876462],[-124.288989,47.876221],[-124.289561,47.876071],[-124.290081,47.876011],[-124.291351,47.875997],[-124.292045,47.875926],[-124.293634,47.875845],[-124.295249,47.875719],[-124.295582,47.875643],[-124.296429,47.875292],[-124.297198,47.87504],[-124.297491,47.874983],[-124.298438,47.8749],[-124.299077,47.874758],[-124.300447,47.874472],[-124.301646,47.874288],[-124.302447,47.874216],[-124.30293,47.874273],[-124.303565,47.874536],[-124.303824,47.874731],[-124.30424,47.875338],[-124.304588,47.875874],[-124.305067,47.8763],[-124.305472,47.876458],[-124.306802,47.876569],[-124.307629,47.876509],[-124.308711,47.876278],[-124.309234,47.876218],[-124.309744,47.875897],[-124.310173,47.875763],[-124.310758,47.875584],[-124.311724,47.875707],[-124.315271,47.87631],[-124.316132,47.876489],[-124.316833,47.876715],[-124.317969,47.877215],[-124.318644,47.877459],[-124.319341,47.877541],[-124.320237,47.87753],[-124.320985,47.877477],[-124.32431,47.877285],[-124.32471,47.877218],[-124.325347,47.877031],[-124.326449,47.876712],[-124.327114,47.876569],[-124.327739,47.876445],[-124.32846,47.876374],[-124.329301,47.876337],[-124.329985,47.876383],[-124.330523,47.876539],[-124.330861,47.876661],[-124.331169,47.876666],[-124.331608,47.87658],[-124.332061,47.876512],[-124.332409,47.876517],[-124.332934,47.876646],[-124.333815,47.877121],[-124.334605,47.877688],[-124.335054,47.877971],[-124.335526,47.878127],[-124.33604,47.878337],[-124.336312,47.878505],[-124.33699,47.878893],[-124.337509,47.879319],[-124.338263,47.880012],[-124.338933,47.880598],[-124.339561,47.881067],[-124.340198,47.88142],[-124.342327,47.881503],[-124.34388,47.881548],[-124.344243,47.881615],[-124.344515,47.881783],[-124.345143,47.882298],[-124.34583,47.882982],[-124.346415,47.883676],[-124.346563,47.883901],[-124.346284,47.884507],[-124.345843,47.885034],[-124.34548,47.885479],[-124.345143,47.885915],[-124.344887,47.88635],[-124.344671,47.886793],[-124.344496,47.887272],[-124.34436,47.887678],[-124.34434,47.887931],[-124.344321,47.888264],[-124.34448,47.888703],[-124.344701,47.88897],[-124.34496,47.889156],[-124.345256,47.889234],[-124.345658,47.889265],[-124.346502,47.889282],[-124.347266,47.889363],[-124.347727,47.889609],[-124.347866,47.889779],[-124.348048,47.890119],[-124.348186,47.890279],[-124.348444,47.89042],[-124.348945,47.89063],[-124.349499,47.890848],[-124.350001,47.89113],[-124.350426,47.891512],[-124.350864,47.891912],[-124.351036,47.89236],[-124.351058,47.892683],[-124.351021,47.893323],[-124.351095,47.893592],[-124.351185,47.893942],[-124.351534,47.894513],[-124.351798,47.894897],[-124.352015,47.895011],[-124.352458,47.895078],[-124.353035,47.895125],[-124.353574,47.895263],[-124.354318,47.895578],[-124.354786,47.89578],[-124.355194,47.895838],[-124.355514,47.895807],[-124.355913,47.895685],[-124.356255,47.895465],[-124.356715,47.895163],[-124.357074,47.89506],[-124.357593,47.894973],[-124.358035,47.894994],[-124.358479,47.895079],[-124.358974,47.895091],[-124.359736,47.895055],[-124.360201,47.894933],[-124.359755,47.89492],[-124.35909,47.894901],[-124.358084,47.894814],[-124.3578,47.8947],[-124.357131,47.894195],[-124.356255,47.893441],[-124.35592,47.892896],[-124.355857,47.892519],[-124.355897,47.892176],[-124.356195,47.891697],[-124.356415,47.891361],[-124.356674,47.891025],[-124.356927,47.890473],[-124.357109,47.88976],[-124.35715,47.889273],[-124.357201,47.888688],[-124.357164,47.888293],[-124.357047,47.887898],[-124.356822,47.887487],[-124.356331,47.886728],[-124.356956,47.886468],[-124.357435,47.886355],[-124.358127,47.886248],[-124.358474,47.886217],[-124.35879,47.886006],[-124.358754,47.885646],[-124.358555,47.885199],[-124.358521,47.88492],[-124.358484,47.884543],[-124.358496,47.883976],[-124.358489,47.883715],[-124.358157,47.883305],[-124.357939,47.883137],[-124.357984,47.882812],[-124.358474,47.882114],[-124.359099,47.881449],[-124.359597,47.881066],[-124.359913,47.880882],[-124.360205,47.880789],[-124.360725,47.880728],[-124.361862,47.880742],[-124.362288,47.880665],[-124.362601,47.880346],[-124.36255,47.879951],[-124.362494,47.879322],[-124.362419,47.879035],[-124.36228,47.878847],[-124.362092,47.87831],[-124.362112,47.878022],[-124.362243,47.877426],[-124.36215,47.876932],[-124.362004,47.876457],[-124.361778,47.875992],[-124.36158,47.87559],[-124.361547,47.875365],[-124.361505,47.87479],[-124.361648,47.874113],[-124.361874,47.873049],[-124.362112,47.872434],[-124.362278,47.872126],[-124.362433,47.871926],[-124.362743,47.871381],[-124.36292,47.871129],[-124.363276,47.870918],[-124.36383,47.870623],[-124.364062,47.870513],[-124.364992,47.870069],[-124.365495,47.869884],[-124.365775,47.869835],[-124.366231,47.869875],[-124.367036,47.869991],[-124.367625,47.870029],[-124.368655,47.870044],[-124.370794,47.869994],[-124.371849,47.86997],[-124.372303,47.86991],[-124.372807,47.86976],[-124.373807,47.869154],[-124.374108,47.868908],[-124.374439,47.868787],[-124.374824,47.868692],[-124.37532,47.868713],[-124.376269,47.868711],[-124.37723,47.868637],[-124.378126,47.868653],[-124.378808,47.868645],[-124.379264,47.868684],[-124.380074,47.868494],[-124.381153,47.868311],[-124.381416,47.868154],[-124.381597,47.867918],[-124.382049,47.867841],[-124.382386,47.867936],[-124.382808,47.868192],[-124.383102,47.868206],[-124.383408,47.868148],[-124.383556,47.867679],[-124.383598,47.867246],[-124.384336,47.866833],[-124.384965,47.866366],[-124.385223,47.865985],[-124.385704,47.865502],[-124.385968,47.865364],[-124.386473,47.865232],[-124.387007,47.865226],[-124.387198,47.865358],[-124.387395,47.865734],[-124.387592,47.866091],[-124.387851,47.866259],[-124.388282,47.866398],[-124.388872,47.866454],[-124.390102,47.866439],[-124.39352,47.866262],[-124.394123,47.8663],[-124.394862,47.866453],[-124.396337,47.866838],[-124.398187,47.867276],[-124.401391,47.868065],[-124.403812,47.868575],[-124.406176,47.868978],[-124.408217,47.869295],[-124.409346,47.869506],[-124.410171,47.869325],[-124.410686,47.869094],[-124.411263,47.8687],[-124.411907,47.868269],[-124.412304,47.86812],[-124.412903,47.868005],[-124.413653,47.868068],[-124.415155,47.868211],[-124.41655,47.868392],[-124.417309,47.868609],[-124.417575,47.868685],[-124.418329,47.868874],[-124.419107,47.868963],[-124.420461,47.869117],[-124.421905,47.869099],[-124.423096,47.869121],[-124.423688,47.869248],[-124.4241,47.869648],[-124.425334,47.870757],[-124.426873,47.872259],[-124.42756,47.872943],[-124.428158,47.873269],[-124.428697,47.873415],[-124.429569,47.873521],[-124.430336,47.873691],[-124.430803,47.873191],[-124.430886,47.872776],[-124.430915,47.872406],[-124.432235,47.871292],[-124.432851,47.870808],[-124.433057,47.870535],[-124.433157,47.870291],[-124.433215,47.869966],[-124.433338,47.869101],[-124.433427,47.868929],[-124.433849,47.868231],[-124.434183,47.867714],[-124.434357,47.867253],[-124.434428,47.866901],[-124.434369,47.866489],[-124.434126,47.865177],[-124.433667,47.863581],[-124.433288,47.862434],[-124.43295,47.861809],[-124.432613,47.86121],[-124.432395,47.860601],[-124.432204,47.859965],[-124.431893,47.858889],[-124.431668,47.858478],[-124.431169,47.857845],[-124.430561,47.857115],[-124.429696,47.856271],[-124.429516,47.856057],[-124.429292,47.855673],[-124.428998,47.855209],[-124.42875,47.854933],[-124.428546,47.854801],[-124.427977,47.854529],[-124.427781,47.854216],[-124.428118,47.853816],[-124.428277,47.853301],[-124.428531,47.852794],[-124.428953,47.852114],[-124.429223,47.851715],[-124.429399,47.851335],[-124.42994,47.851058],[-124.430344,47.850675],[-124.43105,47.850109],[-124.431323,47.849835],[-124.431714,47.849452],[-124.432068,47.849214],[-124.432939,47.848807],[-124.435133,47.847916],[-124.435594,47.847658],[-124.435855,47.847439],[-124.436089,47.847175],[-124.436332,47.846803],[-124.436616,47.846422],[-124.436915,47.846112],[-124.438165,47.845413],[-124.439157,47.845022],[-124.439459,47.844839],[-124.439652,47.844575],[-124.439495,47.844208],[-124.439409,47.843994],[-124.43947,47.843768],[-124.439555,47.843488],[-124.439421,47.842977],[-124.439079,47.842684],[-124.438533,47.842295],[-124.438314,47.842109],[-124.438286,47.841578],[-124.438091,47.841275],[-124.438072,47.841077],[-124.438187,47.840896],[-124.438877,47.840725],[-124.439636,47.840617],[-124.440259,47.840438],[-124.440787,47.840197],[-124.441287,47.839903],[-124.441536,47.839729],[-124.442136,47.839658],[-124.442636,47.83961],[-124.443014,47.83953],[-124.443635,47.839271],[-124.444607,47.838674],[-124.444907,47.838347],[-124.445057,47.83802],[-124.445057,47.837543],[-124.445058,47.836607],[-124.4452,47.836435],[-124.445495,47.835999],[-124.445778,47.835582],[-124.446362,47.834486],[-124.446657,47.834041],[-124.447035,47.833685],[-124.447986,47.832836],[-124.44829,47.832689],[-124.448647,47.832558],[-124.44898,47.832536],[-124.449754,47.832472],[-124.4507,47.832379],[-124.451168,47.832391],[-124.451705,47.832502],[-124.452112,47.832694],[-124.452464,47.832861],[-124.452868,47.833],[-124.453217,47.83304],[-124.453699,47.833079],[-124.454058,47.833003],[-124.454415,47.83289],[-124.455027,47.832765],[-124.455307,47.832744],[-124.455934,47.832727],[-124.456492,47.832603],[-124.457435,47.832393],[-124.458308,47.832094],[-124.457764,47.831723],[-124.457417,47.831277],[-124.457189,47.830785],[-124.457053,47.830202],[-124.45694,47.829979],[-124.456211,47.829727],[-124.455608,47.829654],[-124.454919,47.829411],[-124.454341,47.829283],[-124.453673,47.829264],[-124.452966,47.8293],[-124.452498,47.829306],[-124.452228,47.82922],[-124.45206,47.828934],[-124.452,47.828683],[-124.451769,47.828569],[-124.45131,47.828395],[-124.450881,47.828337],[-124.450466,47.828324],[-124.449601,47.828443],[-124.44932,47.828411],[-124.448995,47.828271],[-124.448317,47.827911],[-124.447503,47.827471],[-124.447257,47.827276],[-124.446788,47.827219],[-124.44562,47.827027],[-124.444846,47.826774],[-124.443999,47.826399],[-124.443713,47.826205],[-124.443216,47.826103],[-124.442841,47.826072],[-124.442579,47.826114],[-124.442032,47.826271],[-124.441708,47.826158],[-124.441063,47.825564],[-124.441124,47.825338],[-124.441584,47.825062],[-124.441724,47.824799],[-124.441838,47.824573],[-124.441856,47.824267],[-124.441968,47.82396],[-124.44221,47.823561],[-124.442244,47.823344],[-124.442212,47.823129],[-124.442087,47.82295],[-124.441305,47.822708],[-124.440567,47.822583],[-124.440269,47.822451],[-124.439983,47.822257],[-124.439603,47.822037],[-124.439333,47.821932],[-124.43892,47.821982],[-124.43862,47.822238],[-124.438453,47.822501],[-124.438189,47.822612],[-124.437848,47.822815],[-124.43756,47.823043],[-124.437219,47.823263],[-124.436737,47.823242],[-124.436519,47.823092],[-124.436433,47.822877],[-124.436507,47.822642],[-124.436841,47.82217],[-124.437145,47.821582],[-124.437316,47.820977],[-124.437315,47.820446],[-124.43721,47.820051],[-124.437054,47.819729],[-124.436775,47.819511],[-124.436412,47.819318],[-124.435905,47.819222],[-124.435199,47.819321],[-124.433964,47.81957],[-124.432993,47.819744],[-124.432513,47.819777],[-124.431615,47.819644],[-124.431303,47.819486],[-124.431151,47.81929],[-124.431143,47.81902],[-124.431373,47.818622],[-124.431474,47.818422],[-124.431322,47.818217],[-124.430772,47.818161],[-124.430476,47.818084],[-124.430336,47.817843],[-124.430438,47.817662],[-124.43071,47.81737],[-124.430743,47.817091],[-124.430416,47.816861],[-124.430143,47.816649],[-124.430027,47.816317],[-124.429734,47.81588],[-124.429511,47.815523],[-124.42961,47.815234],[-124.429975,47.815099],[-124.430434,47.815079],[-124.430873,47.815038],[-124.431145,47.814711],[-124.431068,47.814361],[-124.430875,47.813652],[-124.430977,47.813471],[-124.43122,47.813063],[-124.431227,47.812829],[-124.431154,47.812596],[-124.430861,47.812159],[-124.430855,47.811943],[-124.431194,47.811633],[-124.431509,47.811431],[-124.43157,47.811241],[-124.431498,47.811044],[-124.431267,47.810903],[-124.430809,47.810765],[-124.430407,47.810707],[-124.430062,47.810792],[-124.429708,47.811021],[-124.429421,47.811286],[-124.42913,47.811397],[-124.428809,47.811365],[-124.428301,47.810859],[-124.42777,47.810515],[-124.426946,47.810147],[-124.426126,47.809968],[-124.425091,47.80972],[-124.424537,47.809502],[-124.42404,47.809192],[-124.423878,47.808359],[-124.42376,47.807937],[-124.423553,47.807697],[-124.423243,47.807593],[-124.422547,47.807556],[-124.421477,47.807516],[-124.420927,47.807396],[-124.420548,47.807212],[-124.42034,47.806945],[-124.420088,47.806525],[-124.419882,47.805844],[-124.419686,47.805504],[-124.419468,47.805336],[-124.419047,47.80508],[-124.418758,47.804751],[-124.418399,47.804333],[-124.417756,47.803765],[-124.417343,47.803311],[-124.41708,47.802972],[-124.416734,47.802554],[-124.415321,47.801635],[-124.414834,47.801425],[-124.414418,47.801349],[-124.41379,47.801339],[-124.412989,47.801349],[-124.412521,47.80131],[-124.412211,47.801206],[-124.412032,47.801019],[-124.411971,47.800759],[-124.411746,47.80033],[-124.411525,47.800071],[-124.4112,47.799886],[-124.410027,47.79946],[-124.409365,47.79918],[-124.409227,47.79902],[-124.409006,47.798778],[-124.408149,47.797675],[-124.407869,47.79721],[-124.407089,47.796518],[-124.406441,47.795972],[-124.406215,47.795782],[-124.404948,47.794852],[-124.403942,47.794217],[-124.403198,47.793839],[-124.402388,47.793507],[-124.401592,47.79322],[-124.400315,47.792885],[-124.399224,47.792529],[-124.398615,47.792249],[-124.398141,47.792025],[-124.397489,47.791578],[-124.396238,47.790748],[-124.394457,47.789537],[-124.394026,47.789389],[-124.392712,47.789207],[-124.389696,47.78874],[-124.387001,47.788314],[-124.38491,47.788006],[-124.384197,47.787835],[-124.383713,47.787705],[-124.38323,47.787603],[-124.380906,47.787082],[-124.379416,47.786758],[-124.377751,47.786419],[-124.376972,47.786221],[-124.376447,47.786074],[-124.375297,47.785503],[-124.373831,47.784576],[-124.372718,47.78387],[-124.371918,47.783429],[-124.371512,47.783191],[-124.371269,47.783095],[-124.370921,47.783063],[-124.370293,47.783062],[-124.369065,47.78304],[-124.363273,47.783136],[-124.362565,47.7831],[-124.36172,47.782948],[-124.361124,47.782649],[-124.360192,47.78221],[-124.359489,47.781877],[-124.35908,47.781567],[-124.357059,47.779827],[-124.356898,47.77951],[-124.356818,47.779263],[-124.356832,47.778795],[-124.356829,47.778147],[-124.356807,47.777823],[-124.355904,47.775945],[-124.354947,47.774561],[-124.35449,47.773919],[-124.354359,47.773515],[-124.354241,47.773094],[-124.354103,47.772739],[-124.353792,47.772235],[-124.353452,47.771997],[-124.352884,47.771733],[-124.352035,47.77141],[-124.351429,47.771211],[-124.351118,47.771034],[-124.35037,47.770503],[-124.349917,47.770005],[-124.349763,47.769728],[-124.349322,47.769193],[-124.348898,47.76882],[-124.348316,47.768503],[-124.347494,47.768198],[-124.346799,47.768134],[-124.345479,47.768194],[-124.344291,47.768208],[-124.343332,47.768264],[-124.342921,47.768359],[-124.34256,47.768363],[-124.342204,47.768241],[-124.342069,47.767955],[-124.342078,47.767271],[-124.34369,47.766641],[-124.344561,47.766253],[-124.344823,47.76607],[-124.345069,47.765779],[-124.345314,47.765443],[-124.345665,47.765061],[-124.345968,47.764931],[-124.346248,47.764892],[-124.346946,47.765055],[-124.347436,47.764914],[-124.347563,47.76467],[-124.347475,47.764356],[-124.347534,47.764076],[-124.347731,47.763939],[-124.348399,47.763454],[-124.348647,47.763226],[-124.348839,47.762936],[-124.349192,47.762626],[-124.349675,47.762233],[-124.350164,47.76203],[-124.350785,47.761798],[-124.351102,47.761659],[-124.351363,47.76144],[-124.351583,47.761167],[-124.351949,47.760893],[-124.352346,47.760753],[-124.352983,47.760602],[-124.35326,47.760509],[-124.353483,47.760335],[-124.35373,47.76008],[-124.354535,47.759234],[-124.354732,47.759097],[-124.355023,47.759003],[-124.355381,47.758936],[-124.356245,47.758791],[-124.356734,47.758623],[-124.357421,47.758336],[-124.358699,47.757709],[-124.359371,47.757386],[-124.360029,47.757045],[-124.360531,47.75686],[-124.361115,47.756727],[-124.361565,47.756613],[-124.361938,47.756573],[-124.362419,47.756603],[-124.363114,47.756658],[-124.363821,47.756641],[-124.364113,47.756565],[-124.36439,47.756445],[-124.364603,47.7563],[-124.364849,47.756133],[-124.365592,47.755459],[-124.366138,47.754939],[-124.3665,47.754485],[-124.366639,47.754169],[-124.366629,47.753791],[-124.366585,47.753161],[-124.366629,47.752783],[-124.366675,47.752522],[-124.366854,47.752222],[-124.366953,47.751924],[-124.367026,47.751654],[-124.366939,47.751385],[-124.366741,47.750946],[-124.366506,47.750634],[-124.366244,47.750313],[-124.366039,47.750109],[-124.365844,47.749805],[-124.365783,47.749509],[-124.365947,47.749174],[-124.366099,47.748866],[-124.366119,47.748587],[-124.366068,47.748183],[-124.365924,47.747762],[-124.365714,47.747386],[-124.365655,47.747171],[-124.365635,47.74691],[-124.365696,47.746703],[-124.365956,47.746448],[-124.366274,47.746363],[-124.366832,47.746293],[-124.367435,47.746367],[-124.368028,47.746594],[-124.368583,47.74692],[-124.369152,47.747228],[-124.369839,47.747508],[-124.370483,47.747617],[-124.371178,47.747672],[-124.372057,47.747607],[-124.372787,47.7475],[-124.37365,47.747327],[-124.374484,47.747075],[-124.375107,47.746932],[-124.375837,47.746779],[-124.376274,47.746648],[-124.376777,47.746525],[-124.377174,47.746385],[-124.377505,47.746291],[-124.378545,47.746261],[-124.379639,47.746293],[-124.380308,47.746348],[-124.380617,47.746434],[-124.381265,47.746723],[-124.382147,47.747297],[-124.382963,47.747872],[-124.383369,47.748074],[-124.383946,47.74822],[-124.384575,47.748303],[-124.385553,47.748453],[-124.386627,47.748683],[-124.387905,47.749072],[-124.38851,47.749245],[-124.389019,47.749338],[-124.389687,47.749375],[-124.390552,47.749274],[-124.392431,47.749224],[-124.3937,47.749281],[-124.395076,47.749354],[-124.396414,47.749482],[-124.397859,47.749626],[-124.399435,47.749715],[-124.4012,47.749644],[-124.402168,47.749619],[-124.402743,47.749675],[-124.404213,47.749747],[-124.405518,47.749686],[-124.407146,47.749666],[-124.407689,47.749551],[-124.408353,47.749408],[-124.408682,47.749269],[-124.409014,47.749193],[-124.410012,47.749091],[-124.410609,47.748993],[-124.411206,47.748851],[-124.411779,47.748844],[-124.413248,47.748898],[-124.41425,47.748949],[-124.414607,47.749047],[-124.415124,47.74919],[-124.415738,47.749182],[-124.416764,47.749142],[-124.417403,47.74909],[-124.418339,47.749168],[-124.419744,47.749313],[-124.421185,47.74934],[-124.422051,47.749284],[-124.42289,47.749229],[-124.423516,47.749194],[-124.424131,47.749258],[-124.425415,47.74935],[-124.426151,47.749431],[-124.427153,47.749482],[-124.428064,47.749632],[-124.429432,47.749885],[-124.430948,47.750208]]}},{"type":"Feature","properties":{"segment_type":"trail","route_id":"main","region_id":"olympic-peninsula","region_name":"Olympic Peninsula","section_id":null,"section_name":null},"geometry":{"type":"LineString","coordinates":[[-124.430948,47.750208],[-124.432061,47.750392],[-124.432958,47.750498],[-124.433839,47.750532],[-124.434506,47.750542],[-124.434907,47.750563],[-124.435511,47.750691],[-124.437261,47.751254],[-124.439052,47.751834],[-124.440639,47.752318],[-124.441518,47.75273],[-124.442917,47.753639],[-124.444074,47.754452],[-124.44475,47.754786],[-124.445666,47.755071],[-124.446472,47.755286],[-124.447245,47.755726],[-124.447943,47.756347],[-124.448428,47.757016],[-124.448934,47.757459],[-124.449615,47.757946],[-124.450422,47.758655],[-124.450602,47.758878],[-124.450843,47.759415],[-124.450848,47.759595],[-124.450372,47.760231],[-124.450205,47.760458],[-124.450194,47.760998],[-124.450413,47.761697],[-124.451119,47.7631],[-124.451912,47.764242],[-124.452503,47.764864],[-124.453389,47.765528],[-124.454447,47.766127],[-124.455498,47.7665],[-124.456171,47.766689],[-124.456679,47.766719],[-124.457113,47.766992],[-124.457346,47.767196],[-124.457758,47.767146],[-124.458295,47.767247],[-124.458651,47.767108],[-124.458748,47.766747],[-124.459245,47.766875],[-124.459643,47.76678],[-124.459984,47.767028],[-124.460458,47.767292],[-124.460637,47.767487],[-124.461087,47.767824],[-124.461424,47.767927],[-124.462057,47.768144],[-124.462504,47.76839],[-124.462878,47.768854],[-124.463123,47.769039],[-124.463572,47.769322],[-124.464184,47.769746],[-124.464654,47.769848],[-124.465124,47.769959],[-124.465523,47.769882],[-124.465857,47.769922],[-124.466372,47.770204],[-124.4668,47.770225],[-124.467067,47.77024],[-124.467521,47.770711],[-124.467862,47.770976],[-124.468141,47.771378],[-124.468452,47.771527],[-124.46863,47.772181],[-124.468748,47.772567],[-124.468983,47.772852],[-124.468658,47.773153],[-124.468597,47.773351],[-124.468709,47.773557],[-124.468677,47.773827],[-124.46902,47.774156],[-124.46927,47.774521],[-124.46957,47.774743],[-124.470082,47.774889],[-124.470615,47.774864],[-124.471126,47.774993],[-124.471333,47.775233],[-124.471366,47.775484],[-124.471413,47.775727],[-124.471536,47.775981],[-124.471586,47.776174],[-124.471499,47.7764],[-124.471402,47.776744],[-124.471684,47.777262],[-124.471798,47.777548],[-124.47157,47.777956],[-124.471619,47.778297],[-124.47183,47.778673],[-124.471894,47.779041],[-124.471837,47.779401],[-124.471938,47.779652],[-124.472211,47.779855],[-124.472624,47.780318],[-124.472941,47.780674],[-124.473311,47.781011],[-124.473722,47.781366],[-124.474235,47.781557],[-124.474881,47.781756],[-124.475151,47.78186],[-124.475582,47.78199],[-124.47596,47.782129],[-124.476102,47.782442],[-124.476178,47.782756],[-124.476546,47.783021],[-124.476684,47.783199],[-124.476828,47.783557],[-124.477044,47.784112],[-124.476983,47.78432],[-124.476922,47.784519],[-124.476968,47.784725],[-124.477334,47.784945],[-124.477618,47.785077],[-124.477896,47.785433],[-124.478039,47.785791],[-124.478244,47.78595],[-124.478478,47.78619],[-124.478851,47.786635],[-124.478837,47.787103],[-124.479206,47.787396],[-124.479583,47.78892],[-124.47963,47.789145],[-124.479371,47.789445],[-124.479684,47.790116],[-124.479936,47.790517],[-124.479968,47.790697],[-124.480059,47.791083],[-124.480235,47.791665],[-124.480082,47.791892],[-124.479779,47.792049],[-124.479817,47.792435],[-124.47976,47.792796],[-124.479435,47.793115],[-124.479889,47.793586],[-124.479924,47.793856],[-124.479978,47.79435],[-124.480294,47.794679],[-124.480172,47.795085],[-124.48034,47.795353],[-124.480348,47.795623],[-124.480557,47.795917],[-124.480433,47.796261],[-124.480441,47.796548],[-124.480623,47.796843],[-124.480891,47.796884],[-124.481294,47.796942],[-124.481381,47.797211],[-124.481481,47.797417],[-124.481501,47.798145],[-124.481247,47.798598],[-124.481343,47.798792],[-124.481565,47.798972],[-124.481904,47.799148],[-124.482114,47.799487],[-124.484665,47.807921],[-124.487943,47.814663],[-124.489027,47.816151],[-124.489061,47.816403],[-124.490566,47.818588],[-124.492788,47.820115],[-124.494975,47.820465],[-124.49542,47.820576],[-124.495494,47.820845],[-124.495466,47.821277],[-124.495677,47.821634],[-124.49739,47.822647],[-124.503297,47.823861],[-124.503594,47.82423],[-124.503695,47.824481],[-124.504146,47.824835],[-124.504446,47.825047],[-124.504743,47.825142],[-124.505572,47.825158],[-124.506067,47.825169],[-124.506094,47.825655],[-124.506534,47.826531],[-124.506715,47.826781],[-124.507227,47.826927],[-124.507035,47.827235],[-124.507136,47.827495],[-124.506995,47.827686],[-124.507229,47.827943],[-124.507699,47.828459],[-124.508381,47.828495],[-124.50855,47.828313],[-124.508385,47.828153],[-124.508525,47.827935],[-124.509336,47.828258],[-124.509711,47.82828],[-124.510312,47.828254],[-124.510743,47.828374],[-124.511316,47.828349],[-124.51147,47.82859],[-124.511791,47.828594],[-124.512089,47.828707],[-124.512187,47.828886],[-124.512313,47.829064],[-124.512895,47.829327],[-124.512993,47.829496],[-124.513368,47.829518],[-124.513707,47.829667],[-124.514277,47.829524],[-124.514642,47.829663],[-124.515058,47.82973],[-124.515279,47.829988],[-124.51549,47.830345],[-124.51576,47.83044],[-124.516161,47.830453],[-124.516423,47.830702],[-124.516974,47.83082],[-124.517267,47.830807],[-124.517781,47.831017],[-124.518456,47.831224],[-124.519429,47.830707],[-124.519818,47.82982],[-124.520577,47.830197],[-124.520736,47.830617],[-124.520776,47.831076],[-124.521261,47.831654],[-124.521588,47.831884],[-124.522161,47.831831],[-124.522534,47.831763],[-124.52697,47.833126],[-124.534606,47.833771],[-124.537329,47.834553],[-124.540499,47.834205],[-124.541024,47.834333],[-124.539237,47.838091],[-124.539281,47.839566],[-124.538858,47.840174],[-124.538779,47.840661],[-124.53897,47.841253],[-124.539928,47.842463],[-124.540967,47.843223],[-124.542154,47.843603],[-124.54534,47.845117],[-124.546565,47.845397],[-124.549111,47.845633],[-124.550199,47.845789],[-124.550632,47.845981],[-124.550713,47.846439],[-124.550445,47.847765],[-124.551065,47.849296],[-124.551727,47.85042],[-124.552705,47.85137],[-124.554062,47.852053],[-124.555466,47.85252],[-124.557239,47.852784],[-124.55829,47.853067],[-124.558708,47.853196],[-124.558716,47.853466],[-124.558469,47.854144],[-124.558433,47.85517],[-124.558532,47.855358],[-124.558262,47.855721],[-124.558169,47.856622],[-124.558388,47.859913],[-124.558334,47.860336],[-124.557929,47.860639],[-124.557615,47.860877],[-124.557514,47.861067],[-124.557521,47.86131],[-124.55783,47.86136],[-124.558258,47.861354],[-124.558042,47.861753],[-124.557622,47.861992],[-124.557917,47.862492],[-124.558049,47.862868],[-124.558085,47.863174],[-124.558225,47.863397],[-124.558609,47.863716],[-124.558946,47.863783],[-124.559871,47.86476],[-124.561525,47.865511],[-124.563035,47.866364],[-124.565086,47.867451],[-124.566137,47.867698],[-124.566549,47.86762],[-124.566772,47.867482],[-124.566861,47.86731],[-124.567223,47.867341],[-124.567496,47.867353],[-124.568174,47.867409],[-124.56863,47.867439],[-124.569042,47.86737],[-124.569525,47.867409],[-124.570118,47.867563],[-124.570383,47.867919],[-124.570946,47.868433],[-124.571179,47.868592],[-124.571717,47.868701],[-124.571832,47.868988],[-124.572292,47.869143],[-124.572713,47.869354],[-124.573119,47.869537],[-124.573586,47.869503],[-124.573933,47.869481],[-124.573993,47.869687],[-124.573797,47.869825],[-124.574175,47.870386],[-124.574407,47.870536],[-124.574774,47.870756],[-124.574826,47.871133],[-124.575019,47.871337],[-124.575119,47.871525],[-124.575262,47.871847],[-124.575577,47.872094],[-124.575505,47.872338],[-124.57571,47.872507],[-124.576209,47.872644],[-124.576532,47.87272],[-124.576898,47.872868],[-124.5766,47.873169],[-124.576584,47.873529],[-124.576859,47.874227],[-124.576868,47.874515],[-124.57718,47.874673],[-124.577642,47.874459],[-124.578003,47.874455],[-124.578306,47.874756],[-124.578626,47.875166],[-124.578898,47.875297],[-124.579648,47.874918],[-124.580199,47.875],[-124.583048,47.876302],[-124.586015,47.877133],[-124.588275,47.878434],[-124.588044,47.878752],[-124.588144,47.878957],[-124.587983,47.879382],[-124.588372,47.879413],[-124.588341,47.879692],[-124.588266,47.879873],[-124.588541,47.880113],[-124.588453,47.880294],[-124.588759,47.880676],[-124.589012,47.881087],[-124.589944,47.88138],[-124.590498,47.88157],[-124.590944,47.881708],[-124.591101,47.882048],[-124.591567,47.882419],[-124.591813,47.882578],[-124.592478,47.882874],[-124.592897,47.883021],[-124.592999,47.883308],[-124.593329,47.883582],[-124.593557,47.884065],[-124.593596,47.88446],[-124.594061,47.884778],[-124.594194,47.885199],[-124.595105,47.885663],[-124.596056,47.885713],[-124.596528,47.885409],[-124.597081,47.885114],[-124.597498,47.884748],[-124.598145,47.884496],[-124.598583,47.884373],[-124.598801,47.884487],[-124.598993,47.885969],[-124.599067,47.886193],[-124.598625,47.887468],[-124.598627,47.888412],[-124.598791,47.888941],[-124.598809,47.889543],[-124.598795,47.889966],[-124.599282,47.89014],[-124.599532,47.890433]]}},{"type":"Feature","properties":{"segment_type":"roadwalk","route_id":"main","region_id":"olympic-peninsula","region_name":"Olympic Peninsula","section_id":null,"section_name":null,"route_type":"roadwalk"},"geometry":{"type":"LineString","coordinates":[[-124.599532,47.890433],[-124.599301,47.890552],[-124.599034,47.890633],[-124.598655,47.890745],[-124.598387,47.890823],[-124.598116,47.890901],[-124.597844,47.890979],[-124.597573,47.891057],[-124.597306,47.891135],[-124.597034,47.891213],[-124.596691,47.891319],[-124.596424,47.891402],[-124.596153,47.891486],[-124.595858,47.891575],[-124.595587,47.891654],[-124.59532,47.891734],[-124.595028,47.891819],[-124.594757,47.891897],[-124.59449,47.891975],[-124.594218,47.89205],[-124.59397,47.892122],[-124.593699,47.8922],[-124.593432,47.892278],[-124.59316,47.892356],[-124.592893,47.892434],[-124.592622,47.892517],[-124.592355,47.892604],[-124.592084,47.892687],[-124.591777,47.892783],[-124.591506,47.892864],[-124.591239,47.892944],[-124.590967,47.893025],[-124.590608,47.893128],[-124.590336,47.893201],[-124.590084,47.89327],[-124.589825,47.893345],[-124.589554,47.893429],[-124.589288,47.893523],[-124.589018,47.893628],[-124.588766,47.893744],[-124.588484,47.893889],[-124.588191,47.89411],[-124.587953,47.894305],[-124.587718,47.894549],[-124.587523,47.894767],[-124.587395,47.894959],[-124.587267,47.895147],[-124.587115,47.895402],[-124.587007,47.89559],[-124.586871,47.895844],[-124.586772,47.896034],[-124.58665,47.89625],[-124.586538,47.89644],[-124.586422,47.896628],[-124.586282,47.896875],[-124.586149,47.897118],[-124.58605,47.897305],[-124.585885,47.89755],[-124.585738,47.897761],[-124.585569,47.897953],[-124.585331,47.898203],[-124.585126,47.8984],[-124.584859,47.898541],[-124.584523,47.898673],[-124.584162,47.898757],[-124.583774,47.898809],[-124.58349,47.898827],[-124.583185,47.898841],[-124.582891,47.898843],[-124.582612,47.898819],[-124.582337,47.898799],[-124.582057,47.898767],[-124.581781,47.898739],[-124.581439,47.898698],[-124.581158,47.898656],[-124.580886,47.898621],[-124.580607,47.898596],[-124.580331,47.898567],[-124.580006,47.898531],[-124.579726,47.898494],[-124.57945,47.89846],[-124.579058,47.898413],[-124.578778,47.898382],[-124.578502,47.89835],[-124.578136,47.898306],[-124.577856,47.898271],[-124.57758,47.898237],[-124.577221,47.898192],[-124.576879,47.898146],[-124.576537,47.898109],[-124.576258,47.898088],[-124.575983,47.898065],[-124.575626,47.898042],[-124.575351,47.898024],[-124.575072,47.898006],[-124.574695,47.897983],[-124.57442,47.897966],[-124.574101,47.897949],[-124.57381,47.897937],[-124.573532,47.897928],[-124.573255,47.897937],[-124.572983,47.89795],[-124.572641,47.897964],[-124.572348,47.897983],[-124.572072,47.897998],[-124.571724,47.898032],[-124.571452,47.89806],[-124.571173,47.898087],[-124.570897,47.898107],[-124.570589,47.898132],[-124.570313,47.89816],[-124.570046,47.898189],[-124.569779,47.89822],[-124.569504,47.898249],[-124.569233,47.89828],[-124.568941,47.898307],[-124.568665,47.898327],[-124.568393,47.898348],[-124.568077,47.898375],[-124.567802,47.898404],[-124.56753,47.89843],[-124.567255,47.898456],[-124.566975,47.898485],[-124.5667,47.898514],[-124.566429,47.898542],[-124.566101,47.898573],[-124.565825,47.898602],[-124.565554,47.89863],[-124.56519,47.898668],[-124.564915,47.898699],[-124.564554,47.898734],[-124.564278,47.898757],[-124.564007,47.89878],[-124.563731,47.8988],[-124.563346,47.898839],[-124.563074,47.898864],[-124.562726,47.898896],[-124.56245,47.898919],[-124.562089,47.898948],[-124.561765,47.898978],[-124.561454,47.899022],[-124.561178,47.899034],[-124.560905,47.899049],[-124.560573,47.899077],[-124.560298,47.899114],[-124.559906,47.899169],[-124.559596,47.899218],[-124.559324,47.899291],[-124.55896,47.899391],[-124.558633,47.89949],[-124.558363,47.899585],[-124.558097,47.899679],[-124.557744,47.89982],[-124.55744,47.899949],[-124.557171,47.900057],[-124.556851,47.9002],[-124.556584,47.900332],[-124.55636,47.90045],[-124.556063,47.900617],[-124.555749,47.900781],[-124.555481,47.900911],[-124.555261,47.90102],[-124.554993,47.901153],[-124.554722,47.901292],[-124.554455,47.901424],[-124.554145,47.901586],[-124.553878,47.90173],[-124.553654,47.901842],[-124.553386,47.901964],[-124.553071,47.902112],[-124.552805,47.902261],[-124.552516,47.902427],[-124.552249,47.902568],[-124.552033,47.902685],[-124.551766,47.902824],[-124.551519,47.902953],[-124.551252,47.903083],[-124.551023,47.903192],[-124.550756,47.903325],[-124.5505,47.903452],[-124.550233,47.903593],[-124.54998,47.903695],[-124.549733,47.903769],[-124.549457,47.90379],[-124.549026,47.903813],[-124.548682,47.903745],[-124.548388,47.903687],[-124.548104,47.903606],[-124.547721,47.903504],[-124.547378,47.903291],[-124.547105,47.903191],[-124.546858,47.903109],[-124.5466,47.903049],[-124.54631,47.902985],[-124.54601,47.902962],[-124.545699,47.902954],[-124.545295,47.902959],[-124.545023,47.902966],[-124.544746,47.902976],[-124.544462,47.902996],[-124.544186,47.903017],[-124.543898,47.903046],[-124.543619,47.903078],[-124.543346,47.903136],[-124.543033,47.903262],[-124.542722,47.903413],[-124.5424,47.903583],[-124.542023,47.903824],[-124.541706,47.904063],[-124.541509,47.90421],[-124.541246,47.904394],[-124.540989,47.904612],[-124.540728,47.904824],[-124.540455,47.905047],[-124.540245,47.905239],[-124.540056,47.905432],[-124.539877,47.905663],[-124.539736,47.905846],[-124.539588,47.906038],[-124.539447,47.906224],[-124.539302,47.906415],[-124.539164,47.906588],[-124.53902,47.906785],[-124.538899,47.906965],[-124.538739,47.907162],[-124.538586,47.907351],[-124.538429,47.907543],[-124.538244,47.907791],[-124.538099,47.907983],[-124.537958,47.908172],[-124.537814,47.908363],[-124.537662,47.908569],[-124.537517,47.908758],[-124.537373,47.908949],[-124.537228,47.909141],[-124.537083,47.90933],[-124.536943,47.909521],[-124.536798,47.909713],[-124.536653,47.909902],[-124.536509,47.910093],[-124.536338,47.910316],[-124.536189,47.910508],[-124.536045,47.910696],[-124.535896,47.910888],[-124.535728,47.911102],[-124.53558,47.911294],[-124.535435,47.911486],[-124.535286,47.911675],[-124.535138,47.911867],[-124.535004,47.912047],[-124.534864,47.912238],[-124.534707,47.912436],[-124.534528,47.91265],[-124.534372,47.912799],[-124.534656,47.912879],[-124.53496,47.912965],[-124.535244,47.913043],[-124.535523,47.913121],[-124.535907,47.913231],[-124.536191,47.91332],[-124.536517,47.913422],[-124.536801,47.9135],[-124.53708,47.913578],[-124.53746,47.913686],[-124.537744,47.913769],[-124.538128,47.913877],[-124.538411,47.913952],[-124.53869,47.914028],[-124.539032,47.91412],[-124.539316,47.914198],[-124.539595,47.914276],[-124.539937,47.914369],[-124.540221,47.91445],[-124.5405,47.914528],[-124.540797,47.914614],[-124.54108,47.914694],[-124.541385,47.914785],[-124.541713,47.914909],[-124.541996,47.914978],[-124.542334,47.915077],[-124.542581,47.915153],[-124.542865,47.915231],[-124.543144,47.915309],[-124.543478,47.915402],[-124.543761,47.915483],[-124.544041,47.915561],[-124.544325,47.915642],[-124.544688,47.91575],[-124.544968,47.915836],[-124.545252,47.915923],[-124.545595,47.916026],[-124.545879,47.916107],[-124.546158,47.916185],[-124.546442,47.916266],[-124.54683,47.916376],[-124.547114,47.916457],[-124.547394,47.916538],[-124.547677,47.916618],[-124.547965,47.916699],[-124.548249,47.916777],[-124.548528,47.916855],[-124.548804,47.916939],[-124.549089,47.917033],[-124.549436,47.917134],[-124.54971,47.917199],[-124.550018,47.917226],[-124.550318,47.917249],[-124.550589,47.917273],[-124.550868,47.91729],[-124.551143,47.917311],[-124.551484,47.917335],[-124.551764,47.917361],[-124.552162,47.917394],[-124.552438,47.917417],[-124.552806,47.917437],[-124.553081,47.917447],[-124.553471,47.917478],[-124.553746,47.917501],[-124.554026,47.917527],[-124.554293,47.917548],[-124.554572,47.917566],[-124.554846,47.917581],[-124.555125,47.917599],[-124.555483,47.917636],[-124.555759,47.917665],[-124.556169,47.917681],[-124.556447,47.917685],[-124.55672,47.917686],[-124.557079,47.917679],[-124.5574,47.917665],[-124.557678,47.917661],[-124.558078,47.917667],[-124.558425,47.917668],[-124.558703,47.917662],[-124.558976,47.917658],[-124.559253,47.917651],[-124.559595,47.917644],[-124.559873,47.917648],[-124.560147,47.91765],[-124.560425,47.917654],[-124.560694,47.917656],[-124.560971,47.917649],[-124.561244,47.917642],[-124.561522,47.917635],[-124.561795,47.917631],[-124.562072,47.917627],[-124.562345,47.917623],[-124.562692,47.917619],[-124.563018,47.917614],[-124.563296,47.917612],[-124.563695,47.917607],[-124.563969,47.917603],[-124.56425,47.917598],[-124.564528,47.9176],[-124.564802,47.917604],[-124.565132,47.917603],[-124.56541,47.917599],[-124.565683,47.917598],[-124.566087,47.917592],[-124.566364,47.917585],[-124.566637,47.917579],[-124.567024,47.917571],[-124.567301,47.917567],[-124.567587,47.917562],[-124.567864,47.917558],[-124.568137,47.917554],[-124.568415,47.91755],[-124.568794,47.917545],[-124.569067,47.917541],[-124.569422,47.917537],[-124.569818,47.917531],[-124.570095,47.917527],[-124.570442,47.917532],[-124.570716,47.917533],[-124.5711,47.917539],[-124.57144,47.917546],[-124.571717,47.917545],[-124.571991,47.917547],[-124.572268,47.917545],[-124.572546,47.917546],[-124.57286,47.917544],[-124.573137,47.91754],[-124.573411,47.917536],[-124.573688,47.917531],[-124.574035,47.917533],[-124.574308,47.917532],[-124.574586,47.917533],[-124.574896,47.917533],[-124.575174,47.917535],[-124.575448,47.917536],[-124.575725,47.917535],[-124.576003,47.917536],[-124.576277,47.917538],[-124.576644,47.917538],[-124.576922,47.917543],[-124.577196,47.917544],[-124.577527,47.917546],[-124.577805,47.91755],[-124.578078,47.917554],[-124.578414,47.917562],[-124.5787,47.917566],[-124.578979,47.917584],[-124.579259,47.917615],[-124.579624,47.917643],[-124.579986,47.917702],[-124.59112,47.917799],[-124.601083,47.918141],[-124.607773,47.919217],[-124.611118,47.919657],[-124.612281,47.920194],[-124.613081,47.920585],[-124.61439,47.920781],[-124.616135,47.920879],[-124.616571,47.921025],[-124.618389,47.921416],[-124.619698,47.921612],[-124.620135,47.921807],[-124.620571,47.921856],[-124.621444,47.9221],[-124.622316,47.922247],[-124.624061,47.922443],[-124.625007,47.922443],[-124.627479,47.922638],[-124.627915,47.92254],[-124.629006,47.921905],[-124.630679,47.921123],[-124.63097,47.920879],[-124.632715,47.920536],[-124.633587,47.920536],[-124.634969,47.92039],[-124.636714,47.920341],[-124.63927,47.920503]]}},{"type":"Feature","properties":{"segment_type":"trail","route_id":"main","region_id":"olympic-peninsula","region_name":"Olympic Peninsula","section_id":null,"section_name":null},"geometry":{"type":"LineString","coordinates":[[-124.63927,47.920503],[-124.640409,47.924488],[-124.641229,47.926725],[-124.64192,47.929496],[-124.644536,47.934326],[-124.645642,47.936263],[-124.648929,47.939823],[-124.64983,47.941196],[-124.651191,47.942319],[-124.652142,47.943583],[-124.653258,47.944548],[-124.654813,47.945452],[-124.657246,47.946155],[-124.658291,47.946158],[-124.659091,47.946047],[-124.65984,47.946009],[-124.660533,47.946341],[-124.660943,47.946596],[-124.661333,47.94704],[-124.661521,47.947892],[-124.661813,47.949904],[-124.662025,47.950683],[-124.662284,47.951642],[-124.662079,47.951933],[-124.661357,47.952808],[-124.663025,47.955105],[-124.665444,47.956608],[-124.666451,47.956675],[-124.667196,47.957366],[-124.667217,47.957608],[-124.666384,47.958358],[-124.664185,47.959119],[-124.662986,47.960171],[-124.663501,47.962017],[-124.664091,47.96244],[-124.66445,47.963605],[-124.665457,47.964526],[-124.66621,47.96501],[-124.667734,47.965339],[-124.669058,47.965256],[-124.67125,47.964685],[-124.672317,47.964534],[-124.673099,47.964685],[-124.674753,47.965281],[-124.67545,47.966126],[-124.67586,47.966786],[-124.676287,47.967148],[-124.676108,47.967412],[-124.67515,47.967606],[-124.674684,47.967694],[-124.674131,47.967594],[-124.673203,47.96749],[-124.672858,47.967603],[-124.672359,47.967899],[-124.671963,47.96893],[-124.671611,47.970051],[-124.671785,47.970885],[-124.672438,47.972009],[-124.672646,47.972231],[-124.673036,47.972252],[-124.673371,47.972257],[-124.673927,47.972473],[-124.674411,47.972934],[-124.674655,47.973434],[-124.674587,47.973822],[-124.673592,47.974962],[-124.672909,47.975394],[-124.672245,47.975566],[-124.671903,47.975769],[-124.671643,47.97643],[-124.671406,47.978215],[-124.670674,47.981275],[-124.670516,47.9826],[-124.670797,47.983415],[-124.671282,47.984326],[-124.671656,47.984707],[-124.672276,47.985229],[-124.673597,47.988782],[-124.674293,47.989572],[-124.675614,47.990624],[-124.677295,47.991625],[-124.677519,47.992323],[-124.677023,47.994814],[-124.677243,47.995827],[-124.678556,47.997869],[-124.680013,47.999782],[-124.680037,48.000114],[-124.68011,48.000707],[-124.680046,48.001203],[-124.679857,48.001575],[-124.679003,48.002532],[-124.678888,48.002713],[-124.678842,48.002957],[-124.678844,48.003839],[-124.67879,48.004217],[-124.678706,48.004534],[-124.678354,48.004827],[-124.677915,48.00495],[-124.677842,48.005167],[-124.677637,48.005881],[-124.677534,48.00644],[-124.677504,48.007169],[-124.677323,48.007775],[-124.677385,48.008044],[-124.677545,48.008419],[-124.677524,48.0086],[-124.677384,48.008827],[-124.677425,48.009276],[-124.677606,48.010308],[-124.677646,48.010712],[-124.677869,48.011366],[-124.677944,48.012039],[-124.678044,48.013055],[-124.678183,48.014015],[-124.678406,48.015506],[-124.678893,48.017289],[-124.679093,48.018069],[-124.679191,48.018607],[-124.67961,48.019141],[-124.679965,48.019325],[-124.680479,48.019452],[-124.680833,48.019627],[-124.681306,48.020133],[-124.681821,48.020728],[-124.681966,48.021059],[-124.681814,48.021727],[-124.681309,48.021869],[-124.681009,48.022153],[-124.680785,48.022687],[-124.680406,48.023817],[-124.680314,48.024286],[-124.680395,48.024717],[-124.681212,48.026324],[-124.681475,48.026986],[-124.681883,48.02797],[-124.68209,48.028984],[-124.682227,48.029881],[-124.682143,48.030593],[-124.681687,48.032238],[-124.681465,48.033671],[-124.681551,48.035488],[-124.681778,48.036638],[-124.681969,48.037605],[-124.682206,48.038708],[-124.682766,48.039834],[-124.683095,48.040449],[-124.683242,48.040834],[-124.683255,48.041248],[-124.683179,48.04178],[-124.683046,48.04225],[-124.683121,48.042474],[-124.683476,48.043503],[-124.683765,48.043706],[-124.684043,48.043999],[-124.684162,48.044366],[-124.684254,48.046353],[-124.684396,48.04743],[-124.684798,48.049062],[-124.685317,48.050134],[-124.685494,48.050644],[-124.685854,48.050981],[-124.686747,48.052002],[-124.68693,48.052279],[-124.687193,48.052922],[-124.687414,48.053522],[-124.687579,48.05405],[-124.687723,48.054363],[-124.688082,48.055069],[-124.688397,48.055271],[-124.688844,48.055399],[-124.689193,48.055394],[-124.689848,48.055322],[-124.690428,48.055403],[-124.690904,48.055999],[-124.691539,48.056538],[-124.691819,48.056903],[-124.691976,48.057198],[-124.692056,48.057592],[-124.692336,48.05793],[-124.692873,48.058345],[-124.693329,48.058752],[-124.693653,48.059206],[-124.693803,48.05969],[-124.693932,48.060354],[-124.694119,48.06072],[-124.694157,48.061061],[-124.693969,48.06146],[-124.693779,48.061805],[-124.693792,48.0622],[-124.693872,48.062613],[-124.693569,48.062779],[-124.693218,48.062713],[-124.692914,48.062861],[-124.69262,48.063297],[-124.692332,48.063931],[-124.692247,48.064616],[-124.692308,48.065245],[-124.692413,48.065586],[-124.692602,48.066024],[-124.69317,48.066564],[-124.694021,48.067127],[-124.694552,48.067767],[-124.695945,48.069312],[-124.69652,48.070042],[-124.69664,48.070436],[-124.696702,48.071101],[-124.696766,48.072224],[-124.696643,48.072577],[-124.696284,48.073086],[-124.696024,48.073738],[-124.695647,48.07494],[-124.695442,48.07605],[-124.695246,48.077024],[-124.695231,48.078212],[-124.695403,48.079343],[-124.695437,48.080395],[-124.695348,48.081764],[-124.69515,48.083099],[-124.695146,48.084188],[-124.695318,48.084941],[-124.695334,48.085426],[-124.695213,48.086211],[-124.694973,48.087087],[-124.694578,48.087741],[-124.693746,48.088563],[-124.693112,48.08931],[-124.692305,48.089664],[-124.691765,48.089996],[-124.691158,48.090329],[-124.690082,48.090677],[-124.689543,48.091054],[-124.688841,48.091748],[-124.688221,48.092495],[-124.687322,48.093759],[-124.686878,48.094548],[-124.686663,48.095361],[-124.686519,48.096308],[-124.68651,48.097271],[-124.68675,48.098032],[-124.687156,48.098944],[-124.687737,48.099862],[-124.688517,48.100705],[-124.689032,48.100851],[-124.689354,48.100846],[-124.689922,48.100541],[-124.690512,48.100505],[-124.690788,48.100735],[-124.690978,48.101191],[-124.691159,48.101395],[-124.691125,48.101585],[-124.691075,48.102116],[-124.691161,48.102691],[-124.69128,48.103031],[-124.691559,48.103351],[-124.692161,48.103693],[-124.692409,48.103869],[-124.692593,48.104145],[-124.692564,48.104487],[-124.692376,48.104904],[-124.692282,48.105328],[-124.69233,48.105553],[-124.692724,48.106105],[-124.692732,48.106329],[-124.692632,48.106565],[-124.692437,48.106775],[-124.692131,48.106869],[-124.691717,48.10692],[-124.69166,48.107245],[-124.691968,48.108437],[-124.69192,48.109022],[-124.691799,48.109411],[-124.691743,48.109763],[-124.691824,48.110176],[-124.692275,48.111231],[-124.692635,48.111963],[-124.693637,48.113829],[-124.694687,48.115523],[-124.695814,48.117116],[-124.696525,48.117871],[-124.697665,48.119032],[-124.698868,48.120049],[-124.700709,48.121291],[-124.703094,48.122704],[-124.704953,48.123648],[-124.706452,48.124273],[-124.707948,48.1248],[-124.709203,48.124943],[-124.710002,48.125138],[-124.710791,48.125423],[-124.710945,48.12561],[-124.710845,48.125836],[-124.710503,48.126048],[-124.709722,48.126429],[-124.708722,48.127047],[-124.708151,48.127676],[-124.707525,48.128657],[-124.707061,48.130049],[-124.707017,48.130743],[-124.707172,48.131379],[-124.7075,48.131932],[-124.708462,48.132998],[-124.709034,48.133619],[-124.709218,48.133886],[-124.709481,48.134512],[-124.709731,48.13476],[-124.710045,48.134917],[-124.710329,48.134958],[-124.710646,48.135205],[-124.711006,48.135911],[-124.711631,48.136918],[-124.711918,48.137472],[-124.712221,48.138106],[-124.712415,48.138661],[-124.712697,48.13907],[-124.713449,48.139842],[-124.714399,48.140521],[-124.715427,48.141108],[-124.716443,48.141759],[-124.716804,48.142095],[-124.717126,48.142459],[-124.717234,48.142898],[-124.71722,48.143267],[-124.717408,48.144884],[-124.717661,48.146401],[-124.718044,48.147403],[-124.718371,48.147929],[-124.718903,48.148569],[-124.719626,48.148468],[-124.720002,48.148462],[-124.720221,48.148576],[-124.720328,48.148961],[-124.720269,48.149214],[-124.719902,48.149498],[-124.719736,48.149753],[-124.719957,48.149938],[-124.720345,48.150274],[-124.720601,48.150684],[-124.72107,48.151442],[-124.721486,48.152632],[-124.721808,48.152996],[-124.72231,48.153547],[-124.723135,48.154497],[-124.724039,48.155383],[-124.724632,48.155815],[-124.724814,48.156019],[-124.725429,48.156721],[-124.725928,48.157154],[-124.727012,48.157804],[-124.727885,48.158186],[-124.728975,48.158584],[-124.729291,48.158786],[-124.730172,48.159393],[-124.731188,48.160026],[-124.731841,48.160637],[-124.732411,48.161186],[-124.732828,48.161707]]}}]}